Workbook

Sheet Contents
A1: PA-07 Precinct-Level Forecast Analysis
A2: Same backtesting and forecasting pipeline as the municipality-level Analysis workbook, run at 408-precinct resolution.
A4: Sheet | B4: What it does | C4: What it tells us
A5: Precinct Vote Data | B5: Real House votes, registration margin, and turnout for 408 precincts, 2018-2024. | C5: The complete precinct-level foundation.
A6: Predictability Ranking | B6: Classifies all 408 precincts Easy/Medium/Hard to predict. | C6: Finer-grained than the municipality version -- individual precincts within the same town can differ sharply.
A7: Magic Precinct | B7: Bellwether search across all 408 precincts. | C7: Lower Saucon precinct 830 (Northampton) is the closest-tracking bellwether.
A8: Beta Coefficients | B8: Each precinct's beta and R-squared against the district index. | C8: Identifies the most reliable precinct-level predictors of the district.
A9: 2024 Backtest | B9: All four methods (naive, trend, beta-adjusted, regression) tested against real 2024 results. | C9: Beta-Adjusted wins again (2.09 pt MAE) -- same ranking as at municipality level.
A10: 2026 Trend / Beta-Adjusted / Regression Forecast | B10: Three independent live 2026 forecasts at precinct resolution. | C10: 48.3% Dem (R), 47.3% Dem (R), 50.9% Dem (D) -- same 2-1 split as municipality level.
A11: Model Comparison | B11: All three forecasts side by side. | C11: Cross-validates the municipality-level conclusion: a Republican-leaning toss-up.
A12: Methodology | B12: Data source, precinct-matching approach, and what's different from the municipality version. | C12: Read this first if you're comparing the two workbooks.

Sheet Precinct Vote Data
A1: Year | B1: County | C1: Municipality | D1: Precinct Code | E1: Dem Votes | F1: Rep Votes | G1: Total Votes | H1: Dem Share % | I1: Reg Margin | J1: Turnout | K1: Presidential Year (dummy)
A2: 2018 | B2: Carbon | C2: BANKS | D2: 10 | E2: 160 | F2: 221 | G2: =E2+F2 -> 381 | H2: =E2/G2 -> 0.41994751 | I2: 0.2701 | J2: 0.5198 | K2: =IF(OR(A2=2020,A2=2024),1,0) -> 0
A3: 2020 | B3: Carbon | C3: BANKS | D3: 10 | E3: 171 | F3: 332 | G3: =E3+F3 -> 503 | H3: =E3/G3 -> 0.33996024 | I3: 0.1914 | J3: 0.6734 | K3: =IF(OR(A3=2020,A3=2024),1,0) -> 1
A4: 2022 | B4: Carbon | C4: BANKS | D4: 10 | E4: 137 | F4: 249 | G4: =E4+F4 -> 386 | H4: =E4/G4 -> 0.35492228 | I4: 0.1235 | J4: 0.5813 | K4: =IF(OR(A4=2020,A4=2024),1,0) -> 0
A5: 2024 | B5: Carbon | C5: BANKS | D5: 10 | E5: 181 | F5: 285 | G5: =E5+F5 -> 466 | H5: =E5/G5 -> 0.38841202 | I5: 0.0554 | J5: 0.7169 | K5: =IF(OR(A5=2020,A5=2024),1,0) -> 1
A6: 2018 | B6: Carbon | C6: BEAVER MEADOWS | D6: 40 | E6: 95 | F6: 192 | G6: =E6+F6 -> 287 | H6: =E6/G6 -> 0.33101045 | I6: 0.0963 | J6: 0.4767 | K6: =IF(OR(A6=2020,A6=2024),1,0) -> 0
A7: 2020 | B7: Carbon | C7: BEAVER MEADOWS | D7: 40 | E7: 100 | F7: 303 | G7: =E7+F7 -> 403 | H7: =E7/G7 -> 0.24813896 | I7: -0.0357 | J7: 0.6542 | K7: =IF(OR(A7=2020,A7=2024),1,0) -> 1
A8: 2022 | B8: Carbon | C8: BEAVER MEADOWS | D8: 40 | E8: 84 | F8: 230 | G8: =E8+F8 -> 314 | H8: =E8/G8 -> 0.26751592 | I8: -0.1336 | J8: 0.5377 | K8: =IF(OR(A8=2020,A8=2024),1,0) -> 0
A9: 2024 | B9: Carbon | C9: BEAVER MEADOWS | D9: 40 | E9: 118 | F9: 300 | G9: =E9+F9 -> 418 | H9: =E9/G9 -> 0.28229665 | I9: -0.2282 | J9: 0.6764 | K9: =IF(OR(A9=2020,A9=2024),1,0) -> 1
A10: 2018 | B10: Carbon | C10: BOWMANSTOWN | D10: 50 | E10: 110 | F10: 175 | G10: =E10+F10 -> 285 | H10: =E10/G10 -> 0.38596491 | I10: -0.0055 | J10: 0.5258 | K10: =IF(OR(A10=2020,A10=2024),1,0) -> 0
A11: 2020 | B11: Carbon | C11: BOWMANSTOWN | D11: 50 | E11: 111 | F11: 317 | G11: =E11+F11 -> 428 | H11: =E11/G11 -> 0.25934579 | I11: -0.1522 | J11: 0.7157 | K11: =IF(OR(A11=2020,A11=2024),1,0) -> 1
A12: 2022 | B12: Carbon | C12: BOWMANSTOWN | D12: 50 | E12: 125 | F12: 223 | G12: =E12+F12 -> 348 | H12: =E12/G12 -> 0.3591954 | I12: -0.1956 | J12: 0.6362 | K12: =IF(OR(A12=2020,A12=2024),1,0) -> 0
A13: 2024 | B13: Carbon | C13: BOWMANSTOWN | D13: 50 | E13: 144 | F13: 310 | G13: =E13+F13 -> 454 | H13: =E13/G13 -> 0.31718062 | I13: -0.1989 | J13: 0.8064 | K13: =IF(OR(A13=2020,A13=2024),1,0) -> 1
... A1633: 2024 | B1633: Northampton | C1633: WIND GAP | D1633: 1360 | E1633: 634 | F1633: 856 | G1633: =E1633+F1633 -> 1490 | H1633: =E1633/G1633 -> 0.42550336 | I1633: -0.0779 | J1633: 0.6992 | K1633: =IF(OR(A1633=2020,A1633=2024),1,0) -> 1

Sheet Predictability Ranking
A1: County | B1: Municipality | C1: Precinct Code | D1: Avg Dem Share | E1: Avg Margin from 50pt | F1: Stdev Dem Share | G1: Party Flips | H1: Predictability
A2: Carbon | B2: BANKS | C2: 10 | D2: =AVERAGE('Precinct Vote Data'!H2:H5) -> 0.37581051 | E2: =AVERAGE(ABS('Precinct Vote Data'!H2-0.5),ABS('Precinct Vote Data'!H3-0.5),ABS('Precinct Vote Data'!H4-0.5),ABS('Precinct Vote Data'!H5-0.5)) -> 0.12418949 | F2: =STDEV('Precinct Vote Data'!H2:H5) -> 0.03572316 | G2: =IF(('Precinct Vote Data'!H2>0.5)<>('Precinct Vote Data'!H3>0.5),1,0)+IF(('Precinct Vote Data'!H3>0.5)<>('Precinct Vote Data'!H4>0.5),1,0)+IF(('Precinct Vote Data'!H4>0.5)<>('Precinct Vote Data'!H5>0.5),1,0) -> 0 | H2: =IF(OR(G2>=1,E2<0.05),"Hard",IF(AND(E2>=0.15,F2<0.05),"Easy","Medium")) -> Medium
A3: Carbon | B3: BEAVER MEADOWS | C3: 40 | D3: =AVERAGE('Precinct Vote Data'!H6:H9) -> 0.2822405 | E3: =AVERAGE(ABS('Precinct Vote Data'!H6-0.5),ABS('Precinct Vote Data'!H7-0.5),ABS('Precinct Vote Data'!H8-0.5),ABS('Precinct Vote Data'!H9-0.5)) -> 0.2177595 | F3: =STDEV('Precinct Vote Data'!H6:H9) -> 0.035394161 | G3: =IF(('Precinct Vote Data'!H6>0.5)<>('Precinct Vote Data'!H7>0.5),1,0)+IF(('Precinct Vote Data'!H7>0.5)<>('Precinct Vote Data'!H8>0.5),1,0)+IF(('Precinct Vote Data'!H8>0.5)<>('Precinct Vote Data'!H9>0.5),1,0) -> 0 | H3: =IF(OR(G3>=1,E3<0.05),"Hard",IF(AND(E3>=0.15,F3<0.05),"Easy","Medium")) -> Easy
A4: Carbon | B4: BOWMANSTOWN | C4: 50 | D4: =AVERAGE('Precinct Vote Data'!H10:H13) -> 0.33042168 | E4: =AVERAGE(ABS('Precinct Vote Data'!H10-0.5),ABS('Precinct Vote Data'!H11-0.5),ABS('Precinct Vote Data'!H12-0.5),ABS('Precinct Vote Data'!H13-0.5)) -> 0.16957832 | F4: =STDEV('Precinct Vote Data'!H10:H13) -> 0.055196875 | G4: =IF(('Precinct Vote Data'!H10>0.5)<>('Precinct Vote Data'!H11>0.5),1,0)+IF(('Precinct Vote Data'!H11>0.5)<>('Precinct Vote Data'!H12>0.5),1,0)+IF(('Precinct Vote Data'!H12>0.5)<>('Precinct Vote Data'!H13>0.5),1,0) -> 0 | H4: =IF(OR(G4>=1,E4<0.05),"Hard",IF(AND(E4>=0.15,F4<0.05),"Easy","Medium")) -> Medium
A5: Carbon | B5: EAST PENN | C5: 60 | D5: =AVERAGE('Precinct Vote Data'!H14:H17) -> 0.27501179 | E5: =AVERAGE(ABS('Precinct Vote Data'!H14-0.5),ABS('Precinct Vote Data'!H15-0.5),ABS('Precinct Vote Data'!H16-0.5),ABS('Precinct Vote Data'!H17-0.5)) -> 0.22498821 | F5: =STDEV('Precinct Vote Data'!H14:H17) -> 0.039856379 | G5: =IF(('Precinct Vote Data'!H14>0.5)<>('Precinct Vote Data'!H15>0.5),1,0)+IF(('Precinct Vote Data'!H15>0.5)<>('Precinct Vote Data'!H16>0.5),1,0)+IF(('Precinct Vote Data'!H16>0.5)<>('Precinct Vote Data'!H17>0.5),1,0) -> 0 | H5: =IF(OR(G5>=1,E5<0.05),"Hard",IF(AND(E5>=0.15,F5<0.05),"Easy","Medium")) -> Easy
A6: Carbon | B6: EAST PENN | C6: 65 | D6: =AVERAGE('Precinct Vote Data'!H18:H21) -> 0.28864468 | E6: =AVERAGE(ABS('Precinct Vote Data'!H18-0.5),ABS('Precinct Vote Data'!H19-0.5),ABS('Precinct Vote Data'!H20-0.5),ABS('Precinct Vote Data'!H21-0.5)) -> 0.21135532 | F6: =STDEV('Precinct Vote Data'!H18:H21) -> 0.037111786 | G6: =IF(('Precinct Vote Data'!H18>0.5)<>('Precinct Vote Data'!H19>0.5),1,0)+IF(('Precinct Vote Data'!H19>0.5)<>('Precinct Vote Data'!H20>0.5),1,0)+IF(('Precinct Vote Data'!H20>0.5)<>('Precinct Vote Data'!H21>0.5),1,0) -> 0 | H6: =IF(OR(G6>=1,E6<0.05),"Hard",IF(AND(E6>=0.15,F6<0.05),"Easy","Medium")) -> Easy
A7: Carbon | B7: EAST SIDE | C7: 70 | D7: =AVERAGE('Precinct Vote Data'!H22:H25) -> 0.37715956 | E7: =AVERAGE(ABS('Precinct Vote Data'!H22-0.5),ABS('Precinct Vote Data'!H23-0.5),ABS('Precinct Vote Data'!H24-0.5),ABS('Precinct Vote Data'!H25-0.5)) -> 0.12284044 | F7: =STDEV('Precinct Vote Data'!H22:H25) -> 0.049708274 | G7: =IF(('Precinct Vote Data'!H22>0.5)<>('Precinct Vote Data'!H23>0.5),1,0)+IF(('Precinct Vote Data'!H23>0.5)<>('Precinct Vote Data'!H24>0.5),1,0)+IF(('Precinct Vote Data'!H24>0.5)<>('Precinct Vote Data'!H25>0.5),1,0) -> 0 | H7: =IF(OR(G7>=1,E7<0.05),"Hard",IF(AND(E7>=0.15,F7<0.05),"Easy","Medium")) -> Medium
A8: Carbon | B8: FRANKLIN | C8: 80 | D8: =AVERAGE('Precinct Vote Data'!H26:H29) -> 0.292641 | E8: =AVERAGE(ABS('Precinct Vote Data'!H26-0.5),ABS('Precinct Vote Data'!H27-0.5),ABS('Precinct Vote Data'!H28-0.5),ABS('Precinct Vote Data'!H29-0.5)) -> 0.207359 | F8: =STDEV('Precinct Vote Data'!H26:H29) -> 0.034966627 | G8: =IF(('Precinct Vote Data'!H26>0.5)<>('Precinct Vote Data'!H27>0.5),1,0)+IF(('Precinct Vote Data'!H27>0.5)<>('Precinct Vote Data'!H28>0.5),1,0)+IF(('Precinct Vote Data'!H28>0.5)<>('Precinct Vote Data'!H29>0.5),1,0) -> 0 | H8: =IF(OR(G8>=1,E8<0.05),"Hard",IF(AND(E8>=0.15,F8<0.05),"Easy","Medium")) -> Easy
A9: Carbon | B9: FRANKLIN | C9: 90 | D9: =AVERAGE('Precinct Vote Data'!H30:H33) -> 0.29734916 | E9: =AVERAGE(ABS('Precinct Vote Data'!H30-0.5),ABS('Precinct Vote Data'!H31-0.5),ABS('Precinct Vote Data'!H32-0.5),ABS('Precinct Vote Data'!H33-0.5)) -> 0.20265084 | F9: =STDEV('Precinct Vote Data'!H30:H33) -> 0.032831768 | G9: =IF(('Precinct Vote Data'!H30>0.5)<>('Precinct Vote Data'!H31>0.5),1,0)+IF(('Precinct Vote Data'!H31>0.5)<>('Precinct Vote Data'!H32>0.5),1,0)+IF(('Precinct Vote Data'!H32>0.5)<>('Precinct Vote Data'!H33>0.5),1,0) -> 0 | H9: =IF(OR(G9>=1,E9<0.05),"Hard",IF(AND(E9>=0.15,F9<0.05),"Easy","Medium")) -> Easy
A10: Carbon | B10: FRANKLIN | C10: 100 | D10: =AVERAGE('Precinct Vote Data'!H34:H37) -> 0.26630748 | E10: =AVERAGE(ABS('Precinct Vote Data'!H34-0.5),ABS('Precinct Vote Data'!H35-0.5),ABS('Precinct Vote Data'!H36-0.5),ABS('Precinct Vote Data'!H37-0.5)) -> 0.23369252 | F10: =STDEV('Precinct Vote Data'!H34:H37) -> 0.019400766 | G10: =IF(('Precinct Vote Data'!H34>0.5)<>('Precinct Vote Data'!H35>0.5),1,0)+IF(('Precinct Vote Data'!H35>0.5)<>('Precinct Vote Data'!H36>0.5),1,0)+IF(('Precinct Vote Data'!H36>0.5)<>('Precinct Vote Data'!H37>0.5),1,0) -> 0 | H10: =IF(OR(G10>=1,E10<0.05),"Hard",IF(AND(E10>=0.15,F10<0.05),"Easy","Medium")) -> Easy
A11: Carbon | B11: JIM THORPE | C11: 110 | D11: =AVERAGE('Precinct Vote Data'!H38:H41) -> 0.46600686 | E11: =AVERAGE(ABS('Precinct Vote Data'!H38-0.5),ABS('Precinct Vote Data'!H39-0.5),ABS('Precinct Vote Data'!H40-0.5),ABS('Precinct Vote Data'!H41-0.5)) -> 0.056493142 | F11: =STDEV('Precinct Vote Data'!H38:H41) -> 0.05405963 | G11: =IF(('Precinct Vote Data'!H38>0.5)<>('Precinct Vote Data'!H39>0.5),1,0)+IF(('Precinct Vote Data'!H39>0.5)<>('Precinct Vote Data'!H40>0.5),1,0)+IF(('Precinct Vote Data'!H40>0.5)<>('Precinct Vote Data'!H41>0.5),1,0) -> 1 | H11: =IF(OR(G11>=1,E11<0.05),"Hard",IF(AND(E11>=0.15,F11<0.05),"Easy","Medium")) -> Hard
A12: Carbon | B12: JIM THORPE | C12: 120 | D12: =AVERAGE('Precinct Vote Data'!H42:H45) -> 0.42099009 | E12: =AVERAGE(ABS('Precinct Vote Data'!H42-0.5),ABS('Precinct Vote Data'!H43-0.5),ABS('Precinct Vote Data'!H44-0.5),ABS('Precinct Vote Data'!H45-0.5)) -> 0.079009906 | F12: =STDEV('Precinct Vote Data'!H42:H45) -> 0.033581835 | G12: =IF(('Precinct Vote Data'!H42>0.5)<>('Precinct Vote Data'!H43>0.5),1,0)+IF(('Precinct Vote Data'!H43>0.5)<>('Precinct Vote Data'!H44>0.5),1,0)+IF(('Precinct Vote Data'!H44>0.5)<>('Precinct Vote Data'!H45>0.5),1,0) -> 0 | H12: =IF(OR(G12>=1,E12<0.05),"Hard",IF(AND(E12>=0.15,F12<0.05),"Easy","Medium")) -> Medium
A13: Carbon | B13: JIM THORPE | C13: 130 | D13: =AVERAGE('Precinct Vote Data'!H46:H49) -> 0.40338453 | E13: =AVERAGE(ABS('Precinct Vote Data'!H46-0.5),ABS('Precinct Vote Data'!H47-0.5),ABS('Precinct Vote Data'!H48-0.5),ABS('Precinct Vote Data'!H49-0.5)) -> 0.096615473 | F13: =STDEV('Precinct Vote Data'!H46:H49) -> 0.038485824 | G13: =IF(('Precinct Vote Data'!H46>0.5)<>('Precinct Vote Data'!H47>0.5),1,0)+IF(('Precinct Vote Data'!H47>0.5)<>('Precinct Vote Data'!H48>0.5),1,0)+IF(('Precinct Vote Data'!H48>0.5)<>('Precinct Vote Data'!H49>0.5),1,0) -> 0 | H13: =IF(OR(G13>=1,E13<0.05),"Hard",IF(AND(E13>=0.15,F13<0.05),"Easy","Medium")) -> Medium
A14: Carbon | B14: JIM THORPE | C14: 140 | D14: =AVERAGE('Precinct Vote Data'!H50:H53) -> 0.54653352 | E14: =AVERAGE(ABS('Precinct Vote Data'!H50-0.5),ABS('Precinct Vote Data'!H51-0.5),ABS('Precinct Vote Data'!H52-0.5),ABS('Precinct Vote Data'!H53-0.5)) -> 0.04653352 | F14: =STDEV('Precinct Vote Data'!H50:H53) -> 0.035931947 | G14: =IF(('Precinct Vote Data'!H50>0.5)<>('Precinct Vote Data'!H51>0.5),1,0)+IF(('Precinct Vote Data'!H51>0.5)<>('Precinct Vote Data'!H52>0.5),1,0)+IF(('Precinct Vote Data'!H52>0.5)<>('Precinct Vote Data'!H53>0.5),1,0) -> 0 | H14: =IF(OR(G14>=1,E14<0.05),"Hard",IF(AND(E14>=0.15,F14<0.05),"Easy","Medium")) -> Hard
A15: Carbon | B15: JIM THORPE | C15: 150 | D15: =AVERAGE('Precinct Vote Data'!H54:H57) -> 0.44873174 | E15: =AVERAGE(ABS('Precinct Vote Data'!H54-0.5),ABS('Precinct Vote Data'!H55-0.5),ABS('Precinct Vote Data'!H56-0.5),ABS('Precinct Vote Data'!H57-0.5)) -> 0.051268256 | F15: =STDEV('Precinct Vote Data'!H54:H57) -> 0.037467409 | G15: =IF(('Precinct Vote Data'!H54>0.5)<>('Precinct Vote Data'!H55>0.5),1,0)+IF(('Precinct Vote Data'!H55>0.5)<>('Precinct Vote Data'!H56>0.5),1,0)+IF(('Precinct Vote Data'!H56>0.5)<>('Precinct Vote Data'!H57>0.5),1,0) -> 0 | H15: =IF(OR(G15>=1,E15<0.05),"Hard",IF(AND(E15>=0.15,F15<0.05),"Easy","Medium")) -> Medium
A16: Carbon | B16: KIDDER | C16: 160 | D16: =AVERAGE('Precinct Vote Data'!H58:H61) -> 0.35838641 | E16: =AVERAGE(ABS('Precinct Vote Data'!H58-0.5),ABS('Precinct Vote Data'!H59-0.5),ABS('Precinct Vote Data'!H60-0.5),ABS('Precinct Vote Data'!H61-0.5)) -> 0.14161359 | F16: =STDEV('Precinct Vote Data'!H58:H61) -> 0.028047845 | G16: =IF(('Precinct Vote Data'!H58>0.5)<>('Precinct Vote Data'!H59>0.5),1,0)+IF(('Precinct Vote Data'!H59>0.5)<>('Precinct Vote Data'!H60>0.5),1,0)+IF(('Precinct Vote Data'!H60>0.5)<>('Precinct Vote Data'!H61>0.5),1,0) -> 0 | H16: =IF(OR(G16>=1,E16<0.05),"Hard",IF(AND(E16>=0.15,F16<0.05),"Easy","Medium")) -> Medium
A17: Carbon | B17: KIDDER | C17: 170 | D17: =AVERAGE('Precinct Vote Data'!H62:H65) -> 0.31837026 | E17: =AVERAGE(ABS('Precinct Vote Data'!H62-0.5),ABS('Precinct Vote Data'!H63-0.5),ABS('Precinct Vote Data'!H64-0.5),ABS('Precinct Vote Data'!H65-0.5)) -> 0.18162974 | F17: =STDEV('Precinct Vote Data'!H62:H65) -> 0.015918706 | G17: =IF(('Precinct Vote Data'!H62>0.5)<>('Precinct Vote Data'!H63>0.5),1,0)+IF(('Precinct Vote Data'!H63>0.5)<>('Precinct Vote Data'!H64>0.5),1,0)+IF(('Precinct Vote Data'!H64>0.5)<>('Precinct Vote Data'!H65>0.5),1,0) -> 0 | H17: =IF(OR(G17>=1,E17<0.05),"Hard",IF(AND(E17>=0.15,F17<0.05),"Easy","Medium")) -> Easy
A18: Carbon | B18: LANSFORD | C18: 180 | D18: =AVERAGE('Precinct Vote Data'!H66:H69) -> 0.42556737 | E18: =AVERAGE(ABS('Precinct Vote Data'!H66-0.5),ABS('Precinct Vote Data'!H67-0.5),ABS('Precinct Vote Data'!H68-0.5),ABS('Precinct Vote Data'!H69-0.5)) -> 0.074432633 | F18: =STDEV('Precinct Vote Data'!H66:H69) -> 0.050432877 | G18: =IF(('Precinct Vote Data'!H66>0.5)<>('Precinct Vote Data'!H67>0.5),1,0)+IF(('Precinct Vote Data'!H67>0.5)<>('Precinct Vote Data'!H68>0.5),1,0)+IF(('Precinct Vote Data'!H68>0.5)<>('Precinct Vote Data'!H69>0.5),1,0) -> 0 | H18: =IF(OR(G18>=1,E18<0.05),"Hard",IF(AND(E18>=0.15,F18<0.05),"Easy","Medium")) -> Medium
A19: Carbon | B19: LANSFORD | C19: 190 | D19: =AVERAGE('Precinct Vote Data'!H70:H73) -> 0.4247605 | E19: =AVERAGE(ABS('Precinct Vote Data'!H70-0.5),ABS('Precinct Vote Data'!H71-0.5),ABS('Precinct Vote Data'!H72-0.5),ABS('Precinct Vote Data'!H73-0.5)) -> 0.075239504 | F19: =STDEV('Precinct Vote Data'!H70:H73) -> 0.035088902 | G19: =IF(('Precinct Vote Data'!H70>0.5)<>('Precinct Vote Data'!H71>0.5),1,0)+IF(('Precinct Vote Data'!H71>0.5)<>('Precinct Vote Data'!H72>0.5),1,0)+IF(('Precinct Vote Data'!H72>0.5)<>('Precinct Vote Data'!H73>0.5),1,0) -> 0 | H19: =IF(OR(G19>=1,E19<0.05),"Hard",IF(AND(E19>=0.15,F19<0.05),"Easy","Medium")) -> Medium
A20: Carbon | B20: LANSFORD | C20: 200 | D20: =AVERAGE('Precinct Vote Data'!H74:H77) -> 0.45485201 | E20: =AVERAGE(ABS('Precinct Vote Data'!H74-0.5),ABS('Precinct Vote Data'!H75-0.5),ABS('Precinct Vote Data'!H76-0.5),ABS('Precinct Vote Data'!H77-0.5)) -> 0.050753375 | F20: =STDEV('Precinct Vote Data'!H74:H77) -> 0.045002565 | G20: =IF(('Precinct Vote Data'!H74>0.5)<>('Precinct Vote Data'!H75>0.5),1,0)+IF(('Precinct Vote Data'!H75>0.5)<>('Precinct Vote Data'!H76>0.5),1,0)+IF(('Precinct Vote Data'!H76>0.5)<>('Precinct Vote Data'!H77>0.5),1,0) -> 1 | H20: =IF(OR(G20>=1,E20<0.05),"Hard",IF(AND(E20>=0.15,F20<0.05),"Easy","Medium")) -> Hard
A21: Carbon | B21: LAUSANNE | C21: 210 | D21: =AVERAGE('Precinct Vote Data'!H78:H81) -> 0.30063256 | E21: =AVERAGE(ABS('Precinct Vote Data'!H78-0.5),ABS('Precinct Vote Data'!H79-0.5),ABS('Precinct Vote Data'!H80-0.5),ABS('Precinct Vote Data'!H81-0.5)) -> 0.19936744 | F21: =STDEV('Precinct Vote Data'!H78:H81) -> 0.028779368 | G21: =IF(('Precinct Vote Data'!H78>0.5)<>('Precinct Vote Data'!H79>0.5),1,0)+IF(('Precinct Vote Data'!H79>0.5)<>('Precinct Vote Data'!H80>0.5),1,0)+IF(('Precinct Vote Data'!H80>0.5)<>('Precinct Vote Data'!H81>0.5),1,0) -> 0 | H21: =IF(OR(G21>=1,E21<0.05),"Hard",IF(AND(E21>=0.15,F21<0.05),"Easy","Medium")) -> Easy
A22: Carbon | B22: LEHIGH | C22: 220 | D22: =AVERAGE('Precinct Vote Data'!H82:H85) -> 0.20363956 | E22: =AVERAGE(ABS('Precinct Vote Data'!H82-0.5),ABS('Precinct Vote Data'!H83-0.5),ABS('Precinct Vote Data'!H84-0.5),ABS('Precinct Vote Data'!H85-0.5)) -> 0.29636044 | F22: =STDEV('Precinct Vote Data'!H82:H85) -> 0.013232881 | G22: =IF(('Precinct Vote Data'!H82>0.5)<>('Precinct Vote Data'!H83>0.5),1,0)+IF(('Precinct Vote Data'!H83>0.5)<>('Precinct Vote Data'!H84>0.5),1,0)+IF(('Precinct Vote Data'!H84>0.5)<>('Precinct Vote Data'!H85>0.5),1,0) -> 0 | H22: =IF(OR(G22>=1,E22<0.05),"Hard",IF(AND(E22>=0.15,F22<0.05),"Easy","Medium")) -> Easy
A23: Carbon | B23: LEHIGHTON | C23: 230 | D23: =AVERAGE('Precinct Vote Data'!H86:H89) -> 0.40762005 | E23: =AVERAGE(ABS('Precinct Vote Data'!H86-0.5),ABS('Precinct Vote Data'!H87-0.5),ABS('Precinct Vote Data'!H88-0.5),ABS('Precinct Vote Data'!H89-0.5)) -> 0.092379952 | F23: =STDEV('Precinct Vote Data'!H86:H89) -> 0.035394332 | G23: =IF(('Precinct Vote Data'!H86>0.5)<>('Precinct Vote Data'!H87>0.5),1,0)+IF(('Precinct Vote Data'!H87>0.5)<>('Precinct Vote Data'!H88>0.5),1,0)+IF(('Precinct Vote Data'!H88>0.5)<>('Precinct Vote Data'!H89>0.5),1,0) -> 0 | H23: =IF(OR(G23>=1,E23<0.05),"Hard",IF(AND(E23>=0.15,F23<0.05),"Easy","Medium")) -> Medium
A24: Carbon | B24: LEHIGHTON | C24: 240 | D24: =AVERAGE('Precinct Vote Data'!H90:H93) -> 0.42278506 | E24: =AVERAGE(ABS('Precinct Vote Data'!H90-0.5),ABS('Precinct Vote Data'!H91-0.5),ABS('Precinct Vote Data'!H92-0.5),ABS('Precinct Vote Data'!H93-0.5)) -> 0.077214943 | F24: =STDEV('Precinct Vote Data'!H90:H93) -> 0.03620214 | G24: =IF(('Precinct Vote Data'!H90>0.5)<>('Precinct Vote Data'!H91>0.5),1,0)+IF(('Precinct Vote Data'!H91>0.5)<>('Precinct Vote Data'!H92>0.5),1,0)+IF(('Precinct Vote Data'!H92>0.5)<>('Precinct Vote Data'!H93>0.5),1,0) -> 0 | H24: =IF(OR(G24>=1,E24<0.05),"Hard",IF(AND(E24>=0.15,F24<0.05),"Easy","Medium")) -> Medium
A25: Carbon | B25: LEHIGHTON | C25: 250 | D25: =AVERAGE('Precinct Vote Data'!H94:H97) -> 0.41496775 | E25: =AVERAGE(ABS('Precinct Vote Data'!H94-0.5),ABS('Precinct Vote Data'!H95-0.5),ABS('Precinct Vote Data'!H96-0.5),ABS('Precinct Vote Data'!H97-0.5)) -> 0.085032246 | F25: =STDEV('Precinct Vote Data'!H94:H97) -> 0.059509219 | G25: =IF(('Precinct Vote Data'!H94>0.5)<>('Precinct Vote Data'!H95>0.5),1,0)+IF(('Precinct Vote Data'!H95>0.5)<>('Precinct Vote Data'!H96>0.5),1,0)+IF(('Precinct Vote Data'!H96>0.5)<>('Precinct Vote Data'!H97>0.5),1,0) -> 0 | H25: =IF(OR(G25>=1,E25<0.05),"Hard",IF(AND(E25>=0.15,F25<0.05),"Easy","Medium")) -> Medium
A26: Carbon | B26: LOWER TOWAMENSING | C26: 260 | D26: =AVERAGE('Precinct Vote Data'!H98:H101) -> 0.30488811 | E26: =AVERAGE(ABS('Precinct Vote Data'!H98-0.5),ABS('Precinct Vote Data'!H99-0.5),ABS('Precinct Vote Data'!H100-0.5),ABS('Precinct Vote Data'!H101-0.5)) -> 0.19511189 | F26: =STDEV('Precinct Vote Data'!H98:H101) -> 0.036997345 | G26: =IF(('Precinct Vote Data'!H98>0.5)<>('Precinct Vote Data'!H99>0.5),1,0)+IF(('Precinct Vote Data'!H99>0.5)<>('Precinct Vote Data'!H100>0.5),1,0)+IF(('Precinct Vote Data'!H100>0.5)<>('Precinct Vote Data'!H101>0.5),1,0) -> 0 | H26: =IF(OR(G26>=1,E26<0.05),"Hard",IF(AND(E26>=0.15,F26<0.05),"Easy","Medium")) -> Easy
A27: Carbon | B27: LOWER TOWAMENSING | C27: 265 | D27: =AVERAGE('Precinct Vote Data'!H102:H105) -> 0.33554407 | E27: =AVERAGE(ABS('Precinct Vote Data'!H102-0.5),ABS('Precinct Vote Data'!H103-0.5),ABS('Precinct Vote Data'!H104-0.5),ABS('Precinct Vote Data'!H105-0.5)) -> 0.16445593 | F27: =STDEV('Precinct Vote Data'!H102:H105) -> 0.038473542 | G27: =IF(('Precinct Vote Data'!H102>0.5)<>('Precinct Vote Data'!H103>0.5),1,0)+IF(('Precinct Vote Data'!H103>0.5)<>('Precinct Vote Data'!H104>0.5),1,0)+IF(('Precinct Vote Data'!H104>0.5)<>('Precinct Vote Data'!H105>0.5),1,0) -> 0 | H27: =IF(OR(G27>=1,E27<0.05),"Hard",IF(AND(E27>=0.15,F27<0.05),"Easy","Medium")) -> Easy
A28: Carbon | B28: MAHONING | C28: 270 | D28: =AVERAGE('Precinct Vote Data'!H106:H109) -> 0.31500467 | E28: =AVERAGE(ABS('Precinct Vote Data'!H106-0.5),ABS('Precinct Vote Data'!H107-0.5),ABS('Precinct Vote Data'!H108-0.5),ABS('Precinct Vote Data'!H109-0.5)) -> 0.18499533 | F28: =STDEV('Precinct Vote Data'!H106:H109) -> 0.034907117 | G28: =IF(('Precinct Vote Data'!H106>0.5)<>('Precinct Vote Data'!H107>0.5),1,0)+IF(('Precinct Vote Data'!H107>0.5)<>('Precinct Vote Data'!H108>0.5),1,0)+IF(('Precinct Vote Data'!H108>0.5)<>('Precinct Vote Data'!H109>0.5),1,0) -> 0 | H28: =IF(OR(G28>=1,E28<0.05),"Hard",IF(AND(E28>=0.15,F28<0.05),"Easy","Medium")) -> Easy
A29: Carbon | B29: MAHONING | C29: 280 | D29: =AVERAGE('Precinct Vote Data'!H110:H113) -> 0.2590415 | E29: =AVERAGE(ABS('Precinct Vote Data'!H110-0.5),ABS('Precinct Vote Data'!H111-0.5),ABS('Precinct Vote Data'!H112-0.5),ABS('Precinct Vote Data'!H113-0.5)) -> 0.2409585 | F29: =STDEV('Precinct Vote Data'!H110:H113) -> 0.030673218 | G29: =IF(('Precinct Vote Data'!H110>0.5)<>('Precinct Vote Data'!H111>0.5),1,0)+IF(('Precinct Vote Data'!H111>0.5)<>('Precinct Vote Data'!H112>0.5),1,0)+IF(('Precinct Vote Data'!H112>0.5)<>('Precinct Vote Data'!H113>0.5),1,0) -> 0 | H29: =IF(OR(G29>=1,E29<0.05),"Hard",IF(AND(E29>=0.15,F29<0.05),"Easy","Medium")) -> Easy
A30: Carbon | B30: MAHONING | C30: 290 | D30: =AVERAGE('Precinct Vote Data'!H114:H117) -> 0.31601973 | E30: =AVERAGE(ABS('Precinct Vote Data'!H114-0.5),ABS('Precinct Vote Data'!H115-0.5),ABS('Precinct Vote Data'!H116-0.5),ABS('Precinct Vote Data'!H117-0.5)) -> 0.18398027 | F30: =STDEV('Precinct Vote Data'!H114:H117) -> 0.039120462 | G30: =IF(('Precinct Vote Data'!H114>0.5)<>('Precinct Vote Data'!H115>0.5),1,0)+IF(('Precinct Vote Data'!H115>0.5)<>('Precinct Vote Data'!H116>0.5),1,0)+IF(('Precinct Vote Data'!H116>0.5)<>('Precinct Vote Data'!H117>0.5),1,0) -> 0 | H30: =IF(OR(G30>=1,E30<0.05),"Hard",IF(AND(E30>=0.15,F30<0.05),"Easy","Medium")) -> Easy
A31: Carbon | B31: NESQUEHONING | C31: 300 | D31: =AVERAGE('Precinct Vote Data'!H118:H121) -> 0.41967903 | E31: =AVERAGE(ABS('Precinct Vote Data'!H118-0.5),ABS('Precinct Vote Data'!H119-0.5),ABS('Precinct Vote Data'!H120-0.5),ABS('Precinct Vote Data'!H121-0.5)) -> 0.080320971 | F31: =STDEV('Precinct Vote Data'!H118:H121) -> 0.045687054 | G31: =IF(('Precinct Vote Data'!H118>0.5)<>('Precinct Vote Data'!H119>0.5),1,0)+IF(('Precinct Vote Data'!H119>0.5)<>('Precinct Vote Data'!H120>0.5),1,0)+IF(('Precinct Vote Data'!H120>0.5)<>('Precinct Vote Data'!H121>0.5),1,0) -> 0 | H31: =IF(OR(G31>=1,E31<0.05),"Hard",IF(AND(E31>=0.15,F31<0.05),"Easy","Medium")) -> Medium
A32: Carbon | B32: NESQUEHONING | C32: 310 | D32: =AVERAGE('Precinct Vote Data'!H122:H125) -> 0.40443313 | E32: =AVERAGE(ABS('Precinct Vote Data'!H122-0.5),ABS('Precinct Vote Data'!H123-0.5),ABS('Precinct Vote Data'!H124-0.5),ABS('Precinct Vote Data'!H125-0.5)) -> 0.09556687 | F32: =STDEV('Precinct Vote Data'!H122:H125) -> 0.050456204 | G32: =IF(('Precinct Vote Data'!H122>0.5)<>('Precinct Vote Data'!H123>0.5),1,0)+IF(('Precinct Vote Data'!H123>0.5)<>('Precinct Vote Data'!H124>0.5),1,0)+IF(('Precinct Vote Data'!H124>0.5)<>('Precinct Vote Data'!H125>0.5),1,0) -> 0 | H32: =IF(OR(G32>=1,E32<0.05),"Hard",IF(AND(E32>=0.15,F32<0.05),"Easy","Medium")) -> Medium
A33: Carbon | B33: PACKER | C33: 320 | D33: =AVERAGE('Precinct Vote Data'!H126:H129) -> 0.19690165 | E33: =AVERAGE(ABS('Precinct Vote Data'!H126-0.5),ABS('Precinct Vote Data'!H127-0.5),ABS('Precinct Vote Data'!H128-0.5),ABS('Precinct Vote Data'!H129-0.5)) -> 0.30309835 | F33: =STDEV('Precinct Vote Data'!H126:H129) -> 0.027807505 | G33: =IF(('Precinct Vote Data'!H126>0.5)<>('Precinct Vote Data'!H127>0.5),1,0)+IF(('Precinct Vote Data'!H127>0.5)<>('Precinct Vote Data'!H128>0.5),1,0)+IF(('Precinct Vote Data'!H128>0.5)<>('Precinct Vote Data'!H129>0.5),1,0) -> 0 | H33: =IF(OR(G33>=1,E33<0.05),"Hard",IF(AND(E33>=0.15,F33<0.05),"Easy","Medium")) -> Easy
A34: Carbon | B34: PALMERTON | C34: 330 | D34: =AVERAGE('Precinct Vote Data'!H130:H133) -> 0.34568518 | E34: =AVERAGE(ABS('Precinct Vote Data'!H130-0.5),ABS('Precinct Vote Data'!H131-0.5),ABS('Precinct Vote Data'!H132-0.5),ABS('Precinct Vote Data'!H133-0.5)) -> 0.15431482 | F34: =STDEV('Precinct Vote Data'!H130:H133) -> 0.022816524 | G34: =IF(('Precinct Vote Data'!H130>0.5)<>('Precinct Vote Data'!H131>0.5),1,0)+IF(('Precinct Vote Data'!H131>0.5)<>('Precinct Vote Data'!H132>0.5),1,0)+IF(('Precinct Vote Data'!H132>0.5)<>('Precinct Vote Data'!H133>0.5),1,0) -> 0 | H34: =IF(OR(G34>=1,E34<0.05),"Hard",IF(AND(E34>=0.15,F34<0.05),"Easy","Medium")) -> Easy
A35: Carbon | B35: PALMERTON | C35: 340 | D35: =AVERAGE('Precinct Vote Data'!H134:H137) -> 0.40385025 | E35: =AVERAGE(ABS('Precinct Vote Data'!H134-0.5),ABS('Precinct Vote Data'!H135-0.5),ABS('Precinct Vote Data'!H136-0.5),ABS('Precinct Vote Data'!H137-0.5)) -> 0.09614975 | F35: =STDEV('Precinct Vote Data'!H134:H137) -> 0.037702045 | G35: =IF(('Precinct Vote Data'!H134>0.5)<>('Precinct Vote Data'!H135>0.5),1,0)+IF(('Precinct Vote Data'!H135>0.5)<>('Precinct Vote Data'!H136>0.5),1,0)+IF(('Precinct Vote Data'!H136>0.5)<>('Precinct Vote Data'!H137>0.5),1,0) -> 0 | H35: =IF(OR(G35>=1,E35<0.05),"Hard",IF(AND(E35>=0.15,F35<0.05),"Easy","Medium")) -> Medium
A36: Carbon | B36: PALMERTON | C36: 350 | D36: =AVERAGE('Precinct Vote Data'!H138:H141) -> 0.34836005 | E36: =AVERAGE(ABS('Precinct Vote Data'!H138-0.5),ABS('Precinct Vote Data'!H139-0.5),ABS('Precinct Vote Data'!H140-0.5),ABS('Precinct Vote Data'!H141-0.5)) -> 0.15163995 | F36: =STDEV('Precinct Vote Data'!H138:H141) -> 0.03399888 | G36: =IF(('Precinct Vote Data'!H138>0.5)<>('Precinct Vote Data'!H139>0.5),1,0)+IF(('Precinct Vote Data'!H139>0.5)<>('Precinct Vote Data'!H140>0.5),1,0)+IF(('Precinct Vote Data'!H140>0.5)<>('Precinct Vote Data'!H141>0.5),1,0) -> 0 | H36: =IF(OR(G36>=1,E36<0.05),"Hard",IF(AND(E36>=0.15,F36<0.05),"Easy","Medium")) -> Easy
A37: Carbon | B37: PARRYVILLE | C37: 360 | D37: =AVERAGE('Precinct Vote Data'!H142:H145) -> 0.28623541 | E37: =AVERAGE(ABS('Precinct Vote Data'!H142-0.5),ABS('Precinct Vote Data'!H143-0.5),ABS('Precinct Vote Data'!H144-0.5),ABS('Precinct Vote Data'!H145-0.5)) -> 0.21376459 | F37: =STDEV('Precinct Vote Data'!H142:H145) -> 0.038872197 | G37: =IF(('Precinct Vote Data'!H142>0.5)<>('Precinct Vote Data'!H143>0.5),1,0)+IF(('Precinct Vote Data'!H143>0.5)<>('Precinct Vote Data'!H144>0.5),1,0)+IF(('Precinct Vote Data'!H144>0.5)<>('Precinct Vote Data'!H145>0.5),1,0) -> 0 | H37: =IF(OR(G37>=1,E37<0.05),"Hard",IF(AND(E37>=0.15,F37<0.05),"Easy","Medium")) -> Easy
A38: Carbon | B38: PENN FOREST | C38: 370 | D38: =AVERAGE('Precinct Vote Data'!H146:H149) -> 0.36158908 | E38: =AVERAGE(ABS('Precinct Vote Data'!H146-0.5),ABS('Precinct Vote Data'!H147-0.5),ABS('Precinct Vote Data'!H148-0.5),ABS('Precinct Vote Data'!H149-0.5)) -> 0.13841092 | F38: =STDEV('Precinct Vote Data'!H146:H149) -> 0.019860904 | G38: =IF(('Precinct Vote Data'!H146>0.5)<>('Precinct Vote Data'!H147>0.5),1,0)+IF(('Precinct Vote Data'!H147>0.5)<>('Precinct Vote Data'!H148>0.5),1,0)+IF(('Precinct Vote Data'!H148>0.5)<>('Precinct Vote Data'!H149>0.5),1,0) -> 0 | H38: =IF(OR(G38>=1,E38<0.05),"Hard",IF(AND(E38>=0.15,F38<0.05),"Easy","Medium")) -> Medium
A39: Carbon | B39: PENN FOREST | C39: 373 | D39: =AVERAGE('Precinct Vote Data'!H150:H153) -> 0.33280241 | E39: =AVERAGE(ABS('Precinct Vote Data'!H150-0.5),ABS('Precinct Vote Data'!H151-0.5),ABS('Precinct Vote Data'!H152-0.5),ABS('Precinct Vote Data'!H153-0.5)) -> 0.16719759 | F39: =STDEV('Precinct Vote Data'!H150:H153) -> 0.03582395 | G39: =IF(('Precinct Vote Data'!H150>0.5)<>('Precinct Vote Data'!H151>0.5),1,0)+IF(('Precinct Vote Data'!H151>0.5)<>('Precinct Vote Data'!H152>0.5),1,0)+IF(('Precinct Vote Data'!H152>0.5)<>('Precinct Vote Data'!H153>0.5),1,0) -> 0 | H39: =IF(OR(G39>=1,E39<0.05),"Hard",IF(AND(E39>=0.15,F39<0.05),"Easy","Medium")) -> Easy
A40: Carbon | B40: PENN FOREST | C40: 375 | D40: =AVERAGE('Precinct Vote Data'!H154:H157) -> 0.40495123 | E40: =AVERAGE(ABS('Precinct Vote Data'!H154-0.5),ABS('Precinct Vote Data'!H155-0.5),ABS('Precinct Vote Data'!H156-0.5),ABS('Precinct Vote Data'!H157-0.5)) -> 0.095048767 | F40: =STDEV('Precinct Vote Data'!H154:H157) -> 0.027871526 | G40: =IF(('Precinct Vote Data'!H154>0.5)<>('Precinct Vote Data'!H155>0.5),1,0)+IF(('Precinct Vote Data'!H155>0.5)<>('Precinct Vote Data'!H156>0.5),1,0)+IF(('Precinct Vote Data'!H156>0.5)<>('Precinct Vote Data'!H157>0.5),1,0) -> 0 | H40: =IF(OR(G40>=1,E40<0.05),"Hard",IF(AND(E40>=0.15,F40<0.05),"Easy","Medium")) -> Medium
A41: Carbon | B41: PENN FOREST | C41: 377 | D41: =AVERAGE('Precinct Vote Data'!H158:H161) -> 0.38216774 | E41: =AVERAGE(ABS('Precinct Vote Data'!H158-0.5),ABS('Precinct Vote Data'!H159-0.5),ABS('Precinct Vote Data'!H160-0.5),ABS('Precinct Vote Data'!H161-0.5)) -> 0.11783226 | F41: =STDEV('Precinct Vote Data'!H158:H161) -> 0.019114165 | G41: =IF(('Precinct Vote Data'!H158>0.5)<>('Precinct Vote Data'!H159>0.5),1,0)+IF(('Precinct Vote Data'!H159>0.5)<>('Precinct Vote Data'!H160>0.5),1,0)+IF(('Precinct Vote Data'!H160>0.5)<>('Precinct Vote Data'!H161>0.5),1,0) -> 0 | H41: =IF(OR(G41>=1,E41<0.05),"Hard",IF(AND(E41>=0.15,F41<0.05),"Easy","Medium")) -> Medium
A42: Carbon | B42: PENN FOREST | C42: 379 | D42: =AVERAGE('Precinct Vote Data'!H162:H165) -> 0.39529621 | E42: =AVERAGE(ABS('Precinct Vote Data'!H162-0.5),ABS('Precinct Vote Data'!H163-0.5),ABS('Precinct Vote Data'!H164-0.5),ABS('Precinct Vote Data'!H165-0.5)) -> 0.10470379 | F42: =STDEV('Precinct Vote Data'!H162:H165) -> 0.028341181 | G42: =IF(('Precinct Vote Data'!H162>0.5)<>('Precinct Vote Data'!H163>0.5),1,0)+IF(('Precinct Vote Data'!H163>0.5)<>('Precinct Vote Data'!H164>0.5),1,0)+IF(('Precinct Vote Data'!H164>0.5)<>('Precinct Vote Data'!H165>0.5),1,0) -> 0 | H42: =IF(OR(G42>=1,E42<0.05),"Hard",IF(AND(E42>=0.15,F42<0.05),"Easy","Medium")) -> Medium
A43: Carbon | B43: SUMMIT HILL | C43: 380 | D43: =AVERAGE('Precinct Vote Data'!H166:H169) -> 0.49030896 | E43: =AVERAGE(ABS('Precinct Vote Data'!H166-0.5),ABS('Precinct Vote Data'!H167-0.5),ABS('Precinct Vote Data'!H168-0.5),ABS('Precinct Vote Data'!H169-0.5)) -> 0.046167907 | F43: =STDEV('Precinct Vote Data'!H166:H169) -> 0.056337565 | G43: =IF(('Precinct Vote Data'!H166>0.5)<>('Precinct Vote Data'!H167>0.5),1,0)+IF(('Precinct Vote Data'!H167>0.5)<>('Precinct Vote Data'!H168>0.5),1,0)+IF(('Precinct Vote Data'!H168>0.5)<>('Precinct Vote Data'!H169>0.5),1,0) -> 1 | H43: =IF(OR(G43>=1,E43<0.05),"Hard",IF(AND(E43>=0.15,F43<0.05),"Easy","Medium")) -> Hard
A44: Carbon | B44: SUMMIT HILL | C44: 390 | D44: =AVERAGE('Precinct Vote Data'!H170:H173) -> 0.50515931 | E44: =AVERAGE(ABS('Precinct Vote Data'!H170-0.5),ABS('Precinct Vote Data'!H171-0.5),ABS('Precinct Vote Data'!H172-0.5),ABS('Precinct Vote Data'!H173-0.5)) -> 0.035186975 | F44: =STDEV('Precinct Vote Data'!H170:H173) -> 0.044145485 | G44: =IF(('Precinct Vote Data'!H170>0.5)<>('Precinct Vote Data'!H171>0.5),1,0)+IF(('Precinct Vote Data'!H171>0.5)<>('Precinct Vote Data'!H172>0.5),1,0)+IF(('Precinct Vote Data'!H172>0.5)<>('Precinct Vote Data'!H173>0.5),1,0) -> 3 | H44: =IF(OR(G44>=1,E44<0.05),"Hard",IF(AND(E44>=0.15,F44<0.05),"Easy","Medium")) -> Hard
A45: Carbon | B45: SUMMIT HILL | C45: 400 | D45: =AVERAGE('Precinct Vote Data'!H174:H177) -> 0.41665918 | E45: =AVERAGE(ABS('Precinct Vote Data'!H174-0.5),ABS('Precinct Vote Data'!H175-0.5),ABS('Precinct Vote Data'!H176-0.5),ABS('Precinct Vote Data'!H177-0.5)) -> 0.083340823 | F45: =STDEV('Precinct Vote Data'!H174:H177) -> 0.055541627 | G45: =IF(('Precinct Vote Data'!H174>0.5)<>('Precinct Vote Data'!H175>0.5),1,0)+IF(('Precinct Vote Data'!H175>0.5)<>('Precinct Vote Data'!H176>0.5),1,0)+IF(('Precinct Vote Data'!H176>0.5)<>('Precinct Vote Data'!H177>0.5),1,0) -> 0 | H45: =IF(OR(G45>=1,E45<0.05),"Hard",IF(AND(E45>=0.15,F45<0.05),"Easy","Medium")) -> Medium
A46: Carbon | B46: SUMMIT HILL | C46: 410 | D46: =AVERAGE('Precinct Vote Data'!H178:H181) -> 0.35453097 | E46: =AVERAGE(ABS('Precinct Vote Data'!H178-0.5),ABS('Precinct Vote Data'!H179-0.5),ABS('Precinct Vote Data'!H180-0.5),ABS('Precinct Vote Data'!H181-0.5)) -> 0.14546903 | F46: =STDEV('Precinct Vote Data'!H178:H181) -> 0.032506247 | G46: =IF(('Precinct Vote Data'!H178>0.5)<>('Precinct Vote Data'!H179>0.5),1,0)+IF(('Precinct Vote Data'!H179>0.5)<>('Precinct Vote Data'!H180>0.5),1,0)+IF(('Precinct Vote Data'!H180>0.5)<>('Precinct Vote Data'!H181>0.5),1,0) -> 0 | H46: =IF(OR(G46>=1,E46<0.05),"Hard",IF(AND(E46>=0.15,F46<0.05),"Easy","Medium")) -> Medium
A47: Carbon | B47: TOWAMENSING | C47: 420 | D47: =AVERAGE('Precinct Vote Data'!H182:H185) -> 0.31391046 | E47: =AVERAGE(ABS('Precinct Vote Data'!H182-0.5),ABS('Precinct Vote Data'!H183-0.5),ABS('Precinct Vote Data'!H184-0.5),ABS('Precinct Vote Data'!H185-0.5)) -> 0.18608954 | F47: =STDEV('Precinct Vote Data'!H182:H185) -> 0.024379507 | G47: =IF(('Precinct Vote Data'!H182>0.5)<>('Precinct Vote Data'!H183>0.5),1,0)+IF(('Precinct Vote Data'!H183>0.5)<>('Precinct Vote Data'!H184>0.5),1,0)+IF(('Precinct Vote Data'!H184>0.5)<>('Precinct Vote Data'!H185>0.5),1,0) -> 0 | H47: =IF(OR(G47>=1,E47<0.05),"Hard",IF(AND(E47>=0.15,F47<0.05),"Easy","Medium")) -> Easy
A48: Carbon | B48: TOWAMENSING | C48: 430 | D48: =AVERAGE('Precinct Vote Data'!H186:H189) -> 0.28794684 | E48: =AVERAGE(ABS('Precinct Vote Data'!H186-0.5),ABS('Precinct Vote Data'!H187-0.5),ABS('Precinct Vote Data'!H188-0.5),ABS('Precinct Vote Data'!H189-0.5)) -> 0.21205316 | F48: =STDEV('Precinct Vote Data'!H186:H189) -> 0.046798194 | G48: =IF(('Precinct Vote Data'!H186>0.5)<>('Precinct Vote Data'!H187>0.5),1,0)+IF(('Precinct Vote Data'!H187>0.5)<>('Precinct Vote Data'!H188>0.5),1,0)+IF(('Precinct Vote Data'!H188>0.5)<>('Precinct Vote Data'!H189>0.5),1,0) -> 0 | H48: =IF(OR(G48>=1,E48<0.05),"Hard",IF(AND(E48>=0.15,F48<0.05),"Easy","Medium")) -> Easy
A49: Carbon | B49: TOWAMENSING | C49: 435 | D49: =AVERAGE('Precinct Vote Data'!H190:H193) -> 0.30716035 | E49: =AVERAGE(ABS('Precinct Vote Data'!H190-0.5),ABS('Precinct Vote Data'!H191-0.5),ABS('Precinct Vote Data'!H192-0.5),ABS('Precinct Vote Data'!H193-0.5)) -> 0.19283965 | F49: =STDEV('Precinct Vote Data'!H190:H193) -> 0.029181576 | G49: =IF(('Precinct Vote Data'!H190>0.5)<>('Precinct Vote Data'!H191>0.5),1,0)+IF(('Precinct Vote Data'!H191>0.5)<>('Precinct Vote Data'!H192>0.5),1,0)+IF(('Precinct Vote Data'!H192>0.5)<>('Precinct Vote Data'!H193>0.5),1,0) -> 0 | H49: =IF(OR(G49>=1,E49<0.05),"Hard",IF(AND(E49>=0.15,F49<0.05),"Easy","Medium")) -> Easy
A50: Carbon | B50: WEATHERLY | C50: 440 | D50: =AVERAGE('Precinct Vote Data'!H194:H197) -> 0.2946547 | E50: =AVERAGE(ABS('Precinct Vote Data'!H194-0.5),ABS('Precinct Vote Data'!H195-0.5),ABS('Precinct Vote Data'!H196-0.5),ABS('Precinct Vote Data'!H197-0.5)) -> 0.2053453 | F50: =STDEV('Precinct Vote Data'!H194:H197) -> 0.027089424 | G50: =IF(('Precinct Vote Data'!H194>0.5)<>('Precinct Vote Data'!H195>0.5),1,0)+IF(('Precinct Vote Data'!H195>0.5)<>('Precinct Vote Data'!H196>0.5),1,0)+IF(('Precinct Vote Data'!H196>0.5)<>('Precinct Vote Data'!H197>0.5),1,0) -> 0 | H50: =IF(OR(G50>=1,E50<0.05),"Hard",IF(AND(E50>=0.15,F50<0.05),"Easy","Medium")) -> Easy
A51: Carbon | B51: WEATHERLY | C51: 450 | D51: =AVERAGE('Precinct Vote Data'!H198:H201) -> 0.2743493 | E51: =AVERAGE(ABS('Precinct Vote Data'!H198-0.5),ABS('Precinct Vote Data'!H199-0.5),ABS('Precinct Vote Data'!H200-0.5),ABS('Precinct Vote Data'!H201-0.5)) -> 0.2256507 | F51: =STDEV('Precinct Vote Data'!H198:H201) -> 0.026338607 | G51: =IF(('Precinct Vote Data'!H198>0.5)<>('Precinct Vote Data'!H199>0.5),1,0)+IF(('Precinct Vote Data'!H199>0.5)<>('Precinct Vote Data'!H200>0.5),1,0)+IF(('Precinct Vote Data'!H200>0.5)<>('Precinct Vote Data'!H201>0.5),1,0) -> 0 | H51: =IF(OR(G51>=1,E51<0.05),"Hard",IF(AND(E51>=0.15,F51<0.05),"Easy","Medium")) -> Easy
A52: Carbon | B52: WEISSPORT | C52: 460 | D52: =AVERAGE('Precinct Vote Data'!H202:H205) -> 0.43281527 | E52: =AVERAGE(ABS('Precinct Vote Data'!H202-0.5),ABS('Precinct Vote Data'!H203-0.5),ABS('Precinct Vote Data'!H204-0.5),ABS('Precinct Vote Data'!H205-0.5)) -> 0.072286776 | F52: =STDEV('Precinct Vote Data'!H202:H205) -> 0.066873161 | G52: =IF(('Precinct Vote Data'!H202>0.5)<>('Precinct Vote Data'!H203>0.5),1,0)+IF(('Precinct Vote Data'!H203>0.5)<>('Precinct Vote Data'!H204>0.5),1,0)+IF(('Precinct Vote Data'!H204>0.5)<>('Precinct Vote Data'!H205>0.5),1,0) -> 1 | H52: =IF(OR(G52>=1,E52<0.05),"Hard",IF(AND(E52>=0.15,F52<0.05),"Easy","Medium")) -> Hard
A53: Lehigh | B53: ALBURTIS | C53: 10 | D53: =AVERAGE('Precinct Vote Data'!H206:H209) -> 0.48055533 | E53: =AVERAGE(ABS('Precinct Vote Data'!H206-0.5),ABS('Precinct Vote Data'!H207-0.5),ABS('Precinct Vote Data'!H208-0.5),ABS('Precinct Vote Data'!H209-0.5)) -> 0.033398155 | F53: =STDEV('Precinct Vote Data'!H206:H209) -> 0.037191436 | G53: =IF(('Precinct Vote Data'!H206>0.5)<>('Precinct Vote Data'!H207>0.5),1,0)+IF(('Precinct Vote Data'!H207>0.5)<>('Precinct Vote Data'!H208>0.5),1,0)+IF(('Precinct Vote Data'!H208>0.5)<>('Precinct Vote Data'!H209>0.5),1,0) -> 1 | H53: =IF(OR(G53>=1,E53<0.05),"Hard",IF(AND(E53>=0.15,F53<0.05),"Easy","Medium")) -> Hard
A54: Lehigh | B54: ALLENTOWN | C54: 20 | D54: =AVERAGE('Precinct Vote Data'!H210:H213) -> 0.80712108 | E54: =AVERAGE(ABS('Precinct Vote Data'!H210-0.5),ABS('Precinct Vote Data'!H211-0.5),ABS('Precinct Vote Data'!H212-0.5),ABS('Precinct Vote Data'!H213-0.5)) -> 0.30712108 | F54: =STDEV('Precinct Vote Data'!H210:H213) -> 0.081358555 | G54: =IF(('Precinct Vote Data'!H210>0.5)<>('Precinct Vote Data'!H211>0.5),1,0)+IF(('Precinct Vote Data'!H211>0.5)<>('Precinct Vote Data'!H212>0.5),1,0)+IF(('Precinct Vote Data'!H212>0.5)<>('Precinct Vote Data'!H213>0.5),1,0) -> 0 | H54: =IF(OR(G54>=1,E54<0.05),"Hard",IF(AND(E54>=0.15,F54<0.05),"Easy","Medium")) -> Medium
A55: Lehigh | B55: ALLENTOWN | C55: 30 | D55: =AVERAGE('Precinct Vote Data'!H214:H217) -> 0.77544728 | E55: =AVERAGE(ABS('Precinct Vote Data'!H214-0.5),ABS('Precinct Vote Data'!H215-0.5),ABS('Precinct Vote Data'!H216-0.5),ABS('Precinct Vote Data'!H217-0.5)) -> 0.27544728 | F55: =STDEV('Precinct Vote Data'!H214:H217) -> 0.067621371 | G55: =IF(('Precinct Vote Data'!H214>0.5)<>('Precinct Vote Data'!H215>0.5),1,0)+IF(('Precinct Vote Data'!H215>0.5)<>('Precinct Vote Data'!H216>0.5),1,0)+IF(('Precinct Vote Data'!H216>0.5)<>('Precinct Vote Data'!H217>0.5),1,0) -> 0 | H55: =IF(OR(G55>=1,E55<0.05),"Hard",IF(AND(E55>=0.15,F55<0.05),"Easy","Medium")) -> Medium
A56: Lehigh | B56: ALLENTOWN | C56: 40 | D56: =AVERAGE('Precinct Vote Data'!H218:H221) -> 0.7981623 | E56: =AVERAGE(ABS('Precinct Vote Data'!H218-0.5),ABS('Precinct Vote Data'!H219-0.5),ABS('Precinct Vote Data'!H220-0.5),ABS('Precinct Vote Data'!H221-0.5)) -> 0.2981623 | F56: =STDEV('Precinct Vote Data'!H218:H221) -> 0.068318174 | G56: =IF(('Precinct Vote Data'!H218>0.5)<>('Precinct Vote Data'!H219>0.5),1,0)+IF(('Precinct Vote Data'!H219>0.5)<>('Precinct Vote Data'!H220>0.5),1,0)+IF(('Precinct Vote Data'!H220>0.5)<>('Precinct Vote Data'!H221>0.5),1,0) -> 0 | H56: =IF(OR(G56>=1,E56<0.05),"Hard",IF(AND(E56>=0.15,F56<0.05),"Easy","Medium")) -> Medium
A57: Lehigh | B57: ALLENTOWN | C57: 50 | D57: =AVERAGE('Precinct Vote Data'!H222:H225) -> 0.75111201 | E57: =AVERAGE(ABS('Precinct Vote Data'!H222-0.5),ABS('Precinct Vote Data'!H223-0.5),ABS('Precinct Vote Data'!H224-0.5),ABS('Precinct Vote Data'!H225-0.5)) -> 0.25111201 | F57: =STDEV('Precinct Vote Data'!H222:H225) -> 0.061673155 | G57: =IF(('Precinct Vote Data'!H222>0.5)<>('Precinct Vote Data'!H223>0.5),1,0)+IF(('Precinct Vote Data'!H223>0.5)<>('Precinct Vote Data'!H224>0.5),1,0)+IF(('Precinct Vote Data'!H224>0.5)<>('Precinct Vote Data'!H225>0.5),1,0) -> 0 | H57: =IF(OR(G57>=1,E57<0.05),"Hard",IF(AND(E57>=0.15,F57<0.05),"Easy","Medium")) -> Medium
A58: Lehigh | B58: ALLENTOWN | C58: 60 | D58: =AVERAGE('Precinct Vote Data'!H226:H229) -> 0.8009843 | E58: =AVERAGE(ABS('Precinct Vote Data'!H226-0.5),ABS('Precinct Vote Data'!H227-0.5),ABS('Precinct Vote Data'!H228-0.5),ABS('Precinct Vote Data'!H229-0.5)) -> 0.3009843 | F58: =STDEV('Precinct Vote Data'!H226:H229) -> 0.044527775 | G58: =IF(('Precinct Vote Data'!H226>0.5)<>('Precinct Vote Data'!H227>0.5),1,0)+IF(('Precinct Vote Data'!H227>0.5)<>('Precinct Vote Data'!H228>0.5),1,0)+IF(('Precinct Vote Data'!H228>0.5)<>('Precinct Vote Data'!H229>0.5),1,0) -> 0 | H58: =IF(OR(G58>=1,E58<0.05),"Hard",IF(AND(E58>=0.15,F58<0.05),"Easy","Medium")) -> Easy
A59: Lehigh | B59: ALLENTOWN | C59: 70 | D59: =AVERAGE('Precinct Vote Data'!H230:H233) -> 0.74115429 | E59: =AVERAGE(ABS('Precinct Vote Data'!H230-0.5),ABS('Precinct Vote Data'!H231-0.5),ABS('Precinct Vote Data'!H232-0.5),ABS('Precinct Vote Data'!H233-0.5)) -> 0.24115429 | F59: =STDEV('Precinct Vote Data'!H230:H233) -> 0.089596159 | G59: =IF(('Precinct Vote Data'!H230>0.5)<>('Precinct Vote Data'!H231>0.5),1,0)+IF(('Precinct Vote Data'!H231>0.5)<>('Precinct Vote Data'!H232>0.5),1,0)+IF(('Precinct Vote Data'!H232>0.5)<>('Precinct Vote Data'!H233>0.5),1,0) -> 0 | H59: =IF(OR(G59>=1,E59<0.05),"Hard",IF(AND(E59>=0.15,F59<0.05),"Easy","Medium")) -> Medium
A60: Lehigh | B60: ALLENTOWN | C60: 80 | D60: =AVERAGE('Precinct Vote Data'!H234:H237) -> 0.70535097 | E60: =AVERAGE(ABS('Precinct Vote Data'!H234-0.5),ABS('Precinct Vote Data'!H235-0.5),ABS('Precinct Vote Data'!H236-0.5),ABS('Precinct Vote Data'!H237-0.5)) -> 0.20535097 | F60: =STDEV('Precinct Vote Data'!H234:H237) -> 0.066600112 | G60: =IF(('Precinct Vote Data'!H234>0.5)<>('Precinct Vote Data'!H235>0.5),1,0)+IF(('Precinct Vote Data'!H235>0.5)<>('Precinct Vote Data'!H236>0.5),1,0)+IF(('Precinct Vote Data'!H236>0.5)<>('Precinct Vote Data'!H237>0.5),1,0) -> 0 | H60: =IF(OR(G60>=1,E60<0.05),"Hard",IF(AND(E60>=0.15,F60<0.05),"Easy","Medium")) -> Medium
A61: Lehigh | B61: ALLENTOWN | C61: 90 | D61: =AVERAGE('Precinct Vote Data'!H238:H241) -> 0.78076645 | E61: =AVERAGE(ABS('Precinct Vote Data'!H238-0.5),ABS('Precinct Vote Data'!H239-0.5),ABS('Precinct Vote Data'!H240-0.5),ABS('Precinct Vote Data'!H241-0.5)) -> 0.28076645 | F61: =STDEV('Precinct Vote Data'!H238:H241) -> 0.051762728 | G61: =IF(('Precinct Vote Data'!H238>0.5)<>('Precinct Vote Data'!H239>0.5),1,0)+IF(('Precinct Vote Data'!H239>0.5)<>('Precinct Vote Data'!H240>0.5),1,0)+IF(('Precinct Vote Data'!H240>0.5)<>('Precinct Vote Data'!H241>0.5),1,0) -> 0 | H61: =IF(OR(G61>=1,E61<0.05),"Hard",IF(AND(E61>=0.15,F61<0.05),"Easy","Medium")) -> Medium
A62: Lehigh | B62: ALLENTOWN | C62: 110 | D62: =AVERAGE('Precinct Vote Data'!H242:H245) -> 0.78101652 | E62: =AVERAGE(ABS('Precinct Vote Data'!H242-0.5),ABS('Precinct Vote Data'!H243-0.5),ABS('Precinct Vote Data'!H244-0.5),ABS('Precinct Vote Data'!H245-0.5)) -> 0.28101652 | F62: =STDEV('Precinct Vote Data'!H242:H245) -> 0.063228952 | G62: =IF(('Precinct Vote Data'!H242>0.5)<>('Precinct Vote Data'!H243>0.5),1,0)+IF(('Precinct Vote Data'!H243>0.5)<>('Precinct Vote Data'!H244>0.5),1,0)+IF(('Precinct Vote Data'!H244>0.5)<>('Precinct Vote Data'!H245>0.5),1,0) -> 0 | H62: =IF(OR(G62>=1,E62<0.05),"Hard",IF(AND(E62>=0.15,F62<0.05),"Easy","Medium")) -> Medium
A63: Lehigh | B63: ALLENTOWN | C63: 120 | D63: =AVERAGE('Precinct Vote Data'!H246:H249) -> 0.80229855 | E63: =AVERAGE(ABS('Precinct Vote Data'!H246-0.5),ABS('Precinct Vote Data'!H247-0.5),ABS('Precinct Vote Data'!H248-0.5),ABS('Precinct Vote Data'!H249-0.5)) -> 0.30229855 | F63: =STDEV('Precinct Vote Data'!H246:H249) -> 0.072929335 | G63: =IF(('Precinct Vote Data'!H246>0.5)<>('Precinct Vote Data'!H247>0.5),1,0)+IF(('Precinct Vote Data'!H247>0.5)<>('Precinct Vote Data'!H248>0.5),1,0)+IF(('Precinct Vote Data'!H248>0.5)<>('Precinct Vote Data'!H249>0.5),1,0) -> 0 | H63: =IF(OR(G63>=1,E63<0.05),"Hard",IF(AND(E63>=0.15,F63<0.05),"Easy","Medium")) -> Medium
A64: Lehigh | B64: ALLENTOWN | C64: 130 | D64: =AVERAGE('Precinct Vote Data'!H250:H253) -> 0.79707616 | E64: =AVERAGE(ABS('Precinct Vote Data'!H250-0.5),ABS('Precinct Vote Data'!H251-0.5),ABS('Precinct Vote Data'!H252-0.5),ABS('Precinct Vote Data'!H253-0.5)) -> 0.29707616 | F64: =STDEV('Precinct Vote Data'!H250:H253) -> 0.05714573 | G64: =IF(('Precinct Vote Data'!H250>0.5)<>('Precinct Vote Data'!H251>0.5),1,0)+IF(('Precinct Vote Data'!H251>0.5)<>('Precinct Vote Data'!H252>0.5),1,0)+IF(('Precinct Vote Data'!H252>0.5)<>('Precinct Vote Data'!H253>0.5),1,0) -> 0 | H64: =IF(OR(G64>=1,E64<0.05),"Hard",IF(AND(E64>=0.15,F64<0.05),"Easy","Medium")) -> Medium
A65: Lehigh | B65: ALLENTOWN | C65: 140 | D65: =AVERAGE('Precinct Vote Data'!H254:H257) -> 0.70637862 | E65: =AVERAGE(ABS('Precinct Vote Data'!H254-0.5),ABS('Precinct Vote Data'!H255-0.5),ABS('Precinct Vote Data'!H256-0.5),ABS('Precinct Vote Data'!H257-0.5)) -> 0.20637862 | F65: =STDEV('Precinct Vote Data'!H254:H257) -> 0.044864897 | G65: =IF(('Precinct Vote Data'!H254>0.5)<>('Precinct Vote Data'!H255>0.5),1,0)+IF(('Precinct Vote Data'!H255>0.5)<>('Precinct Vote Data'!H256>0.5),1,0)+IF(('Precinct Vote Data'!H256>0.5)<>('Precinct Vote Data'!H257>0.5),1,0) -> 0 | H65: =IF(OR(G65>=1,E65<0.05),"Hard",IF(AND(E65>=0.15,F65<0.05),"Easy","Medium")) -> Easy
A66: Lehigh | B66: ALLENTOWN | C66: 150 | D66: =AVERAGE('Precinct Vote Data'!H258:H261) -> 0.74260358 | E66: =AVERAGE(ABS('Precinct Vote Data'!H258-0.5),ABS('Precinct Vote Data'!H259-0.5),ABS('Precinct Vote Data'!H260-0.5),ABS('Precinct Vote Data'!H261-0.5)) -> 0.24260358 | F66: =STDEV('Precinct Vote Data'!H258:H261) -> 0.052692268 | G66: =IF(('Precinct Vote Data'!H258>0.5)<>('Precinct Vote Data'!H259>0.5),1,0)+IF(('Precinct Vote Data'!H259>0.5)<>('Precinct Vote Data'!H260>0.5),1,0)+IF(('Precinct Vote Data'!H260>0.5)<>('Precinct Vote Data'!H261>0.5),1,0) -> 0 | H66: =IF(OR(G66>=1,E66<0.05),"Hard",IF(AND(E66>=0.15,F66<0.05),"Easy","Medium")) -> Medium
A67: Lehigh | B67: ALLENTOWN | C67: 160 | D67: =AVERAGE('Precinct Vote Data'!H262:H265) -> 0.76900037 | E67: =AVERAGE(ABS('Precinct Vote Data'!H262-0.5),ABS('Precinct Vote Data'!H263-0.5),ABS('Precinct Vote Data'!H264-0.5),ABS('Precinct Vote Data'!H265-0.5)) -> 0.26900037 | F67: =STDEV('Precinct Vote Data'!H262:H265) -> 0.078912015 | G67: =IF(('Precinct Vote Data'!H262>0.5)<>('Precinct Vote Data'!H263>0.5),1,0)+IF(('Precinct Vote Data'!H263>0.5)<>('Precinct Vote Data'!H264>0.5),1,0)+IF(('Precinct Vote Data'!H264>0.5)<>('Precinct Vote Data'!H265>0.5),1,0) -> 0 | H67: =IF(OR(G67>=1,E67<0.05),"Hard",IF(AND(E67>=0.15,F67<0.05),"Easy","Medium")) -> Medium
A68: Lehigh | B68: ALLENTOWN | C68: 170 | D68: =AVERAGE('Precinct Vote Data'!H266:H269) -> 0.63056443 | E68: =AVERAGE(ABS('Precinct Vote Data'!H266-0.5),ABS('Precinct Vote Data'!H267-0.5),ABS('Precinct Vote Data'!H268-0.5),ABS('Precinct Vote Data'!H269-0.5)) -> 0.13056443 | F68: =STDEV('Precinct Vote Data'!H266:H269) -> 0.018916939 | G68: =IF(('Precinct Vote Data'!H266>0.5)<>('Precinct Vote Data'!H267>0.5),1,0)+IF(('Precinct Vote Data'!H267>0.5)<>('Precinct Vote Data'!H268>0.5),1,0)+IF(('Precinct Vote Data'!H268>0.5)<>('Precinct Vote Data'!H269>0.5),1,0) -> 0 | H68: =IF(OR(G68>=1,E68<0.05),"Hard",IF(AND(E68>=0.15,F68<0.05),"Easy","Medium")) -> Medium
A69: Lehigh | B69: ALLENTOWN | C69: 180 | D69: =AVERAGE('Precinct Vote Data'!H270:H273) -> 0.77447684 | E69: =AVERAGE(ABS('Precinct Vote Data'!H270-0.5),ABS('Precinct Vote Data'!H271-0.5),ABS('Precinct Vote Data'!H272-0.5),ABS('Precinct Vote Data'!H273-0.5)) -> 0.27447684 | F69: =STDEV('Precinct Vote Data'!H270:H273) -> 0.072871043 | G69: =IF(('Precinct Vote Data'!H270>0.5)<>('Precinct Vote Data'!H271>0.5),1,0)+IF(('Precinct Vote Data'!H271>0.5)<>('Precinct Vote Data'!H272>0.5),1,0)+IF(('Precinct Vote Data'!H272>0.5)<>('Precinct Vote Data'!H273>0.5),1,0) -> 0 | H69: =IF(OR(G69>=1,E69<0.05),"Hard",IF(AND(E69>=0.15,F69<0.05),"Easy","Medium")) -> Medium
A70: Lehigh | B70: ALLENTOWN | C70: 190 | D70: =AVERAGE('Precinct Vote Data'!H274:H277) -> 0.79158396 | E70: =AVERAGE(ABS('Precinct Vote Data'!H274-0.5),ABS('Precinct Vote Data'!H275-0.5),ABS('Precinct Vote Data'!H276-0.5),ABS('Precinct Vote Data'!H277-0.5)) -> 0.29158396 | F70: =STDEV('Precinct Vote Data'!H274:H277) -> 0.06478229 | G70: =IF(('Precinct Vote Data'!H274>0.5)<>('Precinct Vote Data'!H275>0.5),1,0)+IF(('Precinct Vote Data'!H275>0.5)<>('Precinct Vote Data'!H276>0.5),1,0)+IF(('Precinct Vote Data'!H276>0.5)<>('Precinct Vote Data'!H277>0.5),1,0) -> 0 | H70: =IF(OR(G70>=1,E70<0.05),"Hard",IF(AND(E70>=0.15,F70<0.05),"Easy","Medium")) -> Medium
A71: Lehigh | B71: ALLENTOWN | C71: 200 | D71: =AVERAGE('Precinct Vote Data'!H278:H281) -> 0.72457749 | E71: =AVERAGE(ABS('Precinct Vote Data'!H278-0.5),ABS('Precinct Vote Data'!H279-0.5),ABS('Precinct Vote Data'!H280-0.5),ABS('Precinct Vote Data'!H281-0.5)) -> 0.22457749 | F71: =STDEV('Precinct Vote Data'!H278:H281) -> 0.055289194 | G71: =IF(('Precinct Vote Data'!H278>0.5)<>('Precinct Vote Data'!H279>0.5),1,0)+IF(('Precinct Vote Data'!H279>0.5)<>('Precinct Vote Data'!H280>0.5),1,0)+IF(('Precinct Vote Data'!H280>0.5)<>('Precinct Vote Data'!H281>0.5),1,0) -> 0 | H71: =IF(OR(G71>=1,E71<0.05),"Hard",IF(AND(E71>=0.15,F71<0.05),"Easy","Medium")) -> Medium
A72: Lehigh | B72: ALLENTOWN | C72: 210 | D72: =AVERAGE('Precinct Vote Data'!H282:H285) -> 0.78072644 | E72: =AVERAGE(ABS('Precinct Vote Data'!H282-0.5),ABS('Precinct Vote Data'!H283-0.5),ABS('Precinct Vote Data'!H284-0.5),ABS('Precinct Vote Data'!H285-0.5)) -> 0.28072644 | F72: =STDEV('Precinct Vote Data'!H282:H285) -> 0.060537728 | G72: =IF(('Precinct Vote Data'!H282>0.5)<>('Precinct Vote Data'!H283>0.5),1,0)+IF(('Precinct Vote Data'!H283>0.5)<>('Precinct Vote Data'!H284>0.5),1,0)+IF(('Precinct Vote Data'!H284>0.5)<>('Precinct Vote Data'!H285>0.5),1,0) -> 0 | H72: =IF(OR(G72>=1,E72<0.05),"Hard",IF(AND(E72>=0.15,F72<0.05),"Easy","Medium")) -> Medium
A73: Lehigh | B73: ALLENTOWN | C73: 220 | D73: =AVERAGE('Precinct Vote Data'!H286:H289) -> 0.73556194 | E73: =AVERAGE(ABS('Precinct Vote Data'!H286-0.5),ABS('Precinct Vote Data'!H287-0.5),ABS('Precinct Vote Data'!H288-0.5),ABS('Precinct Vote Data'!H289-0.5)) -> 0.23556194 | F73: =STDEV('Precinct Vote Data'!H286:H289) -> 0.043055668 | G73: =IF(('Precinct Vote Data'!H286>0.5)<>('Precinct Vote Data'!H287>0.5),1,0)+IF(('Precinct Vote Data'!H287>0.5)<>('Precinct Vote Data'!H288>0.5),1,0)+IF(('Precinct Vote Data'!H288>0.5)<>('Precinct Vote Data'!H289>0.5),1,0) -> 0 | H73: =IF(OR(G73>=1,E73<0.05),"Hard",IF(AND(E73>=0.15,F73<0.05),"Easy","Medium")) -> Easy
A74: Lehigh | B74: ALLENTOWN | C74: 230 | D74: =AVERAGE('Precinct Vote Data'!H290:H293) -> 0.77943059 | E74: =AVERAGE(ABS('Precinct Vote Data'!H290-0.5),ABS('Precinct Vote Data'!H291-0.5),ABS('Precinct Vote Data'!H292-0.5),ABS('Precinct Vote Data'!H293-0.5)) -> 0.27943059 | F74: =STDEV('Precinct Vote Data'!H290:H293) -> 0.045388579 | G74: =IF(('Precinct Vote Data'!H290>0.5)<>('Precinct Vote Data'!H291>0.5),1,0)+IF(('Precinct Vote Data'!H291>0.5)<>('Precinct Vote Data'!H292>0.5),1,0)+IF(('Precinct Vote Data'!H292>0.5)<>('Precinct Vote Data'!H293>0.5),1,0) -> 0 | H74: =IF(OR(G74>=1,E74<0.05),"Hard",IF(AND(E74>=0.15,F74<0.05),"Easy","Medium")) -> Easy
A75: Lehigh | B75: ALLENTOWN | C75: 240 | D75: =AVERAGE('Precinct Vote Data'!H294:H297) -> 0.73562443 | E75: =AVERAGE(ABS('Precinct Vote Data'!H294-0.5),ABS('Precinct Vote Data'!H295-0.5),ABS('Precinct Vote Data'!H296-0.5),ABS('Precinct Vote Data'!H297-0.5)) -> 0.23562443 | F75: =STDEV('Precinct Vote Data'!H294:H297) -> 0.042300803 | G75: =IF(('Precinct Vote Data'!H294>0.5)<>('Precinct Vote Data'!H295>0.5),1,0)+IF(('Precinct Vote Data'!H295>0.5)<>('Precinct Vote Data'!H296>0.5),1,0)+IF(('Precinct Vote Data'!H296>0.5)<>('Precinct Vote Data'!H297>0.5),1,0) -> 0 | H75: =IF(OR(G75>=1,E75<0.05),"Hard",IF(AND(E75>=0.15,F75<0.05),"Easy","Medium")) -> Easy
A76: Lehigh | B76: ALLENTOWN | C76: 250 | D76: =AVERAGE('Precinct Vote Data'!H298:H301) -> 0.79012129 | E76: =AVERAGE(ABS('Precinct Vote Data'!H298-0.5),ABS('Precinct Vote Data'!H299-0.5),ABS('Precinct Vote Data'!H300-0.5),ABS('Precinct Vote Data'!H301-0.5)) -> 0.29012129 | F76: =STDEV('Precinct Vote Data'!H298:H301) -> 0.023814732 | G76: =IF(('Precinct Vote Data'!H298>0.5)<>('Precinct Vote Data'!H299>0.5),1,0)+IF(('Precinct Vote Data'!H299>0.5)<>('Precinct Vote Data'!H300>0.5),1,0)+IF(('Precinct Vote Data'!H300>0.5)<>('Precinct Vote Data'!H301>0.5),1,0) -> 0 | H76: =IF(OR(G76>=1,E76<0.05),"Hard",IF(AND(E76>=0.15,F76<0.05),"Easy","Medium")) -> Easy
A77: Lehigh | B77: ALLENTOWN | C77: 260 | D77: =AVERAGE('Precinct Vote Data'!H302:H305) -> 0.677638 | E77: =AVERAGE(ABS('Precinct Vote Data'!H302-0.5),ABS('Precinct Vote Data'!H303-0.5),ABS('Precinct Vote Data'!H304-0.5),ABS('Precinct Vote Data'!H305-0.5)) -> 0.177638 | F77: =STDEV('Precinct Vote Data'!H302:H305) -> 0.029273857 | G77: =IF(('Precinct Vote Data'!H302>0.5)<>('Precinct Vote Data'!H303>0.5),1,0)+IF(('Precinct Vote Data'!H303>0.5)<>('Precinct Vote Data'!H304>0.5),1,0)+IF(('Precinct Vote Data'!H304>0.5)<>('Precinct Vote Data'!H305>0.5),1,0) -> 0 | H77: =IF(OR(G77>=1,E77<0.05),"Hard",IF(AND(E77>=0.15,F77<0.05),"Easy","Medium")) -> Easy
A78: Lehigh | B78: ALLENTOWN | C78: 270 | D78: =AVERAGE('Precinct Vote Data'!H306:H309) -> 0.62751305 | E78: =AVERAGE(ABS('Precinct Vote Data'!H306-0.5),ABS('Precinct Vote Data'!H307-0.5),ABS('Precinct Vote Data'!H308-0.5),ABS('Precinct Vote Data'!H309-0.5)) -> 0.12751305 | F78: =STDEV('Precinct Vote Data'!H306:H309) -> 0.022186043 | G78: =IF(('Precinct Vote Data'!H306>0.5)<>('Precinct Vote Data'!H307>0.5),1,0)+IF(('Precinct Vote Data'!H307>0.5)<>('Precinct Vote Data'!H308>0.5),1,0)+IF(('Precinct Vote Data'!H308>0.5)<>('Precinct Vote Data'!H309>0.5),1,0) -> 0 | H78: =IF(OR(G78>=1,E78<0.05),"Hard",IF(AND(E78>=0.15,F78<0.05),"Easy","Medium")) -> Medium
A79: Lehigh | B79: ALLENTOWN | C79: 280 | D79: =AVERAGE('Precinct Vote Data'!H310:H313) -> 0.63326096 | E79: =AVERAGE(ABS('Precinct Vote Data'!H310-0.5),ABS('Precinct Vote Data'!H311-0.5),ABS('Precinct Vote Data'!H312-0.5),ABS('Precinct Vote Data'!H313-0.5)) -> 0.13326096 | F79: =STDEV('Precinct Vote Data'!H310:H313) -> 0.01243264 | G79: =IF(('Precinct Vote Data'!H310>0.5)<>('Precinct Vote Data'!H311>0.5),1,0)+IF(('Precinct Vote Data'!H311>0.5)<>('Precinct Vote Data'!H312>0.5),1,0)+IF(('Precinct Vote Data'!H312>0.5)<>('Precinct Vote Data'!H313>0.5),1,0) -> 0 | H79: =IF(OR(G79>=1,E79<0.05),"Hard",IF(AND(E79>=0.15,F79<0.05),"Easy","Medium")) -> Medium
A80: Lehigh | B80: ALLENTOWN | C80: 290 | D80: =AVERAGE('Precinct Vote Data'!H314:H317) -> 0.7284041 | E80: =AVERAGE(ABS('Precinct Vote Data'!H314-0.5),ABS('Precinct Vote Data'!H315-0.5),ABS('Precinct Vote Data'!H316-0.5),ABS('Precinct Vote Data'!H317-0.5)) -> 0.2284041 | F80: =STDEV('Precinct Vote Data'!H314:H317) -> 0.036534993 | G80: =IF(('Precinct Vote Data'!H314>0.5)<>('Precinct Vote Data'!H315>0.5),1,0)+IF(('Precinct Vote Data'!H315>0.5)<>('Precinct Vote Data'!H316>0.5),1,0)+IF(('Precinct Vote Data'!H316>0.5)<>('Precinct Vote Data'!H317>0.5),1,0) -> 0 | H80: =IF(OR(G80>=1,E80<0.05),"Hard",IF(AND(E80>=0.15,F80<0.05),"Easy","Medium")) -> Easy
A81: Lehigh | B81: ALLENTOWN | C81: 300 | D81: =AVERAGE('Precinct Vote Data'!H318:H321) -> 0.68746389 | E81: =AVERAGE(ABS('Precinct Vote Data'!H318-0.5),ABS('Precinct Vote Data'!H319-0.5),ABS('Precinct Vote Data'!H320-0.5),ABS('Precinct Vote Data'!H321-0.5)) -> 0.18746389 | F81: =STDEV('Precinct Vote Data'!H318:H321) -> 0.048390299 | G81: =IF(('Precinct Vote Data'!H318>0.5)<>('Precinct Vote Data'!H319>0.5),1,0)+IF(('Precinct Vote Data'!H319>0.5)<>('Precinct Vote Data'!H320>0.5),1,0)+IF(('Precinct Vote Data'!H320>0.5)<>('Precinct Vote Data'!H321>0.5),1,0) -> 0 | H81: =IF(OR(G81>=1,E81<0.05),"Hard",IF(AND(E81>=0.15,F81<0.05),"Easy","Medium")) -> Easy
A82: Lehigh | B82: ALLENTOWN | C82: 310 | D82: =AVERAGE('Precinct Vote Data'!H322:H325) -> 0.63330493 | E82: =AVERAGE(ABS('Precinct Vote Data'!H322-0.5),ABS('Precinct Vote Data'!H323-0.5),ABS('Precinct Vote Data'!H324-0.5),ABS('Precinct Vote Data'!H325-0.5)) -> 0.13330493 | F82: =STDEV('Precinct Vote Data'!H322:H325) -> 0.011136597 | G82: =IF(('Precinct Vote Data'!H322>0.5)<>('Precinct Vote Data'!H323>0.5),1,0)+IF(('Precinct Vote Data'!H323>0.5)<>('Precinct Vote Data'!H324>0.5),1,0)+IF(('Precinct Vote Data'!H324>0.5)<>('Precinct Vote Data'!H325>0.5),1,0) -> 0 | H82: =IF(OR(G82>=1,E82<0.05),"Hard",IF(AND(E82>=0.15,F82<0.05),"Easy","Medium")) -> Medium
A83: Lehigh | B83: ALLENTOWN | C83: 320 | D83: =AVERAGE('Precinct Vote Data'!H326:H329) -> 0.58466644 | E83: =AVERAGE(ABS('Precinct Vote Data'!H326-0.5),ABS('Precinct Vote Data'!H327-0.5),ABS('Precinct Vote Data'!H328-0.5),ABS('Precinct Vote Data'!H329-0.5)) -> 0.084666444 | F83: =STDEV('Precinct Vote Data'!H326:H329) -> 0.022625302 | G83: =IF(('Precinct Vote Data'!H326>0.5)<>('Precinct Vote Data'!H327>0.5),1,0)+IF(('Precinct Vote Data'!H327>0.5)<>('Precinct Vote Data'!H328>0.5),1,0)+IF(('Precinct Vote Data'!H328>0.5)<>('Precinct Vote Data'!H329>0.5),1,0) -> 0 | H83: =IF(OR(G83>=1,E83<0.05),"Hard",IF(AND(E83>=0.15,F83<0.05),"Easy","Medium")) -> Medium
A84: Lehigh | B84: ALLENTOWN | C84: 330 | D84: =AVERAGE('Precinct Vote Data'!H330:H333) -> 0.64418723 | E84: =AVERAGE(ABS('Precinct Vote Data'!H330-0.5),ABS('Precinct Vote Data'!H331-0.5),ABS('Precinct Vote Data'!H332-0.5),ABS('Precinct Vote Data'!H333-0.5)) -> 0.14418723 | F84: =STDEV('Precinct Vote Data'!H330:H333) -> 0.047160144 | G84: =IF(('Precinct Vote Data'!H330>0.5)<>('Precinct Vote Data'!H331>0.5),1,0)+IF(('Precinct Vote Data'!H331>0.5)<>('Precinct Vote Data'!H332>0.5),1,0)+IF(('Precinct Vote Data'!H332>0.5)<>('Precinct Vote Data'!H333>0.5),1,0) -> 0 | H84: =IF(OR(G84>=1,E84<0.05),"Hard",IF(AND(E84>=0.15,F84<0.05),"Easy","Medium")) -> Medium
A85: Lehigh | B85: ALLENTOWN | C85: 340 | D85: =AVERAGE('Precinct Vote Data'!H334:H337) -> 0.77277241 | E85: =AVERAGE(ABS('Precinct Vote Data'!H334-0.5),ABS('Precinct Vote Data'!H335-0.5),ABS('Precinct Vote Data'!H336-0.5),ABS('Precinct Vote Data'!H337-0.5)) -> 0.27277241 | F85: =STDEV('Precinct Vote Data'!H334:H337) -> 0.060292008 | G85: =IF(('Precinct Vote Data'!H334>0.5)<>('Precinct Vote Data'!H335>0.5),1,0)+IF(('Precinct Vote Data'!H335>0.5)<>('Precinct Vote Data'!H336>0.5),1,0)+IF(('Precinct Vote Data'!H336>0.5)<>('Precinct Vote Data'!H337>0.5),1,0) -> 0 | H85: =IF(OR(G85>=1,E85<0.05),"Hard",IF(AND(E85>=0.15,F85<0.05),"Easy","Medium")) -> Medium
A86: Lehigh | B86: ALLENTOWN | C86: 350 | D86: =AVERAGE('Precinct Vote Data'!H338:H341) -> 0.68901391 | E86: =AVERAGE(ABS('Precinct Vote Data'!H338-0.5),ABS('Precinct Vote Data'!H339-0.5),ABS('Precinct Vote Data'!H340-0.5),ABS('Precinct Vote Data'!H341-0.5)) -> 0.18901391 | F86: =STDEV('Precinct Vote Data'!H338:H341) -> 0.047320921 | G86: =IF(('Precinct Vote Data'!H338>0.5)<>('Precinct Vote Data'!H339>0.5),1,0)+IF(('Precinct Vote Data'!H339>0.5)<>('Precinct Vote Data'!H340>0.5),1,0)+IF(('Precinct Vote Data'!H340>0.5)<>('Precinct Vote Data'!H341>0.5),1,0) -> 0 | H86: =IF(OR(G86>=1,E86<0.05),"Hard",IF(AND(E86>=0.15,F86<0.05),"Easy","Medium")) -> Easy
A87: Lehigh | B87: ALLENTOWN | C87: 360 | D87: =AVERAGE('Precinct Vote Data'!H342:H345) -> 0.69156517 | E87: =AVERAGE(ABS('Precinct Vote Data'!H342-0.5),ABS('Precinct Vote Data'!H343-0.5),ABS('Precinct Vote Data'!H344-0.5),ABS('Precinct Vote Data'!H345-0.5)) -> 0.19156517 | F87: =STDEV('Precinct Vote Data'!H342:H345) -> 0.037988433 | G87: =IF(('Precinct Vote Data'!H342>0.5)<>('Precinct Vote Data'!H343>0.5),1,0)+IF(('Precinct Vote Data'!H343>0.5)<>('Precinct Vote Data'!H344>0.5),1,0)+IF(('Precinct Vote Data'!H344>0.5)<>('Precinct Vote Data'!H345>0.5),1,0) -> 0 | H87: =IF(OR(G87>=1,E87<0.05),"Hard",IF(AND(E87>=0.15,F87<0.05),"Easy","Medium")) -> Easy
A88: Lehigh | B88: ALLENTOWN | C88: 370 | D88: =AVERAGE('Precinct Vote Data'!H346:H349) -> 0.69923791 | E88: =AVERAGE(ABS('Precinct Vote Data'!H346-0.5),ABS('Precinct Vote Data'!H347-0.5),ABS('Precinct Vote Data'!H348-0.5),ABS('Precinct Vote Data'!H349-0.5)) -> 0.19923791 | F88: =STDEV('Precinct Vote Data'!H346:H349) -> 0.021253764 | G88: =IF(('Precinct Vote Data'!H346>0.5)<>('Precinct Vote Data'!H347>0.5),1,0)+IF(('Precinct Vote Data'!H347>0.5)<>('Precinct Vote Data'!H348>0.5),1,0)+IF(('Precinct Vote Data'!H348>0.5)<>('Precinct Vote Data'!H349>0.5),1,0) -> 0 | H88: =IF(OR(G88>=1,E88<0.05),"Hard",IF(AND(E88>=0.15,F88<0.05),"Easy","Medium")) -> Easy
A89: Lehigh | B89: ALLENTOWN | C89: 380 | D89: =AVERAGE('Precinct Vote Data'!H350:H353) -> 0.67096859 | E89: =AVERAGE(ABS('Precinct Vote Data'!H350-0.5),ABS('Precinct Vote Data'!H351-0.5),ABS('Precinct Vote Data'!H352-0.5),ABS('Precinct Vote Data'!H353-0.5)) -> 0.17096859 | F89: =STDEV('Precinct Vote Data'!H350:H353) -> 0.044959405 | G89: =IF(('Precinct Vote Data'!H350>0.5)<>('Precinct Vote Data'!H351>0.5),1,0)+IF(('Precinct Vote Data'!H351>0.5)<>('Precinct Vote Data'!H352>0.5),1,0)+IF(('Precinct Vote Data'!H352>0.5)<>('Precinct Vote Data'!H353>0.5),1,0) -> 0 | H89: =IF(OR(G89>=1,E89<0.05),"Hard",IF(AND(E89>=0.15,F89<0.05),"Easy","Medium")) -> Easy
A90: Lehigh | B90: ALLENTOWN | C90: 390 | D90: =AVERAGE('Precinct Vote Data'!H354:H357) -> 0.71291977 | E90: =AVERAGE(ABS('Precinct Vote Data'!H354-0.5),ABS('Precinct Vote Data'!H355-0.5),ABS('Precinct Vote Data'!H356-0.5),ABS('Precinct Vote Data'!H357-0.5)) -> 0.21291977 | F90: =STDEV('Precinct Vote Data'!H354:H357) -> 0.066254907 | G90: =IF(('Precinct Vote Data'!H354>0.5)<>('Precinct Vote Data'!H355>0.5),1,0)+IF(('Precinct Vote Data'!H355>0.5)<>('Precinct Vote Data'!H356>0.5),1,0)+IF(('Precinct Vote Data'!H356>0.5)<>('Precinct Vote Data'!H357>0.5),1,0) -> 0 | H90: =IF(OR(G90>=1,E90<0.05),"Hard",IF(AND(E90>=0.15,F90<0.05),"Easy","Medium")) -> Medium
A91: Lehigh | B91: ALLENTOWN | C91: 400 | D91: =AVERAGE('Precinct Vote Data'!H358:H361) -> 0.60599612 | E91: =AVERAGE(ABS('Precinct Vote Data'!H358-0.5),ABS('Precinct Vote Data'!H359-0.5),ABS('Precinct Vote Data'!H360-0.5),ABS('Precinct Vote Data'!H361-0.5)) -> 0.10599612 | F91: =STDEV('Precinct Vote Data'!H358:H361) -> 0.056664171 | G91: =IF(('Precinct Vote Data'!H358>0.5)<>('Precinct Vote Data'!H359>0.5),1,0)+IF(('Precinct Vote Data'!H359>0.5)<>('Precinct Vote Data'!H360>0.5),1,0)+IF(('Precinct Vote Data'!H360>0.5)<>('Precinct Vote Data'!H361>0.5),1,0) -> 0 | H91: =IF(OR(G91>=1,E91<0.05),"Hard",IF(AND(E91>=0.15,F91<0.05),"Easy","Medium")) -> Medium
A92: Lehigh | B92: ALLENTOWN | C92: 410 | D92: =AVERAGE('Precinct Vote Data'!H362:H365) -> 0.64762101 | E92: =AVERAGE(ABS('Precinct Vote Data'!H362-0.5),ABS('Precinct Vote Data'!H363-0.5),ABS('Precinct Vote Data'!H364-0.5),ABS('Precinct Vote Data'!H365-0.5)) -> 0.14762101 | F92: =STDEV('Precinct Vote Data'!H362:H365) -> 0.025585089 | G92: =IF(('Precinct Vote Data'!H362>0.5)<>('Precinct Vote Data'!H363>0.5),1,0)+IF(('Precinct Vote Data'!H363>0.5)<>('Precinct Vote Data'!H364>0.5),1,0)+IF(('Precinct Vote Data'!H364>0.5)<>('Precinct Vote Data'!H365>0.5),1,0) -> 0 | H92: =IF(OR(G92>=1,E92<0.05),"Hard",IF(AND(E92>=0.15,F92<0.05),"Easy","Medium")) -> Medium
A93: Lehigh | B93: ALLENTOWN | C93: 420 | D93: =AVERAGE('Precinct Vote Data'!H366:H369) -> 0.64281102 | E93: =AVERAGE(ABS('Precinct Vote Data'!H366-0.5),ABS('Precinct Vote Data'!H367-0.5),ABS('Precinct Vote Data'!H368-0.5),ABS('Precinct Vote Data'!H369-0.5)) -> 0.14281102 | F93: =STDEV('Precinct Vote Data'!H366:H369) -> 0.027734008 | G93: =IF(('Precinct Vote Data'!H366>0.5)<>('Precinct Vote Data'!H367>0.5),1,0)+IF(('Precinct Vote Data'!H367>0.5)<>('Precinct Vote Data'!H368>0.5),1,0)+IF(('Precinct Vote Data'!H368>0.5)<>('Precinct Vote Data'!H369>0.5),1,0) -> 0 | H93: =IF(OR(G93>=1,E93<0.05),"Hard",IF(AND(E93>=0.15,F93<0.05),"Easy","Medium")) -> Medium
A94: Lehigh | B94: ALLENTOWN | C94: 430 | D94: =AVERAGE('Precinct Vote Data'!H370:H373) -> 0.64279188 | E94: =AVERAGE(ABS('Precinct Vote Data'!H370-0.5),ABS('Precinct Vote Data'!H371-0.5),ABS('Precinct Vote Data'!H372-0.5),ABS('Precinct Vote Data'!H373-0.5)) -> 0.14279188 | F94: =STDEV('Precinct Vote Data'!H370:H373) -> 0.060906405 | G94: =IF(('Precinct Vote Data'!H370>0.5)<>('Precinct Vote Data'!H371>0.5),1,0)+IF(('Precinct Vote Data'!H371>0.5)<>('Precinct Vote Data'!H372>0.5),1,0)+IF(('Precinct Vote Data'!H372>0.5)<>('Precinct Vote Data'!H373>0.5),1,0) -> 0 | H94: =IF(OR(G94>=1,E94<0.05),"Hard",IF(AND(E94>=0.15,F94<0.05),"Easy","Medium")) -> Medium
A95: Lehigh | B95: ALLENTOWN | C95: 440 | D95: =AVERAGE('Precinct Vote Data'!H374:H377) -> 0.66505647 | E95: =AVERAGE(ABS('Precinct Vote Data'!H374-0.5),ABS('Precinct Vote Data'!H375-0.5),ABS('Precinct Vote Data'!H376-0.5),ABS('Precinct Vote Data'!H377-0.5)) -> 0.16505647 | F95: =STDEV('Precinct Vote Data'!H374:H377) -> 0.040332629 | G95: =IF(('Precinct Vote Data'!H374>0.5)<>('Precinct Vote Data'!H375>0.5),1,0)+IF(('Precinct Vote Data'!H375>0.5)<>('Precinct Vote Data'!H376>0.5),1,0)+IF(('Precinct Vote Data'!H376>0.5)<>('Precinct Vote Data'!H377>0.5),1,0) -> 0 | H95: =IF(OR(G95>=1,E95<0.05),"Hard",IF(AND(E95>=0.15,F95<0.05),"Easy","Medium")) -> Easy
A96: Lehigh | B96: ALLENTOWN | C96: 450 | D96: =AVERAGE('Precinct Vote Data'!H378:H381) -> 0.62488236 | E96: =AVERAGE(ABS('Precinct Vote Data'!H378-0.5),ABS('Precinct Vote Data'!H379-0.5),ABS('Precinct Vote Data'!H380-0.5),ABS('Precinct Vote Data'!H381-0.5)) -> 0.12488236 | F96: =STDEV('Precinct Vote Data'!H378:H381) -> 0.044161864 | G96: =IF(('Precinct Vote Data'!H378>0.5)<>('Precinct Vote Data'!H379>0.5),1,0)+IF(('Precinct Vote Data'!H379>0.5)<>('Precinct Vote Data'!H380>0.5),1,0)+IF(('Precinct Vote Data'!H380>0.5)<>('Precinct Vote Data'!H381>0.5),1,0) -> 0 | H96: =IF(OR(G96>=1,E96<0.05),"Hard",IF(AND(E96>=0.15,F96<0.05),"Easy","Medium")) -> Medium
A97: Lehigh | B97: ALLENTOWN | C97: 460 | D97: =AVERAGE('Precinct Vote Data'!H382:H385) -> 0.67872771 | E97: =AVERAGE(ABS('Precinct Vote Data'!H382-0.5),ABS('Precinct Vote Data'!H383-0.5),ABS('Precinct Vote Data'!H384-0.5),ABS('Precinct Vote Data'!H385-0.5)) -> 0.17872771 | F97: =STDEV('Precinct Vote Data'!H382:H385) -> 0.018171166 | G97: =IF(('Precinct Vote Data'!H382>0.5)<>('Precinct Vote Data'!H383>0.5),1,0)+IF(('Precinct Vote Data'!H383>0.5)<>('Precinct Vote Data'!H384>0.5),1,0)+IF(('Precinct Vote Data'!H384>0.5)<>('Precinct Vote Data'!H385>0.5),1,0) -> 0 | H97: =IF(OR(G97>=1,E97<0.05),"Hard",IF(AND(E97>=0.15,F97<0.05),"Easy","Medium")) -> Easy
A98: Lehigh | B98: ALLENTOWN | C98: 470 | D98: =AVERAGE('Precinct Vote Data'!H386:H389) -> 0.64338155 | E98: =AVERAGE(ABS('Precinct Vote Data'!H386-0.5),ABS('Precinct Vote Data'!H387-0.5),ABS('Precinct Vote Data'!H388-0.5),ABS('Precinct Vote Data'!H389-0.5)) -> 0.14338155 | F98: =STDEV('Precinct Vote Data'!H386:H389) -> 0.018516472 | G98: =IF(('Precinct Vote Data'!H386>0.5)<>('Precinct Vote Data'!H387>0.5),1,0)+IF(('Precinct Vote Data'!H387>0.5)<>('Precinct Vote Data'!H388>0.5),1,0)+IF(('Precinct Vote Data'!H388>0.5)<>('Precinct Vote Data'!H389>0.5),1,0) -> 0 | H98: =IF(OR(G98>=1,E98<0.05),"Hard",IF(AND(E98>=0.15,F98<0.05),"Easy","Medium")) -> Medium
A99: Lehigh | B99: ALLENTOWN | C99: 480 | D99: =AVERAGE('Precinct Vote Data'!H390:H393) -> 0.6378384 | E99: =AVERAGE(ABS('Precinct Vote Data'!H390-0.5),ABS('Precinct Vote Data'!H391-0.5),ABS('Precinct Vote Data'!H392-0.5),ABS('Precinct Vote Data'!H393-0.5)) -> 0.1378384 | F99: =STDEV('Precinct Vote Data'!H390:H393) -> 0.011833361 | G99: =IF(('Precinct Vote Data'!H390>0.5)<>('Precinct Vote Data'!H391>0.5),1,0)+IF(('Precinct Vote Data'!H391>0.5)<>('Precinct Vote Data'!H392>0.5),1,0)+IF(('Precinct Vote Data'!H392>0.5)<>('Precinct Vote Data'!H393>0.5),1,0) -> 0 | H99: =IF(OR(G99>=1,E99<0.05),"Hard",IF(AND(E99>=0.15,F99<0.05),"Easy","Medium")) -> Medium
A100: Lehigh | B100: ALLENTOWN | C100: 500 | D100: =AVERAGE('Precinct Vote Data'!H394:H397) -> 0.68844735 | E100: =AVERAGE(ABS('Precinct Vote Data'!H394-0.5),ABS('Precinct Vote Data'!H395-0.5),ABS('Precinct Vote Data'!H396-0.5),ABS('Precinct Vote Data'!H397-0.5)) -> 0.18844735 | F100: =STDEV('Precinct Vote Data'!H394:H397) -> 0.024730365 | G100: =IF(('Precinct Vote Data'!H394>0.5)<>('Precinct Vote Data'!H395>0.5),1,0)+IF(('Precinct Vote Data'!H395>0.5)<>('Precinct Vote Data'!H396>0.5),1,0)+IF(('Precinct Vote Data'!H396>0.5)<>('Precinct Vote Data'!H397>0.5),1,0) -> 0 | H100: =IF(OR(G100>=1,E100<0.05),"Hard",IF(AND(E100>=0.15,F100<0.05),"Easy","Medium")) -> Easy
...

Sheet Magic Precinct
A1: Bellwether Search (408 Precincts)
A3: District-wide result by year
A4: Year | B4: District Dem Votes | C4: District Rep Votes | D4: District Dem Share | E4: District Winner
A5: 2018 | B5: =SUMIF('Precinct Vote Data'!$A:$A,A5,'Precinct Vote Data'!$E:$E) -> 164979 | C5: =SUMIF('Precinct Vote Data'!$A:$A,A5,'Precinct Vote Data'!$F:$F) -> 140498 | D5: =B5/(B5+C5) -> 0.54007012 | E5: =IF(D5>0.5,"D","R") -> D
A6: 2020 | B6: =SUMIF('Precinct Vote Data'!$A:$A,A6,'Precinct Vote Data'!$E:$E) -> 227949 | C6: =SUMIF('Precinct Vote Data'!$A:$A,A6,'Precinct Vote Data'!$F:$F) -> 221629 | D6: =B6/(B6+C6) -> 0.50702881 | E6: =IF(D6>0.5,"D","R") -> D
A7: 2022 | B7: =SUMIF('Precinct Vote Data'!$A:$A,A7,'Precinct Vote Data'!$E:$E) -> 175346 | C7: =SUMIF('Precinct Vote Data'!$A:$A,A7,'Precinct Vote Data'!$F:$F) -> 164738 | D7: =B7/(B7+C7) -> 0.51559615 | E7: =IF(D7>0.5,"D","R") -> D
A8: 2024 | B8: =SUMIF('Precinct Vote Data'!$A:$A,A8,'Precinct Vote Data'!$E:$E) -> 232003 | C8: =SUMIF('Precinct Vote Data'!$A:$A,A8,'Precinct Vote Data'!$F:$F) -> 229952 | D8: =B8/(B8+C8) -> 0.50221991 | E8: =IF(D8>0.5,"D","R") -> D
A11: Per-precinct bellwether test
A12: County | B12: Municipality | C12: Precinct Code | D12: Match 2018 | E12: Match 2020 | F12: Match 2022 | G12: Match 2024 | H12: Total Matches (/4) | I12: Avg Point Gap vs District | J12: Magic Precinct? | K12: (h)
A13: Carbon | B13: BANKS | C13: 10 | D13: =IF(IF('Precinct Vote Data'!H2>0.5,"D","R")=$E$5,1,0) -> 0 | E13: =IF(IF('Precinct Vote Data'!H3>0.5,"D","R")=$E$6,1,0) -> 0 | F13: =IF(IF('Precinct Vote Data'!H4>0.5,"D","R")=$E$7,1,0) -> 0 | G13: =IF(IF('Precinct Vote Data'!H5>0.5,"D","R")=$E$8,1,0) -> 0 | H13: =SUM(D13:G13) -> 0 | I13: =AVERAGE(ABS('Precinct Vote Data'!H2-$D$5),ABS('Precinct Vote Data'!H3-$D$6),ABS('Precinct Vote Data'!H4-$D$7),ABS('Precinct Vote Data'!H5-$D$8)) -> 0.14041824 | J13: =IF(AND(H13=4,I13=MIN(K13:K420)),"<< MAGIC PRECINCT","") | K13: =IF(H13=4,I13,"")
A14: Carbon | B14: BEAVER MEADOWS | C14: 40 | D14: =IF(IF('Precinct Vote Data'!H6>0.5,"D","R")=$E$5,1,0) -> 0 | E14: =IF(IF('Precinct Vote Data'!H7>0.5,"D","R")=$E$6,1,0) -> 0 | F14: =IF(IF('Precinct Vote Data'!H8>0.5,"D","R")=$E$7,1,0) -> 0 | G14: =IF(IF('Precinct Vote Data'!H9>0.5,"D","R")=$E$8,1,0) -> 0 | H14: =SUM(D14:G14) -> 0 | I14: =AVERAGE(ABS('Precinct Vote Data'!H6-$D$5),ABS('Precinct Vote Data'!H7-$D$6),ABS('Precinct Vote Data'!H8-$D$7),ABS('Precinct Vote Data'!H9-$D$8)) -> 0.23398825 | J14: =IF(AND(H14=4,I14=MIN(K13:K420)),"<< MAGIC PRECINCT","") | K14: =IF(H14=4,I14,"")
A15: Carbon | B15: BOWMANSTOWN | C15: 50 | D15: =IF(IF('Precinct Vote Data'!H10>0.5,"D","R")=$E$5,1,0) -> 0 | E15: =IF(IF('Precinct Vote Data'!H11>0.5,"D","R")=$E$6,1,0) -> 0 | F15: =IF(IF('Precinct Vote Data'!H12>0.5,"D","R")=$E$7,1,0) -> 0 | G15: =IF(IF('Precinct Vote Data'!H13>0.5,"D","R")=$E$8,1,0) -> 0 | H15: =SUM(D15:G15) -> 0 | I15: =AVERAGE(ABS('Precinct Vote Data'!H10-$D$5),ABS('Precinct Vote Data'!H11-$D$6),ABS('Precinct Vote Data'!H12-$D$7),ABS('Precinct Vote Data'!H13-$D$8)) -> 0.18580707 | J15: =IF(AND(H15=4,I15=MIN(K13:K420)),"<< MAGIC PRECINCT","") | K15: =IF(H15=4,I15,"")
A16: Carbon | B16: EAST PENN | C16: 60 | D16: =IF(IF('Precinct Vote Data'!H14>0.5,"D","R")=$E$5,1,0) -> 0 | E16: =IF(IF('Precinct Vote Data'!H15>0.5,"D","R")=$E$6,1,0) -> 0 | F16: =IF(IF('Precinct Vote Data'!H16>0.5,"D","R")=$E$7,1,0) -> 0 | G16: =IF(IF('Precinct Vote Data'!H17>0.5,"D","R")=$E$8,1,0) -> 0 | H16: =SUM(D16:G16) -> 0 | I16: =AVERAGE(ABS('Precinct Vote Data'!H14-$D$5),ABS('Precinct Vote Data'!H15-$D$6),ABS('Precinct Vote Data'!H16-$D$7),ABS('Precinct Vote Data'!H17-$D$8)) -> 0.24121696 | J16: =IF(AND(H16=4,I16=MIN(K13:K420)),"<< MAGIC PRECINCT","") | K16: =IF(H16=4,I16,"")
A17: Carbon | B17: EAST PENN | C17: 65 | D17: =IF(IF('Precinct Vote Data'!H18>0.5,"D","R")=$E$5,1,0) -> 0 | E17: =IF(IF('Precinct Vote Data'!H19>0.5,"D","R")=$E$6,1,0) -> 0 | F17: =IF(IF('Precinct Vote Data'!H20>0.5,"D","R")=$E$7,1,0) -> 0 | G17: =IF(IF('Precinct Vote Data'!H21>0.5,"D","R")=$E$8,1,0) -> 0 | H17: =SUM(D17:G17) -> 0 | I17: =AVERAGE(ABS('Precinct Vote Data'!H18-$D$5),ABS('Precinct Vote Data'!H19-$D$6),ABS('Precinct Vote Data'!H20-$D$7),ABS('Precinct Vote Data'!H21-$D$8)) -> 0.22758407 | J17: =IF(AND(H17=4,I17=MIN(K13:K420)),"<< MAGIC PRECINCT","") | K17: =IF(H17=4,I17,"")
A18: Carbon | B18: EAST SIDE | C18: 70 | D18: =IF(IF('Precinct Vote Data'!H22>0.5,"D","R")=$E$5,1,0) -> 0 | E18: =IF(IF('Precinct Vote Data'!H23>0.5,"D","R")=$E$6,1,0) -> 0 | F18: =IF(IF('Precinct Vote Data'!H24>0.5,"D","R")=$E$7,1,0) -> 0 | G18: =IF(IF('Precinct Vote Data'!H25>0.5,"D","R")=$E$8,1,0) -> 0 | H18: =SUM(D18:G18) -> 0 | I18: =AVERAGE(ABS('Precinct Vote Data'!H22-$D$5),ABS('Precinct Vote Data'!H23-$D$6),ABS('Precinct Vote Data'!H24-$D$7),ABS('Precinct Vote Data'!H25-$D$8)) -> 0.13906919 | J18: =IF(AND(H18=4,I18=MIN(K13:K420)),"<< MAGIC PRECINCT","") | K18: =IF(H18=4,I18,"")
A19: Carbon | B19: FRANKLIN | C19: 80 | D19: =IF(IF('Precinct Vote Data'!H26>0.5,"D","R")=$E$5,1,0) -> 0 | E19: =IF(IF('Precinct Vote Data'!H27>0.5,"D","R")=$E$6,1,0) -> 0 | F19: =IF(IF('Precinct Vote Data'!H28>0.5,"D","R")=$E$7,1,0) -> 0 | G19: =IF(IF('Precinct Vote Data'!H29>0.5,"D","R")=$E$8,1,0) -> 0 | H19: =SUM(D19:G19) -> 0 | I19: =AVERAGE(ABS('Precinct Vote Data'!H26-$D$5),ABS('Precinct Vote Data'!H27-$D$6),ABS('Precinct Vote Data'!H28-$D$7),ABS('Precinct Vote Data'!H29-$D$8)) -> 0.22358774 | J19: =IF(AND(H19=4,I19=MIN(K13:K420)),"<< MAGIC PRECINCT","") | K19: =IF(H19=4,I19,"")
A20: Carbon | B20: FRANKLIN | C20: 90 | D20: =IF(IF('Precinct Vote Data'!H30>0.5,"D","R")=$E$5,1,0) -> 0 | E20: =IF(IF('Precinct Vote Data'!H31>0.5,"D","R")=$E$6,1,0) -> 0 | F20: =IF(IF('Precinct Vote Data'!H32>0.5,"D","R")=$E$7,1,0) -> 0 | G20: =IF(IF('Precinct Vote Data'!H33>0.5,"D","R")=$E$8,1,0) -> 0 | H20: =SUM(D20:G20) -> 0 | I20: =AVERAGE(ABS('Precinct Vote Data'!H30-$D$5),ABS('Precinct Vote Data'!H31-$D$6),ABS('Precinct Vote Data'!H32-$D$7),ABS('Precinct Vote Data'!H33-$D$8)) -> 0.21887958 | J20: =IF(AND(H20=4,I20=MIN(K13:K420)),"<< MAGIC PRECINCT","") | K20: =IF(H20=4,I20,"")
A21: Carbon | B21: FRANKLIN | C21: 100 | D21: =IF(IF('Precinct Vote Data'!H34>0.5,"D","R")=$E$5,1,0) -> 0 | E21: =IF(IF('Precinct Vote Data'!H35>0.5,"D","R")=$E$6,1,0) -> 0 | F21: =IF(IF('Precinct Vote Data'!H36>0.5,"D","R")=$E$7,1,0) -> 0 | G21: =IF(IF('Precinct Vote Data'!H37>0.5,"D","R")=$E$8,1,0) -> 0 | H21: =SUM(D21:G21) -> 0 | I21: =AVERAGE(ABS('Precinct Vote Data'!H34-$D$5),ABS('Precinct Vote Data'!H35-$D$6),ABS('Precinct Vote Data'!H36-$D$7),ABS('Precinct Vote Data'!H37-$D$8)) -> 0.24992126 | J21: =IF(AND(H21=4,I21=MIN(K13:K420)),"<< MAGIC PRECINCT","") | K21: =IF(H21=4,I21,"")
A22: Carbon | B22: JIM THORPE | C22: 110 | D22: =IF(IF('Precinct Vote Data'!H38>0.5,"D","R")=$E$5,1,0) -> 1 | E22: =IF(IF('Precinct Vote Data'!H39>0.5,"D","R")=$E$6,1,0) -> 0 | F22: =IF(IF('Precinct Vote Data'!H40>0.5,"D","R")=$E$7,1,0) -> 0 | G22: =IF(IF('Precinct Vote Data'!H41>0.5,"D","R")=$E$8,1,0) -> 0 | H22: =SUM(D22:G22) -> 1 | I22: =AVERAGE(ABS('Precinct Vote Data'!H38-$D$5),ABS('Precinct Vote Data'!H39-$D$6),ABS('Precinct Vote Data'!H40-$D$7),ABS('Precinct Vote Data'!H41-$D$8)) -> 0.052686831 | J22: =IF(AND(H22=4,I22=MIN(K13:K420)),"<< MAGIC PRECINCT","") | K22: =IF(H22=4,I22,"")
A23: Carbon | B23: JIM THORPE | C23: 120 | D23: =IF(IF('Precinct Vote Data'!H42>0.5,"D","R")=$E$5,1,0) -> 0 | E23: =IF(IF('Precinct Vote Data'!H43>0.5,"D","R")=$E$6,1,0) -> 0 | F23: =IF(IF('Precinct Vote Data'!H44>0.5,"D","R")=$E$7,1,0) -> 0 | G23: =IF(IF('Precinct Vote Data'!H45>0.5,"D","R")=$E$8,1,0) -> 0 | H23: =SUM(D23:G23) -> 0 | I23: =AVERAGE(ABS('Precinct Vote Data'!H42-$D$5),ABS('Precinct Vote Data'!H43-$D$6),ABS('Precinct Vote Data'!H44-$D$7),ABS('Precinct Vote Data'!H45-$D$8)) -> 0.095238655 | J23: =IF(AND(H23=4,I23=MIN(K13:K420)),"<< MAGIC PRECINCT","") | K23: =IF(H23=4,I23,"")
A24: Carbon | B24: JIM THORPE | C24: 130 | D24: =IF(IF('Precinct Vote Data'!H46>0.5,"D","R")=$E$5,1,0) -> 0 | E24: =IF(IF('Precinct Vote Data'!H47>0.5,"D","R")=$E$6,1,0) -> 0 | F24: =IF(IF('Precinct Vote Data'!H48>0.5,"D","R")=$E$7,1,0) -> 0 | G24: =IF(IF('Precinct Vote Data'!H49>0.5,"D","R")=$E$8,1,0) -> 0 | H24: =SUM(D24:G24) -> 0 | I24: =AVERAGE(ABS('Precinct Vote Data'!H46-$D$5),ABS('Precinct Vote Data'!H47-$D$6),ABS('Precinct Vote Data'!H48-$D$7),ABS('Precinct Vote Data'!H49-$D$8)) -> 0.11284422 | J24: =IF(AND(H24=4,I24=MIN(K13:K420)),"<< MAGIC PRECINCT","") | K24: =IF(H24=4,I24,"")
A25: Carbon | B25: JIM THORPE | C25: 140 | D25: =IF(IF('Precinct Vote Data'!H50>0.5,"D","R")=$E$5,1,0) -> 1 | E25: =IF(IF('Precinct Vote Data'!H51>0.5,"D","R")=$E$6,1,0) -> 1 | F25: =IF(IF('Precinct Vote Data'!H52>0.5,"D","R")=$E$7,1,0) -> 1 | G25: =IF(IF('Precinct Vote Data'!H53>0.5,"D","R")=$E$8,1,0) -> 1 | H25: =SUM(D25:G25) -> 4 | I25: =AVERAGE(ABS('Precinct Vote Data'!H50-$D$5),ABS('Precinct Vote Data'!H51-$D$6),ABS('Precinct Vote Data'!H52-$D$7),ABS('Precinct Vote Data'!H53-$D$8)) -> 0.030304772 | J25: =IF(AND(H25=4,I25=MIN(K13:K420)),"<< MAGIC PRECINCT","") | K25: =IF(H25=4,I25,"") -> 0.030304772
A26: Carbon | B26: JIM THORPE | C26: 150 | D26: =IF(IF('Precinct Vote Data'!H54>0.5,"D","R")=$E$5,1,0) -> 0 | E26: =IF(IF('Precinct Vote Data'!H55>0.5,"D","R")=$E$6,1,0) -> 0 | F26: =IF(IF('Precinct Vote Data'!H56>0.5,"D","R")=$E$7,1,0) -> 0 | G26: =IF(IF('Precinct Vote Data'!H57>0.5,"D","R")=$E$8,1,0) -> 0 | H26: =SUM(D26:G26) -> 0 | I26: =AVERAGE(ABS('Precinct Vote Data'!H54-$D$5),ABS('Precinct Vote Data'!H55-$D$6),ABS('Precinct Vote Data'!H56-$D$7),ABS('Precinct Vote Data'!H57-$D$8)) -> 0.067497004 | J26: =IF(AND(H26=4,I26=MIN(K13:K420)),"<< MAGIC PRECINCT","") | K26: =IF(H26=4,I26,"")
A27: Carbon | B27: KIDDER | C27: 160 | D27: =IF(IF('Precinct Vote Data'!H58>0.5,"D","R")=$E$5,1,0) -> 0 | E27: =IF(IF('Precinct Vote Data'!H59>0.5,"D","R")=$E$6,1,0) -> 0 | F27: =IF(IF('Precinct Vote Data'!H60>0.5,"D","R")=$E$7,1,0) -> 0 | G27: =IF(IF('Precinct Vote Data'!H61>0.5,"D","R")=$E$8,1,0) -> 0 | H27: =SUM(D27:G27) -> 0 | I27: =AVERAGE(ABS('Precinct Vote Data'!H58-$D$5),ABS('Precinct Vote Data'!H59-$D$6),ABS('Precinct Vote Data'!H60-$D$7),ABS('Precinct Vote Data'!H61-$D$8)) -> 0.15784233 | J27: =IF(AND(H27=4,I27=MIN(K13:K420)),"<< MAGIC PRECINCT","") | K27: =IF(H27=4,I27,"")
A28: Carbon | B28: KIDDER | C28: 170 | D28: =IF(IF('Precinct Vote Data'!H62>0.5,"D","R")=$E$5,1,0) -> 0 | E28: =IF(IF('Precinct Vote Data'!H63>0.5,"D","R")=$E$6,1,0) -> 0 | F28: =IF(IF('Precinct Vote Data'!H64>0.5,"D","R")=$E$7,1,0) -> 0 | G28: =IF(IF('Precinct Vote Data'!H65>0.5,"D","R")=$E$8,1,0) -> 0 | H28: =SUM(D28:G28) -> 0 | I28: =AVERAGE(ABS('Precinct Vote Data'!H62-$D$5),ABS('Precinct Vote Data'!H63-$D$6),ABS('Precinct Vote Data'!H64-$D$7),ABS('Precinct Vote Data'!H65-$D$8)) -> 0.19785849 | J28: =IF(AND(H28=4,I28=MIN(K13:K420)),"<< MAGIC PRECINCT","") | K28: =IF(H28=4,I28,"")
A29: Carbon | B29: LANSFORD | C29: 180 | D29: =IF(IF('Precinct Vote Data'!H66>0.5,"D","R")=$E$5,1,0) -> 0 | E29: =IF(IF('Precinct Vote Data'!H67>0.5,"D","R")=$E$6,1,0) -> 0 | F29: =IF(IF('Precinct Vote Data'!H68>0.5,"D","R")=$E$7,1,0) -> 0 | G29: =IF(IF('Precinct Vote Data'!H69>0.5,"D","R")=$E$8,1,0) -> 0 | H29: =SUM(D29:G29) -> 0 | I29: =AVERAGE(ABS('Precinct Vote Data'!H66-$D$5),ABS('Precinct Vote Data'!H67-$D$6),ABS('Precinct Vote Data'!H68-$D$7),ABS('Precinct Vote Data'!H69-$D$8)) -> 0.090661381 | J29: =IF(AND(H29=4,I29=MIN(K13:K420)),"<< MAGIC PRECINCT","") | K29: =IF(H29=4,I29,"")
A30: Carbon | B30: LANSFORD | C30: 190 | D30: =IF(IF('Precinct Vote Data'!H70>0.5,"D","R")=$E$5,1,0) -> 0 | E30: =IF(IF('Precinct Vote Data'!H71>0.5,"D","R")=$E$6,1,0) -> 0 | F30: =IF(IF('Precinct Vote Data'!H72>0.5,"D","R")=$E$7,1,0) -> 0 | G30: =IF(IF('Precinct Vote Data'!H73>0.5,"D","R")=$E$8,1,0) -> 0 | H30: =SUM(D30:G30) -> 0 | I30: =AVERAGE(ABS('Precinct Vote Data'!H70-$D$5),ABS('Precinct Vote Data'!H71-$D$6),ABS('Precinct Vote Data'!H72-$D$7),ABS('Precinct Vote Data'!H73-$D$8)) -> 0.091468252 | J30: =IF(AND(H30=4,I30=MIN(K13:K420)),"<< MAGIC PRECINCT","") | K30: =IF(H30=4,I30,"")
A31: Carbon | B31: LANSFORD | C31: 200 | D31: =IF(IF('Precinct Vote Data'!H74>0.5,"D","R")=$E$5,1,0) -> 1 | E31: =IF(IF('Precinct Vote Data'!H75>0.5,"D","R")=$E$6,1,0) -> 0 | F31: =IF(IF('Precinct Vote Data'!H76>0.5,"D","R")=$E$7,1,0) -> 0 | G31: =IF(IF('Precinct Vote Data'!H77>0.5,"D","R")=$E$8,1,0) -> 0 | H31: =SUM(D31:G31) -> 1 | I31: =AVERAGE(ABS('Precinct Vote Data'!H74-$D$5),ABS('Precinct Vote Data'!H75-$D$6),ABS('Precinct Vote Data'!H76-$D$7),ABS('Precinct Vote Data'!H77-$D$8)) -> 0.061376743 | J31: =IF(AND(H31=4,I31=MIN(K13:K420)),"<< MAGIC PRECINCT","") | K31: =IF(H31=4,I31,"")
A32: Carbon | B32: LAUSANNE | C32: 210 | D32: =IF(IF('Precinct Vote Data'!H78>0.5,"D","R")=$E$5,1,0) -> 0 | E32: =IF(IF('Precinct Vote Data'!H79>0.5,"D","R")=$E$6,1,0) -> 0 | F32: =IF(IF('Precinct Vote Data'!H80>0.5,"D","R")=$E$7,1,0) -> 0 | G32: =IF(IF('Precinct Vote Data'!H81>0.5,"D","R")=$E$8,1,0) -> 0 | H32: =SUM(D32:G32) -> 0 | I32: =AVERAGE(ABS('Precinct Vote Data'!H78-$D$5),ABS('Precinct Vote Data'!H79-$D$6),ABS('Precinct Vote Data'!H80-$D$7),ABS('Precinct Vote Data'!H81-$D$8)) -> 0.21559619 | J32: =IF(AND(H32=4,I32=MIN(K13:K420)),"<< MAGIC PRECINCT","") | K32: =IF(H32=4,I32,"")
A33: Carbon | B33: LEHIGH | C33: 220 | D33: =IF(IF('Precinct Vote Data'!H82>0.5,"D","R")=$E$5,1,0) -> 0 | E33: =IF(IF('Precinct Vote Data'!H83>0.5,"D","R")=$E$6,1,0) -> 0 | F33: =IF(IF('Precinct Vote Data'!H84>0.5,"D","R")=$E$7,1,0) -> 0 | G33: =IF(IF('Precinct Vote Data'!H85>0.5,"D","R")=$E$8,1,0) -> 0 | H33: =SUM(D33:G33) -> 0 | I33: =AVERAGE(ABS('Precinct Vote Data'!H82-$D$5),ABS('Precinct Vote Data'!H83-$D$6),ABS('Precinct Vote Data'!H84-$D$7),ABS('Precinct Vote Data'!H85-$D$8)) -> 0.31258919 | J33: =IF(AND(H33=4,I33=MIN(K13:K420)),"<< MAGIC PRECINCT","") | K33: =IF(H33=4,I33,"")
A34: Carbon | B34: LEHIGHTON | C34: 230 | D34: =IF(IF('Precinct Vote Data'!H86>0.5,"D","R")=$E$5,1,0) -> 0 | E34: =IF(IF('Precinct Vote Data'!H87>0.5,"D","R")=$E$6,1,0) -> 0 | F34: =IF(IF('Precinct Vote Data'!H88>0.5,"D","R")=$E$7,1,0) -> 0 | G34: =IF(IF('Precinct Vote Data'!H89>0.5,"D","R")=$E$8,1,0) -> 0 | H34: =SUM(D34:G34) -> 0 | I34: =AVERAGE(ABS('Precinct Vote Data'!H86-$D$5),ABS('Precinct Vote Data'!H87-$D$6),ABS('Precinct Vote Data'!H88-$D$7),ABS('Precinct Vote Data'!H89-$D$8)) -> 0.1086087 | J34: =IF(AND(H34=4,I34=MIN(K13:K420)),"<< MAGIC PRECINCT","") | K34: =IF(H34=4,I34,"")
A35: Carbon | B35: LEHIGHTON | C35: 240 | D35: =IF(IF('Precinct Vote Data'!H90>0.5,"D","R")=$E$5,1,0) -> 0 | E35: =IF(IF('Precinct Vote Data'!H91>0.5,"D","R")=$E$6,1,0) -> 0 | F35: =IF(IF('Precinct Vote Data'!H92>0.5,"D","R")=$E$7,1,0) -> 0 | G35: =IF(IF('Precinct Vote Data'!H93>0.5,"D","R")=$E$8,1,0) -> 0 | H35: =SUM(D35:G35) -> 0 | I35: =AVERAGE(ABS('Precinct Vote Data'!H90-$D$5),ABS('Precinct Vote Data'!H91-$D$6),ABS('Precinct Vote Data'!H92-$D$7),ABS('Precinct Vote Data'!H93-$D$8)) -> 0.093443691 | J35: =IF(AND(H35=4,I35=MIN(K13:K420)),"<< MAGIC PRECINCT","") | K35: =IF(H35=4,I35,"")
A36: Carbon | B36: LEHIGHTON | C36: 250 | D36: =IF(IF('Precinct Vote Data'!H94>0.5,"D","R")=$E$5,1,0) -> 0 | E36: =IF(IF('Precinct Vote Data'!H95>0.5,"D","R")=$E$6,1,0) -> 0 | F36: =IF(IF('Precinct Vote Data'!H96>0.5,"D","R")=$E$7,1,0) -> 0 | G36: =IF(IF('Precinct Vote Data'!H97>0.5,"D","R")=$E$8,1,0) -> 0 | H36: =SUM(D36:G36) -> 0 | I36: =AVERAGE(ABS('Precinct Vote Data'!H94-$D$5),ABS('Precinct Vote Data'!H95-$D$6),ABS('Precinct Vote Data'!H96-$D$7),ABS('Precinct Vote Data'!H97-$D$8)) -> 0.10126099 | J36: =IF(AND(H36=4,I36=MIN(K13:K420)),"<< MAGIC PRECINCT","") | K36: =IF(H36=4,I36,"")
A37: Carbon | B37: LOWER TOWAMENSING | C37: 260 | D37: =IF(IF('Precinct Vote Data'!H98>0.5,"D","R")=$E$5,1,0) -> 0 | E37: =IF(IF('Precinct Vote Data'!H99>0.5,"D","R")=$E$6,1,0) -> 0 | F37: =IF(IF('Precinct Vote Data'!H100>0.5,"D","R")=$E$7,1,0) -> 0 | G37: =IF(IF('Precinct Vote Data'!H101>0.5,"D","R")=$E$8,1,0) -> 0 | H37: =SUM(D37:G37) -> 0 | I37: =AVERAGE(ABS('Precinct Vote Data'!H98-$D$5),ABS('Precinct Vote Data'!H99-$D$6),ABS('Precinct Vote Data'!H100-$D$7),ABS('Precinct Vote Data'!H101-$D$8)) -> 0.21134064 | J37: =IF(AND(H37=4,I37=MIN(K13:K420)),"<< MAGIC PRECINCT","") | K37: =IF(H37=4,I37,"")
A38: Carbon | B38: LOWER TOWAMENSING | C38: 265 | D38: =IF(IF('Precinct Vote Data'!H102>0.5,"D","R")=$E$5,1,0) -> 0 | E38: =IF(IF('Precinct Vote Data'!H103>0.5,"D","R")=$E$6,1,0) -> 0 | F38: =IF(IF('Precinct Vote Data'!H104>0.5,"D","R")=$E$7,1,0) -> 0 | G38: =IF(IF('Precinct Vote Data'!H105>0.5,"D","R")=$E$8,1,0) -> 0 | H38: =SUM(D38:G38) -> 0 | I38: =AVERAGE(ABS('Precinct Vote Data'!H102-$D$5),ABS('Precinct Vote Data'!H103-$D$6),ABS('Precinct Vote Data'!H104-$D$7),ABS('Precinct Vote Data'!H105-$D$8)) -> 0.18068467 | J38: =IF(AND(H38=4,I38=MIN(K13:K420)),"<< MAGIC PRECINCT","") | K38: =IF(H38=4,I38,"")
A39: Carbon | B39: MAHONING | C39: 270 | D39: =IF(IF('Precinct Vote Data'!H106>0.5,"D","R")=$E$5,1,0) -> 0 | E39: =IF(IF('Precinct Vote Data'!H107>0.5,"D","R")=$E$6,1,0) -> 0 | F39: =IF(IF('Precinct Vote Data'!H108>0.5,"D","R")=$E$7,1,0) -> 0 | G39: =IF(IF('Precinct Vote Data'!H109>0.5,"D","R")=$E$8,1,0) -> 0 | H39: =SUM(D39:G39) -> 0 | I39: =AVERAGE(ABS('Precinct Vote Data'!H106-$D$5),ABS('Precinct Vote Data'!H107-$D$6),ABS('Precinct Vote Data'!H108-$D$7),ABS('Precinct Vote Data'!H109-$D$8)) -> 0.20122407 | J39: =IF(AND(H39=4,I39=MIN(K13:K420)),"<< MAGIC PRECINCT","") | K39: =IF(H39=4,I39,"")
A40: Carbon | B40: MAHONING | C40: 280 | D40: =IF(IF('Precinct Vote Data'!H110>0.5,"D","R")=$E$5,1,0) -> 0 | E40: =IF(IF('Precinct Vote Data'!H111>0.5,"D","R")=$E$6,1,0) -> 0 | F40: =IF(IF('Precinct Vote Data'!H112>0.5,"D","R")=$E$7,1,0) -> 0 | G40: =IF(IF('Precinct Vote Data'!H113>0.5,"D","R")=$E$8,1,0) -> 0 | H40: =SUM(D40:G40) -> 0 | I40: =AVERAGE(ABS('Precinct Vote Data'!H110-$D$5),ABS('Precinct Vote Data'!H111-$D$6),ABS('Precinct Vote Data'!H112-$D$7),ABS('Precinct Vote Data'!H113-$D$8)) -> 0.25718725 | J40: =IF(AND(H40=4,I40=MIN(K13:K420)),"<< MAGIC PRECINCT","") | K40: =IF(H40=4,I40,"")
A41: Carbon | B41: MAHONING | C41: 290 | D41: =IF(IF('Precinct Vote Data'!H114>0.5,"D","R")=$E$5,1,0) -> 0 | E41: =IF(IF('Precinct Vote Data'!H115>0.5,"D","R")=$E$6,1,0) -> 0 | F41: =IF(IF('Precinct Vote Data'!H116>0.5,"D","R")=$E$7,1,0) -> 0 | G41: =IF(IF('Precinct Vote Data'!H117>0.5,"D","R")=$E$8,1,0) -> 0 | H41: =SUM(D41:G41) -> 0 | I41: =AVERAGE(ABS('Precinct Vote Data'!H114-$D$5),ABS('Precinct Vote Data'!H115-$D$6),ABS('Precinct Vote Data'!H116-$D$7),ABS('Precinct Vote Data'!H117-$D$8)) -> 0.20020902 | J41: =IF(AND(H41=4,I41=MIN(K13:K420)),"<< MAGIC PRECINCT","") | K41: =IF(H41=4,I41,"")
A42: Carbon | B42: NESQUEHONING | C42: 300 | D42: =IF(IF('Precinct Vote Data'!H118>0.5,"D","R")=$E$5,1,0) -> 0 | E42: =IF(IF('Precinct Vote Data'!H119>0.5,"D","R")=$E$6,1,0) -> 0 | F42: =IF(IF('Precinct Vote Data'!H120>0.5,"D","R")=$E$7,1,0) -> 0 | G42: =IF(IF('Precinct Vote Data'!H121>0.5,"D","R")=$E$8,1,0) -> 0 | H42: =SUM(D42:G42) -> 0 | I42: =AVERAGE(ABS('Precinct Vote Data'!H118-$D$5),ABS('Precinct Vote Data'!H119-$D$6),ABS('Precinct Vote Data'!H120-$D$7),ABS('Precinct Vote Data'!H121-$D$8)) -> 0.09654972 | J42: =IF(AND(H42=4,I42=MIN(K13:K420)),"<< MAGIC PRECINCT","") | K42: =IF(H42=4,I42,"")
A43: Carbon | B43: NESQUEHONING | C43: 310 | D43: =IF(IF('Precinct Vote Data'!H122>0.5,"D","R")=$E$5,1,0) -> 0 | E43: =IF(IF('Precinct Vote Data'!H123>0.5,"D","R")=$E$6,1,0) -> 0 | F43: =IF(IF('Precinct Vote Data'!H124>0.5,"D","R")=$E$7,1,0) -> 0 | G43: =IF(IF('Precinct Vote Data'!H125>0.5,"D","R")=$E$8,1,0) -> 0 | H43: =SUM(D43:G43) -> 0 | I43: =AVERAGE(ABS('Precinct Vote Data'!H122-$D$5),ABS('Precinct Vote Data'!H123-$D$6),ABS('Precinct Vote Data'!H124-$D$7),ABS('Precinct Vote Data'!H125-$D$8)) -> 0.11179562 | J43: =IF(AND(H43=4,I43=MIN(K13:K420)),"<< MAGIC PRECINCT","") | K43: =IF(H43=4,I43,"")
A44: Carbon | B44: PACKER | C44: 320 | D44: =IF(IF('Precinct Vote Data'!H126>0.5,"D","R")=$E$5,1,0) -> 0 | E44: =IF(IF('Precinct Vote Data'!H127>0.5,"D","R")=$E$6,1,0) -> 0 | F44: =IF(IF('Precinct Vote Data'!H128>0.5,"D","R")=$E$7,1,0) -> 0 | G44: =IF(IF('Precinct Vote Data'!H129>0.5,"D","R")=$E$8,1,0) -> 0 | H44: =SUM(D44:G44) -> 0 | I44: =AVERAGE(ABS('Precinct Vote Data'!H126-$D$5),ABS('Precinct Vote Data'!H127-$D$6),ABS('Precinct Vote Data'!H128-$D$7),ABS('Precinct Vote Data'!H129-$D$8)) -> 0.3193271 | J44: =IF(AND(H44=4,I44=MIN(K13:K420)),"<< MAGIC PRECINCT","") | K44: =IF(H44=4,I44,"")
A45: Carbon | B45: PALMERTON | C45: 330 | D45: =IF(IF('Precinct Vote Data'!H130>0.5,"D","R")=$E$5,1,0) -> 0 | E45: =IF(IF('Precinct Vote Data'!H131>0.5,"D","R")=$E$6,1,0) -> 0 | F45: =IF(IF('Precinct Vote Data'!H132>0.5,"D","R")=$E$7,1,0) -> 0 | G45: =IF(IF('Precinct Vote Data'!H133>0.5,"D","R")=$E$8,1,0) -> 0 | H45: =SUM(D45:G45) -> 0 | I45: =AVERAGE(ABS('Precinct Vote Data'!H130-$D$5),ABS('Precinct Vote Data'!H131-$D$6),ABS('Precinct Vote Data'!H132-$D$7),ABS('Precinct Vote Data'!H133-$D$8)) -> 0.17054357 | J45: =IF(AND(H45=4,I45=MIN(K13:K420)),"<< MAGIC PRECINCT","") | K45: =IF(H45=4,I45,"")
A46: Carbon | B46: PALMERTON | C46: 340 | D46: =IF(IF('Precinct Vote Data'!H134>0.5,"D","R")=$E$5,1,0) -> 0 | E46: =IF(IF('Precinct Vote Data'!H135>0.5,"D","R")=$E$6,1,0) -> 0 | F46: =IF(IF('Precinct Vote Data'!H136>0.5,"D","R")=$E$7,1,0) -> 0 | G46: =IF(IF('Precinct Vote Data'!H137>0.5,"D","R")=$E$8,1,0) -> 0 | H46: =SUM(D46:G46) -> 0 | I46: =AVERAGE(ABS('Precinct Vote Data'!H134-$D$5),ABS('Precinct Vote Data'!H135-$D$6),ABS('Precinct Vote Data'!H136-$D$7),ABS('Precinct Vote Data'!H137-$D$8)) -> 0.1123785 | J46: =IF(AND(H46=4,I46=MIN(K13:K420)),"<< MAGIC PRECINCT","") | K46: =IF(H46=4,I46,"")
A47: Carbon | B47: PALMERTON | C47: 350 | D47: =IF(IF('Precinct Vote Data'!H138>0.5,"D","R")=$E$5,1,0) -> 0 | E47: =IF(IF('Precinct Vote Data'!H139>0.5,"D","R")=$E$6,1,0) -> 0 | F47: =IF(IF('Precinct Vote Data'!H140>0.5,"D","R")=$E$7,1,0) -> 0 | G47: =IF(IF('Precinct Vote Data'!H141>0.5,"D","R")=$E$8,1,0) -> 0 | H47: =SUM(D47:G47) -> 0 | I47: =AVERAGE(ABS('Precinct Vote Data'!H138-$D$5),ABS('Precinct Vote Data'!H139-$D$6),ABS('Precinct Vote Data'!H140-$D$7),ABS('Precinct Vote Data'!H141-$D$8)) -> 0.1678687 | J47: =IF(AND(H47=4,I47=MIN(K13:K420)),"<< MAGIC PRECINCT","") | K47: =IF(H47=4,I47,"")
A48: Carbon | B48: PARRYVILLE | C48: 360 | D48: =IF(IF('Precinct Vote Data'!H142>0.5,"D","R")=$E$5,1,0) -> 0 | E48: =IF(IF('Precinct Vote Data'!H143>0.5,"D","R")=$E$6,1,0) -> 0 | F48: =IF(IF('Precinct Vote Data'!H144>0.5,"D","R")=$E$7,1,0) -> 0 | G48: =IF(IF('Precinct Vote Data'!H145>0.5,"D","R")=$E$8,1,0) -> 0 | H48: =SUM(D48:G48) -> 0 | I48: =AVERAGE(ABS('Precinct Vote Data'!H142-$D$5),ABS('Precinct Vote Data'!H143-$D$6),ABS('Precinct Vote Data'!H144-$D$7),ABS('Precinct Vote Data'!H145-$D$8)) -> 0.22999334 | J48: =IF(AND(H48=4,I48=MIN(K13:K420)),"<< MAGIC PRECINCT","") | K48: =IF(H48=4,I48,"")
A49: Carbon | B49: PENN FOREST | C49: 370 | D49: =IF(IF('Precinct Vote Data'!H146>0.5,"D","R")=$E$5,1,0) -> 0 | E49: =IF(IF('Precinct Vote Data'!H147>0.5,"D","R")=$E$6,1,0) -> 0 | F49: =IF(IF('Precinct Vote Data'!H148>0.5,"D","R")=$E$7,1,0) -> 0 | G49: =IF(IF('Precinct Vote Data'!H149>0.5,"D","R")=$E$8,1,0) -> 0 | H49: =SUM(D49:G49) -> 0 | I49: =AVERAGE(ABS('Precinct Vote Data'!H146-$D$5),ABS('Precinct Vote Data'!H147-$D$6),ABS('Precinct Vote Data'!H148-$D$7),ABS('Precinct Vote Data'!H149-$D$8)) -> 0.15463967 | J49: =IF(AND(H49=4,I49=MIN(K13:K420)),"<< MAGIC PRECINCT","") | K49: =IF(H49=4,I49,"")
A50: Carbon | B50: PENN FOREST | C50: 373 | D50: =IF(IF('Precinct Vote Data'!H150>0.5,"D","R")=$E$5,1,0) -> 0 | E50: =IF(IF('Precinct Vote Data'!H151>0.5,"D","R")=$E$6,1,0) -> 0 | F50: =IF(IF('Precinct Vote Data'!H152>0.5,"D","R")=$E$7,1,0) -> 0 | G50: =IF(IF('Precinct Vote Data'!H153>0.5,"D","R")=$E$8,1,0) -> 0 | H50: =SUM(D50:G50) -> 0 | I50: =AVERAGE(ABS('Precinct Vote Data'!H150-$D$5),ABS('Precinct Vote Data'!H151-$D$6),ABS('Precinct Vote Data'!H152-$D$7),ABS('Precinct Vote Data'!H153-$D$8)) -> 0.18342634 | J50: =IF(AND(H50=4,I50=MIN(K13:K420)),"<< MAGIC PRECINCT","") | K50: =IF(H50=4,I50,"")
A51: Carbon | B51: PENN FOREST | C51: 375 | D51: =IF(IF('Precinct Vote Data'!H154>0.5,"D","R")=$E$5,1,0) -> 0 | E51: =IF(IF('Precinct Vote Data'!H155>0.5,"D","R")=$E$6,1,0) -> 0 | F51: =IF(IF('Precinct Vote Data'!H156>0.5,"D","R")=$E$7,1,0) -> 0 | G51: =IF(IF('Precinct Vote Data'!H157>0.5,"D","R")=$E$8,1,0) -> 0 | H51: =SUM(D51:G51) -> 0 | I51: =AVERAGE(ABS('Precinct Vote Data'!H154-$D$5),ABS('Precinct Vote Data'!H155-$D$6),ABS('Precinct Vote Data'!H156-$D$7),ABS('Precinct Vote Data'!H157-$D$8)) -> 0.11127752 | J51: =IF(AND(H51=4,I51=MIN(K13:K420)),"<< MAGIC PRECINCT","") | K51: =IF(H51=4,I51,"")
A52: Carbon | B52: PENN FOREST | C52: 377 | D52: =IF(IF('Precinct Vote Data'!H158>0.5,"D","R")=$E$5,1,0) -> 0 | E52: =IF(IF('Precinct Vote Data'!H159>0.5,"D","R")=$E$6,1,0) -> 0 | F52: =IF(IF('Precinct Vote Data'!H160>0.5,"D","R")=$E$7,1,0) -> 0 | G52: =IF(IF('Precinct Vote Data'!H161>0.5,"D","R")=$E$8,1,0) -> 0 | H52: =SUM(D52:G52) -> 0 | I52: =AVERAGE(ABS('Precinct Vote Data'!H158-$D$5),ABS('Precinct Vote Data'!H159-$D$6),ABS('Precinct Vote Data'!H160-$D$7),ABS('Precinct Vote Data'!H161-$D$8)) -> 0.13406101 | J52: =IF(AND(H52=4,I52=MIN(K13:K420)),"<< MAGIC PRECINCT","") | K52: =IF(H52=4,I52,"")
A53: Carbon | B53: PENN FOREST | C53: 379 | D53: =IF(IF('Precinct Vote Data'!H162>0.5,"D","R")=$E$5,1,0) -> 0 | E53: =IF(IF('Precinct Vote Data'!H163>0.5,"D","R")=$E$6,1,0) -> 0 | F53: =IF(IF('Precinct Vote Data'!H164>0.5,"D","R")=$E$7,1,0) -> 0 | G53: =IF(IF('Precinct Vote Data'!H165>0.5,"D","R")=$E$8,1,0) -> 0 | H53: =SUM(D53:G53) -> 0 | I53: =AVERAGE(ABS('Precinct Vote Data'!H162-$D$5),ABS('Precinct Vote Data'!H163-$D$6),ABS('Precinct Vote Data'!H164-$D$7),ABS('Precinct Vote Data'!H165-$D$8)) -> 0.12093254 | J53: =IF(AND(H53=4,I53=MIN(K13:K420)),"<< MAGIC PRECINCT","") | K53: =IF(H53=4,I53,"")
A54: Carbon | B54: SUMMIT HILL | C54: 380 | D54: =IF(IF('Precinct Vote Data'!H166>0.5,"D","R")=$E$5,1,0) -> 1 | E54: =IF(IF('Precinct Vote Data'!H167>0.5,"D","R")=$E$6,1,0) -> 0 | F54: =IF(IF('Precinct Vote Data'!H168>0.5,"D","R")=$E$7,1,0) -> 0 | G54: =IF(IF('Precinct Vote Data'!H169>0.5,"D","R")=$E$8,1,0) -> 0 | H54: =SUM(D54:G54) -> 1 | I54: =AVERAGE(ABS('Precinct Vote Data'!H166-$D$5),ABS('Precinct Vote Data'!H167-$D$6),ABS('Precinct Vote Data'!H168-$D$7),ABS('Precinct Vote Data'!H169-$D$8)) -> 0.042361595 | J54: =IF(AND(H54=4,I54=MIN(K13:K420)),"<< MAGIC PRECINCT","") | K54: =IF(H54=4,I54,"")
A55: Carbon | B55: SUMMIT HILL | C55: 390 | D55: =IF(IF('Precinct Vote Data'!H170>0.5,"D","R")=$E$5,1,0) -> 1 | E55: =IF(IF('Precinct Vote Data'!H171>0.5,"D","R")=$E$6,1,0) -> 0 | F55: =IF(IF('Precinct Vote Data'!H172>0.5,"D","R")=$E$7,1,0) -> 1 | G55: =IF(IF('Precinct Vote Data'!H173>0.5,"D","R")=$E$8,1,0) -> 0 | H55: =SUM(D55:G55) -> 2 | I55: =AVERAGE(ABS('Precinct Vote Data'!H170-$D$5),ABS('Precinct Vote Data'!H171-$D$6),ABS('Precinct Vote Data'!H172-$D$7),ABS('Precinct Vote Data'!H173-$D$8)) -> 0.02358259 | J55: =IF(AND(H55=4,I55=MIN(K13:K420)),"<< MAGIC PRECINCT","") | K55: =IF(H55=4,I55,"")
A56: Carbon | B56: SUMMIT HILL | C56: 400 | D56: =IF(IF('Precinct Vote Data'!H174>0.5,"D","R")=$E$5,1,0) -> 0 | E56: =IF(IF('Precinct Vote Data'!H175>0.5,"D","R")=$E$6,1,0) -> 0 | F56: =IF(IF('Precinct Vote Data'!H176>0.5,"D","R")=$E$7,1,0) -> 0 | G56: =IF(IF('Precinct Vote Data'!H177>0.5,"D","R")=$E$8,1,0) -> 0 | H56: =SUM(D56:G56) -> 0 | I56: =AVERAGE(ABS('Precinct Vote Data'!H174-$D$5),ABS('Precinct Vote Data'!H175-$D$6),ABS('Precinct Vote Data'!H176-$D$7),ABS('Precinct Vote Data'!H177-$D$8)) -> 0.099569571 | J56: =IF(AND(H56=4,I56=MIN(K13:K420)),"<< MAGIC PRECINCT","") | K56: =IF(H56=4,I56,"")
A57: Carbon | B57: SUMMIT HILL | C57: 410 | D57: =IF(IF('Precinct Vote Data'!H178>0.5,"D","R")=$E$5,1,0) -> 0 | E57: =IF(IF('Precinct Vote Data'!H179>0.5,"D","R")=$E$6,1,0) -> 0 | F57: =IF(IF('Precinct Vote Data'!H180>0.5,"D","R")=$E$7,1,0) -> 0 | G57: =IF(IF('Precinct Vote Data'!H181>0.5,"D","R")=$E$8,1,0) -> 0 | H57: =SUM(D57:G57) -> 0 | I57: =AVERAGE(ABS('Precinct Vote Data'!H178-$D$5),ABS('Precinct Vote Data'!H179-$D$6),ABS('Precinct Vote Data'!H180-$D$7),ABS('Precinct Vote Data'!H181-$D$8)) -> 0.16169778 | J57: =IF(AND(H57=4,I57=MIN(K13:K420)),"<< MAGIC PRECINCT","") | K57: =IF(H57=4,I57,"")
A58: Carbon | B58: TOWAMENSING | C58: 420 | D58: =IF(IF('Precinct Vote Data'!H182>0.5,"D","R")=$E$5,1,0) -> 0 | E58: =IF(IF('Precinct Vote Data'!H183>0.5,"D","R")=$E$6,1,0) -> 0 | F58: =IF(IF('Precinct Vote Data'!H184>0.5,"D","R")=$E$7,1,0) -> 0 | G58: =IF(IF('Precinct Vote Data'!H185>0.5,"D","R")=$E$8,1,0) -> 0 | H58: =SUM(D58:G58) -> 0 | I58: =AVERAGE(ABS('Precinct Vote Data'!H182-$D$5),ABS('Precinct Vote Data'!H183-$D$6),ABS('Precinct Vote Data'!H184-$D$7),ABS('Precinct Vote Data'!H185-$D$8)) -> 0.20231829 | J58: =IF(AND(H58=4,I58=MIN(K13:K420)),"<< MAGIC PRECINCT","") | K58: =IF(H58=4,I58,"")
A59: Carbon | B59: TOWAMENSING | C59: 430 | D59: =IF(IF('Precinct Vote Data'!H186>0.5,"D","R")=$E$5,1,0) -> 0 | E59: =IF(IF('Precinct Vote Data'!H187>0.5,"D","R")=$E$6,1,0) -> 0 | F59: =IF(IF('Precinct Vote Data'!H188>0.5,"D","R")=$E$7,1,0) -> 0 | G59: =IF(IF('Precinct Vote Data'!H189>0.5,"D","R")=$E$8,1,0) -> 0 | H59: =SUM(D59:G59) -> 0 | I59: =AVERAGE(ABS('Precinct Vote Data'!H186-$D$5),ABS('Precinct Vote Data'!H187-$D$6),ABS('Precinct Vote Data'!H188-$D$7),ABS('Precinct Vote Data'!H189-$D$8)) -> 0.22828191 | J59: =IF(AND(H59=4,I59=MIN(K13:K420)),"<< MAGIC PRECINCT","") | K59: =IF(H59=4,I59,"")
A60: Carbon | B60: TOWAMENSING | C60: 435 | D60: =IF(IF('Precinct Vote Data'!H190>0.5,"D","R")=$E$5,1,0) -> 0 | E60: =IF(IF('Precinct Vote Data'!H191>0.5,"D","R")=$E$6,1,0) -> 0 | F60: =IF(IF('Precinct Vote Data'!H192>0.5,"D","R")=$E$7,1,0) -> 0 | G60: =IF(IF('Precinct Vote Data'!H193>0.5,"D","R")=$E$8,1,0) -> 0 | H60: =SUM(D60:G60) -> 0 | I60: =AVERAGE(ABS('Precinct Vote Data'!H190-$D$5),ABS('Precinct Vote Data'!H191-$D$6),ABS('Precinct Vote Data'!H192-$D$7),ABS('Precinct Vote Data'!H193-$D$8)) -> 0.2090684 | J60: =IF(AND(H60=4,I60=MIN(K13:K420)),"<< MAGIC PRECINCT","") | K60: =IF(H60=4,I60,"")
A61: Carbon | B61: WEATHERLY | C61: 440 | D61: =IF(IF('Precinct Vote Data'!H194>0.5,"D","R")=$E$5,1,0) -> 0 | E61: =IF(IF('Precinct Vote Data'!H195>0.5,"D","R")=$E$6,1,0) -> 0 | F61: =IF(IF('Precinct Vote Data'!H196>0.5,"D","R")=$E$7,1,0) -> 0 | G61: =IF(IF('Precinct Vote Data'!H197>0.5,"D","R")=$E$8,1,0) -> 0 | H61: =SUM(D61:G61) -> 0 | I61: =AVERAGE(ABS('Precinct Vote Data'!H194-$D$5),ABS('Precinct Vote Data'!H195-$D$6),ABS('Precinct Vote Data'!H196-$D$7),ABS('Precinct Vote Data'!H197-$D$8)) -> 0.22157405 | J61: =IF(AND(H61=4,I61=MIN(K13:K420)),"<< MAGIC PRECINCT","") | K61: =IF(H61=4,I61,"")
A62: Carbon | B62: WEATHERLY | C62: 450 | D62: =IF(IF('Precinct Vote Data'!H198>0.5,"D","R")=$E$5,1,0) -> 0 | E62: =IF(IF('Precinct Vote Data'!H199>0.5,"D","R")=$E$6,1,0) -> 0 | F62: =IF(IF('Precinct Vote Data'!H200>0.5,"D","R")=$E$7,1,0) -> 0 | G62: =IF(IF('Precinct Vote Data'!H201>0.5,"D","R")=$E$8,1,0) -> 0 | H62: =SUM(D62:G62) -> 0 | I62: =AVERAGE(ABS('Precinct Vote Data'!H198-$D$5),ABS('Precinct Vote Data'!H199-$D$6),ABS('Precinct Vote Data'!H200-$D$7),ABS('Precinct Vote Data'!H201-$D$8)) -> 0.24187945 | J62: =IF(AND(H62=4,I62=MIN(K13:K420)),"<< MAGIC PRECINCT","") | K62: =IF(H62=4,I62,"")
A63: Carbon | B63: WEISSPORT | C63: 460 | D63: =IF(IF('Precinct Vote Data'!H202>0.5,"D","R")=$E$5,1,0) -> 1 | E63: =IF(IF('Precinct Vote Data'!H203>0.5,"D","R")=$E$6,1,0) -> 0 | F63: =IF(IF('Precinct Vote Data'!H204>0.5,"D","R")=$E$7,1,0) -> 0 | G63: =IF(IF('Precinct Vote Data'!H205>0.5,"D","R")=$E$8,1,0) -> 0 | H63: =SUM(D63:G63) -> 1 | I63: =AVERAGE(ABS('Precinct Vote Data'!H202-$D$5),ABS('Precinct Vote Data'!H203-$D$6),ABS('Precinct Vote Data'!H204-$D$7),ABS('Precinct Vote Data'!H205-$D$8)) -> 0.083413483 | J63: =IF(AND(H63=4,I63=MIN(K13:K420)),"<< MAGIC PRECINCT","") | K63: =IF(H63=4,I63,"")
A64: Lehigh | B64: ALBURTIS | C64: 10 | D64: =IF(IF('Precinct Vote Data'!H206>0.5,"D","R")=$E$5,1,0) -> 1 | E64: =IF(IF('Precinct Vote Data'!H207>0.5,"D","R")=$E$6,1,0) -> 0 | F64: =IF(IF('Precinct Vote Data'!H208>0.5,"D","R")=$E$7,1,0) -> 0 | G64: =IF(IF('Precinct Vote Data'!H209>0.5,"D","R")=$E$8,1,0) -> 0 | H64: =SUM(D64:G64) -> 1 | I64: =AVERAGE(ABS('Precinct Vote Data'!H206-$D$5),ABS('Precinct Vote Data'!H207-$D$6),ABS('Precinct Vote Data'!H208-$D$7),ABS('Precinct Vote Data'!H209-$D$8)) -> 0.035673415 | J64: =IF(AND(H64=4,I64=MIN(K13:K420)),"<< MAGIC PRECINCT","") | K64: =IF(H64=4,I64,"")
A65: Lehigh | B65: ALLENTOWN | C65: 20 | D65: =IF(IF('Precinct Vote Data'!H210>0.5,"D","R")=$E$5,1,0) -> 1 | E65: =IF(IF('Precinct Vote Data'!H211>0.5,"D","R")=$E$6,1,0) -> 1 | F65: =IF(IF('Precinct Vote Data'!H212>0.5,"D","R")=$E$7,1,0) -> 1 | G65: =IF(IF('Precinct Vote Data'!H213>0.5,"D","R")=$E$8,1,0) -> 1 | H65: =SUM(D65:G65) -> 4 | I65: =AVERAGE(ABS('Precinct Vote Data'!H210-$D$5),ABS('Precinct Vote Data'!H211-$D$6),ABS('Precinct Vote Data'!H212-$D$7),ABS('Precinct Vote Data'!H213-$D$8)) -> 0.29089233 | J65: =IF(AND(H65=4,I65=MIN(K13:K420)),"<< MAGIC PRECINCT","") | K65: =IF(H65=4,I65,"") -> 0.29089233
A66: Lehigh | B66: ALLENTOWN | C66: 30 | D66: =IF(IF('Precinct Vote Data'!H214>0.5,"D","R")=$E$5,1,0) -> 1 | E66: =IF(IF('Precinct Vote Data'!H215>0.5,"D","R")=$E$6,1,0) -> 1 | F66: =IF(IF('Precinct Vote Data'!H216>0.5,"D","R")=$E$7,1,0) -> 1 | G66: =IF(IF('Precinct Vote Data'!H217>0.5,"D","R")=$E$8,1,0) -> 1 | H66: =SUM(D66:G66) -> 4 | I66: =AVERAGE(ABS('Precinct Vote Data'!H214-$D$5),ABS('Precinct Vote Data'!H215-$D$6),ABS('Precinct Vote Data'!H216-$D$7),ABS('Precinct Vote Data'!H217-$D$8)) -> 0.25921853 | J66: =IF(AND(H66=4,I66=MIN(K13:K420)),"<< MAGIC PRECINCT","") | K66: =IF(H66=4,I66,"") -> 0.25921853
A67: Lehigh | B67: ALLENTOWN | C67: 40 | D67: =IF(IF('Precinct Vote Data'!H218>0.5,"D","R")=$E$5,1,0) -> 1 | E67: =IF(IF('Precinct Vote Data'!H219>0.5,"D","R")=$E$6,1,0) -> 1 | F67: =IF(IF('Precinct Vote Data'!H220>0.5,"D","R")=$E$7,1,0) -> 1 | G67: =IF(IF('Precinct Vote Data'!H221>0.5,"D","R")=$E$8,1,0) -> 1 | H67: =SUM(D67:G67) -> 4 | I67: =AVERAGE(ABS('Precinct Vote Data'!H218-$D$5),ABS('Precinct Vote Data'!H219-$D$6),ABS('Precinct Vote Data'!H220-$D$7),ABS('Precinct Vote Data'!H221-$D$8)) -> 0.28193355 | J67: =IF(AND(H67=4,I67=MIN(K13:K420)),"<< MAGIC PRECINCT","") | K67: =IF(H67=4,I67,"") -> 0.28193355
A68: Lehigh | B68: ALLENTOWN | C68: 50 | D68: =IF(IF('Precinct Vote Data'!H222>0.5,"D","R")=$E$5,1,0) -> 1 | E68: =IF(IF('Precinct Vote Data'!H223>0.5,"D","R")=$E$6,1,0) -> 1 | F68: =IF(IF('Precinct Vote Data'!H224>0.5,"D","R")=$E$7,1,0) -> 1 | G68: =IF(IF('Precinct Vote Data'!H225>0.5,"D","R")=$E$8,1,0) -> 1 | H68: =SUM(D68:G68) -> 4 | I68: =AVERAGE(ABS('Precinct Vote Data'!H222-$D$5),ABS('Precinct Vote Data'!H223-$D$6),ABS('Precinct Vote Data'!H224-$D$7),ABS('Precinct Vote Data'!H225-$D$8)) -> 0.23488326 | J68: =IF(AND(H68=4,I68=MIN(K13:K420)),"<< MAGIC PRECINCT","") | K68: =IF(H68=4,I68,"") -> 0.23488326
A69: Lehigh | B69: ALLENTOWN | C69: 60 | D69: =IF(IF('Precinct Vote Data'!H226>0.5,"D","R")=$E$5,1,0) -> 1 | E69: =IF(IF('Precinct Vote Data'!H227>0.5,"D","R")=$E$6,1,0) -> 1 | F69: =IF(IF('Precinct Vote Data'!H228>0.5,"D","R")=$E$7,1,0) -> 1 | G69: =IF(IF('Precinct Vote Data'!H229>0.5,"D","R")=$E$8,1,0) -> 1 | H69: =SUM(D69:G69) -> 4 | I69: =AVERAGE(ABS('Precinct Vote Data'!H226-$D$5),ABS('Precinct Vote Data'!H227-$D$6),ABS('Precinct Vote Data'!H228-$D$7),ABS('Precinct Vote Data'!H229-$D$8)) -> 0.28475556 | J69: =IF(AND(H69=4,I69=MIN(K13:K420)),"<< MAGIC PRECINCT","") | K69: =IF(H69=4,I69,"") -> 0.28475556
A70: Lehigh | B70: ALLENTOWN | C70: 70 | D70: =IF(IF('Precinct Vote Data'!H230>0.5,"D","R")=$E$5,1,0) -> 1 | E70: =IF(IF('Precinct Vote Data'!H231>0.5,"D","R")=$E$6,1,0) -> 1 | F70: =IF(IF('Precinct Vote Data'!H232>0.5,"D","R")=$E$7,1,0) -> 1 | G70: =IF(IF('Precinct Vote Data'!H233>0.5,"D","R")=$E$8,1,0) -> 1 | H70: =SUM(D70:G70) -> 4 | I70: =AVERAGE(ABS('Precinct Vote Data'!H230-$D$5),ABS('Precinct Vote Data'!H231-$D$6),ABS('Precinct Vote Data'!H232-$D$7),ABS('Precinct Vote Data'!H233-$D$8)) -> 0.22492555 | J70: =IF(AND(H70=4,I70=MIN(K13:K420)),"<< MAGIC PRECINCT","") | K70: =IF(H70=4,I70,"") -> 0.22492555
A71: Lehigh | B71: ALLENTOWN | C71: 80 | D71: =IF(IF('Precinct Vote Data'!H234>0.5,"D","R")=$E$5,1,0) -> 1 | E71: =IF(IF('Precinct Vote Data'!H235>0.5,"D","R")=$E$6,1,0) -> 1 | F71: =IF(IF('Precinct Vote Data'!H236>0.5,"D","R")=$E$7,1,0) -> 1 | G71: =IF(IF('Precinct Vote Data'!H237>0.5,"D","R")=$E$8,1,0) -> 1 | H71: =SUM(D71:G71) -> 4 | I71: =AVERAGE(ABS('Precinct Vote Data'!H234-$D$5),ABS('Precinct Vote Data'!H235-$D$6),ABS('Precinct Vote Data'!H236-$D$7),ABS('Precinct Vote Data'!H237-$D$8)) -> 0.18912222 | J71: =IF(AND(H71=4,I71=MIN(K13:K420)),"<< MAGIC PRECINCT","") | K71: =IF(H71=4,I71,"") -> 0.18912222
A72: Lehigh | B72: ALLENTOWN | C72: 90 | D72: =IF(IF('Precinct Vote Data'!H238>0.5,"D","R")=$E$5,1,0) -> 1 | E72: =IF(IF('Precinct Vote Data'!H239>0.5,"D","R")=$E$6,1,0) -> 1 | F72: =IF(IF('Precinct Vote Data'!H240>0.5,"D","R")=$E$7,1,0) -> 1 | G72: =IF(IF('Precinct Vote Data'!H241>0.5,"D","R")=$E$8,1,0) -> 1 | H72: =SUM(D72:G72) -> 4 | I72: =AVERAGE(ABS('Precinct Vote Data'!H238-$D$5),ABS('Precinct Vote Data'!H239-$D$6),ABS('Precinct Vote Data'!H240-$D$7),ABS('Precinct Vote Data'!H241-$D$8)) -> 0.2645377 | J72: =IF(AND(H72=4,I72=MIN(K13:K420)),"<< MAGIC PRECINCT","") | K72: =IF(H72=4,I72,"") -> 0.2645377
A73: Lehigh | B73: ALLENTOWN | C73: 110 | D73: =IF(IF('Precinct Vote Data'!H242>0.5,"D","R")=$E$5,1,0) -> 1 | E73: =IF(IF('Precinct Vote Data'!H243>0.5,"D","R")=$E$6,1,0) -> 1 | F73: =IF(IF('Precinct Vote Data'!H244>0.5,"D","R")=$E$7,1,0) -> 1 | G73: =IF(IF('Precinct Vote Data'!H245>0.5,"D","R")=$E$8,1,0) -> 1 | H73: =SUM(D73:G73) -> 4 | I73: =AVERAGE(ABS('Precinct Vote Data'!H242-$D$5),ABS('Precinct Vote Data'!H243-$D$6),ABS('Precinct Vote Data'!H244-$D$7),ABS('Precinct Vote Data'!H245-$D$8)) -> 0.26478777 | J73: =IF(AND(H73=4,I73=MIN(K13:K420)),"<< MAGIC PRECINCT","") | K73: =IF(H73=4,I73,"") -> 0.26478777
A74: Lehigh | B74: ALLENTOWN | C74: 120 | D74: =IF(IF('Precinct Vote Data'!H246>0.5,"D","R")=$E$5,1,0) -> 1 | E74: =IF(IF('Precinct Vote Data'!H247>0.5,"D","R")=$E$6,1,0) -> 1 | F74: =IF(IF('Precinct Vote Data'!H248>0.5,"D","R")=$E$7,1,0) -> 1 | G74: =IF(IF('Precinct Vote Data'!H249>0.5,"D","R")=$E$8,1,0) -> 1 | H74: =SUM(D74:G74) -> 4 | I74: =AVERAGE(ABS('Precinct Vote Data'!H246-$D$5),ABS('Precinct Vote Data'!H247-$D$6),ABS('Precinct Vote Data'!H248-$D$7),ABS('Precinct Vote Data'!H249-$D$8)) -> 0.2860698 | J74: =IF(AND(H74=4,I74=MIN(K13:K420)),"<< MAGIC PRECINCT","") | K74: =IF(H74=4,I74,"") -> 0.2860698
A75: Lehigh | B75: ALLENTOWN | C75: 130 | D75: =IF(IF('Precinct Vote Data'!H250>0.5,"D","R")=$E$5,1,0) -> 1 | E75: =IF(IF('Precinct Vote Data'!H251>0.5,"D","R")=$E$6,1,0) -> 1 | F75: =IF(IF('Precinct Vote Data'!H252>0.5,"D","R")=$E$7,1,0) -> 1 | G75: =IF(IF('Precinct Vote Data'!H253>0.5,"D","R")=$E$8,1,0) -> 1 | H75: =SUM(D75:G75) -> 4 | I75: =AVERAGE(ABS('Precinct Vote Data'!H250-$D$5),ABS('Precinct Vote Data'!H251-$D$6),ABS('Precinct Vote Data'!H252-$D$7),ABS('Precinct Vote Data'!H253-$D$8)) -> 0.28084741 | J75: =IF(AND(H75=4,I75=MIN(K13:K420)),"<< MAGIC PRECINCT","") | K75: =IF(H75=4,I75,"") -> 0.28084741
A76: Lehigh | B76: ALLENTOWN | C76: 140 | D76: =IF(IF('Precinct Vote Data'!H254>0.5,"D","R")=$E$5,1,0) -> 1 | E76: =IF(IF('Precinct Vote Data'!H255>0.5,"D","R")=$E$6,1,0) -> 1 | F76: =IF(IF('Precinct Vote Data'!H256>0.5,"D","R")=$E$7,1,0) -> 1 | G76: =IF(IF('Precinct Vote Data'!H257>0.5,"D","R")=$E$8,1,0) -> 1 | H76: =SUM(D76:G76) -> 4 | I76: =AVERAGE(ABS('Precinct Vote Data'!H254-$D$5),ABS('Precinct Vote Data'!H255-$D$6),ABS('Precinct Vote Data'!H256-$D$7),ABS('Precinct Vote Data'!H257-$D$8)) -> 0.19014987 | J76: =IF(AND(H76=4,I76=MIN(K13:K420)),"<< MAGIC PRECINCT","") | K76: =IF(H76=4,I76,"") -> 0.19014987
A77: Lehigh | B77: ALLENTOWN | C77: 150 | D77: =IF(IF('Precinct Vote Data'!H258>0.5,"D","R")=$E$5,1,0) -> 1 | E77: =IF(IF('Precinct Vote Data'!H259>0.5,"D","R")=$E$6,1,0) -> 1 | F77: =IF(IF('Precinct Vote Data'!H260>0.5,"D","R")=$E$7,1,0) -> 1 | G77: =IF(IF('Precinct Vote Data'!H261>0.5,"D","R")=$E$8,1,0) -> 1 | H77: =SUM(D77:G77) -> 4 | I77: =AVERAGE(ABS('Precinct Vote Data'!H258-$D$5),ABS('Precinct Vote Data'!H259-$D$6),ABS('Precinct Vote Data'!H260-$D$7),ABS('Precinct Vote Data'!H261-$D$8)) -> 0.22637483 | J77: =IF(AND(H77=4,I77=MIN(K13:K420)),"<< MAGIC PRECINCT","") | K77: =IF(H77=4,I77,"") -> 0.22637483
A78: Lehigh | B78: ALLENTOWN | C78: 160 | D78: =IF(IF('Precinct Vote Data'!H262>0.5,"D","R")=$E$5,1,0) -> 1 | E78: =IF(IF('Precinct Vote Data'!H263>0.5,"D","R")=$E$6,1,0) -> 1 | F78: =IF(IF('Precinct Vote Data'!H264>0.5,"D","R")=$E$7,1,0) -> 1 | G78: =IF(IF('Precinct Vote Data'!H265>0.5,"D","R")=$E$8,1,0) -> 1 | H78: =SUM(D78:G78) -> 4 | I78: =AVERAGE(ABS('Precinct Vote Data'!H262-$D$5),ABS('Precinct Vote Data'!H263-$D$6),ABS('Precinct Vote Data'!H264-$D$7),ABS('Precinct Vote Data'!H265-$D$8)) -> 0.25277162 | J78: =IF(AND(H78=4,I78=MIN(K13:K420)),"<< MAGIC PRECINCT","") | K78: =IF(H78=4,I78,"") -> 0.25277162
A79: Lehigh | B79: ALLENTOWN | C79: 170 | D79: =IF(IF('Precinct Vote Data'!H266>0.5,"D","R")=$E$5,1,0) -> 1 | E79: =IF(IF('Precinct Vote Data'!H267>0.5,"D","R")=$E$6,1,0) -> 1 | F79: =IF(IF('Precinct Vote Data'!H268>0.5,"D","R")=$E$7,1,0) -> 1 | G79: =IF(IF('Precinct Vote Data'!H269>0.5,"D","R")=$E$8,1,0) -> 1 | H79: =SUM(D79:G79) -> 4 | I79: =AVERAGE(ABS('Precinct Vote Data'!H266-$D$5),ABS('Precinct Vote Data'!H267-$D$6),ABS('Precinct Vote Data'!H268-$D$7),ABS('Precinct Vote Data'!H269-$D$8)) -> 0.11433568 | J79: =IF(AND(H79=4,I79=MIN(K13:K420)),"<< MAGIC PRECINCT","") | K79: =IF(H79=4,I79,"") -> 0.11433568
A80: Lehigh | B80: ALLENTOWN | C80: 180 | D80: =IF(IF('Precinct Vote Data'!H270>0.5,"D","R")=$E$5,1,0) -> 1 | E80: =IF(IF('Precinct Vote Data'!H271>0.5,"D","R")=$E$6,1,0) -> 1 | F80: =IF(IF('Precinct Vote Data'!H272>0.5,"D","R")=$E$7,1,0) -> 1 | G80: =IF(IF('Precinct Vote Data'!H273>0.5,"D","R")=$E$8,1,0) -> 1 | H80: =SUM(D80:G80) -> 4 | I80: =AVERAGE(ABS('Precinct Vote Data'!H270-$D$5),ABS('Precinct Vote Data'!H271-$D$6),ABS('Precinct Vote Data'!H272-$D$7),ABS('Precinct Vote Data'!H273-$D$8)) -> 0.25824809 | J80: =IF(AND(H80=4,I80=MIN(K13:K420)),"<< MAGIC PRECINCT","") | K80: =IF(H80=4,I80,"") -> 0.25824809
A81: Lehigh | B81: ALLENTOWN | C81: 190 | D81: =IF(IF('Precinct Vote Data'!H274>0.5,"D","R")=$E$5,1,0) -> 1 | E81: =IF(IF('Precinct Vote Data'!H275>0.5,"D","R")=$E$6,1,0) -> 1 | F81: =IF(IF('Precinct Vote Data'!H276>0.5,"D","R")=$E$7,1,0) -> 1 | G81: =IF(IF('Precinct Vote Data'!H277>0.5,"D","R")=$E$8,1,0) -> 1 | H81: =SUM(D81:G81) -> 4 | I81: =AVERAGE(ABS('Precinct Vote Data'!H274-$D$5),ABS('Precinct Vote Data'!H275-$D$6),ABS('Precinct Vote Data'!H276-$D$7),ABS('Precinct Vote Data'!H277-$D$8)) -> 0.27535521 | J81: =IF(AND(H81=4,I81=MIN(K13:K420)),"<< MAGIC PRECINCT","") | K81: =IF(H81=4,I81,"") -> 0.27535521
A82: Lehigh | B82: ALLENTOWN | C82: 200 | D82: =IF(IF('Precinct Vote Data'!H278>0.5,"D","R")=$E$5,1,0) -> 1 | E82: =IF(IF('Precinct Vote Data'!H279>0.5,"D","R")=$E$6,1,0) -> 1 | F82: =IF(IF('Precinct Vote Data'!H280>0.5,"D","R")=$E$7,1,0) -> 1 | G82: =IF(IF('Precinct Vote Data'!H281>0.5,"D","R")=$E$8,1,0) -> 1 | H82: =SUM(D82:G82) -> 4 | I82: =AVERAGE(ABS('Precinct Vote Data'!H278-$D$5),ABS('Precinct Vote Data'!H279-$D$6),ABS('Precinct Vote Data'!H280-$D$7),ABS('Precinct Vote Data'!H281-$D$8)) -> 0.20834874 | J82: =IF(AND(H82=4,I82=MIN(K13:K420)),"<< MAGIC PRECINCT","") | K82: =IF(H82=4,I82,"") -> 0.20834874
A83: Lehigh | B83: ALLENTOWN | C83: 210 | D83: =IF(IF('Precinct Vote Data'!H282>0.5,"D","R")=$E$5,1,0) -> 1 | E83: =IF(IF('Precinct Vote Data'!H283>0.5,"D","R")=$E$6,1,0) -> 1 | F83: =IF(IF('Precinct Vote Data'!H284>0.5,"D","R")=$E$7,1,0) -> 1 | G83: =IF(IF('Precinct Vote Data'!H285>0.5,"D","R")=$E$8,1,0) -> 1 | H83: =SUM(D83:G83) -> 4 | I83: =AVERAGE(ABS('Precinct Vote Data'!H282-$D$5),ABS('Precinct Vote Data'!H283-$D$6),ABS('Precinct Vote Data'!H284-$D$7),ABS('Precinct Vote Data'!H285-$D$8)) -> 0.26449769 | J83: =IF(AND(H83=4,I83=MIN(K13:K420)),"<< MAGIC PRECINCT","") | K83: =IF(H83=4,I83,"") -> 0.26449769
A84: Lehigh | B84: ALLENTOWN | C84: 220 | D84: =IF(IF('Precinct Vote Data'!H286>0.5,"D","R")=$E$5,1,0) -> 1 | E84: =IF(IF('Precinct Vote Data'!H287>0.5,"D","R")=$E$6,1,0) -> 1 | F84: =IF(IF('Precinct Vote Data'!H288>0.5,"D","R")=$E$7,1,0) -> 1 | G84: =IF(IF('Precinct Vote Data'!H289>0.5,"D","R")=$E$8,1,0) -> 1 | H84: =SUM(D84:G84) -> 4 | I84: =AVERAGE(ABS('Precinct Vote Data'!H286-$D$5),ABS('Precinct Vote Data'!H287-$D$6),ABS('Precinct Vote Data'!H288-$D$7),ABS('Precinct Vote Data'!H289-$D$8)) -> 0.21933319 | J84: =IF(AND(H84=4,I84=MIN(K13:K420)),"<< MAGIC PRECINCT","") | K84: =IF(H84=4,I84,"") -> 0.21933319
A85: Lehigh | B85: ALLENTOWN | C85: 230 | D85: =IF(IF('Precinct Vote Data'!H290>0.5,"D","R")=$E$5,1,0) -> 1 | E85: =IF(IF('Precinct Vote Data'!H291>0.5,"D","R")=$E$6,1,0) -> 1 | F85: =IF(IF('Precinct Vote Data'!H292>0.5,"D","R")=$E$7,1,0) -> 1 | G85: =IF(IF('Precinct Vote Data'!H293>0.5,"D","R")=$E$8,1,0) -> 1 | H85: =SUM(D85:G85) -> 4 | I85: =AVERAGE(ABS('Precinct Vote Data'!H290-$D$5),ABS('Precinct Vote Data'!H291-$D$6),ABS('Precinct Vote Data'!H292-$D$7),ABS('Precinct Vote Data'!H293-$D$8)) -> 0.26320185 | J85: =IF(AND(H85=4,I85=MIN(K13:K420)),"<< MAGIC PRECINCT","") | K85: =IF(H85=4,I85,"") -> 0.26320185
A86: Lehigh | B86: ALLENTOWN | C86: 240 | D86: =IF(IF('Precinct Vote Data'!H294>0.5,"D","R")=$E$5,1,0) -> 1 | E86: =IF(IF('Precinct Vote Data'!H295>0.5,"D","R")=$E$6,1,0) -> 1 | F86: =IF(IF('Precinct Vote Data'!H296>0.5,"D","R")=$E$7,1,0) -> 1 | G86: =IF(IF('Precinct Vote Data'!H297>0.5,"D","R")=$E$8,1,0) -> 1 | H86: =SUM(D86:G86) -> 4 | I86: =AVERAGE(ABS('Precinct Vote Data'!H294-$D$5),ABS('Precinct Vote Data'!H295-$D$6),ABS('Precinct Vote Data'!H296-$D$7),ABS('Precinct Vote Data'!H297-$D$8)) -> 0.21939568 | J86: =IF(AND(H86=4,I86=MIN(K13:K420)),"<< MAGIC PRECINCT","") | K86: =IF(H86=4,I86,"") -> 0.21939568
A87: Lehigh | B87: ALLENTOWN | C87: 250 | D87: =IF(IF('Precinct Vote Data'!H298>0.5,"D","R")=$E$5,1,0) -> 1 | E87: =IF(IF('Precinct Vote Data'!H299>0.5,"D","R")=$E$6,1,0) -> 1 | F87: =IF(IF('Precinct Vote Data'!H300>0.5,"D","R")=$E$7,1,0) -> 1 | G87: =IF(IF('Precinct Vote Data'!H301>0.5,"D","R")=$E$8,1,0) -> 1 | H87: =SUM(D87:G87) -> 4 | I87: =AVERAGE(ABS('Precinct Vote Data'!H298-$D$5),ABS('Precinct Vote Data'!H299-$D$6),ABS('Precinct Vote Data'!H300-$D$7),ABS('Precinct Vote Data'!H301-$D$8)) -> 0.27389254 | J87: =IF(AND(H87=4,I87=MIN(K13:K420)),"<< MAGIC PRECINCT","") | K87: =IF(H87=4,I87,"") -> 0.27389254
A88: Lehigh | B88: ALLENTOWN | C88: 260 | D88: =IF(IF('Precinct Vote Data'!H302>0.5,"D","R")=$E$5,1,0) -> 1 | E88: =IF(IF('Precinct Vote Data'!H303>0.5,"D","R")=$E$6,1,0) -> 1 | F88: =IF(IF('Precinct Vote Data'!H304>0.5,"D","R")=$E$7,1,0) -> 1 | G88: =IF(IF('Precinct Vote Data'!H305>0.5,"D","R")=$E$8,1,0) -> 1 | H88: =SUM(D88:G88) -> 4 | I88: =AVERAGE(ABS('Precinct Vote Data'!H302-$D$5),ABS('Precinct Vote Data'!H303-$D$6),ABS('Precinct Vote Data'!H304-$D$7),ABS('Precinct Vote Data'!H305-$D$8)) -> 0.16140925 | J88: =IF(AND(H88=4,I88=MIN(K13:K420)),"<< MAGIC PRECINCT","") | K88: =IF(H88=4,I88,"") -> 0.16140925
A89: Lehigh | B89: ALLENTOWN | C89: 270 | D89: =IF(IF('Precinct Vote Data'!H306>0.5,"D","R")=$E$5,1,0) -> 1 | E89: =IF(IF('Precinct Vote Data'!H307>0.5,"D","R")=$E$6,1,0) -> 1 | F89: =IF(IF('Precinct Vote Data'!H308>0.5,"D","R")=$E$7,1,0) -> 1 | G89: =IF(IF('Precinct Vote Data'!H309>0.5,"D","R")=$E$8,1,0) -> 1 | H89: =SUM(D89:G89) -> 4 | I89: =AVERAGE(ABS('Precinct Vote Data'!H306-$D$5),ABS('Precinct Vote Data'!H307-$D$6),ABS('Precinct Vote Data'!H308-$D$7),ABS('Precinct Vote Data'!H309-$D$8)) -> 0.1112843 | J89: =IF(AND(H89=4,I89=MIN(K13:K420)),"<< MAGIC PRECINCT","") | K89: =IF(H89=4,I89,"") -> 0.1112843
A90: Lehigh | B90: ALLENTOWN | C90: 280 | D90: =IF(IF('Precinct Vote Data'!H310>0.5,"D","R")=$E$5,1,0) -> 1 | E90: =IF(IF('Precinct Vote Data'!H311>0.5,"D","R")=$E$6,1,0) -> 1 | F90: =IF(IF('Precinct Vote Data'!H312>0.5,"D","R")=$E$7,1,0) -> 1 | G90: =IF(IF('Precinct Vote Data'!H313>0.5,"D","R")=$E$8,1,0) -> 1 | H90: =SUM(D90:G90) -> 4 | I90: =AVERAGE(ABS('Precinct Vote Data'!H310-$D$5),ABS('Precinct Vote Data'!H311-$D$6),ABS('Precinct Vote Data'!H312-$D$7),ABS('Precinct Vote Data'!H313-$D$8)) -> 0.11703221 | J90: =IF(AND(H90=4,I90=MIN(K13:K420)),"<< MAGIC PRECINCT","") | K90: =IF(H90=4,I90,"") -> 0.11703221
A91: Lehigh | B91: ALLENTOWN | C91: 290 | D91: =IF(IF('Precinct Vote Data'!H314>0.5,"D","R")=$E$5,1,0) -> 1 | E91: =IF(IF('Precinct Vote Data'!H315>0.5,"D","R")=$E$6,1,0) -> 1 | F91: =IF(IF('Precinct Vote Data'!H316>0.5,"D","R")=$E$7,1,0) -> 1 | G91: =IF(IF('Precinct Vote Data'!H317>0.5,"D","R")=$E$8,1,0) -> 1 | H91: =SUM(D91:G91) -> 4 | I91: =AVERAGE(ABS('Precinct Vote Data'!H314-$D$5),ABS('Precinct Vote Data'!H315-$D$6),ABS('Precinct Vote Data'!H316-$D$7),ABS('Precinct Vote Data'!H317-$D$8)) -> 0.21217535 | J91: =IF(AND(H91=4,I91=MIN(K13:K420)),"<< MAGIC PRECINCT","") | K91: =IF(H91=4,I91,"") -> 0.21217535
A92: Lehigh | B92: ALLENTOWN | C92: 300 | D92: =IF(IF('Precinct Vote Data'!H318>0.5,"D","R")=$E$5,1,0) -> 1 | E92: =IF(IF('Precinct Vote Data'!H319>0.5,"D","R")=$E$6,1,0) -> 1 | F92: =IF(IF('Precinct Vote Data'!H320>0.5,"D","R")=$E$7,1,0) -> 1 | G92: =IF(IF('Precinct Vote Data'!H321>0.5,"D","R")=$E$8,1,0) -> 1 | H92: =SUM(D92:G92) -> 4 | I92: =AVERAGE(ABS('Precinct Vote Data'!H318-$D$5),ABS('Precinct Vote Data'!H319-$D$6),ABS('Precinct Vote Data'!H320-$D$7),ABS('Precinct Vote Data'!H321-$D$8)) -> 0.17123514 | J92: =IF(AND(H92=4,I92=MIN(K13:K420)),"<< MAGIC PRECINCT","") | K92: =IF(H92=4,I92,"") -> 0.17123514
A93: Lehigh | B93: ALLENTOWN | C93: 310 | D93: =IF(IF('Precinct Vote Data'!H322>0.5,"D","R")=$E$5,1,0) -> 1 | E93: =IF(IF('Precinct Vote Data'!H323>0.5,"D","R")=$E$6,1,0) -> 1 | F93: =IF(IF('Precinct Vote Data'!H324>0.5,"D","R")=$E$7,1,0) -> 1 | G93: =IF(IF('Precinct Vote Data'!H325>0.5,"D","R")=$E$8,1,0) -> 1 | H93: =SUM(D93:G93) -> 4 | I93: =AVERAGE(ABS('Precinct Vote Data'!H322-$D$5),ABS('Precinct Vote Data'!H323-$D$6),ABS('Precinct Vote Data'!H324-$D$7),ABS('Precinct Vote Data'!H325-$D$8)) -> 0.11707618 | J93: =IF(AND(H93=4,I93=MIN(K13:K420)),"<< MAGIC PRECINCT","") | K93: =IF(H93=4,I93,"") -> 0.11707618
A94: Lehigh | B94: ALLENTOWN | C94: 320 | D94: =IF(IF('Precinct Vote Data'!H326>0.5,"D","R")=$E$5,1,0) -> 1 | E94: =IF(IF('Precinct Vote Data'!H327>0.5,"D","R")=$E$6,1,0) -> 1 | F94: =IF(IF('Precinct Vote Data'!H328>0.5,"D","R")=$E$7,1,0) -> 1 | G94: =IF(IF('Precinct Vote Data'!H329>0.5,"D","R")=$E$8,1,0) -> 1 | H94: =SUM(D94:G94) -> 4 | I94: =AVERAGE(ABS('Precinct Vote Data'!H326-$D$5),ABS('Precinct Vote Data'!H327-$D$6),ABS('Precinct Vote Data'!H328-$D$7),ABS('Precinct Vote Data'!H329-$D$8)) -> 0.068437696 | J94: =IF(AND(H94=4,I94=MIN(K13:K420)),"<< MAGIC PRECINCT","") | K94: =IF(H94=4,I94,"") -> 0.068437696
A95: Lehigh | B95: ALLENTOWN | C95: 330 | D95: =IF(IF('Precinct Vote Data'!H330>0.5,"D","R")=$E$5,1,0) -> 1 | E95: =IF(IF('Precinct Vote Data'!H331>0.5,"D","R")=$E$6,1,0) -> 1 | F95: =IF(IF('Precinct Vote Data'!H332>0.5,"D","R")=$E$7,1,0) -> 1 | G95: =IF(IF('Precinct Vote Data'!H333>0.5,"D","R")=$E$8,1,0) -> 1 | H95: =SUM(D95:G95) -> 4 | I95: =AVERAGE(ABS('Precinct Vote Data'!H330-$D$5),ABS('Precinct Vote Data'!H331-$D$6),ABS('Precinct Vote Data'!H332-$D$7),ABS('Precinct Vote Data'!H333-$D$8)) -> 0.12795848 | J95: =IF(AND(H95=4,I95=MIN(K13:K420)),"<< MAGIC PRECINCT","") | K95: =IF(H95=4,I95,"") -> 0.12795848
A96: Lehigh | B96: ALLENTOWN | C96: 340 | D96: =IF(IF('Precinct Vote Data'!H334>0.5,"D","R")=$E$5,1,0) -> 1 | E96: =IF(IF('Precinct Vote Data'!H335>0.5,"D","R")=$E$6,1,0) -> 1 | F96: =IF(IF('Precinct Vote Data'!H336>0.5,"D","R")=$E$7,1,0) -> 1 | G96: =IF(IF('Precinct Vote Data'!H337>0.5,"D","R")=$E$8,1,0) -> 1 | H96: =SUM(D96:G96) -> 4 | I96: =AVERAGE(ABS('Precinct Vote Data'!H334-$D$5),ABS('Precinct Vote Data'!H335-$D$6),ABS('Precinct Vote Data'!H336-$D$7),ABS('Precinct Vote Data'!H337-$D$8)) -> 0.25654366 | J96: =IF(AND(H96=4,I96=MIN(K13:K420)),"<< MAGIC PRECINCT","") | K96: =IF(H96=4,I96,"") -> 0.25654366
A97: Lehigh | B97: ALLENTOWN | C97: 350 | D97: =IF(IF('Precinct Vote Data'!H338>0.5,"D","R")=$E$5,1,0) -> 1 | E97: =IF(IF('Precinct Vote Data'!H339>0.5,"D","R")=$E$6,1,0) -> 1 | F97: =IF(IF('Precinct Vote Data'!H340>0.5,"D","R")=$E$7,1,0) -> 1 | G97: =IF(IF('Precinct Vote Data'!H341>0.5,"D","R")=$E$8,1,0) -> 1 | H97: =SUM(D97:G97) -> 4 | I97: =AVERAGE(ABS('Precinct Vote Data'!H338-$D$5),ABS('Precinct Vote Data'!H339-$D$6),ABS('Precinct Vote Data'!H340-$D$7),ABS('Precinct Vote Data'!H341-$D$8)) -> 0.17278516 | J97: =IF(AND(H97=4,I97=MIN(K13:K420)),"<< MAGIC PRECINCT","") | K97: =IF(H97=4,I97,"") -> 0.17278516
A98: Lehigh | B98: ALLENTOWN | C98: 360 | D98: =IF(IF('Precinct Vote Data'!H342>0.5,"D","R")=$E$5,1,0) -> 1 | E98: =IF(IF('Precinct Vote Data'!H343>0.5,"D","R")=$E$6,1,0) -> 1 | F98: =IF(IF('Precinct Vote Data'!H344>0.5,"D","R")=$E$7,1,0) -> 1 | G98: =IF(IF('Precinct Vote Data'!H345>0.5,"D","R")=$E$8,1,0) -> 1 | H98: =SUM(D98:G98) -> 4 | I98: =AVERAGE(ABS('Precinct Vote Data'!H342-$D$5),ABS('Precinct Vote Data'!H343-$D$6),ABS('Precinct Vote Data'!H344-$D$7),ABS('Precinct Vote Data'!H345-$D$8)) -> 0.17533643 | J98: =IF(AND(H98=4,I98=MIN(K13:K420)),"<< MAGIC PRECINCT","") | K98: =IF(H98=4,I98,"") -> 0.17533643
A99: Lehigh | B99: ALLENTOWN | C99: 370 | D99: =IF(IF('Precinct Vote Data'!H346>0.5,"D","R")=$E$5,1,0) -> 1 | E99: =IF(IF('Precinct Vote Data'!H347>0.5,"D","R")=$E$6,1,0) -> 1 | F99: =IF(IF('Precinct Vote Data'!H348>0.5,"D","R")=$E$7,1,0) -> 1 | G99: =IF(IF('Precinct Vote Data'!H349>0.5,"D","R")=$E$8,1,0) -> 1 | H99: =SUM(D99:G99) -> 4 | I99: =AVERAGE(ABS('Precinct Vote Data'!H346-$D$5),ABS('Precinct Vote Data'!H347-$D$6),ABS('Precinct Vote Data'!H348-$D$7),ABS('Precinct Vote Data'!H349-$D$8)) -> 0.18300916 | J99: =IF(AND(H99=4,I99=MIN(K13:K420)),"<< MAGIC PRECINCT","") | K99: =IF(H99=4,I99,"") -> 0.18300916
A100: Lehigh | B100: ALLENTOWN | C100: 380 | D100: =IF(IF('Precinct Vote Data'!H350>0.5,"D","R")=$E$5,1,0) -> 1 | E100: =IF(IF('Precinct Vote Data'!H351>0.5,"D","R")=$E$6,1,0) -> 1 | F100: =IF(IF('Precinct Vote Data'!H352>0.5,"D","R")=$E$7,1,0) -> 1 | G100: =IF(IF('Precinct Vote Data'!H353>0.5,"D","R")=$E$8,1,0) -> 1 | H100: =SUM(D100:G100) -> 4 | I100: =AVERAGE(ABS('Precinct Vote Data'!H350-$D$5),ABS('Precinct Vote Data'!H351-$D$6),ABS('Precinct Vote Data'!H352-$D$7),ABS('Precinct Vote Data'!H353-$D$8)) -> 0.15473984 | J100: =IF(AND(H100=4,I100=MIN(K13:K420)),"<< MAGIC PRECINCT","") | K100: =IF(H100=4,I100,"") -> 0.15473984
A101: Lehigh | B101: ALLENTOWN | C101: 390 | D101: =IF(IF('Precinct Vote Data'!H354>0.5,"D","R")=$E$5,1,0) -> 1 | E101: =IF(IF('Precinct Vote Data'!H355>0.5,"D","R")=$E$6,1,0) -> 1 | F101: =IF(IF('Precinct Vote Data'!H356>0.5,"D","R")=$E$7,1,0) -> 1 | G101: =IF(IF('Precinct Vote Data'!H357>0.5,"D","R")=$E$8,1,0) -> 1 | H101: =SUM(D101:G101) -> 4 | I101: =AVERAGE(ABS('Precinct Vote Data'!H354-$D$5),ABS('Precinct Vote Data'!H355-$D$6),ABS('Precinct Vote Data'!H356-$D$7),ABS('Precinct Vote Data'!H357-$D$8)) -> 0.19669103 | J101: =IF(AND(H101=4,I101=MIN(K13:K420)),"<< MAGIC PRECINCT","") | K101: =IF(H101=4,I101,"") -> 0.19669103
A102: Lehigh | B102: ALLENTOWN | C102: 400 | D102: =IF(IF('Precinct Vote Data'!H358>0.5,"D","R")=$E$5,1,0) -> 1 | E102: =IF(IF('Precinct Vote Data'!H359>0.5,"D","R")=$E$6,1,0) -> 1 | F102: =IF(IF('Precinct Vote Data'!H360>0.5,"D","R")=$E$7,1,0) -> 1 | G102: =IF(IF('Precinct Vote Data'!H361>0.5,"D","R")=$E$8,1,0) -> 1 | H102: =SUM(D102:G102) -> 4 | I102: =AVERAGE(ABS('Precinct Vote Data'!H358-$D$5),ABS('Precinct Vote Data'!H359-$D$6),ABS('Precinct Vote Data'!H360-$D$7),ABS('Precinct Vote Data'!H361-$D$8)) -> 0.089767372 | J102: =IF(AND(H102=4,I102=MIN(K13:K420)),"<< MAGIC PRECINCT","") | K102: =IF(H102=4,I102,"") -> 0.089767372
A103: Lehigh | B103: ALLENTOWN | C103: 410 | D103: =IF(IF('Precinct Vote Data'!H362>0.5,"D","R")=$E$5,1,0) -> 1 | E103: =IF(IF('Precinct Vote Data'!H363>0.5,"D","R")=$E$6,1,0) -> 1 | F103: =IF(IF('Precinct Vote Data'!H364>0.5,"D","R")=$E$7,1,0) -> 1 | G103: =IF(IF('Precinct Vote Data'!H365>0.5,"D","R")=$E$8,1,0) -> 1 | H103: =SUM(D103:G103) -> 4 | I103: =AVERAGE(ABS('Precinct Vote Data'!H362-$D$5),ABS('Precinct Vote Data'!H363-$D$6),ABS('Precinct Vote Data'!H364-$D$7),ABS('Precinct Vote Data'!H365-$D$8)) -> 0.13139227 | J103: =IF(AND(H103=4,I103=MIN(K13:K420)),"<< MAGIC PRECINCT","") | K103: =IF(H103=4,I103,"") -> 0.13139227
...

Sheet Beta Coefficients
A1: Precinct Beta vs. the Combined District (408 Precincts)
A3: 2018 | B3: 2020 | C3: 2022 | D3: 2024
A4: ='Magic Precinct'!D5 -> 0.54007012 | B4: ='Magic Precinct'!D6 -> 0.50702881 | C4: ='Magic Precinct'!D7 -> 0.51559615 | D4: ='Magic Precinct'!D8 -> 0.50221991
A6: County | B6: Municipality | C6: Precinct Code | D6: Beta | E6: R-squared | F6: Deviation from 1.0 | G6: Avg Dem Share | H6: Selected (Top 30 fit) | N6: (h) score | O6: (h) rank | Q6: (h) key
A7: Carbon | B7: BANKS | C7: 10 | D7: =SLOPE(J7:M7,$A$4:$D$4) -> 1.434379 | E7: =RSQ(J7:M7,$A$4:$D$4) -> 0.45663706 | F7: =ABS(D7-1) -> 0.43437901 | G7: =AVERAGE(J7:M7) -> 0.37581051 | H7: =IF(O7<=30,"YES","") | J7: ='Precinct Vote Data'!H2 -> 0.41994751 | K7: ='Precinct Vote Data'!H3 -> 0.33996024 | L7: ='Precinct Vote Data'!H4 -> 0.35492228 | M7: ='Precinct Vote Data'!H5 -> 0.38841202 | N7: =F7+(1-E7) -> 0.97774196 | O7: =RANK(N7,$N$7:$N$414,1) -> 185 | Q7: =A7&"|"&B7&"|"&C7 -> Carbon|BANKS|10
A8: Carbon | B8: BEAVER MEADOWS | C8: 40 | D8: =SLOPE(J8:M8,$A$4:$D$4) -> 1.7476841 | E8: =RSQ(J8:M8,$A$4:$D$4) -> 0.6905668 | F8: =ABS(D8-1) -> 0.74768411 | G8: =AVERAGE(J8:M8) -> 0.2822405 | H8: =IF(O8<=30,"YES","") | J8: ='Precinct Vote Data'!H6 -> 0.33101045 | K8: ='Precinct Vote Data'!H7 -> 0.24813896 | L8: ='Precinct Vote Data'!H8 -> 0.26751592 | M8: ='Precinct Vote Data'!H9 -> 0.28229665 | N8: =F8+(1-E8) -> 1.0571173 | O8: =RANK(N8,$N$7:$N$414,1) -> 201 | Q8: =A8&"|"&B8&"|"&C8 -> Carbon|BEAVER MEADOWS|40
A9: Carbon | B9: BOWMANSTOWN | C9: 50 | D9: =SLOPE(J9:M9,$A$4:$D$4) -> 2.5249104 | E9: =RSQ(J9:M9,$A$4:$D$4) -> 0.59266055 | F9: =ABS(D9-1) -> 1.5249104 | G9: =AVERAGE(J9:M9) -> 0.33042168 | H9: =IF(O9<=30,"YES","") | J9: ='Precinct Vote Data'!H10 -> 0.38596491 | K9: ='Precinct Vote Data'!H11 -> 0.25934579 | L9: ='Precinct Vote Data'!H12 -> 0.3591954 | M9: ='Precinct Vote Data'!H13 -> 0.31718062 | N9: =F9+(1-E9) -> 1.9322499 | O9: =RANK(N9,$N$7:$N$414,1) -> 340 | Q9: =A9&"|"&B9&"|"&C9 -> Carbon|BOWMANSTOWN|50
A10: Carbon | B10: EAST PENN | C10: 60 | D10: =SLOPE(J10:M10,$A$4:$D$4) -> 2.3564244 | E10: =RSQ(J10:M10,$A$4:$D$4) -> 0.9900438 | F10: =ABS(D10-1) -> 1.3564244 | G10: =AVERAGE(J10:M10) -> 0.27501179 | H10: =IF(O10<=30,"YES","") | J10: ='Precinct Vote Data'!H14 -> 0.3295082 | K10: ='Precinct Vote Data'!H15 -> 0.25031928 | L10: ='Precinct Vote Data'!H16 -> 0.27936963 | M10: ='Precinct Vote Data'!H17 -> 0.24085006 | N10: =F10+(1-E10) -> 1.3663806 | O10: =RANK(N10,$N$7:$N$414,1) -> 259 | Q10: =A10&"|"&B10&"|"&C10 -> Carbon|EAST PENN|60
A11: Carbon | B11: EAST PENN | C11: 65 | D11: =SLOPE(J11:M11,$A$4:$D$4) -> 1.9489051 | E11: =RSQ(J11:M11,$A$4:$D$4) -> 0.78108942 | F11: =ABS(D11-1) -> 0.94890515 | G11: =AVERAGE(J11:M11) -> 0.28864468 | H11: =IF(O11<=30,"YES","") | J11: ='Precinct Vote Data'!H18 -> 0.33532934 | K11: ='Precinct Vote Data'!H19 -> 0.24650572 | L11: ='Precinct Vote Data'!H20 -> 0.29549249 | M11: ='Precinct Vote Data'!H21 -> 0.27725118 | N11: =F11+(1-E11) -> 1.1678157 | O11: =RANK(N11,$N$7:$N$414,1) -> 222 | Q11: =A11&"|"&B11&"|"&C11 -> Carbon|EAST PENN|65
A12: Carbon | B12: EAST SIDE | C12: 70 | D12: =SLOPE(J12:M12,$A$4:$D$4) -> 2.5216573 | E12: =RSQ(J12:M12,$A$4:$D$4) -> 0.72888298 | F12: =ABS(D12-1) -> 1.5216573 | G12: =AVERAGE(J12:M12) -> 0.37715956 | H12: =IF(O12<=30,"YES","") | J12: ='Precinct Vote Data'!H22 -> 0.44155844 | K12: ='Precinct Vote Data'!H23 -> 0.38842975 | L12: ='Precinct Vote Data'!H24 -> 0.35106383 | M12: ='Precinct Vote Data'!H25 -> 0.32758621 | N12: =F12+(1-E12) -> 1.7927743 | O12: =RANK(N12,$N$7:$N$414,1) -> 325 | Q12: =A12&"|"&B12&"|"&C12 -> Carbon|EAST SIDE|70
A13: Carbon | B13: FRANKLIN | C13: 80 | D13: =SLOPE(J13:M13,$A$4:$D$4) -> 2.0682974 | E13: =RSQ(J13:M13,$A$4:$D$4) -> 0.99097232 | F13: =ABS(D13-1) -> 1.0682974 | G13: =AVERAGE(J13:M13) -> 0.292641 | H13: =IF(O13<=30,"YES","") | J13: ='Precinct Vote Data'!H26 -> 0.34196891 | K13: ='Precinct Vote Data'!H27 -> 0.2689769 | L13: ='Precinct Vote Data'!H28 -> 0.29295154 | M13: ='Precinct Vote Data'!H29 -> 0.26666667 | N13: =F13+(1-E13) -> 1.077325 | O13: =RANK(N13,$N$7:$N$414,1) -> 204 | Q13: =A13&"|"&B13&"|"&C13 -> Carbon|FRANKLIN|80
A14: Carbon | B14: FRANKLIN | C14: 90 | D14: =SLOPE(J14:M14,$A$4:$D$4) -> 1.7670326 | E14: =RSQ(J14:M14,$A$4:$D$4) -> 0.82043398 | F14: =ABS(D14-1) -> 0.76703261 | G14: =AVERAGE(J14:M14) -> 0.29734916 | H14: =IF(O14<=30,"YES","") | J14: ='Precinct Vote Data'!H30 -> 0.34122563 | K14: ='Precinct Vote Data'!H31 -> 0.26248776 | L14: ='Precinct Vote Data'!H32 -> 0.29797378 | M14: ='Precinct Vote Data'!H33 -> 0.2877095 | N14: =F14+(1-E14) -> 0.94659863 | O14: =RANK(N14,$N$7:$N$414,1) -> 181 | Q14: =A14&"|"&B14&"|"&C14 -> Carbon|FRANKLIN|90
A15: Carbon | B15: FRANKLIN | C15: 100 | D15: =SLOPE(J15:M15,$A$4:$D$4) -> 0.7729713 | E15: =RSQ(J15:M15,$A$4:$D$4) -> 0.44960595 | F15: =ABS(D15-1) -> 0.2270287 | G15: =AVERAGE(J15:M15) -> 0.26630748 | H15: =IF(O15<=30,"YES","") | J15: ='Precinct Vote Data'!H34 -> 0.28700361 | K15: ='Precinct Vote Data'!H35 -> 0.24038462 | L15: ='Precinct Vote Data'!H36 -> 0.26616541 | M15: ='Precinct Vote Data'!H37 -> 0.2716763 | N15: =F15+(1-E15) -> 0.77742274 | O15: =RANK(N15,$N$7:$N$414,1) -> 153 | Q15: =A15&"|"&B15&"|"&C15 -> Carbon|FRANKLIN|100
A16: Carbon | B16: JIM THORPE | C16: 110 | D16: =SLOPE(J16:M16,$A$4:$D$4) -> 3.1041996 | E16: =RSQ(J16:M16,$A$4:$D$4) -> 0.93389102 | F16: =ABS(D16-1) -> 2.1041996 | G16: =AVERAGE(J16:M16) -> 0.46600686 | H16: =IF(O16<=30,"YES","") | J16: ='Precinct Vote Data'!H38 -> 0.545 | K16: ='Precinct Vote Data'!H39 -> 0.42463235 | L16: ='Precinct Vote Data'!H40 -> 0.45454545 | M16: ='Precinct Vote Data'!H41 -> 0.43984962 | N16: =F16+(1-E16) -> 2.1703086 | O16: =RANK(N16,$N$7:$N$414,1) -> 373 | Q16: =A16&"|"&B16&"|"&C16 -> Carbon|JIM THORPE|110
A17: Carbon | B17: JIM THORPE | C17: 120 | D17: =SLOPE(J17:M17,$A$4:$D$4) -> 0.7192759 | E17: =RSQ(J17:M17,$A$4:$D$4) -> 0.12993473 | F17: =ABS(D17-1) -> 0.2807241 | G17: =AVERAGE(J17:M17) -> 0.42099009 | H17: =IF(O17<=30,"YES","") | J17: ='Precinct Vote Data'!H42 -> 0.4296875 | K17: ='Precinct Vote Data'!H43 -> 0.37692308 | L17: ='Precinct Vote Data'!H44 -> 0.45791246 | M17: ='Precinct Vote Data'!H45 -> 0.41943734 | N17: =F17+(1-E17) -> 1.1507894 | O17: =RANK(N17,$N$7:$N$414,1) -> 220 | Q17: =A17&"|"&B17&"|"&C17 -> Carbon|JIM THORPE|120
A18: Carbon | B18: JIM THORPE | C18: 130 | D18: =SLOPE(J18:M18,$A$4:$D$4) -> 2.2150066 | E18: =RSQ(J18:M18,$A$4:$D$4) -> 0.93819159 | F18: =ABS(D18-1) -> 1.2150066 | G18: =AVERAGE(J18:M18) -> 0.40338453 | H18: =IF(O18<=30,"YES","") | J18: ='Precinct Vote Data'!H46 -> 0.46071429 | K18: ='Precinct Vote Data'!H47 -> 0.37964237 | L18: ='Precinct Vote Data'!H48 -> 0.3904 | M18: ='Precinct Vote Data'!H49 -> 0.38278146 | N18: =F18+(1-E18) -> 1.276815 | O18: =RANK(N18,$N$7:$N$414,1) -> 245 | Q18: =A18&"|"&B18&"|"&C18 -> Carbon|JIM THORPE|130
A19: Carbon | B19: JIM THORPE | C19: 140 | D19: =SLOPE(J19:M19,$A$4:$D$4) -> 1.9519208 | E19: =RSQ(J19:M19,$A$4:$D$4) -> 0.83580685 | F19: =ABS(D19-1) -> 0.95192077 | G19: =AVERAGE(J19:M19) -> 0.54653352 | H19: =IF(O19<=30,"YES","") | J19: ='Precinct Vote Data'!H50 -> 0.58590308 | K19: ='Precinct Vote Data'!H51 -> 0.52666667 | L19: ='Precinct Vote Data'!H52 -> 0.56626506 | M19: ='Precinct Vote Data'!H53 -> 0.50729927 | N19: =F19+(1-E19) -> 1.1161139 | O19: =RANK(N19,$N$7:$N$414,1) -> 212 | Q19: =A19&"|"&B19&"|"&C19 -> Carbon|JIM THORPE|140
A20: Carbon | B20: JIM THORPE | C20: 150 | D20: =SLOPE(J20:M20,$A$4:$D$4) -> 0.98972831 | E20: =RSQ(J20:M20,$A$4:$D$4) -> 0.19763676 | F20: =ABS(D20-1) -> 0.010271687 | G20: =AVERAGE(J20:M20) -> 0.44873174 | H20: =IF(O20<=30,"YES","") | J20: ='Precinct Vote Data'!H54 -> 0.46172249 | K20: ='Precinct Vote Data'!H55 -> 0.4025974 | L20: ='Precinct Vote Data'!H56 -> 0.49142857 | M20: ='Precinct Vote Data'!H57 -> 0.43917851 | N20: =F20+(1-E20) -> 0.81263493 | O20: =RANK(N20,$N$7:$N$414,1) -> 158 | Q20: =A20&"|"&B20&"|"&C20 -> Carbon|JIM THORPE|150
A21: Carbon | B21: KIDDER | C21: 160 | D21: =SLOPE(J21:M21,$A$4:$D$4) -> 0.93113236 | E21: =RSQ(J21:M21,$A$4:$D$4) -> 0.31215256 | F21: =ABS(D21-1) -> 0.068867644 | G21: =AVERAGE(J21:M21) -> 0.35838641 | H21: =IF(O21<=30,"YES","") | J21: ='Precinct Vote Data'!H58 -> 0.38497653 | K21: ='Precinct Vote Data'!H59 -> 0.32026144 | L21: ='Precinct Vote Data'!H60 -> 0.356 | M21: ='Precinct Vote Data'!H61 -> 0.37230769 | N21: =F21+(1-E21) -> 0.75671509 | O21: =RANK(N21,$N$7:$N$414,1) -> 149 | Q21: =A21&"|"&B21&"|"&C21 -> Carbon|KIDDER|160
A22: Carbon | B22: KIDDER | C22: 170 | D22: =SLOPE(J22:M22,$A$4:$D$4) -> 0.7441175 | E22: =RSQ(J22:M22,$A$4:$D$4) -> 0.61888586 | F22: =ABS(D22-1) -> 0.2558825 | G22: =AVERAGE(J22:M22) -> 0.31837026 | H22: =IF(O22<=30,"YES","") | J22: ='Precinct Vote Data'!H62 -> 0.33697632 | K22: ='Precinct Vote Data'!H63 -> 0.29811321 | L22: ='Precinct Vote Data'!H64 -> 0.32027257 | M22: ='Precinct Vote Data'!H65 -> 0.31811895 | N22: =F22+(1-E22) -> 0.63699665 | O22: =RANK(N22,$N$7:$N$414,1) -> 112 | Q22: =A22&"|"&B22&"|"&C22 -> Carbon|KIDDER|170
A23: Carbon | B23: LANSFORD | C23: 180 | D23: =SLOPE(J23:M23,$A$4:$D$4) -> 2.6886966 | E23: =RSQ(J23:M23,$A$4:$D$4) -> 0.80500609 | F23: =ABS(D23-1) -> 1.6886966 | G23: =AVERAGE(J23:M23) -> 0.42556737 | H23: =IF(O23<=30,"YES","") | J23: ='Precinct Vote Data'!H66 -> 0.49761905 | K23: ='Precinct Vote Data'!H67 -> 0.42307692 | L23: ='Precinct Vote Data'!H68 -> 0.39337474 | M23: ='Precinct Vote Data'!H69 -> 0.38819876 | N23: =F23+(1-E23) -> 1.8836905 | O23: =RANK(N23,$N$7:$N$414,1) -> 335 | Q23: =A23&"|"&B23&"|"&C23 -> Carbon|LANSFORD|180
A24: Carbon | B24: LANSFORD | C24: 190 | D24: =SLOPE(J24:M24,$A$4:$D$4) -> 2.0736805 | E24: =RSQ(J24:M24,$A$4:$D$4) -> 0.98920698 | F24: =ABS(D24-1) -> 1.0736805 | G24: =AVERAGE(J24:M24) -> 0.4247605 | H24: =IF(O24<=30,"YES","") | J24: ='Precinct Vote Data'!H70 -> 0.47311828 | K24: ='Precinct Vote Data'!H71 -> 0.40963855 | L24: ='Precinct Vote Data'!H72 -> 0.42508711 | M24: ='Precinct Vote Data'!H73 -> 0.39119804 | N24: =F24+(1-E24) -> 1.0844735 | O24: =RANK(N24,$N$7:$N$414,1) -> 205 | Q24: =A24&"|"&B24&"|"&C24 -> Carbon|LANSFORD|190
A25: Carbon | B25: LANSFORD | C25: 200 | D25: =SLOPE(J25:M25,$A$4:$D$4) -> 2.591223 | E25: =RSQ(J25:M25,$A$4:$D$4) -> 0.93902703 | F25: =ABS(D25-1) -> 1.591223 | G25: =AVERAGE(J25:M25) -> 0.45485201 | H25: =IF(O25<=30,"YES","") | J25: ='Precinct Vote Data'!H74 -> 0.51121076 | K25: ='Precinct Vote Data'!H75 -> 0.42818428 | L25: ='Precinct Vote Data'!H76 -> 0.46956522 | M25: ='Precinct Vote Data'!H77 -> 0.41044776 | N25: =F25+(1-E25) -> 1.6521959 | O25: =RANK(N25,$N$7:$N$414,1) -> 305 | Q25: =A25&"|"&B25&"|"&C25 -> Carbon|LANSFORD|200
A26: Carbon | B26: LAUSANNE | C26: 210 | D26: =SLOPE(J26:M26,$A$4:$D$4) -> 1.4676951 | E26: =RSQ(J26:M26,$A$4:$D$4) -> 0.73663484 | F26: =ABS(D26-1) -> 0.4676951 | G26: =AVERAGE(J26:M26) -> 0.30063256 | H26: =IF(O26<=30,"YES","") | J26: ='Precinct Vote Data'!H78 -> 0.32954545 | K26: ='Precinct Vote Data'!H79 -> 0.29787234 | L26: ='Precinct Vote Data'!H80 -> 0.31304348 | M26: ='Precinct Vote Data'!H81 -> 0.26206897 | N26: =F26+(1-E26) -> 0.73106027 | O26: =RANK(N26,$N$7:$N$414,1) -> 142 | Q26: =A26&"|"&B26&"|"&C26 -> Carbon|LAUSANNE|210
A27: Carbon | B27: LEHIGH | C27: 220 | D27: =SLOPE(J27:M27,$A$4:$D$4) -> -0.026617988 | E27: =RSQ(J27:M27,$A$4:$D$4) -> 0.0011460002 | F27: =ABS(D27-1) -> 1.026618 | G27: =AVERAGE(J27:M27) -> 0.20363956 | H27: =IF(O27<=30,"YES","") | J27: ='Precinct Vote Data'!H82 -> 0.20098039 | K27: ='Precinct Vote Data'!H83 -> 0.18613139 | L27: ='Precinct Vote Data'!H84 -> 0.21576763 | M27: ='Precinct Vote Data'!H85 -> 0.21167883 | N27: =F27+(1-E27) -> 2.025472 | O27: =RANK(N27,$N$7:$N$414,1) -> 354 | Q27: =A27&"|"&B27&"|"&C27 -> Carbon|LEHIGH|220
A28: Carbon | B28: LEHIGHTON | C28: 230 | D28: =SLOPE(J28:M28,$A$4:$D$4) -> 1.9047904 | E28: =RSQ(J28:M28,$A$4:$D$4) -> 0.8202949 | F28: =ABS(D28-1) -> 0.90479044 | G28: =AVERAGE(J28:M28) -> 0.40762005 | H28: =IF(O28<=30,"YES","") | J28: ='Precinct Vote Data'!H86 -> 0.45381526 | K28: ='Precinct Vote Data'!H87 -> 0.36934673 | L28: ='Precinct Vote Data'!H88 -> 0.41166078 | M28: ='Precinct Vote Data'!H89 -> 0.39565742 | N28: =F28+(1-E28) -> 1.0844955 | O28: =RANK(N28,$N$7:$N$414,1) -> 206 | Q28: =A28&"|"&B28&"|"&C28 -> Carbon|LEHIGHTON|230
A29: Carbon | B29: LEHIGHTON | C29: 240 | D29: =SLOPE(J29:M29,$A$4:$D$4) -> 1.537103 | E29: =RSQ(J29:M29,$A$4:$D$4) -> 0.51059965 | F29: =ABS(D29-1) -> 0.53710301 | G29: =AVERAGE(J29:M29) -> 0.42278506 | H29: =IF(O29<=30,"YES","") | J29: ='Precinct Vote Data'!H90 -> 0.44857768 | K29: ='Precinct Vote Data'!H91 -> 0.39007092 | L29: ='Precinct Vote Data'!H92 -> 0.45920304 | M29: ='Precinct Vote Data'!H93 -> 0.39328859 | N29: =F29+(1-E29) -> 1.0265034 | O29: =RANK(N29,$N$7:$N$414,1) -> 194 | Q29: =A29&"|"&B29&"|"&C29 -> Carbon|LEHIGHTON|240
A30: Carbon | B30: LEHIGHTON | C30: 250 | D30: =SLOPE(J30:M30,$A$4:$D$4) -> 3.4186147 | E30: =RSQ(J30:M30,$A$4:$D$4) -> 0.93470563 | F30: =ABS(D30-1) -> 2.4186147 | G30: =AVERAGE(J30:M30) -> 0.41496775 | H30: =IF(O30<=30,"YES","") | J30: ='Precinct Vote Data'!H94 -> 0.49478079 | K30: ='Precinct Vote Data'!H95 -> 0.36266667 | L30: ='Precinct Vote Data'!H96 -> 0.42508711 | M30: ='Precinct Vote Data'!H97 -> 0.37733645 | N30: =F30+(1-E30) -> 2.483909 | O30: =RANK(N30,$N$7:$N$414,1) -> 389 | Q30: =A30&"|"&B30&"|"&C30 -> Carbon|LEHIGHTON|250
A31: Carbon | B31: LOWER TOWAMENSING | C31: 260 | D31: =SLOPE(J31:M31,$A$4:$D$4) -> 2.1913032 | E31: =RSQ(J31:M31,$A$4:$D$4) -> 0.99358925 | F31: =ABS(D31-1) -> 1.1913032 | G31: =AVERAGE(J31:M31) -> 0.30488811 | H31: =IF(O31<=30,"YES","") | J31: ='Precinct Vote Data'!H98 -> 0.35569423 | K31: ='Precinct Vote Data'!H99 -> 0.28385155 | L31: ='Precinct Vote Data'!H100 -> 0.30788486 | M31: ='Precinct Vote Data'!H101 -> 0.27212179 | N31: =F31+(1-E31) -> 1.1977139 | O31: =RANK(N31,$N$7:$N$414,1) -> 233 | Q31: =A31&"|"&B31&"|"&C31 -> Carbon|LOWER TOWAMENSING|260
A32: Carbon | B32: LOWER TOWAMENSING | C32: 265 | D32: =SLOPE(J32:M32,$A$4:$D$4) -> 2.2842529 | E32: =RSQ(J32:M32,$A$4:$D$4) -> 0.99840579 | F32: =ABS(D32-1) -> 1.2842529 | G32: =AVERAGE(J32:M32) -> 0.33554407 | H32: =IF(O32<=30,"YES","") | J32: ='Precinct Vote Data'!H102 -> 0.38926174 | K32: ='Precinct Vote Data'!H103 -> 0.31402439 | L32: ='Precinct Vote Data'!H104 -> 0.33638026 | M32: ='Precinct Vote Data'!H105 -> 0.30250991 | N32: =F32+(1-E32) -> 1.2858471 | O32: =RANK(N32,$N$7:$N$414,1) -> 249 | Q32: =A32&"|"&B32&"|"&C32 -> Carbon|LOWER TOWAMENSING|265
A33: Carbon | B33: MAHONING | C33: 270 | D33: =SLOPE(J33:M33,$A$4:$D$4) -> 1.8329929 | E33: =RSQ(J33:M33,$A$4:$D$4) -> 0.78097411 | F33: =ABS(D33-1) -> 0.83299288 | G33: =AVERAGE(J33:M33) -> 0.31500467 | H33: =IF(O33<=30,"YES","") | J33: ='Precinct Vote Data'!H106 -> 0.35776805 | K33: ='Precinct Vote Data'!H107 -> 0.27539683 | L33: ='Precinct Vote Data'!H108 -> 0.32467532 | M33: ='Precinct Vote Data'!H109 -> 0.3021785 | N33: =F33+(1-E33) -> 1.0520188 | O33: =RANK(N33,$N$7:$N$414,1) -> 199 | Q33: =A33&"|"&B33&"|"&C33 -> Carbon|MAHONING|270
A34: Carbon | B34: MAHONING | C34: 280 | D34: =SLOPE(J34:M34,$A$4:$D$4) -> 1.4837734 | E34: =RSQ(J34:M34,$A$4:$D$4) -> 0.6627649 | F34: =ABS(D34-1) -> 0.48377335 | G34: =AVERAGE(J34:M34) -> 0.2590415 | H34: =IF(O34<=30,"YES","") | J34: ='Precinct Vote Data'!H110 -> 0.296875 | K34: ='Precinct Vote Data'!H111 -> 0.22176591 | L34: ='Precinct Vote Data'!H112 -> 0.2596401 | M34: ='Precinct Vote Data'!H113 -> 0.25788497 | N34: =F34+(1-E34) -> 0.82100845 | O34: =RANK(N34,$N$7:$N$414,1) -> 160 | Q34: =A34&"|"&B34&"|"&C34 -> Carbon|MAHONING|280
A35: Carbon | B35: MAHONING | C35: 290 | D35: =SLOPE(J35:M35,$A$4:$D$4) -> 2.286789 | E35: =RSQ(J35:M35,$A$4:$D$4) -> 0.96780372 | F35: =ABS(D35-1) -> 1.286789 | G35: =AVERAGE(J35:M35) -> 0.31601973 | H35: =IF(O35<=30,"YES","") | J35: ='Precinct Vote Data'!H114 -> 0.37288136 | K35: ='Precinct Vote Data'!H115 -> 0.288 | L35: ='Precinct Vote Data'!H116 -> 0.31045752 | M35: ='Precinct Vote Data'!H117 -> 0.29274005 | N35: =F35+(1-E35) -> 1.3189853 | O35: =RANK(N35,$N$7:$N$414,1) -> 254 | Q35: =A35&"|"&B35&"|"&C35 -> Carbon|MAHONING|290
A36: Carbon | B36: NESQUEHONING | C36: 300 | D36: =SLOPE(J36:M36,$A$4:$D$4) -> 2.5848428 | E36: =RSQ(J36:M36,$A$4:$D$4) -> 0.90661943 | F36: =ABS(D36-1) -> 1.5848428 | G36: =AVERAGE(J36:M36) -> 0.41967903 | H36: =IF(O36<=30,"YES","") | J36: ='Precinct Vote Data'!H118 -> 0.47695391 | K36: ='Precinct Vote Data'!H119 -> 0.38035961 | L36: ='Precinct Vote Data'!H120 -> 0.43594306 | M36: ='Precinct Vote Data'!H121 -> 0.38545953 | N36: =F36+(1-E36) -> 1.6782234 | O36: =RANK(N36,$N$7:$N$414,1) -> 311 | Q36: =A36&"|"&B36&"|"&C36 -> Carbon|NESQUEHONING|300
A37: Carbon | B37: NESQUEHONING | C37: 310 | D37: =SLOPE(J37:M37,$A$4:$D$4) -> 2.7966339 | E37: =RSQ(J37:M37,$A$4:$D$4) -> 0.87013198 | F37: =ABS(D37-1) -> 1.7966339 | G37: =AVERAGE(J37:M37) -> 0.40443313 | H37: =IF(O37<=30,"YES","") | J37: ='Precinct Vote Data'!H122 -> 0.47897623 | K37: ='Precinct Vote Data'!H123 -> 0.36732187 | L37: ='Precinct Vote Data'!H124 -> 0.38449367 | M37: ='Precinct Vote Data'!H125 -> 0.38694075 | N37: =F37+(1-E37) -> 1.9265019 | O37: =RANK(N37,$N$7:$N$414,1) -> 339 | Q37: =A37&"|"&B37&"|"&C37 -> Carbon|NESQUEHONING|310
A38: Carbon | B38: PACKER | C38: 320 | D38: =SLOPE(J38:M38,$A$4:$D$4) -> 1.0145453 | E38: =RSQ(J38:M38,$A$4:$D$4) -> 0.37701785 | F38: =ABS(D38-1) -> 0.014545314 | G38: =AVERAGE(J38:M38) -> 0.19690165 | H38: =IF(O38<=30,"YES","") | J38: ='Precinct Vote Data'!H126 -> 0.22981366 | K38: ='Precinct Vote Data'!H127 -> 0.1703125 | L38: ='Precinct Vote Data'!H128 -> 0.17777778 | M38: ='Precinct Vote Data'!H129 -> 0.20970266 | N38: =F38+(1-E38) -> 0.63752746 | O38: =RANK(N38,$N$7:$N$414,1) -> 114 | Q38: =A38&"|"&B38&"|"&C38 -> Carbon|PACKER|320
A39: Carbon | B39: PALMERTON | C39: 330 | D39: =SLOPE(J39:M39,$A$4:$D$4) -> 1.2504535 | E39: =RSQ(J39:M39,$A$4:$D$4) -> 0.85070542 | F39: =ABS(D39-1) -> 0.25045354 | G39: =AVERAGE(J39:M39) -> 0.34568518 | H39: =IF(O39<=30,"YES","") | J39: ='Precinct Vote Data'!H130 -> 0.37333333 | K39: ='Precinct Vote Data'!H131 -> 0.32329085 | L39: ='Precinct Vote Data'!H132 -> 0.35493373 | M39: ='Precinct Vote Data'!H133 -> 0.3311828 | N39: =F39+(1-E39) -> 0.39974812 | O39: =RANK(N39,$N$7:$N$414,1) -> 55 | Q39: =A39&"|"&B39&"|"&C39 -> Carbon|PALMERTON|330
A40: Carbon | B40: PALMERTON | C40: 340 | D40: =SLOPE(J40:M40,$A$4:$D$4) -> 1.9667065 | E40: =RSQ(J40:M40,$A$4:$D$4) -> 0.77071238 | F40: =ABS(D40-1) -> 0.9667065 | G40: =AVERAGE(J40:M40) -> 0.40385025 | H40: =IF(O40<=30,"YES","") | J40: ='Precinct Vote Data'!H134 -> 0.44810745 | K40: ='Precinct Vote Data'!H135 -> 0.36141732 | L40: ='Precinct Vote Data'!H136 -> 0.41880342 | M40: ='Precinct Vote Data'!H137 -> 0.38707281 | N40: =F40+(1-E40) -> 1.1959941 | O40: =RANK(N40,$N$7:$N$414,1) -> 231 | Q40: =A40&"|"&B40&"|"&C40 -> Carbon|PALMERTON|340
A41: Carbon | B41: PALMERTON | C41: 350 | D41: =SLOPE(J41:M41,$A$4:$D$4) -> 1.7213655 | E41: =RSQ(J41:M41,$A$4:$D$4) -> 0.72603913 | F41: =ABS(D41-1) -> 0.72136551 | G41: =AVERAGE(J41:M41) -> 0.34836005 | H41: =IF(O41<=30,"YES","") | J41: ='Precinct Vote Data'!H138 -> 0.3902439 | K41: ='Precinct Vote Data'!H139 -> 0.30788177 | L41: ='Precinct Vote Data'!H140 -> 0.3537415 | M41: ='Precinct Vote Data'!H141 -> 0.34157303 | N41: =F41+(1-E41) -> 0.99532638 | O41: =RANK(N41,$N$7:$N$414,1) -> 190 | Q41: =A41&"|"&B41&"|"&C41 -> Carbon|PALMERTON|350
A42: Carbon | B42: PARRYVILLE | C42: 360 | D42: =SLOPE(J42:M42,$A$4:$D$4) -> 1.0692624 | E42: =RSQ(J42:M42,$A$4:$D$4) -> 0.21430559 | F42: =ABS(D42-1) -> 0.069262434 | G42: =AVERAGE(J42:M42) -> 0.28623541 | H42: =IF(O42<=30,"YES","") | J42: ='Precinct Vote Data'!H142 -> 0.32121212 | K42: ='Precinct Vote Data'!H143 -> 0.23744292 | L42: ='Precinct Vote Data'!H144 -> 0.27272727 | M42: ='Precinct Vote Data'!H145 -> 0.31355932 | N42: =F42+(1-E42) -> 0.85495685 | O42: =RANK(N42,$N$7:$N$414,1) -> 164 | Q42: =A42&"|"&B42&"|"&C42 -> Carbon|PARRYVILLE|360
A43: Carbon | B43: PENN FOREST | C43: 370 | D43: =SLOPE(J43:M43,$A$4:$D$4) -> 0.9301035 | E43: =RSQ(J43:M43,$A$4:$D$4) -> 0.62116589 | F43: =ABS(D43-1) -> 0.069896502 | G43: =AVERAGE(J43:M43) -> 0.36158908 | H43: =IF(O43<=30,"YES","") | J43: ='Precinct Vote Data'!H146 -> 0.38814016 | K43: ='Precinct Vote Data'!H147 -> 0.34173669 | L43: ='Precinct Vote Data'!H148 -> 0.35267857 | M43: ='Precinct Vote Data'!H149 -> 0.36380091 | N43: =F43+(1-E43) -> 0.44873061 | O43: =RANK(N43,$N$7:$N$414,1) -> 62 | Q43: =A43&"|"&B43&"|"&C43 -> Carbon|PENN FOREST|370
A44: Carbon | B44: PENN FOREST | C44: 373 | D44: =SLOPE(J44:M44,$A$4:$D$4) -> 1.9681856 | E44: =RSQ(J44:M44,$A$4:$D$4) -> 0.85492536 | F44: =ABS(D44-1) -> 0.96818559 | G44: =AVERAGE(J44:M44) -> 0.33280241 | H44: =IF(O44<=30,"YES","") | J44: ='Precinct Vote Data'!H150 -> 0.38644918 | K44: ='Precinct Vote Data'!H151 -> 0.31613977 | L44: ='Precinct Vote Data'!H152 -> 0.3120155 | M44: ='Precinct Vote Data'!H153 -> 0.31660517 | N44: =F44+(1-E44) -> 1.1132602 | O44: =RANK(N44,$N$7:$N$414,1) -> 210 | Q44: =A44&"|"&B44&"|"&C44 -> Carbon|PENN FOREST|373
A45: Carbon | B45: PENN FOREST | C45: 375 | D45: =SLOPE(J45:M45,$A$4:$D$4) -> 1.453212 | E45: =RSQ(J45:M45,$A$4:$D$4) -> 0.76998013 | F45: =ABS(D45-1) -> 0.453212 | G45: =AVERAGE(J45:M45) -> 0.40495123 | H45: =IF(O45<=30,"YES","") | J45: ='Precinct Vote Data'!H154 -> 0.44296296 | K45: ='Precinct Vote Data'!H155 -> 0.4079646 | L45: ='Precinct Vote Data'!H156 -> 0.38861985 | M45: ='Precinct Vote Data'!H157 -> 0.38025751 | N45: =F45+(1-E45) -> 0.68323187 | O45: =RANK(N45,$N$7:$N$414,1) -> 124 | Q45: =A45&"|"&B45&"|"&C45 -> Carbon|PENN FOREST|375
A46: Carbon | B46: PENN FOREST | C46: 377 | D46: =SLOPE(J46:M46,$A$4:$D$4) -> 1.0790417 | E46: =RSQ(J46:M46,$A$4:$D$4) -> 0.90262817 | F46: =ABS(D46-1) -> 0.079041735 | G46: =AVERAGE(J46:M46) -> 0.38216774 | H46: =IF(O46<=30,"YES","") -> YES | J46: ='Precinct Vote Data'!H158 -> 0.40631164 | K46: ='Precinct Vote Data'!H159 -> 0.37910085 | L46: ='Precinct Vote Data'!H160 -> 0.38349515 | M46: ='Precinct Vote Data'!H161 -> 0.35976331 | N46: =F46+(1-E46) -> 0.17641357 | O46: =RANK(N46,$N$7:$N$414,1) -> 9 | Q46: =A46&"|"&B46&"|"&C46 -> Carbon|PENN FOREST|377
A47: Carbon | B47: PENN FOREST | C47: 379 | D47: =SLOPE(J47:M47,$A$4:$D$4) -> 1.6651504 | E47: =RSQ(J47:M47,$A$4:$D$4) -> 0.9777191 | F47: =ABS(D47-1) -> 0.66515037 | G47: =AVERAGE(J47:M47) -> 0.39529621 | H47: =IF(O47<=30,"YES","") | J47: ='Precinct Vote Data'!H162 -> 0.43349754 | K47: ='Precinct Vote Data'!H163 -> 0.38393574 | L47: ='Precinct Vote Data'!H164 -> 0.39705882 | M47: ='Precinct Vote Data'!H165 -> 0.36669273 | N47: =F47+(1-E47) -> 0.68743127 | O47: =RANK(N47,$N$7:$N$414,1) -> 127 | Q47: =A47&"|"&B47&"|"&C47 -> Carbon|PENN FOREST|379
A48: Carbon | B48: SUMMIT HILL | C48: 380 | D48: =SLOPE(J48:M48,$A$4:$D$4) -> 3.3170762 | E48: =RSQ(J48:M48,$A$4:$D$4) -> 0.98187863 | F48: =ABS(D48-1) -> 2.3170762 | G48: =AVERAGE(J48:M48) -> 0.49030896 | H48: =IF(O48<=30,"YES","") | J48: ='Precinct Vote Data'!H166 -> 0.57295374 | K48: ='Precinct Vote Data'!H167 -> 0.45691906 | L48: ='Precinct Vote Data'!H168 -> 0.47916667 | M48: ='Precinct Vote Data'!H169 -> 0.45219638 | N48: =F48+(1-E48) -> 2.3351976 | O48: =RANK(N48,$N$7:$N$414,1) -> 383 | Q48: =A48&"|"&B48&"|"&C48 -> Carbon|SUMMIT HILL|380
A49: Carbon | B49: SUMMIT HILL | C49: 390 | D49: =SLOPE(J49:M49,$A$4:$D$4) -> 2.5243972 | E49: =RSQ(J49:M49,$A$4:$D$4) -> 0.92615966 | F49: =ABS(D49-1) -> 1.5243972 | G49: =AVERAGE(J49:M49) -> 0.50515931 | H49: =IF(O49<=30,"YES","") | J49: ='Precinct Vote Data'!H170 -> 0.56146179 | K49: ='Precinct Vote Data'!H171 -> 0.46891192 | L49: ='Precinct Vote Data'!H172 -> 0.51923077 | M49: ='Precinct Vote Data'!H173 -> 0.47103275 | N49: =F49+(1-E49) -> 1.5982376 | O49: =RANK(N49,$N$7:$N$414,1) -> 297 | Q49: =A49&"|"&B49&"|"&C49 -> Carbon|SUMMIT HILL|390
A50: Carbon | B50: SUMMIT HILL | C50: 400 | D50: =SLOPE(J50:M50,$A$4:$D$4) -> 3.0926178 | E50: =RSQ(J50:M50,$A$4:$D$4) -> 0.8781291 | F50: =ABS(D50-1) -> 2.0926178 | G50: =AVERAGE(J50:M50) -> 0.41665918 | H50: =IF(O50<=30,"YES","") | J50: ='Precinct Vote Data'!H174 -> 0.49378882 | K50: ='Precinct Vote Data'!H175 -> 0.36324786 | L50: ='Precinct Vote Data'!H176 -> 0.4140625 | M50: ='Precinct Vote Data'!H177 -> 0.39553753 | N50: =F50+(1-E50) -> 2.2144887 | O50: =RANK(N50,$N$7:$N$414,1) -> 377 | Q50: =A50&"|"&B50&"|"&C50 -> Carbon|SUMMIT HILL|400
A51: Carbon | B51: SUMMIT HILL | C51: 410 | D51: =SLOPE(J51:M51,$A$4:$D$4) -> 0.85989567 | E51: =RSQ(J51:M51,$A$4:$D$4) -> 0.19819875 | F51: =ABS(D51-1) -> 0.14010433 | G51: =AVERAGE(J51:M51) -> 0.35453097 | H51: =IF(O51<=30,"YES","") | J51: ='Precinct Vote Data'!H178 -> 0.36637931 | K51: ='Precinct Vote Data'!H179 -> 0.31333333 | L51: ='Precinct Vote Data'!H180 -> 0.39043825 | M51: ='Precinct Vote Data'!H181 -> 0.34797297 | N51: =F51+(1-E51) -> 0.94190558 | O51: =RANK(N51,$N$7:$N$414,1) -> 180 | Q51: =A51&"|"&B51&"|"&C51 -> Carbon|SUMMIT HILL|410
A52: Carbon | B52: TOWAMENSING | C52: 420 | D52: =SLOPE(J52:M52,$A$4:$D$4) -> 1.0381927 | E52: =RSQ(J52:M52,$A$4:$D$4) -> 0.51362855 | F52: =ABS(D52-1) -> 0.038192678 | G52: =AVERAGE(J52:M52) -> 0.31391046 | H52: =IF(O52<=30,"YES","") | J52: ='Precinct Vote Data'!H182 -> 0.34615385 | K52: ='Precinct Vote Data'!H183 -> 0.29445727 | L52: ='Precinct Vote Data'!H184 -> 0.29561528 | M52: ='Precinct Vote Data'!H185 -> 0.31941545 | N52: =F52+(1-E52) -> 0.52456413 | O52: =RANK(N52,$N$7:$N$414,1) -> 86 | Q52: =A52&"|"&B52&"|"&C52 -> Carbon|TOWAMENSING|420
A53: Carbon | B53: TOWAMENSING | C53: 430 | D53: =SLOPE(J53:M53,$A$4:$D$4) -> 2.7160154 | E53: =RSQ(J53:M53,$A$4:$D$4) -> 0.9540021 | F53: =ABS(D53-1) -> 1.7160154 | G53: =AVERAGE(J53:M53) -> 0.28794684 | H53: =IF(O53<=30,"YES","") | J53: ='Precinct Vote Data'!H186 -> 0.3557377 | K53: ='Precinct Vote Data'!H187 -> 0.25220264 | L53: ='Precinct Vote Data'!H188 -> 0.28150134 | M53: ='Precinct Vote Data'!H189 -> 0.26234568 | N53: =F53+(1-E53) -> 1.7620133 | O53: =RANK(N53,$N$7:$N$414,1) -> 323 | Q53: =A53&"|"&B53&"|"&C53 -> Carbon|TOWAMENSING|430
A54: Carbon | B54: TOWAMENSING | C54: 435 | D54: =SLOPE(J54:M54,$A$4:$D$4) -> 1.6905814 | E54: =RSQ(J54:M54,$A$4:$D$4) -> 0.95059985 | F54: =ABS(D54-1) -> 0.69058141 | G54: =AVERAGE(J54:M54) -> 0.30716035 | H54: =IF(O54<=30,"YES","") | J54: ='Precinct Vote Data'!H190 -> 0.34920635 | K54: ='Precinct Vote Data'!H191 -> 0.28418549 | L54: ='Precinct Vote Data'!H192 -> 0.30383481 | M54: ='Precinct Vote Data'!H193 -> 0.29141475 | N54: =F54+(1-E54) -> 0.73998156 | O54: =RANK(N54,$N$7:$N$414,1) -> 144 | Q54: =A54&"|"&B54&"|"&C54 -> Carbon|TOWAMENSING|435
A55: Carbon | B55: WEATHERLY | C55: 440 | D55: =SLOPE(J55:M55,$A$4:$D$4) -> 1.0072877 | E55: =RSQ(J55:M55,$A$4:$D$4) -> 0.39160712 | F55: =ABS(D55-1) -> 0.0072877032 | G55: =AVERAGE(J55:M55) -> 0.2946547 | H55: =IF(O55<=30,"YES","") | J55: ='Precinct Vote Data'!H194 -> 0.32678571 | K55: ='Precinct Vote Data'!H195 -> 0.26770708 | L55: ='Precinct Vote Data'!H196 -> 0.27740864 | M55: ='Precinct Vote Data'!H197 -> 0.30671736 | N55: =F55+(1-E55) -> 0.61568058 | O55: =RANK(N55,$N$7:$N$414,1) -> 109 | Q55: =A55&"|"&B55&"|"&C55 -> Carbon|WEATHERLY|440
A56: Carbon | B56: WEATHERLY | C56: 450 | D56: =SLOPE(J56:M56,$A$4:$D$4) -> 1.4416968 | E56: =RSQ(J56:M56,$A$4:$D$4) -> 0.84860443 | F56: =ABS(D56-1) -> 0.44169676 | G56: =AVERAGE(J56:M56) -> 0.2743493 | H56: =IF(O56<=30,"YES","") | J56: ='Precinct Vote Data'!H198 -> 0.31358885 | K56: ='Precinct Vote Data'!H199 -> 0.25773196 | L56: ='Precinct Vote Data'!H200 -> 0.26086957 | M56: ='Precinct Vote Data'!H201 -> 0.26520681 | N56: =F56+(1-E56) -> 0.59309233 | O56: =RANK(N56,$N$7:$N$414,1) -> 103 | Q56: =A56&"|"&B56&"|"&C56 -> Carbon|WEATHERLY|450
A57: Carbon | B57: WEISSPORT | C57: 460 | D57: =SLOPE(J57:M57,$A$4:$D$4) -> 3.7191489 | E57: =RSQ(J57:M57,$A$4:$D$4) -> 0.87604513 | F57: =ABS(D57-1) -> 2.7191489 | G57: =AVERAGE(J57:M57) -> 0.43281527 | H57: =IF(O57<=30,"YES","") | J57: ='Precinct Vote Data'!H202 -> 0.51020408 | K57: ='Precinct Vote Data'!H203 -> 0.40522876 | L57: ='Precinct Vote Data'!H204 -> 0.46 | M57: ='Precinct Vote Data'!H205 -> 0.35582822 | N57: =F57+(1-E57) -> 2.8431038 | O57: =RANK(N57,$N$7:$N$414,1) -> 399 | Q57: =A57&"|"&B57&"|"&C57 -> Carbon|WEISSPORT|460
A58: Lehigh | B58: ALBURTIS | C58: 10 | D58: =SLOPE(J58:M58,$A$4:$D$4) -> 2.1444655 | E58: =RSQ(J58:M58,$A$4:$D$4) -> 0.94166253 | F58: =ABS(D58-1) -> 1.1444655 | G58: =AVERAGE(J58:M58) -> 0.48055533 | H58: =IF(O58<=30,"YES","") | J58: ='Precinct Vote Data'!H206 -> 0.52790698 | K58: ='Precinct Vote Data'!H207 -> 0.46700508 | L58: ='Precinct Vote Data'!H208 -> 0.48766041 | M58: ='Precinct Vote Data'!H209 -> 0.43964887 | N58: =F58+(1-E58) -> 1.202803 | O58: =RANK(N58,$N$7:$N$414,1) -> 234 | Q58: =A58&"|"&B58&"|"&C58 -> Lehigh|ALBURTIS|10
A59: Lehigh | B59: ALLENTOWN | C59: 20 | D59: =SLOPE(J59:M59,$A$4:$D$4) -> 4.5610166 | E59: =RSQ(J59:M59,$A$4:$D$4) -> 0.89014325 | F59: =ABS(D59-1) -> 3.5610166 | G59: =AVERAGE(J59:M59) -> 0.80712108 | H59: =IF(O59<=30,"YES","") | J59: ='Precinct Vote Data'!H210 -> 0.91538462 | K59: ='Precinct Vote Data'!H211 -> 0.80273141 | L59: ='Precinct Vote Data'!H212 -> 0.79207921 | M59: ='Precinct Vote Data'!H213 -> 0.71828909 | N59: =F59+(1-E59) -> 3.6708733 | O59: =RANK(N59,$N$7:$N$414,1) -> 408 | Q59: =A59&"|"&B59&"|"&C59 -> Lehigh|ALLENTOWN|20
A60: Lehigh | B60: ALLENTOWN | C60: 30 | D60: =SLOPE(J60:M60,$A$4:$D$4) -> 3.8348365 | E60: =RSQ(J60:M60,$A$4:$D$4) -> 0.91089602 | F60: =ABS(D60-1) -> 2.8348365 | G60: =AVERAGE(J60:M60) -> 0.77544728 | H60: =IF(O60<=30,"YES","") | J60: ='Precinct Vote Data'!H214 -> 0.86254296 | K60: ='Precinct Vote Data'!H215 -> 0.76510067 | L60: ='Precinct Vote Data'!H216 -> 0.77631579 | M60: ='Precinct Vote Data'!H217 -> 0.69782972 | N60: =F60+(1-E60) -> 2.9239404 | O60: =RANK(N60,$N$7:$N$414,1) -> 402 | Q60: =A60&"|"&B60&"|"&C60 -> Lehigh|ALLENTOWN|30
A61: Lehigh | B61: ALLENTOWN | C61: 40 | D61: =SLOPE(J61:M61,$A$4:$D$4) -> 3.6800042 | E61: =RSQ(J61:M61,$A$4:$D$4) -> 0.82180197 | F61: =ABS(D61-1) -> 2.6800042 | G61: =AVERAGE(J61:M61) -> 0.7981623 | H61: =IF(O61<=30,"YES","") | J61: ='Precinct Vote Data'!H218 -> 0.87172775 | K61: ='Precinct Vote Data'!H219 -> 0.76623377 | L61: ='Precinct Vote Data'!H220 -> 0.83524027 | M61: ='Precinct Vote Data'!H221 -> 0.7194474 | N61: =F61+(1-E61) -> 2.8582022 | O61: =RANK(N61,$N$7:$N$414,1) -> 400 | Q61: =A61&"|"&B61&"|"&C61 -> Lehigh|ALLENTOWN|40
A62: Lehigh | B62: ALLENTOWN | C62: 50 | D62: =SLOPE(J62:M62,$A$4:$D$4) -> 3.1313727 | E62: =RSQ(J62:M62,$A$4:$D$4) -> 0.73016374 | F62: =ABS(D62-1) -> 2.1313727 | G62: =AVERAGE(J62:M62) -> 0.75111201 | H62: =IF(O62<=30,"YES","") | J62: ='Precinct Vote Data'!H222 -> 0.82156134 | K62: ='Precinct Vote Data'!H223 -> 0.76498801 | L62: ='Precinct Vote Data'!H224 -> 0.74568966 | M62: ='Precinct Vote Data'!H225 -> 0.67220903 | N62: =F62+(1-E62) -> 2.401209 | O62: =RANK(N62,$N$7:$N$414,1) -> 386 | Q62: =A62&"|"&B62&"|"&C62 -> Lehigh|ALLENTOWN|50
A63: Lehigh | B63: ALLENTOWN | C63: 60 | D63: =SLOPE(J63:M63,$A$4:$D$4) -> 2.3710418 | E63: =RSQ(J63:M63,$A$4:$D$4) -> 0.80308125 | F63: =ABS(D63-1) -> 1.3710418 | G63: =AVERAGE(J63:M63) -> 0.8009843 | H63: =IF(O63<=30,"YES","") | J63: ='Precinct Vote Data'!H226 -> 0.85498489 | K63: ='Precinct Vote Data'!H227 -> 0.80555556 | L63: ='Precinct Vote Data'!H228 -> 0.79715302 | M63: ='Precinct Vote Data'!H229 -> 0.74624374 | N63: =F63+(1-E63) -> 1.5679605 | O63: =RANK(N63,$N$7:$N$414,1) -> 289 | Q63: =A63&"|"&B63&"|"&C63 -> Lehigh|ALLENTOWN|60
A64: Lehigh | B64: ALLENTOWN | C64: 70 | D64: =SLOPE(J64:M64,$A$4:$D$4) -> 4.1917632 | E64: =RSQ(J64:M64,$A$4:$D$4) -> 0.61995154 | F64: =ABS(D64-1) -> 3.1917632 | G64: =AVERAGE(J64:M64) -> 0.74115429 | H64: =IF(O64<=30,"YES","") | J64: ='Precinct Vote Data'!H230 -> 0.82673267 | K64: ='Precinct Vote Data'!H231 -> 0.76666667 | L64: ='Precinct Vote Data'!H232 -> 0.75609756 | M64: ='Precinct Vote Data'!H233 -> 0.61512027 | N64: =F64+(1-E64) -> 3.5718116 | O64: =RANK(N64,$N$7:$N$414,1) -> 407 | Q64: =A64&"|"&B64&"|"&C64 -> Lehigh|ALLENTOWN|70
A65: Lehigh | B65: ALLENTOWN | C65: 80 | D65: =SLOPE(J65:M65,$A$4:$D$4) -> 3.1509497 | E65: =RSQ(J65:M65,$A$4:$D$4) -> 0.63398076 | F65: =ABS(D65-1) -> 2.1509497 | G65: =AVERAGE(J65:M65) -> 0.70535097 | H65: =IF(O65<=30,"YES","") | J65: ='Precinct Vote Data'!H234 -> 0.77170418 | K65: ='Precinct Vote Data'!H235 -> 0.72595281 | L65: ='Precinct Vote Data'!H236 -> 0.71034483 | M65: ='Precinct Vote Data'!H237 -> 0.61340206 | N65: =F65+(1-E65) -> 2.5169689 | O65: =RANK(N65,$N$7:$N$414,1) -> 390 | Q65: =A65&"|"&B65&"|"&C65 -> Lehigh|ALLENTOWN|80
A66: Lehigh | B66: ALLENTOWN | C66: 90 | D66: =SLOPE(J66:M66,$A$4:$D$4) -> 2.9059406 | E66: =RSQ(J66:M66,$A$4:$D$4) -> 0.89265206 | F66: =ABS(D66-1) -> 1.9059406 | G66: =AVERAGE(J66:M66) -> 0.78076645 | H66: =IF(O66<=30,"YES","") | J66: ='Precinct Vote Data'!H238 -> 0.85224839 | K66: ='Precinct Vote Data'!H239 -> 0.7770936 | L66: ='Precinct Vote Data'!H240 -> 0.76441103 | M66: ='Precinct Vote Data'!H241 -> 0.72931276 | N66: =F66+(1-E66) -> 2.0132885 | O66: =RANK(N66,$N$7:$N$414,1) -> 351 | Q66: =A66&"|"&B66&"|"&C66 -> Lehigh|ALLENTOWN|90
A67: Lehigh | B67: ALLENTOWN | C67: 110 | D67: =SLOPE(J67:M67,$A$4:$D$4) -> 3.3306996 | E67: =RSQ(J67:M67,$A$4:$D$4) -> 0.78592666 | F67: =ABS(D67-1) -> 2.3306996 | G67: =AVERAGE(J67:M67) -> 0.78101652 | H67: =IF(O67<=30,"YES","") | J67: ='Precinct Vote Data'!H242 -> 0.84656085 | K67: ='Precinct Vote Data'!H243 -> 0.73770492 | L67: ='Precinct Vote Data'!H244 -> 0.82269504 | M67: ='Precinct Vote Data'!H245 -> 0.71710526 | N67: =F67+(1-E67) -> 2.5447729 | O67: =RANK(N67,$N$7:$N$414,1) -> 391 | Q67: =A67&"|"&B67&"|"&C67 -> Lehigh|ALLENTOWN|110
A68: Lehigh | B68: ALLENTOWN | C68: 120 | D68: =SLOPE(J68:M68,$A$4:$D$4) -> 3.5451969 | E68: =RSQ(J68:M68,$A$4:$D$4) -> 0.6692976 | F68: =ABS(D68-1) -> 2.5451969 | G68: =AVERAGE(J68:M68) -> 0.80229855 | H68: =IF(O68<=30,"YES","") | J68: ='Precinct Vote Data'!H246 -> 0.8671875 | K68: ='Precinct Vote Data'!H247 -> 0.78609626 | L68: ='Precinct Vote Data'!H248 -> 0.84971098 | M68: ='Precinct Vote Data'!H249 -> 0.70619946 | N68: =F68+(1-E68) -> 2.8758993 | O68: =RANK(N68,$N$7:$N$414,1) -> 401 | Q68: =A68&"|"&B68&"|"&C68 -> Lehigh|ALLENTOWN|120
A69: Lehigh | B69: ALLENTOWN | C69: 130 | D69: =SLOPE(J69:M69,$A$4:$D$4) -> 3.3388503 | E69: =RSQ(J69:M69,$A$4:$D$4) -> 0.96687287 | F69: =ABS(D69-1) -> 2.3388503 | G69: =AVERAGE(J69:M69) -> 0.79707616 | H69: =IF(O69<=30,"YES","") | J69: ='Precinct Vote Data'!H250 -> 0.87349398 | K69: ='Precinct Vote Data'!H251 -> 0.77741935 | L69: ='Precinct Vote Data'!H252 -> 0.8 | M69: ='Precinct Vote Data'!H253 -> 0.7373913 | N69: =F69+(1-E69) -> 2.3719774 | O69: =RANK(N69,$N$7:$N$414,1) -> 384 | Q69: =A69&"|"&B69&"|"&C69 -> Lehigh|ALLENTOWN|130
A70: Lehigh | B70: ALLENTOWN | C70: 140 | D70: =SLOPE(J70:M70,$A$4:$D$4) -> 2.4222861 | E70: =RSQ(J70:M70,$A$4:$D$4) -> 0.82562072 | F70: =ABS(D70-1) -> 1.4222861 | G70: =AVERAGE(J70:M70) -> 0.70637862 | H70: =IF(O70<=30,"YES","") | J70: ='Precinct Vote Data'!H254 -> 0.77034358 | K70: ='Precinct Vote Data'!H255 -> 0.70406905 | L70: ='Precinct Vote Data'!H256 -> 0.68008048 | M70: ='Precinct Vote Data'!H257 -> 0.67102138 | N70: =F70+(1-E70) -> 1.5966654 | O70: =RANK(N70,$N$7:$N$414,1) -> 295 | Q70: =A70&"|"&B70&"|"&C70 -> Lehigh|ALLENTOWN|140
A71: Lehigh | B71: ALLENTOWN | C71: 150 | D71: =SLOPE(J71:M71,$A$4:$D$4) -> 2.6862298 | E71: =RSQ(J71:M71,$A$4:$D$4) -> 0.73609793 | F71: =ABS(D71-1) -> 1.6862298 | G71: =AVERAGE(J71:M71) -> 0.74260358 | H71: =IF(O71<=30,"YES","") | J71: ='Precinct Vote Data'!H258 -> 0.80754717 | K71: ='Precinct Vote Data'!H259 -> 0.75568182 | L71: ='Precinct Vote Data'!H260 -> 0.72477064 | M71: ='Precinct Vote Data'!H261 -> 0.6824147 | N71: =F71+(1-E71) -> 1.9501319 | O71: =RANK(N71,$N$7:$N$414,1) -> 341 | Q71: =A71&"|"&B71&"|"&C71 -> Lehigh|ALLENTOWN|150
A72: Lehigh | B72: ALLENTOWN | C72: 160 | D72: =SLOPE(J72:M72,$A$4:$D$4) -> 4.2499056 | E72: =RSQ(J72:M72,$A$4:$D$4) -> 0.82151472 | F72: =ABS(D72-1) -> 3.2499056 | G72: =AVERAGE(J72:M72) -> 0.76900037 | H72: =IF(O72<=30,"YES","") | J72: ='Precinct Vote Data'!H262 -> 0.86803519 | K72: ='Precinct Vote Data'!H263 -> 0.77575758 | L72: ='Precinct Vote Data'!H264 -> 0.75630252 | M72: ='Precinct Vote Data'!H265 -> 0.67590618 | N72: =F72+(1-E72) -> 3.4283909 | O72: =RANK(N72,$N$7:$N$414,1) -> 406 | Q72: =A72&"|"&B72&"|"&C72 -> Lehigh|ALLENTOWN|160
A73: Lehigh | B73: ALLENTOWN | C73: 170 | D73: =SLOPE(J73:M73,$A$4:$D$4) -> 0.71199468 | E73: =RSQ(J73:M73,$A$4:$D$4) -> 0.40123134 | F73: =ABS(D73-1) -> 0.28800532 | G73: =AVERAGE(J73:M73) -> 0.63056443 | H73: =IF(O73<=30,"YES","") | J73: ='Precinct Vote Data'!H266 -> 0.64132554 | K73: ='Precinct Vote Data'!H267 -> 0.61299435 | L73: ='Precinct Vote Data'!H268 -> 0.65165877 | M73: ='Precinct Vote Data'!H269 -> 0.61627907 | N73: =F73+(1-E73) -> 0.88677398 | O73: =RANK(N73,$N$7:$N$414,1) -> 169 | Q73: =A73&"|"&B73&"|"&C73 -> Lehigh|ALLENTOWN|170
A74: Lehigh | B74: ALLENTOWN | C74: 180 | D74: =SLOPE(J74:M74,$A$4:$D$4) -> 4.0259285 | E74: =RSQ(J74:M74,$A$4:$D$4) -> 0.86450039 | F74: =ABS(D74-1) -> 3.0259285 | G74: =AVERAGE(J74:M74) -> 0.77447684 | H74: =IF(O74<=30,"YES","") | J74: ='Precinct Vote Data'!H270 -> 0.85915493 | K74: ='Precinct Vote Data'!H271 -> 0.7557377 | L74: ='Precinct Vote Data'!H272 -> 0.79734219 | M74: ='Precinct Vote Data'!H273 -> 0.68567251 | N74: =F74+(1-E74) -> 3.1614281 | O74: =RANK(N74,$N$7:$N$414,1) -> 404 | Q74: =A74&"|"&B74&"|"&C74 -> Lehigh|ALLENTOWN|180
A75: Lehigh | B75: ALLENTOWN | C75: 190 | D75: =SLOPE(J75:M75,$A$4:$D$4) -> 3.6212915 | E75: =RSQ(J75:M75,$A$4:$D$4) -> 0.88502886 | F75: =ABS(D75-1) -> 2.6212915 | G75: =AVERAGE(J75:M75) -> 0.79158396 | H75: =IF(O75<=30,"YES","") | J75: ='Precinct Vote Data'!H274 -> 0.87468031 | K75: ='Precinct Vote Data'!H275 -> 0.78720238 | L75: ='Precinct Vote Data'!H276 -> 0.7880597 | M75: ='Precinct Vote Data'!H277 -> 0.71639344 | N75: =F75+(1-E75) -> 2.7362627 | O75: =RANK(N75,$N$7:$N$414,1) -> 395 | Q75: =A75&"|"&B75&"|"&C75 -> Lehigh|ALLENTOWN|190
A76: Lehigh | B76: ALLENTOWN | C76: 200 | D76: =SLOPE(J76:M76,$A$4:$D$4) -> 2.965502 | E76: =RSQ(J76:M76,$A$4:$D$4) -> 0.81481497 | F76: =ABS(D76-1) -> 1.965502 | G76: =AVERAGE(J76:M76) -> 0.72457749 | H76: =IF(O76<=30,"YES","") | J76: ='Precinct Vote Data'!H278 -> 0.78996865 | K76: ='Precinct Vote Data'!H279 -> 0.72637795 | L76: ='Precinct Vote Data'!H280 -> 0.72727273 | M76: ='Precinct Vote Data'!H281 -> 0.65469062 | N76: =F76+(1-E76) -> 2.1506871 | O76: =RANK(N76,$N$7:$N$414,1) -> 372 | Q76: =A76&"|"&B76&"|"&C76 -> Lehigh|ALLENTOWN|200
A77: Lehigh | B77: ALLENTOWN | C77: 210 | D77: =SLOPE(J77:M77,$A$4:$D$4) -> 3.2302047 | E77: =RSQ(J77:M77,$A$4:$D$4) -> 0.80640069 | F77: =ABS(D77-1) -> 2.2302047 | G77: =AVERAGE(J77:M77) -> 0.78072644 | H77: =IF(O77<=30,"YES","") | J77: ='Precinct Vote Data'!H282 -> 0.84761905 | K77: ='Precinct Vote Data'!H283 -> 0.77369439 | L77: ='Precinct Vote Data'!H284 -> 0.79916318 | M77: ='Precinct Vote Data'!H285 -> 0.70242915 | N77: =F77+(1-E77) -> 2.423804 | O77: =RANK(N77,$N$7:$N$414,1) -> 388 | Q77: =A77&"|"&B77&"|"&C77 -> Lehigh|ALLENTOWN|210
A78: Lehigh | B78: ALLENTOWN | C78: 220 | D78: =SLOPE(J78:M78,$A$4:$D$4) -> 2.0462854 | E78: =RSQ(J78:M78,$A$4:$D$4) -> 0.63975665 | F78: =ABS(D78-1) -> 1.0462854 | G78: =AVERAGE(J78:M78) -> 0.73556194 | H78: =IF(O78<=30,"YES","") | J78: ='Precinct Vote Data'!H286 -> 0.77227723 | K78: ='Precinct Vote Data'!H287 -> 0.72707889 | L78: ='Precinct Vote Data'!H288 -> 0.76470588 | M78: ='Precinct Vote Data'!H289 -> 0.67818575 | N78: =F78+(1-E78) -> 1.4065288 | O78: =RANK(N78,$N$7:$N$414,1) -> 266 | Q78: =A78&"|"&B78&"|"&C78 -> Lehigh|ALLENTOWN|220
A79: Lehigh | B79: ALLENTOWN | C79: 230 | D79: =SLOPE(J79:M79,$A$4:$D$4) -> 2.5740919 | E79: =RSQ(J79:M79,$A$4:$D$4) -> 0.91095722 | F79: =ABS(D79-1) -> 1.5740919 | G79: =AVERAGE(J79:M79) -> 0.77943059 | H79: =IF(O79<=30,"YES","") | J79: ='Precinct Vote Data'!H290 -> 0.83661972 | K79: ='Precinct Vote Data'!H291 -> 0.77007299 | L79: ='Precinct Vote Data'!H292 -> 0.78448276 | M79: ='Precinct Vote Data'!H293 -> 0.72654691 | N79: =F79+(1-E79) -> 1.6631347 | O79: =RANK(N79,$N$7:$N$414,1) -> 307 | Q79: =A79&"|"&B79&"|"&C79 -> Lehigh|ALLENTOWN|230
A80: Lehigh | B80: ALLENTOWN | C80: 240 | D80: =SLOPE(J80:M80,$A$4:$D$4) -> 2.4352804 | E80: =RSQ(J80:M80,$A$4:$D$4) -> 0.93873669 | F80: =ABS(D80-1) -> 1.4352804 | G80: =AVERAGE(J80:M80) -> 0.73562443 | H80: =IF(O80<=30,"YES","") | J80: ='Precinct Vote Data'!H294 -> 0.79694323 | K80: ='Precinct Vote Data'!H295 -> 0.72488408 | L80: ='Precinct Vote Data'!H296 -> 0.72067039 | M80: ='Precinct Vote Data'!H297 -> 0.7 | N80: =F80+(1-E80) -> 1.4965438 | O80: =RANK(N80,$N$7:$N$414,1) -> 277 | Q80: =A80&"|"&B80&"|"&C80 -> Lehigh|ALLENTOWN|240
A81: Lehigh | B81: ALLENTOWN | C81: 250 | D81: =SLOPE(J81:M81,$A$4:$D$4) -> 1.1705571 | E81: =RSQ(J81:M81,$A$4:$D$4) -> 0.68428479 | F81: =ABS(D81-1) -> 0.17055713 | G81: =AVERAGE(J81:M81) -> 0.79012129 | H81: =IF(O81<=30,"YES","") | J81: ='Precinct Vote Data'!H298 -> 0.81709957 | K81: ='Precinct Vote Data'!H299 -> 0.76076555 | L81: ='Precinct Vote Data'!H300 -> 0.79869281 | M81: ='Precinct Vote Data'!H301 -> 0.78392722 | N81: =F81+(1-E81) -> 0.48627234 | O81: =RANK(N81,$N$7:$N$414,1) -> 73 | Q81: =A81&"|"&B81&"|"&C81 -> Lehigh|ALLENTOWN|250
A82: Lehigh | B82: ALLENTOWN | C82: 260 | D82: =SLOPE(J82:M82,$A$4:$D$4) -> 1.2482536 | E82: =RSQ(J82:M82,$A$4:$D$4) -> 0.51497816 | F82: =ABS(D82-1) -> 0.2482536 | G82: =AVERAGE(J82:M82) -> 0.677638 | H82: =IF(O82<=30,"YES","") | J82: ='Precinct Vote Data'!H302 -> 0.7016317 | K82: ='Precinct Vote Data'!H303 -> 0.6422629 | L82: ='Precinct Vote Data'!H304 -> 0.70175439 | M82: ='Precinct Vote Data'!H305 -> 0.664903 | N82: =F82+(1-E82) -> 0.73327543 | O82: =RANK(N82,$N$7:$N$414,1) -> 143 | Q82: =A82&"|"&B82&"|"&C82 -> Lehigh|ALLENTOWN|260
A83: Lehigh | B83: ALLENTOWN | C83: 270 | D83: =SLOPE(J83:M83,$A$4:$D$4) -> 1.2109359 | E83: =RSQ(J83:M83,$A$4:$D$4) -> 0.84377309 | F83: =ABS(D83-1) -> 0.21093592 | G83: =AVERAGE(J83:M83) -> 0.62751305 | H83: =IF(O83<=30,"YES","") | J83: ='Precinct Vote Data'!H306 -> 0.6585034 | K83: ='Precinct Vote Data'!H307 -> 0.62725451 | L83: ='Precinct Vote Data'!H308 -> 0.61683599 | M83: ='Precinct Vote Data'!H309 -> 0.60745829 | N83: =F83+(1-E83) -> 0.36716283 | O83: =RANK(N83,$N$7:$N$414,1) -> 41 | Q83: =A83&"|"&B83&"|"&C83 -> Lehigh|ALLENTOWN|270
A84: Lehigh | B84: ALLENTOWN | C84: 280 | D84: =SLOPE(J84:M84,$A$4:$D$4) -> 0.63006709 | E84: =RSQ(J84:M84,$A$4:$D$4) -> 0.72742782 | F84: =ABS(D84-1) -> 0.36993291 | G84: =AVERAGE(J84:M84) -> 0.63326096 | H84: =IF(O84<=30,"YES","") | J84: ='Precinct Vote Data'!H310 -> 0.65137615 | K84: ='Precinct Vote Data'!H311 -> 0.63009845 | L84: ='Precinct Vote Data'!H312 -> 0.62316176 | M84: ='Precinct Vote Data'!H313 -> 0.62840746 | N84: =F84+(1-E84) -> 0.64250509 | O84: =RANK(N84,$N$7:$N$414,1) -> 115 | Q84: =A84&"|"&B84&"|"&C84 -> Lehigh|ALLENTOWN|280
A85: Lehigh | B85: ALLENTOWN | C85: 290 | D85: =SLOPE(J85:M85,$A$4:$D$4) -> 1.9880086 | E85: =RSQ(J85:M85,$A$4:$D$4) -> 0.8386129 | F85: =ABS(D85-1) -> 0.98800864 | G85: =AVERAGE(J85:M85) -> 0.7284041 | H85: =IF(O85<=30,"YES","") | J85: ='Precinct Vote Data'!H314 -> 0.76857749 | K85: ='Precinct Vote Data'!H315 -> 0.71064468 | L85: ='Precinct Vote Data'!H316 -> 0.74739583 | M85: ='Precinct Vote Data'!H317 -> 0.68699839 | N85: =F85+(1-E85) -> 1.1493957 | O85: =RANK(N85,$N$7:$N$414,1) -> 219 | Q85: =A85&"|"&B85&"|"&C85 -> Lehigh|ALLENTOWN|290
A86: Lehigh | B86: ALLENTOWN | C86: 300 | D86: =SLOPE(J86:M86,$A$4:$D$4) -> 2.6561088 | E86: =RSQ(J86:M86,$A$4:$D$4) -> 0.85333228 | F86: =ABS(D86-1) -> 1.6561088 | G86: =AVERAGE(J86:M86) -> 0.68746389 | H86: =IF(O86<=30,"YES","") | J86: ='Precinct Vote Data'!H318 -> 0.7520938 | K86: ='Precinct Vote Data'!H319 -> 0.68876404 | L86: ='Precinct Vote Data'!H320 -> 0.67283951 | M86: ='Precinct Vote Data'!H321 -> 0.63615819 | N86: =F86+(1-E86) -> 1.8027766 | O86: =RANK(N86,$N$7:$N$414,1) -> 327 | Q86: =A86&"|"&B86&"|"&C86 -> Lehigh|ALLENTOWN|300
A87: Lehigh | B87: ALLENTOWN | C87: 310 | D87: =SLOPE(J87:M87,$A$4:$D$4) -> 0.49326117 | E87: =RSQ(J87:M87,$A$4:$D$4) -> 0.55563797 | F87: =ABS(D87-1) -> 0.50673883 | G87: =AVERAGE(J87:M87) -> 0.63330493 | H87: =IF(O87<=30,"YES","") | J87: ='Precinct Vote Data'!H322 -> 0.64870259 | K87: ='Precinct Vote Data'!H323 -> 0.62797619 | L87: ='Precinct Vote Data'!H324 -> 0.62298387 | M87: ='Precinct Vote Data'!H325 -> 0.63355705 | N87: =F87+(1-E87) -> 0.95110086 | O87: =RANK(N87,$N$7:$N$414,1) -> 182 | Q87: =A87&"|"&B87&"|"&C87 -> Lehigh|ALLENTOWN|310
A88: Lehigh | B88: ALLENTOWN | C88: 320 | D88: =SLOPE(J88:M88,$A$4:$D$4) -> 1.3195599 | E88: =RSQ(J88:M88,$A$4:$D$4) -> 0.96341301 | F88: =ABS(D88-1) -> 0.3195599 | G88: =AVERAGE(J88:M88) -> 0.58466644 | H88: =IF(O88<=30,"YES","") | J88: ='Precinct Vote Data'!H326 -> 0.614 | K88: ='Precinct Vote Data'!H327 -> 0.57181208 | L88: ='Precinct Vote Data'!H328 -> 0.59010601 | M88: ='Precinct Vote Data'!H329 -> 0.56274769 | N88: =F88+(1-E88) -> 0.35614689 | O88: =RANK(N88,$N$7:$N$414,1) -> 38 | Q88: =A88&"|"&B88&"|"&C88 -> Lehigh|ALLENTOWN|320
A89: Lehigh | B89: ALLENTOWN | C89: 330 | D89: =SLOPE(J89:M89,$A$4:$D$4) -> 2.6180937 | E89: =RSQ(J89:M89,$A$4:$D$4) -> 0.87289736 | F89: =ABS(D89-1) -> 1.6180937 | G89: =AVERAGE(J89:M89) -> 0.64418723 | H89: =IF(O89<=30,"YES","") | J89: ='Precinct Vote Data'!H330 -> 0.71030043 | K89: ='Precinct Vote Data'!H331 -> 0.64148352 | L89: ='Precinct Vote Data'!H332 -> 0.62439024 | M89: ='Precinct Vote Data'!H333 -> 0.60057471 | N89: =F89+(1-E89) -> 1.7451963 | O89: =RANK(N89,$N$7:$N$414,1) -> 317 | Q89: =A89&"|"&B89&"|"&C89 -> Lehigh|ALLENTOWN|330
A90: Lehigh | B90: ALLENTOWN | C90: 340 | D90: =SLOPE(J90:M90,$A$4:$D$4) -> 3.1491446 | E90: =RSQ(J90:M90,$A$4:$D$4) -> 0.77269618 | F90: =ABS(D90-1) -> 2.1491446 | G90: =AVERAGE(J90:M90) -> 0.77277241 | H90: =IF(O90<=30,"YES","") | J90: ='Precinct Vote Data'!H334 -> 0.83833718 | K90: ='Precinct Vote Data'!H335 -> 0.77258567 | L90: ='Precinct Vote Data'!H336 -> 0.78735632 | M90: ='Precinct Vote Data'!H337 -> 0.69281046 | N90: =F90+(1-E90) -> 2.3764484 | O90: =RANK(N90,$N$7:$N$414,1) -> 385 | Q90: =A90&"|"&B90&"|"&C90 -> Lehigh|ALLENTOWN|340
A91: Lehigh | B91: ALLENTOWN | C91: 350 | D91: =SLOPE(J91:M91,$A$4:$D$4) -> 2.3950926 | E91: =RSQ(J91:M91,$A$4:$D$4) -> 0.72557333 | F91: =ABS(D91-1) -> 1.3950926 | G91: =AVERAGE(J91:M91) -> 0.68901391 | H91: =IF(O91<=30,"YES","") | J91: ='Precinct Vote Data'!H338 -> 0.734375 | K91: ='Precinct Vote Data'!H339 -> 0.67542214 | L91: ='Precinct Vote Data'!H340 -> 0.71768707 | M91: ='Precinct Vote Data'!H341 -> 0.62857143 | N91: =F91+(1-E91) -> 1.6695193 | O91: =RANK(N91,$N$7:$N$414,1) -> 308 | Q91: =A91&"|"&B91&"|"&C91 -> Lehigh|ALLENTOWN|350
A92: Lehigh | B92: ALLENTOWN | C92: 360 | D92: =SLOPE(J92:M92,$A$4:$D$4) -> 2.0833472 | E92: =RSQ(J92:M92,$A$4:$D$4) -> 0.85185095 | F92: =ABS(D92-1) -> 1.0833472 | G92: =AVERAGE(J92:M92) -> 0.69156517 | H92: =IF(O92<=30,"YES","") | J92: ='Precinct Vote Data'!H342 -> 0.74403471 | K92: ='Precinct Vote Data'!H343 -> 0.69148936 | L92: ='Precinct Vote Data'!H344 -> 0.67546174 | M92: ='Precinct Vote Data'!H345 -> 0.65527489 | N92: =F92+(1-E92) -> 1.2314962 | O92: =RANK(N92,$N$7:$N$414,1) -> 240 | Q92: =A92&"|"&B92&"|"&C92 -> Lehigh|ALLENTOWN|360
A93: Lehigh | B93: ALLENTOWN | C93: 370 | D93: =SLOPE(J93:M93,$A$4:$D$4) -> 0.63551884 | E93: =RSQ(J93:M93,$A$4:$D$4) -> 0.25323761 | F93: =ABS(D93-1) -> 0.36448116 | G93: =AVERAGE(J93:M93) -> 0.69923791 | H93: =IF(O93<=30,"YES","") | J93: ='Precinct Vote Data'!H346 -> 0.70623145 | K93: ='Precinct Vote Data'!H347 -> 0.7037037 | L93: ='Precinct Vote Data'!H348 -> 0.71821306 | M93: ='Precinct Vote Data'!H349 -> 0.66880342 | N93: =F93+(1-E93) -> 1.1112436 | O93: =RANK(N93,$N$7:$N$414,1) -> 209 | Q93: =A93&"|"&B93&"|"&C93 -> Lehigh|ALLENTOWN|370
A94: Lehigh | B94: ALLENTOWN | C94: 380 | D94: =SLOPE(J94:M94,$A$4:$D$4) -> 2.3560455 | E94: =RSQ(J94:M94,$A$4:$D$4) -> 0.77780242 | F94: =ABS(D94-1) -> 1.3560455 | G94: =AVERAGE(J94:M94) -> 0.67096859 | H94: =IF(O94<=30,"YES","") | J94: ='Precinct Vote Data'!H350 -> 0.73435114 | K94: ='Precinct Vote Data'!H351 -> 0.67142857 | L94: ='Precinct Vote Data'!H352 -> 0.64111498 | M94: ='Precinct Vote Data'!H353 -> 0.63697967 | N94: =F94+(1-E94) -> 1.5782431 | O94: =RANK(N94,$N$7:$N$414,1) -> 291 | Q94: =A94&"|"&B94&"|"&C94 -> Lehigh|ALLENTOWN|380
A95: Lehigh | B95: ALLENTOWN | C95: 390 | D95: =SLOPE(J95:M95,$A$4:$D$4) -> 3.6401385 | E95: =RSQ(J95:M95,$A$4:$D$4) -> 0.85495404 | F95: =ABS(D95-1) -> 2.6401385 | G95: =AVERAGE(J95:M95) -> 0.71291977 | H95: =IF(O95<=30,"YES","") | J95: ='Precinct Vote Data'!H354 -> 0.80032206 | K95: ='Precinct Vote Data'!H355 -> 0.71467391 | L95: ='Precinct Vote Data'!H356 -> 0.69620253 | M95: ='Precinct Vote Data'!H357 -> 0.64048059 | N95: =F95+(1-E95) -> 2.7851844 | O95: =RANK(N95,$N$7:$N$414,1) -> 397 | Q95: =A95&"|"&B95&"|"&C95 -> Lehigh|ALLENTOWN|390
A96: Lehigh | B96: ALLENTOWN | C96: 400 | D96: =SLOPE(J96:M96,$A$4:$D$4) -> 2.818837 | E96: =RSQ(J96:M96,$A$4:$D$4) -> 0.7009159 | F96: =ABS(D96-1) -> 1.818837 | G96: =AVERAGE(J96:M96) -> 0.60599612 | H96: =IF(O96<=30,"YES","") | J96: ='Precinct Vote Data'!H358 -> 0.67311412 | K96: ='Precinct Vote Data'!H359 -> 0.62331288 | L96: ='Precinct Vote Data'!H360 -> 0.58891013 | M96: ='Precinct Vote Data'!H361 -> 0.53864734 | N96: =F96+(1-E96) -> 2.1179211 | O96: =RANK(N96,$N$7:$N$414,1) -> 364 | Q96: =A96&"|"&B96&"|"&C96 -> Lehigh|ALLENTOWN|400
A97: Lehigh | B97: ALLENTOWN | C97: 410 | D97: =SLOPE(J97:M97,$A$4:$D$4) -> 1.4381371 | E97: =RSQ(J97:M97,$A$4:$D$4) -> 0.89489024 | F97: =ABS(D97-1) -> 0.4381371 | G97: =AVERAGE(J97:M97) -> 0.64762101 | H97: =IF(O97<=30,"YES","") | J97: ='Precinct Vote Data'!H362 -> 0.67911715 | K97: ='Precinct Vote Data'!H363 -> 0.64257426 | L97: ='Precinct Vote Data'!H364 -> 0.65166667 | M97: ='Precinct Vote Data'!H365 -> 0.61712598 | N97: =F97+(1-E97) -> 0.54324686 | O97: =RANK(N97,$N$7:$N$414,1) -> 91 | Q97: =A97&"|"&B97&"|"&C97 -> Lehigh|ALLENTOWN|410
A98: Lehigh | B98: ALLENTOWN | C98: 420 | D98: =SLOPE(J98:M98,$A$4:$D$4) -> 1.3000288 | E98: =RSQ(J98:M98,$A$4:$D$4) -> 0.62233424 | F98: =ABS(D98-1) -> 0.30002877 | G98: =AVERAGE(J98:M98) -> 0.64281102 | H98: =IF(O98<=30,"YES","") | J98: ='Precinct Vote Data'!H366 -> 0.67217631 | K98: ='Precinct Vote Data'!H367 -> 0.65402844 | L98: ='Precinct Vote Data'!H368 -> 0.63826607 | M98: ='Precinct Vote Data'!H369 -> 0.60677328 | N98: =F98+(1-E98) -> 0.67769453 | O98: =RANK(N98,$N$7:$N$414,1) -> 123 | Q98: =A98&"|"&B98&"|"&C98 -> Lehigh|ALLENTOWN|420
A99: Lehigh | B99: ALLENTOWN | C99: 430 | D99: =SLOPE(J99:M99,$A$4:$D$4) -> 2.8295427 | E99: =RSQ(J99:M99,$A$4:$D$4) -> 0.61129329 | F99: =ABS(D99-1) -> 1.8295427 | G99: =AVERAGE(J99:M99) -> 0.64279188 | H99: =IF(O99<=30,"YES","") | J99: ='Precinct Vote Data'!H370 -> 0.71069182 | K99: ='Precinct Vote Data'!H371 -> 0.66979866 | L99: ='Precinct Vote Data'!H372 -> 0.62068966 | M99: ='Precinct Vote Data'!H373 -> 0.56998739 | N99: =F99+(1-E99) -> 2.2182494 | O99: =RANK(N99,$N$7:$N$414,1) -> 378 | Q99: =A99&"|"&B99&"|"&C99 -> Lehigh|ALLENTOWN|430
A100: Lehigh | B100: ALLENTOWN | C100: 440 | D100: =SLOPE(J100:M100,$A$4:$D$4) -> 1.9484717 | E100: =RSQ(J100:M100,$A$4:$D$4) -> 0.66102548 | F100: =ABS(D100-1) -> 0.94847171 | G100: =AVERAGE(J100:M100) -> 0.66505647 | H100: =IF(O100<=30,"YES","") | J100: ='Precinct Vote Data'!H374 -> 0.71534196 | K100: ='Precinct Vote Data'!H375 -> 0.67844926 | L100: ='Precinct Vote Data'!H376 -> 0.64172336 | M100: ='Precinct Vote Data'!H377 -> 0.62471132 | N100: =F100+(1-E100) -> 1.2874462 | O100: =RANK(N100,$N$7:$N$414,1) -> 250 | Q100: =A100&"|"&B100&"|"&C100 -> Lehigh|ALLENTOWN|440
A101: Lehigh | B101: ALLENTOWN | C101: 450 | D101: =SLOPE(J101:M101,$A$4:$D$4) -> 2.5210753 | E101: =RSQ(J101:M101,$A$4:$D$4) -> 0.92303869 | F101: =ABS(D101-1) -> 1.5210753 | G101: =AVERAGE(J101:M101) -> 0.62488236 | H101: =IF(O101<=30,"YES","") | J101: ='Precinct Vote Data'!H378 -> 0.68673219 | K101: ='Precinct Vote Data'!H379 -> 0.61823802 | L101: ='Precinct Vote Data'!H380 -> 0.6124031 | M101: ='Precinct Vote Data'!H381 -> 0.58215613 | N101: =F101+(1-E101) -> 1.5980366 | O101: =RANK(N101,$N$7:$N$414,1) -> 296 | Q101: =A101&"|"&B101&"|"&C101 -> Lehigh|ALLENTOWN|450
A102: Lehigh | B102: ALLENTOWN | C102: 460 | D102: =SLOPE(J102:M102,$A$4:$D$4) -> 0.18641852 | E102: =RSQ(J102:M102,$A$4:$D$4) -> 0.029809561 | F102: =ABS(D102-1) -> 0.81358148 | G102: =AVERAGE(J102:M102) -> 0.67872771 | H102: =IF(O102<=30,"YES","") | J102: ='Precinct Vote Data'!H382 -> 0.67670683 | K102: ='Precinct Vote Data'!H383 -> 0.65935673 | L102: ='Precinct Vote Data'!H384 -> 0.70325203 | M102: ='Precinct Vote Data'!H385 -> 0.67559524 | N102: =F102+(1-E102) -> 1.7837719 | O102: =RANK(N102,$N$7:$N$414,1) -> 324 | Q102: =A102&"|"&B102&"|"&C102 -> Lehigh|ALLENTOWN|460
...

Sheet 2024 Backtest
A1: Backtest: All Methods, Checked Against Real 2024 (408 Precincts)
A3: County | B3: Municipality | C3: Precinct | D3: Trend Predicted | E3: Actual Dem Share | F3: Trend Error | G3: Naive (=2022) | H3: Naive Error | I3: Trend Correct? | J3: Naive Correct? | K3: Beta | L3: Beta-Adj Predicted | Q3: 2018 | R3: 2020 | S3: 2022 | U3: Beta-Adj Error | V3: Beta-Adj Correct? | W3: (h) trend abs | X3: (h) naive abs | Y3: (h) beta abs | Z3: Reg. Predicted | AA3: Reg. Error | AB3: Reg. Correct? | AC3: (h) reg abs
A4: Carbon | B4: BANKS | C4: 10 | D4: =MIN(1,MAX(0, SLOPE(M4:O4,{2018,2020,2022})*2024 + INTERCEPT(M4:O4,{2018,2020,2022}))) -> 0.30658478 | E4: ='Precinct Vote Data'!H5 -> 0.38841202 | F4: =(D4-E4)*100 -> -8.1827236 | G4: =O4 -> 0.35492228 | H4: =(G4-E4)*100 -> -3.3489737 | I4: =IF(D4>0.5,"D","R")=IF(E4>0.5,"D","R") -> TRUE | J4: =IF(G4>0.5,"D","R")=IF(E4>0.5,"D","R") -> TRUE | K4: =SLOPE(M4:O4,$Q$4:$S$4) -> 2.4729257 | L4: =MIN(1,MAX(0,O4+K4*($T$4-$S$4))) -> 0.30751194 | M4: ='Precinct Vote Data'!H2 -> 0.41994751 | N4: ='Precinct Vote Data'!H3 -> 0.33996024 | O4: ='Precinct Vote Data'!H4 -> 0.35492228 | Q4: =SUMIF('Precinct Vote Data'!$A:$A,2018,'Precinct Vote Data'!$E:$E)/(SUMIF('Precinct Vote Data'!$A:$A,2018,'Precinct Vote Data'!$E:$E)+SUMIF('Precinct Vote Data'!$A:$A,2018,'Precinct Vote Data'!$F:$F)) -> 0.54007012 | R4: =SUMIF('Precinct Vote Data'!$A:$A,2020,'Precinct Vote Data'!$E:$E)/(SUMIF('Precinct Vote Data'!$A:$A,2020,'Precinct Vote Data'!$E:$E)+SUMIF('Precinct Vote Data'!$A:$A,2020,'Precinct Vote Data'!$F:$F)) -> 0.50702881 | S4: =SUMIF('Precinct Vote Data'!$A:$A,2022,'Precinct Vote Data'!$E:$E)/(SUMIF('Precinct Vote Data'!$A:$A,2022,'Precinct Vote Data'!$E:$E)+SUMIF('Precinct Vote Data'!$A:$A,2022,'Precinct Vote Data'!$F:$F)) -> 0.51559615 | T4: =SLOPE(Q4:S4,Q3:S3)*2024+INTERCEPT(Q4:S4,Q3:S3) -> 0.49642439 | U4: =(L4-E4)*100 -> -8.0900074 | V4: =IF(L4>0.5,"D","R")=IF(E4>0.5,"D","R") -> TRUE | W4: =ABS(F4) -> 8.1827236 | X4: =ABS(H4) -> 3.3489737 | Y4: =ABS(U4) -> 8.0900074 | Z4: =MIN(1,MAX(0,(5.3914776420524+0.021102849201698*'Precinct Vote Data'!I5*100+(-5.72594740176815)*1+0.927016741366831*(O4*100))/100)) -> 0.3268433 | AA4: =(Z4-E4)*100 -> -6.1568722 | AB4: =IF(Z4>0.5,"D","R")=IF(E4>0.5,"D","R") -> TRUE | AC4: =ABS(AA4) -> 6.1568722
A5: Carbon | B5: BEAVER MEADOWS | C5: 40 | D5: =MIN(1,MAX(0, SLOPE(M5:O5,{2018,2020,2022})*2024 + INTERCEPT(M5:O5,{2018,2020,2022}))) -> 0.21872725 | E5: ='Precinct Vote Data'!H9 -> 0.28229665 | F5: =(D5-E5)*100 -> -6.3569402 | G5: =O5 -> 0.26751592 | H5: =(G5-E5)*100 -> -1.4780727 | I5: =IF(D5>0.5,"D","R")=IF(E5>0.5,"D","R") -> TRUE | J5: =IF(G5>0.5,"D","R")=IF(E5>0.5,"D","R") -> TRUE | K5: =SLOPE(M5:O5,$Q$4:$S$4) -> 2.5271518 | L5: =MIN(1,MAX(0,O5+K5*($T$4-$S$4))) -> 0.21906598 | M5: ='Precinct Vote Data'!H6 -> 0.33101045 | N5: ='Precinct Vote Data'!H7 -> 0.24813896 | O5: ='Precinct Vote Data'!H8 -> 0.26751592 | U5: =(L5-E5)*100 -> -6.3230675 | V5: =IF(L5>0.5,"D","R")=IF(E5>0.5,"D","R") -> TRUE | W5: =ABS(F5) -> 6.3569402 | X5: =ABS(H5) -> 1.4780727 | Y5: =ABS(U5) -> 6.3230675 | Z5: =MIN(1,MAX(0,(5.3914776420524+0.021102849201698*'Precinct Vote Data'!I9*100+(-5.72594740176815)*1+0.927016741366831*(O5*100))/100)) -> 0.23983137 | AA5: =(Z5-E5)*100 -> -4.2465279 | AB5: =IF(Z5>0.5,"D","R")=IF(E5>0.5,"D","R") -> TRUE | AC5: =ABS(AA5) -> 4.2465279
A6: Carbon | B6: BOWMANSTOWN | C6: 50 | D6: =MIN(1,MAX(0, SLOPE(M6:O6,{2018,2020,2022})*2024 + INTERCEPT(M6:O6,{2018,2020,2022}))) -> 0.30806586 | E6: ='Precinct Vote Data'!H13 -> 0.31718062 | F6: =(D6-E6)*100 -> -0.91147571 | G6: =O6 -> 0.3591954 | H6: =(G6-E6)*100 -> 4.2014786 | I6: =IF(D6>0.5,"D","R")=IF(E6>0.5,"D","R") -> TRUE | J6: =IF(G6>0.5,"D","R")=IF(E6>0.5,"D","R") -> TRUE | K6: =SLOPE(M6:O6,$Q$4:$S$4) -> 3.2278523 | L6: =MIN(1,MAX(0,O6+K6*($T$4-$S$4))) -> 0.29731179 | M6: ='Precinct Vote Data'!H10 -> 0.38596491 | N6: ='Precinct Vote Data'!H11 -> 0.25934579 | O6: ='Precinct Vote Data'!H12 -> 0.3591954 | U6: =(L6-E6)*100 -> -1.9868823 | V6: =IF(L6>0.5,"D","R")=IF(E6>0.5,"D","R") -> TRUE | W6: =ABS(F6) -> 0.91147571 | X6: =ABS(H6) -> 4.2014786 | Y6: =ABS(U6) -> 1.9868823 | Z6: =MIN(1,MAX(0,(5.3914776420524+0.021102849201698*'Precinct Vote Data'!I13*100+(-5.72594740176815)*1+0.927016741366831*(O6*100))/100)) -> 0.3254381 | AA6: =(Z6-E6)*100 -> 0.82574803 | AB6: =IF(Z6>0.5,"D","R")=IF(E6>0.5,"D","R") -> TRUE | AC6: =ABS(AA6) -> 0.82574803
A7: Carbon | B7: EAST PENN | C7: 60 | D7: =MIN(1,MAX(0, SLOPE(M7:O7,{2018,2020,2022})*2024 + INTERCEPT(M7:O7,{2018,2020,2022}))) -> 0.23626047 | E7: ='Precinct Vote Data'!H17 -> 0.24085006 | F7: =(D7-E7)*100 -> -0.45895919 | G7: =O7 -> 0.27936963 | H7: =(G7-E7)*100 -> 3.8519568 | I7: =IF(D7>0.5,"D","R")=IF(E7>0.5,"D","R") -> TRUE | J7: =IF(G7>0.5,"D","R")=IF(E7>0.5,"D","R") -> TRUE | K7: =SLOPE(M7:O7,$Q$4:$S$4) -> 2.3198647 | L7: =MIN(1,MAX(0,O7+K7*($T$4-$S$4))) -> 0.23489374 | M7: ='Precinct Vote Data'!H14 -> 0.3295082 | N7: ='Precinct Vote Data'!H15 -> 0.25031928 | O7: ='Precinct Vote Data'!H16 -> 0.27936963 | U7: =(L7-E7)*100 -> -0.59563202 | V7: =IF(L7>0.5,"D","R")=IF(E7>0.5,"D","R") -> TRUE | W7: =ABS(F7) -> 0.45895919 | X7: =ABS(H7) -> 3.8519568 | Y7: =ABS(U7) -> 0.59563202 | Z7: =MIN(1,MAX(0,(5.3914776420524+0.021102849201698*'Precinct Vote Data'!I17*100+(-5.72594740176815)*1+0.927016741366831*(O7*100))/100)) -> 0.24813145 | AA7: =(Z7-E7)*100 -> 0.72813919 | AB7: =IF(Z7>0.5,"D","R")=IF(E7>0.5,"D","R") -> TRUE | AC7: =ABS(AA7) -> 0.72813919
A8: Carbon | B8: EAST PENN | C8: 65 | D8: =MIN(1,MAX(0, SLOPE(M8:O8,{2018,2020,2022})*2024 + INTERCEPT(M8:O8,{2018,2020,2022}))) -> 0.25260566 | E8: ='Precinct Vote Data'!H21 -> 0.27725118 | F8: =(D8-E8)*100 -> -2.4645523 | G8: =O8 -> 0.29549249 | H8: =(G8-E8)*100 -> 1.8241303 | I8: =IF(D8>0.5,"D","R")=IF(E8>0.5,"D","R") -> TRUE | J8: =IF(G8>0.5,"D","R")=IF(E8>0.5,"D","R") -> TRUE | K8: =SLOPE(M8:O8,$Q$4:$S$4) -> 2.4542229 | L8: =MIN(1,MAX(0,O8+K8*($T$4-$S$4))) -> 0.24844072 | M8: ='Precinct Vote Data'!H18 -> 0.33532934 | N8: ='Precinct Vote Data'!H19 -> 0.24650572 | O8: ='Precinct Vote Data'!H20 -> 0.29549249 | U8: =(L8-E8)*100 -> -2.8810468 | V8: =IF(L8>0.5,"D","R")=IF(E8>0.5,"D","R") -> TRUE | W8: =ABS(F8) -> 2.4645523 | X8: =ABS(H8) -> 1.8241303 | Y8: =ABS(U8) -> 2.8810468 | Z8: =MIN(1,MAX(0,(5.3914776420524+0.021102849201698*'Precinct Vote Data'!I21*100+(-5.72594740176815)*1+0.927016741366831*(O8*100))/100)) -> 0.26377401 | AA8: =(Z8-E8)*100 -> -1.3477179 | AB8: =IF(Z8>0.5,"D","R")=IF(E8>0.5,"D","R") -> TRUE | AC8: =ABS(AA8) -> 1.3477179
A9: Carbon | B9: EAST SIDE | C9: 70 | D9: =MIN(1,MAX(0, SLOPE(M9:O9,{2018,2020,2022})*2024 + INTERCEPT(M9:O9,{2018,2020,2022}))) -> 0.3031894 | E9: ='Precinct Vote Data'!H25 -> 0.32758621 | F9: =(D9-E9)*100 -> -2.4396811 | G9: =O9 -> 0.35106383 | H9: =(G9-E9)*100 -> 2.3477623 | I9: =IF(D9>0.5,"D","R")=IF(E9>0.5,"D","R") -> TRUE | J9: =IF(G9>0.5,"D","R")=IF(E9>0.5,"D","R") -> TRUE | K9: =SLOPE(M9:O9,$Q$4:$S$4) -> 2.0690848 | L9: =MIN(1,MAX(0,O9+K9*($T$4-$S$4))) -> 0.31139583 | M9: ='Precinct Vote Data'!H22 -> 0.44155844 | N9: ='Precinct Vote Data'!H23 -> 0.38842975 | O9: ='Precinct Vote Data'!H24 -> 0.35106383 | U9: =(L9-E9)*100 -> -1.6190375 | V9: =IF(L9>0.5,"D","R")=IF(E9>0.5,"D","R") -> TRUE | W9: =ABS(F9) -> 2.4396811 | X9: =ABS(H9) -> 2.3477623 | Y9: =ABS(U9) -> 1.6190375 | Z9: =MIN(1,MAX(0,(5.3914776420524+0.021102849201698*'Precinct Vote Data'!I25*100+(-5.72594740176815)*1+0.927016741366831*(O9*100))/100)) -> 0.31973805 | AA9: =(Z9-E9)*100 -> -0.78481555 | AB9: =IF(Z9>0.5,"D","R")=IF(E9>0.5,"D","R") -> TRUE | AC9: =ABS(AA9) -> 0.78481555
A10: Carbon | B10: FRANKLIN | C10: 80 | D10: =MIN(1,MAX(0, SLOPE(M10:O10,{2018,2020,2022})*2024 + INTERCEPT(M10:O10,{2018,2020,2022}))) -> 0.25228175 | E10: ='Precinct Vote Data'!H29 -> 0.26666667 | F10: =(D10-E10)*100 -> -1.438492 | G10: =O10 -> 0.29295154 | H10: =(G10-E10)*100 -> 2.6284875 | I10: =IF(D10>0.5,"D","R")=IF(E10>0.5,"D","R") -> TRUE | J10: =IF(G10>0.5,"D","R")=IF(E10>0.5,"D","R") -> TRUE | K10: =SLOPE(M10:O10,$Q$4:$S$4) -> 2.1635932 | L10: =MIN(1,MAX(0,O10+K10*($T$4-$S$4))) -> 0.25147165 | M10: ='Precinct Vote Data'!H26 -> 0.34196891 | N10: ='Precinct Vote Data'!H27 -> 0.2689769 | O10: ='Precinct Vote Data'!H28 -> 0.29295154 | U10: =(L10-E10)*100 -> -1.5195013 | V10: =IF(L10>0.5,"D","R")=IF(E10>0.5,"D","R") -> TRUE | W10: =ABS(F10) -> 1.438492 | X10: =ABS(H10) -> 2.6284875 | Y10: =ABS(U10) -> 1.5195013 | Z10: =MIN(1,MAX(0,(5.3914776420524+0.021102849201698*'Precinct Vote Data'!I29*100+(-5.72594740176815)*1+0.927016741366831*(O10*100))/100)) -> 0.26171184 | AA10: =(Z10-E10)*100 -> -0.49548301 | AB10: =IF(Z10>0.5,"D","R")=IF(E10>0.5,"D","R") -> TRUE | AC10: =ABS(AA10) -> 0.49548301
A11: Carbon | B11: FRANKLIN | C11: 90 | D11: =MIN(1,MAX(0, SLOPE(M11:O11,{2018,2020,2022})*2024 + INTERCEPT(M11:O11,{2018,2020,2022}))) -> 0.25731054 | E11: ='Precinct Vote Data'!H33 -> 0.2877095 | F11: =(D11-E11)*100 -> -3.0398958 | G11: =O11 -> 0.29797378 | H11: =(G11-E11)*100 -> 1.0264281 | I11: =IF(D11>0.5,"D","R")=IF(E11>0.5,"D","R") -> TRUE | J11: =IF(G11>0.5,"D","R")=IF(E11>0.5,"D","R") -> TRUE | K11: =SLOPE(M11:O11,$Q$4:$S$4) -> 2.2471298 | L11: =MIN(1,MAX(0,O11+K11*($T$4-$S$4))) -> 0.25489235 | M11: ='Precinct Vote Data'!H30 -> 0.34122563 | N11: ='Precinct Vote Data'!H31 -> 0.26248776 | O11: ='Precinct Vote Data'!H32 -> 0.29797378 | U11: =(L11-E11)*100 -> -3.2817151 | V11: =IF(L11>0.5,"D","R")=IF(E11>0.5,"D","R") -> TRUE | W11: =ABS(F11) -> 3.0398958 | X11: =ABS(H11) -> 1.0264281 | Y11: =ABS(U11) -> 3.2817151 | Z11: =MIN(1,MAX(0,(5.3914776420524+0.021102849201698*'Precinct Vote Data'!I33*100+(-5.72594740176815)*1+0.927016741366831*(O11*100))/100)) -> 0.26610164 | AA11: =(Z11-E11)*100 -> -2.1607859 | AB11: =IF(Z11>0.5,"D","R")=IF(E11>0.5,"D","R") -> TRUE | AC11: =ABS(AA11) -> 2.1607859
A12: Carbon | B12: FRANKLIN | C12: 100 | D12: =MIN(1,MAX(0, SLOPE(M12:O12,{2018,2020,2022})*2024 + INTERCEPT(M12:O12,{2018,2020,2022}))) -> 0.24367968 | E12: ='Precinct Vote Data'!H37 -> 0.2716763 | F12: =(D12-E12)*100 -> -2.7996617 | G12: =O12 -> 0.26616541 | H12: =(G12-E12)*100 -> -0.5510887 | I12: =IF(D12>0.5,"D","R")=IF(E12>0.5,"D","R") -> TRUE | J12: =IF(G12>0.5,"D","R")=IF(E12>0.5,"D","R") -> TRUE | K12: =SLOPE(M12:O12,$Q$4:$S$4) -> 1.2874641 | L12: =MIN(1,MAX(0,O12+K12*($T$4-$S$4))) -> 0.24148246 | M12: ='Precinct Vote Data'!H34 -> 0.28700361 | N12: ='Precinct Vote Data'!H35 -> 0.24038462 | O12: ='Precinct Vote Data'!H36 -> 0.26616541 | U12: =(L12-E12)*100 -> -3.019384 | V12: =IF(L12>0.5,"D","R")=IF(E12>0.5,"D","R") -> TRUE | W12: =ABS(F12) -> 2.7996617 | X12: =ABS(H12) -> 0.5510887 | Y12: =ABS(U12) -> 3.019384 | Z12: =MIN(1,MAX(0,(5.3914776420524+0.021102849201698*'Precinct Vote Data'!I37*100+(-5.72594740176815)*1+0.927016741366831*(O12*100))/100)) -> 0.23618003 | AA12: =(Z12-E12)*100 -> -3.5496268 | AB12: =IF(Z12>0.5,"D","R")=IF(E12>0.5,"D","R") -> TRUE | AC12: =ABS(AA12) -> 3.5496268
A13: Carbon | B13: JIM THORPE | C13: 110 | D13: =MIN(1,MAX(0, SLOPE(M13:O13,{2018,2020,2022})*2024 + INTERCEPT(M13:O13,{2018,2020,2022}))) -> 0.38427139 | E13: ='Precinct Vote Data'!H41 -> 0.43984962 | F13: =(D13-E13)*100 -> -5.5578234 | G13: =O13 -> 0.45454545 | H13: =(G13-E13)*100 -> 1.469583 | I13: =IF(D13>0.5,"D","R")=IF(E13>0.5,"D","R") -> TRUE | J13: =IF(G13>0.5,"D","R")=IF(E13>0.5,"D","R") -> TRUE | K13: =SLOPE(M13:O13,$Q$4:$S$4) -> 3.6546414 | L13: =MIN(1,MAX(0,O13+K13*($T$4-$S$4))) -> 0.38447955 | M13: ='Precinct Vote Data'!H38 -> 0.545 | N13: ='Precinct Vote Data'!H39 -> 0.42463235 | O13: ='Precinct Vote Data'!H40 -> 0.45454545 | U13: =(L13-E13)*100 -> -5.5370076 | V13: =IF(L13>0.5,"D","R")=IF(E13>0.5,"D","R") -> TRUE | W13: =ABS(F13) -> 5.5578234 | X13: =ABS(H13) -> 1.469583 | Y13: =ABS(U13) -> 5.5370076 | Z13: =MIN(1,MAX(0,(5.3914776420524+0.021102849201698*'Precinct Vote Data'!I41*100+(-5.72594740176815)*1+0.927016741366831*(O13*100))/100)) -> 0.41922519 | AA13: =(Z13-E13)*100 -> -2.0624434 | AB13: =IF(Z13>0.5,"D","R")=IF(E13>0.5,"D","R") -> TRUE | AC13: =ABS(AA13) -> 2.0624434
A14: Carbon | B14: JIM THORPE | C14: 120 | D14: =MIN(1,MAX(0, SLOPE(M14:O14,{2018,2020,2022})*2024 + INTERCEPT(M14:O14,{2018,2020,2022}))) -> 0.44973264 | E14: ='Precinct Vote Data'!H45 -> 0.41943734 | F14: =(D14-E14)*100 -> 3.0295296 | G14: =O14 -> 0.45791246 | H14: =(G14-E14)*100 -> 3.8475118 | I14: =IF(D14>0.5,"D","R")=IF(E14>0.5,"D","R") -> TRUE | J14: =IF(G14>0.5,"D","R")=IF(E14>0.5,"D","R") -> TRUE | K14: =SLOPE(M14:O14,$Q$4:$S$4) -> 0.9900171 | L14: =MIN(1,MAX(0,O14+K14*($T$4-$S$4))) -> 0.43893209 | M14: ='Precinct Vote Data'!H42 -> 0.4296875 | N14: ='Precinct Vote Data'!H43 -> 0.37692308 | O14: ='Precinct Vote Data'!H44 -> 0.45791246 | U14: =(L14-E14)*100 -> 1.9494748 | V14: =IF(L14>0.5,"D","R")=IF(E14>0.5,"D","R") -> TRUE | W14: =ABS(F14) -> 3.0295296 | X14: =ABS(H14) -> 3.8475118 | Y14: =ABS(U14) -> 1.9494748 | Z14: =MIN(1,MAX(0,(5.3914776420524+0.021102849201698*'Precinct Vote Data'!I45*100+(-5.72594740176815)*1+0.927016741366831*(O14*100))/100)) -> 0.42154455 | AA14: =(Z14-E14)*100 -> 0.21072104 | AB14: =IF(Z14>0.5,"D","R")=IF(E14>0.5,"D","R") -> TRUE | AC14: =ABS(AA14) -> 0.21072104
A15: Carbon | B15: JIM THORPE | C15: 130 | D15: =MIN(1,MAX(0, SLOPE(M15:O15,{2018,2020,2022})*2024 + INTERCEPT(M15:O15,{2018,2020,2022}))) -> 0.33993793 | E15: ='Precinct Vote Data'!H49 -> 0.38278146 | F15: =(D15-E15)*100 -> -4.2843525 | G15: =O15 -> 0.3904 | H15: =(G15-E15)*100 -> 0.7618543 | I15: =IF(D15>0.5,"D","R")=IF(E15>0.5,"D","R") -> TRUE | J15: =IF(G15>0.5,"D","R")=IF(E15>0.5,"D","R") -> TRUE | K15: =SLOPE(M15:O15,$Q$4:$S$4) -> 2.5461992 | L15: =MIN(1,MAX(0,O15+K15*($T$4-$S$4))) -> 0.34158488 | M15: ='Precinct Vote Data'!H46 -> 0.46071429 | N15: ='Precinct Vote Data'!H47 -> 0.37964237 | O15: ='Precinct Vote Data'!H48 -> 0.3904 | U15: =(L15-E15)*100 -> -4.1196576 | V15: =IF(L15>0.5,"D","R")=IF(E15>0.5,"D","R") -> TRUE | W15: =ABS(F15) -> 4.2843525 | X15: =ABS(H15) -> 0.7618543 | Y15: =ABS(U15) -> 4.1196576 | Z15: =MIN(1,MAX(0,(5.3914776420524+0.021102849201698*'Precinct Vote Data'!I49*100+(-5.72594740176815)*1+0.927016741366831*(O15*100))/100)) -> 0.35595855 | AA15: =(Z15-E15)*100 -> -2.682291 | AB15: =IF(Z15>0.5,"D","R")=IF(E15>0.5,"D","R") -> TRUE | AC15: =ABS(AA15) -> 2.682291
A16: Carbon | B16: JIM THORPE | C16: 140 | D16: =MIN(1,MAX(0, SLOPE(M16:O16,{2018,2020,2022})*2024 + INTERCEPT(M16:O16,{2018,2020,2022}))) -> 0.53997358 | E16: ='Precinct Vote Data'!H53 -> 0.50729927 | F16: =(D16-E16)*100 -> 3.267431 | G16: =O16 -> 0.56626506 | H16: =(G16-E16)*100 -> 5.896579 | I16: =IF(D16>0.5,"D","R")=IF(E16>0.5,"D","R") -> TRUE | J16: =IF(G16>0.5,"D","R")=IF(E16>0.5,"D","R") -> TRUE | K16: =SLOPE(M16:O16,$Q$4:$S$4) -> 1.5742406 | L16: =MIN(1,MAX(0,O16+K16*($T$4-$S$4))) -> 0.5360841 | M16: ='Precinct Vote Data'!H50 -> 0.58590308 | N16: ='Precinct Vote Data'!H51 -> 0.52666667 | O16: ='Precinct Vote Data'!H52 -> 0.56626506 | U16: =(L16-E16)*100 -> 2.8784828 | V16: =IF(L16>0.5,"D","R")=IF(E16>0.5,"D","R") -> TRUE | W16: =ABS(F16) -> 3.267431 | X16: =ABS(H16) -> 5.896579 | Y16: =ABS(U16) -> 2.8784828 | Z16: =MIN(1,MAX(0,(5.3914776420524+0.021102849201698*'Precinct Vote Data'!I53*100+(-5.72594740176815)*1+0.927016741366831*(O16*100))/100)) -> 0.52354662 | AA16: =(Z16-E16)*100 -> 1.6247347 | AB16: =IF(Z16>0.5,"D","R")=IF(E16>0.5,"D","R") -> TRUE | AC16: =ABS(AA16) -> 1.6247347
A17: Carbon | B17: JIM THORPE | C17: 150 | D17: =MIN(1,MAX(0, SLOPE(M17:O17,{2018,2020,2022})*2024 + INTERCEPT(M17:O17,{2018,2020,2022}))) -> 0.48162224 | E17: ='Precinct Vote Data'!H57 -> 0.43917851 | F17: =(D17-E17)*100 -> 4.2443722 | G17: =O17 -> 0.49142857 | H17: =(G17-E17)*100 -> 5.2250056 | I17: =IF(D17>0.5,"D","R")=IF(E17>0.5,"D","R") -> TRUE | J17: =IF(G17>0.5,"D","R")=IF(E17>0.5,"D","R") -> TRUE | K17: =SLOPE(M17:O17,$Q$4:$S$4) -> 1.1266865 | L17: =MIN(1,MAX(0,O17+K17*($T$4-$S$4))) -> 0.46982801 | M17: ='Precinct Vote Data'!H54 -> 0.46172249 | N17: ='Precinct Vote Data'!H55 -> 0.4025974 | O17: ='Precinct Vote Data'!H56 -> 0.49142857 | U17: =(L17-E17)*100 -> 3.0649494 | V17: =IF(L17>0.5,"D","R")=IF(E17>0.5,"D","R") -> TRUE | W17: =ABS(F17) -> 4.2443722 | X17: =ABS(H17) -> 5.2250056 | Y17: =ABS(U17) -> 3.0649494 | Z17: =MIN(1,MAX(0,(5.3914776420524+0.021102849201698*'Precinct Vote Data'!I57*100+(-5.72594740176815)*1+0.927016741366831*(O17*100))/100)) -> 0.45129773 | AA17: =(Z17-E17)*100 -> 1.2119216 | AB17: =IF(Z17>0.5,"D","R")=IF(E17>0.5,"D","R") -> TRUE | AC17: =ABS(AA17) -> 1.2119216
A18: Carbon | B18: KIDDER | C18: 160 | D18: =MIN(1,MAX(0, SLOPE(M18:O18,{2018,2020,2022})*2024 + INTERCEPT(M18:O18,{2018,2020,2022}))) -> 0.32476946 | E18: ='Precinct Vote Data'!H61 -> 0.37230769 | F18: =(D18-E18)*100 -> -4.753823 | G18: =O18 -> 0.356 | H18: =(G18-E18)*100 -> -1.6307692 | I18: =IF(D18>0.5,"D","R")=IF(E18>0.5,"D","R") -> TRUE | J18: =IF(G18>0.5,"D","R")=IF(E18>0.5,"D","R") -> TRUE | K18: =SLOPE(M18:O18,$Q$4:$S$4) -> 1.787666 | L18: =MIN(1,MAX(0,O18+K18*($T$4-$S$4))) -> 0.3217273 | M18: ='Precinct Vote Data'!H58 -> 0.38497653 | N18: ='Precinct Vote Data'!H59 -> 0.32026144 | O18: ='Precinct Vote Data'!H60 -> 0.356 | U18: =(L18-E18)*100 -> -5.0580394 | V18: =IF(L18>0.5,"D","R")=IF(E18>0.5,"D","R") -> TRUE | W18: =ABS(F18) -> 4.753823 | X18: =ABS(H18) -> 1.6307692 | Y18: =ABS(U18) -> 5.0580394 | Z18: =MIN(1,MAX(0,(5.3914776420524+0.021102849201698*'Precinct Vote Data'!I61*100+(-5.72594740176815)*1+0.927016741366831*(O18*100))/100)) -> 0.32112532 | AA18: =(Z18-E18)*100 -> -5.1182369 | AB18: =IF(Z18>0.5,"D","R")=IF(E18>0.5,"D","R") -> TRUE | AC18: =ABS(AA18) -> 5.1182369
A19: Carbon | B19: KIDDER | C19: 170 | D19: =MIN(1,MAX(0, SLOPE(M19:O19,{2018,2020,2022})*2024 + INTERCEPT(M19:O19,{2018,2020,2022}))) -> 0.30175029 | E19: ='Precinct Vote Data'!H65 -> 0.31811895 | F19: =(D19-E19)*100 -> -1.6368663 | G19: =O19 -> 0.32027257 | H19: =(G19-E19)*100 -> 0.21536236 | I19: =IF(D19>0.5,"D","R")=IF(E19>0.5,"D","R") -> TRUE | J19: =IF(G19>0.5,"D","R")=IF(E19>0.5,"D","R") -> TRUE | K19: =SLOPE(M19:O19,$Q$4:$S$4) -> 1.0672519 | L19: =MIN(1,MAX(0,O19+K19*($T$4-$S$4))) -> 0.29981147 | M19: ='Precinct Vote Data'!H62 -> 0.33697632 | N19: ='Precinct Vote Data'!H63 -> 0.29811321 | O19: ='Precinct Vote Data'!H64 -> 0.32027257 | U19: =(L19-E19)*100 -> -1.8307474 | V19: =IF(L19>0.5,"D","R")=IF(E19>0.5,"D","R") -> TRUE | W19: =ABS(F19) -> 1.6368663 | X19: =ABS(H19) -> 0.21536236 | Y19: =ABS(U19) -> 1.8307474 | Z19: =MIN(1,MAX(0,(5.3914776420524+0.021102849201698*'Precinct Vote Data'!I65*100+(-5.72594740176815)*1+0.927016741366831*(O19*100))/100)) -> 0.28800118 | AA19: =(Z19-E19)*100 -> -3.011777 | AB19: =IF(Z19>0.5,"D","R")=IF(E19>0.5,"D","R") -> TRUE | AC19: =ABS(AA19) -> 3.011777
A20: Carbon | B20: LANSFORD | C20: 180 | D20: =MIN(1,MAX(0, SLOPE(M20:O20,{2018,2020,2022})*2024 + INTERCEPT(M20:O20,{2018,2020,2022}))) -> 0.33377926 | E20: ='Precinct Vote Data'!H69 -> 0.38819876 | F20: =(D20-E20)*100 -> -5.4419494 | G20: =O20 -> 0.39337474 | H20: =(G20-E20)*100 -> 0.51759834 | I20: =IF(D20>0.5,"D","R")=IF(E20>0.5,"D","R") -> TRUE | J20: =IF(G20>0.5,"D","R")=IF(E20>0.5,"D","R") -> TRUE | K20: =SLOPE(M20:O20,$Q$4:$S$4) -> 2.6981273 | L20: =MIN(1,MAX(0,O20+K20*($T$4-$S$4))) -> 0.34164689 | M20: ='Precinct Vote Data'!H66 -> 0.49761905 | N20: ='Precinct Vote Data'!H67 -> 0.42307692 | O20: ='Precinct Vote Data'!H68 -> 0.39337474 | U20: =(L20-E20)*100 -> -4.6551865 | V20: =IF(L20>0.5,"D","R")=IF(E20>0.5,"D","R") -> TRUE | W20: =ABS(F20) -> 5.4419494 | X20: =ABS(H20) -> 0.51759834 | Y20: =ABS(U20) -> 4.6551865 | Z20: =MIN(1,MAX(0,(5.3914776420524+0.021102849201698*'Precinct Vote Data'!I69*100+(-5.72594740176815)*1+0.927016741366831*(O20*100))/100)) -> 0.36141946 | AA20: =(Z20-E20)*100 -> -2.6779301 | AB20: =IF(Z20>0.5,"D","R")=IF(E20>0.5,"D","R") -> TRUE | AC20: =ABS(AA20) -> 2.6779301
A21: Carbon | B21: LANSFORD | C21: 190 | D21: =MIN(1,MAX(0, SLOPE(M21:O21,{2018,2020,2022})*2024 + INTERCEPT(M21:O21,{2018,2020,2022}))) -> 0.38791681 | E21: ='Precinct Vote Data'!H73 -> 0.39119804 | F21: =(D21-E21)*100 -> -0.3281235 | G21: =O21 -> 0.42508711 | H21: =(G21-E21)*100 -> 3.3889064 | I21: =IF(D21>0.5,"D","R")=IF(E21>0.5,"D","R") -> TRUE | J21: =IF(G21>0.5,"D","R")=IF(E21>0.5,"D","R") -> TRUE | K21: =SLOPE(M21:O21,$Q$4:$S$4) -> 1.9303411 | L21: =MIN(1,MAX(0,O21+K21*($T$4-$S$4))) -> 0.38807907 | M21: ='Precinct Vote Data'!H70 -> 0.47311828 | N21: ='Precinct Vote Data'!H71 -> 0.40963855 | O21: ='Precinct Vote Data'!H72 -> 0.42508711 | U21: =(L21-E21)*100 -> -0.31189723 | V21: =IF(L21>0.5,"D","R")=IF(E21>0.5,"D","R") -> TRUE | W21: =ABS(F21) -> 0.3281235 | X21: =ABS(H21) -> 3.3889064 | Y21: =ABS(U21) -> 0.31189723 | Z21: =MIN(1,MAX(0,(5.3914776420524+0.021102849201698*'Precinct Vote Data'!I73*100+(-5.72594740176815)*1+0.927016741366831*(O21*100))/100)) -> 0.38955329 | AA21: =(Z21-E21)*100 -> -0.16447532 | AB21: =IF(Z21>0.5,"D","R")=IF(E21>0.5,"D","R") -> TRUE | AC21: =ABS(AA21) -> 0.16447532
