Workbook

Sheet Contents
A1: PA-07 Forecast Workbook v3 — Complete, Corrected Data
A2: Companion file: PA07_Data.xlsx holds House Vote Data and Registration & ACS Data on their own for easy review. This workbook keeps its own copies of those same sheets so every formula here works standalone.
A4: Sheet | B4: What it does | C4: What it tells us
A5: House Vote Data | B5: Real certified House + Governor votes for all 89 municipalities, 2018-2024, plus a Presidential Year dummy. | C5: The complete, verified core of the dataset -- no more estimation layer.
A6: Registration & ACS Data | B6: Registration lean and % bachelor's degree per municipality-year, plus registrants (used as population weight). | C6: Supporting data for the regression and representative-sample analyses.
A7: District History Note | B7: Documents the real boundary changes (Carbon pre-2022, Monroe post-2022) and the corrected 2020 result. | C7: Read this first -- it explains why this version's numbers differ from an earlier version.
A8: Predictability Ranking | B8: Classifies all 89 municipalities Easy/Medium/Hard to predict. | C8: Where more data/effort would change the forecast, across the full real district.
A9: Magic Municipality | B9: Bellwether search across all 89 municipalities. | C9: Salisbury (Lehigh) is the new closest-tracking bellwether.
A10: Beta Coefficients | B10: Each municipality's beta and R-squared against the self-computed, complete district index. | C10: Identifies the 30 towns that behave most like a scaled-down mirror of the district.
A11: Governor-House Correlation | B11: Correlates Governor vs. House Dem Share, 2018 and 2022, across all 89 municipalities. | C11: r = 0.99 -- consistent with earlier findings.
A12: 2024 Backtest | B12: Naive, trend, and beta-adjusted methods tested against real 2024 results. | C12: Beta-adjusted now wins (1.81 pt MAE); naive is worst.
A13: Regression Analysis | B13: Documents the multi-variable regression and explains why it now performs worst of the three forecasting methods. | C13: A genuinely useful negative result -- more complexity isn't automatically better.
A14: Kiley - 2026 Trend Forecast / Beta-Adjusted Forecast / Regression Forecast | B14: Three independent live 2026 forecasts. | C14: 47.7% Dem (R), 46.8% Dem (R), and 50.6% Dem (D) respectively -- two of three lean Republican.
A15: Model Comparison | B15: All three 2026 forecasts side by side with backtested accuracy. | C15: The real takeaway: this is a Republican-leaning toss-up, not a confident call either way.
... A17: Methodology | B17: Documents every method, data source, and correction made in this version. | C17: Start here if you want the full picture before diving into any one sheet.

Sheet House Vote Data
A1: Year | B1: Municipality | C1: County | D1: Dem Votes | E1: Rep Votes | F1: Total Votes | G1: Dem Share % | H1: Governor Dem Votes | I1: Governor Rep Votes | J1: Governor Total | K1: Governor Dem Share | L1: Presidential Year (dummy)
A2: 2018 | B2: Banks Township | C2: Carbon | D2: 160 | E2: 221 | F2: =D2+E2 -> 381 | G2: =D2/F2 -> 0.41994751 | H2: 174 | I2: 208 | J2: =IF(OR(H2="",H2=0),"",H2+I2) -> 382 | K2: =IF(J2="","",H2/J2) -> 0.45549738 | L2: =IF(OR(A2=2020,A2=2024),1,0) -> 0
A3: 2020 | B3: Banks Township | C3: Carbon | D3: 171 | E3: 332 | F3: =D3+E3 -> 503 | G3: =D3/F3 -> 0.33996024 | J3: =IF(OR(H3="",H3=0),"",H3+I3) | K3: =IF(J3="","",H3/J3) | L3: =IF(OR(A3=2020,A3=2024),1,0) -> 1
A4: 2022 | B4: Banks Township | C4: Carbon | D4: 137 | E4: 249 | F4: =D4+E4 -> 386 | G4: =D4/F4 -> 0.35492228 | H4: 151 | I4: 227 | J4: =IF(OR(H4="",H4=0),"",H4+I4) -> 378 | K4: =IF(J4="","",H4/J4) -> 0.3994709 | L4: =IF(OR(A4=2020,A4=2024),1,0) -> 0
A5: 2024 | B5: Banks Township | C5: Carbon | D5: 181 | E5: 285 | F5: =D5+E5 -> 466 | G5: =D5/F5 -> 0.38841202 | J5: =IF(OR(H5="",H5=0),"",H5+I5) | K5: =IF(J5="","",H5/J5) | L5: =IF(OR(A5=2020,A5=2024),1,0) -> 1
A6: 2018 | B6: Beaver Meadows Borough | C6: Carbon | D6: 95 | E6: 192 | F6: =D6+E6 -> 287 | G6: =D6/F6 -> 0.33101045 | H6: 112 | I6: 168 | J6: =IF(OR(H6="",H6=0),"",H6+I6) -> 280 | K6: =IF(J6="","",H6/J6) -> 0.4 | L6: =IF(OR(A6=2020,A6=2024),1,0) -> 0
A7: 2020 | B7: Beaver Meadows Borough | C7: Carbon | D7: 100 | E7: 303 | F7: =D7+E7 -> 403 | G7: =D7/F7 -> 0.24813896 | J7: =IF(OR(H7="",H7=0),"",H7+I7) | K7: =IF(J7="","",H7/J7) | L7: =IF(OR(A7=2020,A7=2024),1,0) -> 1
A8: 2022 | B8: Beaver Meadows Borough | C8: Carbon | D8: 84 | E8: 230 | F8: =D8+E8 -> 314 | G8: =D8/F8 -> 0.26751592 | H8: 108 | I8: 196 | J8: =IF(OR(H8="",H8=0),"",H8+I8) -> 304 | K8: =IF(J8="","",H8/J8) -> 0.35526316 | L8: =IF(OR(A8=2020,A8=2024),1,0) -> 0
A9: 2024 | B9: Beaver Meadows Borough | C9: Carbon | D9: 118 | E9: 300 | F9: =D9+E9 -> 418 | G9: =D9/F9 -> 0.28229665 | J9: =IF(OR(H9="",H9=0),"",H9+I9) | K9: =IF(J9="","",H9/J9) | L9: =IF(OR(A9=2020,A9=2024),1,0) -> 1
A10: 2018 | B10: Bowmanstown Borough | C10: Carbon | D10: 110 | E10: 175 | F10: =D10+E10 -> 285 | G10: =D10/F10 -> 0.38596491 | H10: 121 | I10: 160 | J10: =IF(OR(H10="",H10=0),"",H10+I10) -> 281 | K10: =IF(J10="","",H10/J10) -> 0.43060498 | L10: =IF(OR(A10=2020,A10=2024),1,0) -> 0
A11: 2020 | B11: Bowmanstown Borough | C11: Carbon | D11: 111 | E11: 317 | F11: =D11+E11 -> 428 | G11: =D11/F11 -> 0.25934579 | J11: =IF(OR(H11="",H11=0),"",H11+I11) | K11: =IF(J11="","",H11/J11) | L11: =IF(OR(A11=2020,A11=2024),1,0) -> 1
A12: 2022 | B12: Bowmanstown Borough | C12: Carbon | D12: 125 | E12: 223 | F12: =D12+E12 -> 348 | G12: =D12/F12 -> 0.3591954 | H12: 145 | I12: 199 | J12: =IF(OR(H12="",H12=0),"",H12+I12) -> 344 | K12: =IF(J12="","",H12/J12) -> 0.42151163 | L12: =IF(OR(A12=2020,A12=2024),1,0) -> 0
A13: 2024 | B13: Bowmanstown Borough | C13: Carbon | D13: 144 | E13: 310 | F13: =D13+E13 -> 454 | G13: =D13/F13 -> 0.31718062 | J13: =IF(OR(H13="",H13=0),"",H13+I13) | K13: =IF(J13="","",H13/J13) | L13: =IF(OR(A13=2020,A13=2024),1,0) -> 1
A14: 2018 | B14: East Penn Township | C14: Carbon | D14: 369 | E14: 742 | F14: =D14+E14 -> 1111 | G14: =D14/F14 -> 0.33213321 | H14: 443 | I14: 665 | J14: =IF(OR(H14="",H14=0),"",H14+I14) -> 1108 | K14: =IF(J14="","",H14/J14) -> 0.39981949 | L14: =IF(OR(A14=2020,A14=2024),1,0) -> 0
A15: 2020 | B15: East Penn Township | C15: Carbon | D15: 390 | E15: 1180 | F15: =D15+E15 -> 1570 | G15: =D15/F15 -> 0.24840764 | J15: =IF(OR(H15="",H15=0),"",H15+I15) | K15: =IF(J15="","",H15/J15) | L15: =IF(OR(A15=2020,A15=2024),1,0) -> 1
A16: 2022 | B16: East Penn Township | C16: Carbon | D16: 372 | E16: 925 | F16: =D16+E16 -> 1297 | G16: =D16/F16 -> 0.28681573 | H16: 449 | I16: 830 | J16: =IF(OR(H16="",H16=0),"",H16+I16) -> 1279 | K16: =IF(J16="","",H16/J16) -> 0.35105551 | L16: =IF(OR(A16=2020,A16=2024),1,0) -> 0
A17: 2024 | B17: East Penn Township | C17: Carbon | D17: 438 | E17: 1253 | F17: =D17+E17 -> 1691 | G17: =D17/F17 -> 0.25901833 | J17: =IF(OR(H17="",H17=0),"",H17+I17) | K17: =IF(J17="","",H17/J17) | L17: =IF(OR(A17=2020,A17=2024),1,0) -> 1
A18: 2018 | B18: East Side Borough | C18: Carbon | D18: 34 | E18: 43 | F18: =D18+E18 -> 77 | G18: =D18/F18 -> 0.44155844 | H18: 36 | I18: 40 | J18: =IF(OR(H18="",H18=0),"",H18+I18) -> 76 | K18: =IF(J18="","",H18/J18) -> 0.47368421 | L18: =IF(OR(A18=2020,A18=2024),1,0) -> 0
A19: 2020 | B19: East Side Borough | C19: Carbon | D19: 47 | E19: 74 | F19: =D19+E19 -> 121 | G19: =D19/F19 -> 0.38842975 | J19: =IF(OR(H19="",H19=0),"",H19+I19) | K19: =IF(J19="","",H19/J19) | L19: =IF(OR(A19=2020,A19=2024),1,0) -> 1
A20: 2022 | B20: East Side Borough | C20: Carbon | D20: 33 | E20: 61 | F20: =D20+E20 -> 94 | G20: =D20/F20 -> 0.35106383 | H20: 38 | I20: 52 | J20: =IF(OR(H20="",H20=0),"",H20+I20) -> 90 | K20: =IF(J20="","",H20/J20) -> 0.42222222 | L20: =IF(OR(A20=2020,A20=2024),1,0) -> 0
A21: 2024 | B21: East Side Borough | C21: Carbon | D21: 38 | E21: 78 | F21: =D21+E21 -> 116 | G21: =D21/F21 -> 0.32758621 | J21: =IF(OR(H21="",H21=0),"",H21+I21) | K21: =IF(J21="","",H21/J21) | L21: =IF(OR(A21=2020,A21=2024),1,0) -> 1
A22: 2018 | B22: Franklin Township | C22: Carbon | D22: 536 | E22: 1122 | F22: =D22+E22 -> 1658 | G22: =D22/F22 -> 0.32328106 | H22: 581 | I22: 1055 | J22: =IF(OR(H22="",H22=0),"",H22+I22) -> 1636 | K22: =IF(J22="","",H22/J22) -> 0.35513447 | L22: =IF(OR(A22=2020,A22=2024),1,0) -> 0
A23: 2020 | B23: Franklin Township | C23: Carbon | D23: 631 | E23: 1828 | F23: =D23+E23 -> 2459 | G23: =D23/F23 -> 0.25660838 | J23: =IF(OR(H23="",H23=0),"",H23+I23) | K23: =IF(J23="","",H23/J23) | L23: =IF(OR(A23=2020,A23=2024),1,0) -> 1
A24: 2022 | B24: Franklin Township | C24: Carbon | D24: 560 | E24: 1398 | F24: =D24+E24 -> 1958 | G24: =D24/F24 -> 0.28600613 | H24: 680 | I24: 1232 | J24: =IF(OR(H24="",H24=0),"",H24+I24) -> 1912 | K24: =IF(J24="","",H24/J24) -> 0.35564854 | L24: =IF(OR(A24=2020,A24=2024),1,0) -> 0
A25: 2024 | B25: Franklin Township | C25: Carbon | D25: 708 | E25: 1846 | F25: =D25+E25 -> 2554 | G25: =D25/F25 -> 0.27721222 | J25: =IF(OR(H25="",H25=0),"",H25+I25) | K25: =IF(J25="","",H25/J25) | L25: =IF(OR(A25=2020,A25=2024),1,0) -> 1
A26: 2018 | B26: Jim Thorpe Borough | C26: Carbon | D26: 912 | E26: 949 | F26: =D26+E26 -> 1861 | G26: =D26/F26 -> 0.49005911 | H26: 971 | I26: 862 | J26: =IF(OR(H26="",H26=0),"",H26+I26) -> 1833 | K26: =IF(J26="","",H26/J26) -> 0.52973268 | L26: =IF(OR(A26=2020,A26=2024),1,0) -> 0
A27: 2020 | B27: Jim Thorpe Borough | C27: Carbon | D27: 1060 | E27: 1517 | F27: =D27+E27 -> 2577 | G27: =D27/F27 -> 0.41133101 | J27: =IF(OR(H27="",H27=0),"",H27+I27) | K27: =IF(J27="","",H27/J27) | L27: =IF(OR(A27=2020,A27=2024),1,0) -> 1
A28: 2022 | B28: Jim Thorpe Borough | C28: Carbon | D28: 979 | E28: 1157 | F28: =D28+E28 -> 2136 | G28: =D28/F28 -> 0.45833333 | H28: 1107 | I28: 992 | J28: =IF(OR(H28="",H28=0),"",H28+I28) -> 2099 | K28: =IF(J28="","",H28/J28) -> 0.527394 | L28: =IF(OR(A28=2020,A28=2024),1,0) -> 0
A29: 2024 | B29: Jim Thorpe Borough | C29: Carbon | D29: 1104 | E29: 1481 | F29: =D29+E29 -> 2585 | G29: =D29/F29 -> 0.4270793 | J29: =IF(OR(H29="",H29=0),"",H29+I29) | K29: =IF(J29="","",H29/J29) | L29: =IF(OR(A29=2020,A29=2024),1,0) -> 1
A30: 2018 | B30: Kidder Township | C30: Carbon | D30: 267 | E30: 495 | F30: =D30+E30 -> 762 | G30: =D30/F30 -> 0.3503937 | H30: 303 | I30: 453 | J30: =IF(OR(H30="",H30=0),"",H30+I30) -> 756 | K30: =IF(J30="","",H30/J30) -> 0.40079365 | L30: =IF(OR(A30=2020,A30=2024),1,0) -> 0
A31: 2020 | B31: Kidder Township | C31: Carbon | D31: 335 | E31: 766 | F31: =D31+E31 -> 1101 | G31: =D31/F31 -> 0.30426885 | J31: =IF(OR(H31="",H31=0),"",H31+I31) | K31: =IF(J31="","",H31/J31) | L31: =IF(OR(A31=2020,A31=2024),1,0) -> 1
A32: 2022 | B32: Kidder Township | C32: Carbon | D32: 277 | E32: 560 | F32: =D32+E32 -> 837 | G32: =D32/F32 -> 0.33094385 | H32: 347 | I32: 482 | J32: =IF(OR(H32="",H32=0),"",H32+I32) -> 829 | K32: =IF(J32="","",H32/J32) -> 0.4185766 | L32: =IF(OR(A32=2020,A32=2024),1,0) -> 0
A33: 2024 | B33: Kidder Township | C33: Carbon | D33: 351 | E33: 697 | F33: =D33+E33 -> 1048 | G33: =D33/F33 -> 0.33492366 | J33: =IF(OR(H33="",H33=0),"",H33+I33) | K33: =IF(J33="","",H33/J33) | L33: =IF(OR(A33=2020,A33=2024),1,0) -> 1
A34: 2018 | B34: Lansford Borough | C34: Carbon | D34: 455 | E34: 467 | F34: =D34+E34 -> 922 | G34: =D34/F34 -> 0.49349241 | H34: 482 | I34: 429 | J34: =IF(OR(H34="",H34=0),"",H34+I34) -> 911 | K34: =IF(J34="","",H34/J34) -> 0.52908891 | L34: =IF(OR(A34=2020,A34=2024),1,0) -> 0
A35: 2020 | B35: Lansford Borough | C35: Carbon | D35: 614 | E35: 846 | F35: =D35+E35 -> 1460 | G35: =D35/F35 -> 0.42054795 | J35: =IF(OR(H35="",H35=0),"",H35+I35) | K35: =IF(J35="","",H35/J35) | L35: =IF(OR(A35=2020,A35=2024),1,0) -> 1
A36: 2022 | B36: Lansford Borough | C36: Carbon | D36: 420 | E36: 580 | F36: =D36+E36 -> 1000 | G36: =D36/F36 -> 0.42 | H36: 493 | I36: 506 | J36: =IF(OR(H36="",H36=0),"",H36+I36) -> 999 | K36: =IF(J36="","",H36/J36) -> 0.49349349 | L36: =IF(OR(A36=2020,A36=2024),1,0) -> 0
A37: 2024 | B37: Lansford Borough | C37: Carbon | D37: 575 | E37: 880 | F37: =D37+E37 -> 1455 | G37: =D37/F37 -> 0.395189 | J37: =IF(OR(H37="",H37=0),"",H37+I37) | K37: =IF(J37="","",H37/J37) | L37: =IF(OR(A37=2020,A37=2024),1,0) -> 1
A38: 2018 | B38: Lausanne Township | C38: Carbon | D38: 29 | E38: 59 | F38: =D38+E38 -> 88 | G38: =D38/F38 -> 0.32954545 | H38: 33 | I38: 58 | J38: =IF(OR(H38="",H38=0),"",H38+I38) -> 91 | K38: =IF(J38="","",H38/J38) -> 0.36263736 | L38: =IF(OR(A38=2020,A38=2024),1,0) -> 0
A39: 2020 | B39: Lausanne Township | C39: Carbon | D39: 42 | E39: 99 | F39: =D39+E39 -> 141 | G39: =D39/F39 -> 0.29787234 | J39: =IF(OR(H39="",H39=0),"",H39+I39) | K39: =IF(J39="","",H39/J39) | L39: =IF(OR(A39=2020,A39=2024),1,0) -> 1
A40: 2022 | B40: Lausanne Township | C40: Carbon | D40: 36 | E40: 79 | F40: =D40+E40 -> 115 | G40: =D40/F40 -> 0.31304348 | H40: 45 | I40: 70 | J40: =IF(OR(H40="",H40=0),"",H40+I40) -> 115 | K40: =IF(J40="","",H40/J40) -> 0.39130435 | L40: =IF(OR(A40=2020,A40=2024),1,0) -> 0
A41: 2024 | B41: Lausanne Township | C41: Carbon | D41: 38 | E41: 107 | F41: =D41+E41 -> 145 | G41: =D41/F41 -> 0.26206897 | J41: =IF(OR(H41="",H41=0),"",H41+I41) | K41: =IF(J41="","",H41/J41) | L41: =IF(OR(A41=2020,A41=2024),1,0) -> 1
A42: 2018 | B42: Lehigh Township | C42: Carbon | D42: 41 | E42: 163 | F42: =D42+E42 -> 204 | G42: =D42/F42 -> 0.20098039 | H42: 55 | I42: 143 | J42: =IF(OR(H42="",H42=0),"",H42+I42) -> 198 | K42: =IF(J42="","",H42/J42) -> 0.27777778 | L42: =IF(OR(A42=2020,A42=2024),1,0) -> 0
A43: 2020 | B43: Lehigh Township | C43: Carbon | D43: 51 | E43: 223 | F43: =D43+E43 -> 274 | G43: =D43/F43 -> 0.18613139 | J43: =IF(OR(H43="",H43=0),"",H43+I43) | K43: =IF(J43="","",H43/J43) | L43: =IF(OR(A43=2020,A43=2024),1,0) -> 1
A44: 2022 | B44: Lehigh Township | C44: Carbon | D44: 52 | E44: 189 | F44: =D44+E44 -> 241 | G44: =D44/F44 -> 0.21576763 | H44: 68 | I44: 173 | J44: =IF(OR(H44="",H44=0),"",H44+I44) -> 241 | K44: =IF(J44="","",H44/J44) -> 0.28215768 | L44: =IF(OR(A44=2020,A44=2024),1,0) -> 0
A45: 2024 | B45: Lehigh Township | C45: Carbon | D45: 58 | E45: 216 | F45: =D45+E45 -> 274 | G45: =D45/F45 -> 0.21167883 | J45: =IF(OR(H45="",H45=0),"",H45+I45) | K45: =IF(J45="","",H45/J45) | L45: =IF(OR(A45=2020,A45=2024),1,0) -> 1
A46: 2018 | B46: Lehighton Borough | C46: Carbon | D46: 668 | E46: 766 | F46: =D46+E46 -> 1434 | G46: =D46/F46 -> 0.46582985 | H46: 713 | I46: 711 | J46: =IF(OR(H46="",H46=0),"",H46+I46) -> 1424 | K46: =IF(J46="","",H46/J46) -> 0.50070225 | L46: =IF(OR(A46=2020,A46=2024),1,0) -> 0
A47: 2020 | B47: Lehighton Borough | C47: Carbon | D47: 841 | E47: 1410 | F47: =D47+E47 -> 2251 | G47: =D47/F47 -> 0.37361173 | J47: =IF(OR(H47="",H47=0),"",H47+I47) | K47: =IF(J47="","",H47/J47) | L47: =IF(OR(A47=2020,A47=2024),1,0) -> 1
A48: 2022 | B48: Lehighton Borough | C48: Carbon | D48: 719 | E48: 948 | F48: =D48+E48 -> 1667 | G48: =D48/F48 -> 0.43131374 | H48: 803 | I48: 846 | J48: =IF(OR(H48="",H48=0),"",H48+I48) -> 1649 | K48: =IF(J48="","",H48/J48) -> 0.4869618 | L48: =IF(OR(A48=2020,A48=2024),1,0) -> 0
A49: 2024 | B49: Lehighton Borough | C49: Carbon | D49: 944 | E49: 1486 | F49: =D49+E49 -> 2430 | G49: =D49/F49 -> 0.38847737 | J49: =IF(OR(H49="",H49=0),"",H49+I49) | K49: =IF(J49="","",H49/J49) | L49: =IF(OR(A49=2020,A49=2024),1,0) -> 1
A50: 2018 | B50: Lower Towamensing Township | C50: Carbon | D50: 402 | E50: 686 | F50: =D50+E50 -> 1088 | G50: =D50/F50 -> 0.36948529 | H50: 418 | I50: 656 | J50: =IF(OR(H50="",H50=0),"",H50+I50) -> 1074 | K50: =IF(J50="","",H50/J50) -> 0.38919926 | L50: =IF(OR(A50=2020,A50=2024),1,0) -> 0
A51: 2020 | B51: Lower Towamensing Township | C51: Carbon | D51: 489 | E51: 1164 | F51: =D51+E51 -> 1653 | G51: =D51/F51 -> 0.29582577 | J51: =IF(OR(H51="",H51=0),"",H51+I51) | K51: =IF(J51="","",H51/J51) | L51: =IF(OR(A51=2020,A51=2024),1,0) -> 1
A52: 2022 | B52: Lower Towamensing Township | C52: Carbon | D52: 430 | E52: 916 | F52: =D52+E52 -> 1346 | G52: =D52/F52 -> 0.31946508 | H52: 498 | I52: 828 | J52: =IF(OR(H52="",H52=0),"",H52+I52) -> 1326 | K52: =IF(J52="","",H52/J52) -> 0.37556561 | L52: =IF(OR(A52=2020,A52=2024),1,0) -> 0
A53: 2024 | B53: Lower Towamensing Township | C53: Carbon | D53: 515 | E53: 1293 | F53: =D53+E53 -> 1808 | G53: =D53/F53 -> 0.28484513 | J53: =IF(OR(H53="",H53=0),"",H53+I53) | K53: =IF(J53="","",H53/J53) | L53: =IF(OR(A53=2020,A53=2024),1,0) -> 1
A54: 2018 | B54: Mahoning Township | C54: Carbon | D54: 510 | E54: 960 | F54: =D54+E54 -> 1470 | G54: =D54/F54 -> 0.34693878 | H54: 557 | I54: 891 | J54: =IF(OR(H54="",H54=0),"",H54+I54) -> 1448 | K54: =IF(J54="","",H54/J54) -> 0.38466851 | L54: =IF(OR(A54=2020,A54=2024),1,0) -> 0
A55: 2020 | B55: Mahoning Township | C55: Carbon | D55: 563 | E55: 1559 | F55: =D55+E55 -> 2122 | G55: =D55/F55 -> 0.26531574 | J55: =IF(OR(H55="",H55=0),"",H55+I55) | K55: =IF(J55="","",H55/J55) | L55: =IF(OR(A55=2020,A55=2024),1,0) -> 1
A56: 2022 | B56: Mahoning Township | C56: Carbon | D56: 546 | E56: 1227 | F56: =D56+E56 -> 1773 | G56: =D56/F56 -> 0.30795262 | H56: 639 | I56: 1116 | J56: =IF(OR(H56="",H56=0),"",H56+I56) -> 1755 | K56: =IF(J56="","",H56/J56) -> 0.36410256 | L56: =IF(OR(A56=2020,A56=2024),1,0) -> 0
A57: 2024 | B57: Mahoning Township | C57: Carbon | D57: 694 | E57: 1695 | F57: =D57+E57 -> 2389 | G57: =D57/F57 -> 0.29049812 | J57: =IF(OR(H57="",H57=0),"",H57+I57) | K57: =IF(J57="","",H57/J57) | L57: =IF(OR(A57=2020,A57=2024),1,0) -> 1
A58: 2018 | B58: Nesquehoning Borough | C58: Carbon | D58: 500 | E58: 546 | F58: =D58+E58 -> 1046 | G58: =D58/F58 -> 0.47801147 | H58: 543 | I58: 516 | J58: =IF(OR(H58="",H58=0),"",H58+I58) -> 1059 | K58: =IF(J58="","",H58/J58) -> 0.51274788 | L58: =IF(OR(A58=2020,A58=2024),1,0) -> 0
A59: 2020 | B59: Nesquehoning Borough | C59: Carbon | D59: 574 | E59: 963 | F59: =D59+E59 -> 1537 | G59: =D59/F59 -> 0.37345478 | J59: =IF(OR(H59="",H59=0),"",H59+I59) | K59: =IF(J59="","",H59/J59) | L59: =IF(OR(A59=2020,A59=2024),1,0) -> 1
A60: 2022 | B60: Nesquehoning Borough | C60: Carbon | D60: 488 | E60: 706 | F60: =D60+E60 -> 1194 | G60: =D60/F60 -> 0.40871022 | H60: 580 | I60: 601 | J60: =IF(OR(H60="",H60=0),"",H60+I60) -> 1181 | K60: =IF(J60="","",H60/J60) -> 0.49110923 | L60: =IF(OR(A60=2020,A60=2024),1,0) -> 0
A61: 2024 | B61: Nesquehoning Borough | C61: Carbon | D61: 601 | E61: 955 | F61: =D61+E61 -> 1556 | G61: =D61/F61 -> 0.38624679 | J61: =IF(OR(H61="",H61=0),"",H61+I61) | K61: =IF(J61="","",H61/J61) | L61: =IF(OR(A61=2020,A61=2024),1,0) -> 1
A62: 2018 | B62: Packer Township | C62: Carbon | D62: 111 | E62: 372 | F62: =D62+E62 -> 483 | G62: =D62/F62 -> 0.22981366 | H62: 130 | I62: 354 | J62: =IF(OR(H62="",H62=0),"",H62+I62) -> 484 | K62: =IF(J62="","",H62/J62) -> 0.26859504 | L62: =IF(OR(A62=2020,A62=2024),1,0) -> 0
A63: 2020 | B63: Packer Township | C63: Carbon | D63: 109 | E63: 531 | F63: =D63+E63 -> 640 | G63: =D63/F63 -> 0.1703125 | J63: =IF(OR(H63="",H63=0),"",H63+I63) | K63: =IF(J63="","",H63/J63) | L63: =IF(OR(A63=2020,A63=2024),1,0) -> 1
A64: 2022 | B64: Packer Township | C64: Carbon | D64: 96 | E64: 444 | F64: =D64+E64 -> 540 | G64: =D64/F64 -> 0.17777778 | H64: 144 | I64: 397 | J64: =IF(OR(H64="",H64=0),"",H64+I64) -> 541 | K64: =IF(J64="","",H64/J64) -> 0.26617375 | L64: =IF(OR(A64=2020,A64=2024),1,0) -> 0
A65: 2024 | B65: Packer Township | C65: Carbon | D65: 134 | E65: 505 | F65: =D65+E65 -> 639 | G65: =D65/F65 -> 0.20970266 | J65: =IF(OR(H65="",H65=0),"",H65+I65) | K65: =IF(J65="","",H65/J65) | L65: =IF(OR(A65=2020,A65=2024),1,0) -> 1
A66: 2018 | B66: Palmerton Borough | C66: Carbon | D66: 687 | E66: 978 | F66: =D66+E66 -> 1665 | G66: =D66/F66 -> 0.41261261 | H66: 753 | I66: 904 | J66: =IF(OR(H66="",H66=0),"",H66+I66) -> 1657 | K66: =IF(J66="","",H66/J66) -> 0.45443573 | L66: =IF(OR(A66=2020,A66=2024),1,0) -> 0
A67: 2020 | B67: Palmerton Borough | C67: Carbon | D67: 863 | E67: 1676 | F67: =D67+E67 -> 2539 | G67: =D67/F67 -> 0.3398976 | J67: =IF(OR(H67="",H67=0),"",H67+I67) | K67: =IF(J67="","",H67/J67) | L67: =IF(OR(A67=2020,A67=2024),1,0) -> 1
A68: 2022 | B68: Palmerton Borough | C68: Carbon | D68: 737 | E68: 1172 | F68: =D68+E68 -> 1909 | G68: =D68/F68 -> 0.386066 | H68: 812 | I68: 1057 | J68: =IF(OR(H68="",H68=0),"",H68+I68) -> 1869 | K68: =IF(J68="","",H68/J68) -> 0.43445693 | L68: =IF(OR(A68=2020,A68=2024),1,0) -> 0
A69: 2024 | B69: Palmerton Borough | C69: Carbon | D69: 981 | E69: 1740 | F69: =D69+E69 -> 2721 | G69: =D69/F69 -> 0.36052922 | J69: =IF(OR(H69="",H69=0),"",H69+I69) | K69: =IF(J69="","",H69/J69) | L69: =IF(OR(A69=2020,A69=2024),1,0) -> 1
A70: 2018 | B70: Parryville Borough | C70: Carbon | D70: 53 | E70: 112 | F70: =D70+E70 -> 165 | G70: =D70/F70 -> 0.32121212 | H70: 62 | I70: 103 | J70: =IF(OR(H70="",H70=0),"",H70+I70) -> 165 | K70: =IF(J70="","",H70/J70) -> 0.37575758 | L70: =IF(OR(A70=2020,A70=2024),1,0) -> 0
A71: 2020 | B71: Parryville Borough | C71: Carbon | D71: 52 | E71: 167 | F71: =D71+E71 -> 219 | G71: =D71/F71 -> 0.23744292 | J71: =IF(OR(H71="",H71=0),"",H71+I71) | K71: =IF(J71="","",H71/J71) | L71: =IF(OR(A71=2020,A71=2024),1,0) -> 1
A72: 2022 | B72: Parryville Borough | C72: Carbon | D72: 51 | E72: 136 | F72: =D72+E72 -> 187 | G72: =D72/F72 -> 0.27272727 | H72: 61 | I72: 122 | J72: =IF(OR(H72="",H72=0),"",H72+I72) -> 183 | K72: =IF(J72="","",H72/J72) -> 0.33333333 | L72: =IF(OR(A72=2020,A72=2024),1,0) -> 0
A73: 2024 | B73: Parryville Borough | C73: Carbon | D73: 74 | E73: 162 | F73: =D73+E73 -> 236 | G73: =D73/F73 -> 0.31355932 | J73: =IF(OR(H73="",H73=0),"",H73+I73) | K73: =IF(J73="","",H73/J73) | L73: =IF(OR(A73=2020,A73=2024),1,0) -> 1
A74: 2018 | B74: Penn Forest Township | C74: Carbon | D74: 1453 | E74: 2080 | F74: =D74+E74 -> 3533 | G74: =D74/F74 -> 0.41126521 | H74: 1565 | I74: 1933 | J74: =IF(OR(H74="",H74=0),"",H74+I74) -> 3498 | K74: =IF(J74="","",H74/J74) -> 0.44739851 | L74: =IF(OR(A74=2020,A74=2024),1,0) -> 0
A75: 2020 | B75: Penn Forest Township | C75: Carbon | D75: 1997 | E75: 3474 | F75: =D75+E75 -> 5471 | G75: =D75/F75 -> 0.36501554 | J75: =IF(OR(H75="",H75=0),"",H75+I75) | K75: =IF(J75="","",H75/J75) | L75: =IF(OR(A75=2020,A75=2024),1,0) -> 1
A76: 2022 | B76: Penn Forest Township | C76: Carbon | D76: 1574 | E76: 2750 | F76: =D76+E76 -> 4324 | G76: =D76/F76 -> 0.3640148 | H76: 1839 | I76: 2441 | J76: =IF(OR(H76="",H76=0),"",H76+I76) -> 4280 | K76: =IF(J76="","",H76/J76) -> 0.4296729 | L76: =IF(OR(A76=2020,A76=2024),1,0) -> 0
A77: 2024 | B77: Penn Forest Township | C77: Carbon | D77: 2047 | E77: 3702 | F77: =D77+E77 -> 5749 | G77: =D77/F77 -> 0.35606192 | J77: =IF(OR(H77="",H77=0),"",H77+I77) | K77: =IF(J77="","",H77/J77) | L77: =IF(OR(A77=2020,A77=2024),1,0) -> 1
A78: 2018 | B78: Summit Hill Borough | C78: Carbon | D78: 574 | E78: 562 | F78: =D78+E78 -> 1136 | G78: =D78/F78 -> 0.50528169 | H78: 585 | I78: 533 | J78: =IF(OR(H78="",H78=0),"",H78+I78) -> 1118 | K78: =IF(J78="","",H78/J78) -> 0.52325581 | L78: =IF(OR(A78=2020,A78=2024),1,0) -> 0
A79: 2020 | B79: Summit Hill Borough | C79: Carbon | D79: 620 | E79: 917 | F79: =D79+E79 -> 1537 | G79: =D79/F79 -> 0.40338321 | J79: =IF(OR(H79="",H79=0),"",H79+I79) | K79: =IF(J79="","",H79/J79) | L79: =IF(OR(A79=2020,A79=2024),1,0) -> 1
A80: 2022 | B80: Summit Hill Borough | C80: Carbon | D80: 557 | E80: 678 | F80: =D80+E80 -> 1235 | G80: =D80/F80 -> 0.45101215 | H80: 636 | I80: 594 | J80: =IF(OR(H80="",H80=0),"",H80+I80) -> 1230 | K80: =IF(J80="","",H80/J80) -> 0.51707317 | L80: =IF(OR(A80=2020,A80=2024),1,0) -> 0
A81: 2024 | B81: Summit Hill Borough | C81: Carbon | D81: 660 | E81: 913 | F81: =D81+E81 -> 1573 | G81: =D81/F81 -> 0.41958042 | J81: =IF(OR(H81="",H81=0),"",H81+I81) | K81: =IF(J81="","",H81/J81) | L81: =IF(OR(A81=2020,A81=2024),1,0) -> 1
A82: 2018 | B82: Towamensing Township | C82: Carbon | D82: 613 | E82: 1136 | F82: =D82+E82 -> 1749 | G82: =D82/F82 -> 0.35048599 | H82: 643 | I82: 1085 | J82: =IF(OR(H82="",H82=0),"",H82+I82) -> 1728 | K82: =IF(J82="","",H82/J82) -> 0.37210648 | L82: =IF(OR(A82=2020,A82=2024),1,0) -> 0
A83: 2020 | B83: Towamensing Township | C83: Carbon | D83: 723 | E83: 1892 | F83: =D83+E83 -> 2615 | G83: =D83/F83 -> 0.27648184 | J83: =IF(OR(H83="",H83=0),"",H83+I83) | K83: =IF(J83="","",H83/J83) | L83: =IF(OR(A83=2020,A83=2024),1,0) -> 1
A84: 2022 | B84: Towamensing Township | C84: Carbon | D84: 625 | E84: 1506 | F84: =D84+E84 -> 2131 | G84: =D84/F84 -> 0.29328954 | H84: 728 | I84: 1366 | J84: =IF(OR(H84="",H84=0),"",H84+I84) -> 2094 | K84: =IF(J84="","",H84/J84) -> 0.34765998 | L84: =IF(OR(A84=2020,A84=2024),1,0) -> 0
A85: 2024 | B85: Towamensing Township | C85: Carbon | D85: 802 | E85: 1955 | F85: =D85+E85 -> 2757 | G85: =D85/F85 -> 0.2908959 | J85: =IF(OR(H85="",H85=0),"",H85+I85) | K85: =IF(J85="","",H85/J85) | L85: =IF(OR(A85=2020,A85=2024),1,0) -> 1
A86: 2018 | B86: Weatherly Borough | C86: Carbon | D86: 273 | E86: 574 | F86: =D86+E86 -> 847 | G86: =D86/F86 -> 0.32231405 | H86: 326 | I86: 505 | J86: =IF(OR(H86="",H86=0),"",H86+I86) -> 831 | K86: =IF(J86="","",H86/J86) -> 0.39229844 | L86: =IF(OR(A86=2020,A86=2024),1,0) -> 0
A87: 2020 | B87: Weatherly Borough | C87: Carbon | D87: 323 | E87: 898 | F87: =D87+E87 -> 1221 | G87: =D87/F87 -> 0.26453726 | J87: =IF(OR(H87="",H87=0),"",H87+I87) | K87: =IF(J87="","",H87/J87) | L87: =IF(OR(A87=2020,A87=2024),1,0) -> 1
A88: 2022 | B88: Weatherly Borough | C88: Carbon | D88: 245 | E88: 656 | F88: =D88+E88 -> 901 | G88: =D88/F88 -> 0.27192009 | H88: 323 | I88: 568 | J88: =IF(OR(H88="",H88=0),"",H88+I88) -> 891 | K88: =IF(J88="","",H88/J88) -> 0.36251403 | L88: =IF(OR(A88=2020,A88=2024),1,0) -> 0
A89: 2024 | B89: Weatherly Borough | C89: Carbon | D89: 351 | E89: 849 | F89: =D89+E89 -> 1200 | G89: =D89/F89 -> 0.2925 | J89: =IF(OR(H89="",H89=0),"",H89+I89) | K89: =IF(J89="","",H89/J89) | L89: =IF(OR(A89=2020,A89=2024),1,0) -> 1
A90: 2018 | B90: Weissport Borough | C90: Carbon | D90: 50 | E90: 48 | F90: =D90+E90 -> 98 | G90: =D90/F90 -> 0.51020408 | H90: 53 | I90: 44 | J90: =IF(OR(H90="",H90=0),"",H90+I90) -> 97 | K90: =IF(J90="","",H90/J90) -> 0.54639175 | L90: =IF(OR(A90=2020,A90=2024),1,0) -> 0
A91: 2020 | B91: Weissport Borough | C91: Carbon | D91: 62 | E91: 91 | F91: =D91+E91 -> 153 | G91: =D91/F91 -> 0.40522876 | J91: =IF(OR(H91="",H91=0),"",H91+I91) | K91: =IF(J91="","",H91/J91) | L91: =IF(OR(A91=2020,A91=2024),1,0) -> 1
A92: 2022 | B92: Weissport Borough | C92: Carbon | D92: 46 | E92: 54 | F92: =D92+E92 -> 100 | G92: =D92/F92 -> 0.46 | H92: 49 | I92: 48 | J92: =IF(OR(H92="",H92=0),"",H92+I92) -> 97 | K92: =IF(J92="","",H92/J92) -> 0.50515464 | L92: =IF(OR(A92=2020,A92=2024),1,0) -> 0
A93: 2024 | B93: Weissport Borough | C93: Carbon | D93: 58 | E93: 105 | F93: =D93+E93 -> 163 | G93: =D93/F93 -> 0.35582822 | J93: =IF(OR(H93="",H93=0),"",H93+I93) | K93: =IF(J93="","",H93/J93) | L93: =IF(OR(A93=2020,A93=2024),1,0) -> 1
A94: 2018 | B94: Alburtis | C94: Lehigh | D94: 454 | E94: 406 | F94: =D94+E94 -> 860 | G94: =D94/F94 -> 0.52790698 | H94: 519 | I94: 356 | J94: =IF(OR(H94="",H94=0),"",H94+I94) -> 875 | K94: =IF(J94="","",H94/J94) -> 0.59314286 | L94: =IF(OR(A94=2020,A94=2024),1,0) -> 0
A95: 2020 | B95: Alburtis | C95: Lehigh | D95: 644 | E95: 735 | F95: =D95+E95 -> 1379 | G95: =D95/F95 -> 0.46700508 | J95: =IF(OR(H95="",H95=0),"",H95+I95) | K95: =IF(J95="","",H95/J95) | L95: =IF(OR(A95=2020,A95=2024),1,0) -> 1
A96: 2022 | B96: Alburtis | C96: Lehigh | D96: 494 | E96: 519 | F96: =D96+E96 -> 1013 | G96: =D96/F96 -> 0.48766041 | H96: 539 | I96: 447 | J96: =IF(OR(H96="",H96=0),"",H96+I96) -> 986 | K96: =IF(J96="","",H96/J96) -> 0.54665314 | L96: =IF(OR(A96=2020,A96=2024),1,0) -> 0
A97: 2024 | B97: Alburtis | C97: Lehigh | D97: 601 | E97: 766 | F97: =D97+E97 -> 1367 | G97: =D97/F97 -> 0.43964887 | J97: =IF(OR(H97="",H97=0),"",H97+I97) | K97: =IF(J97="","",H97/J97) | L97: =IF(OR(A97=2020,A97=2024),1,0) -> 1
A98: 2018 | B98: Allentown | C98: Lehigh | D98: 19919 | E98: 7341 | F98: =D98+E98 -> 27260 | G98: =D98/F98 -> 0.73070433 | H98: 21066 | I98: 6512 | J98: =IF(OR(H98="",H98=0),"",H98+I98) -> 27578 | K98: =IF(J98="","",H98/J98) -> 0.76386975 | L98: =IF(OR(A98=2020,A98=2024),1,0) -> 0
A99: 2020 | B99: Allentown | C99: Lehigh | D99: 27952 | E99: 12938 | F99: =D99+E99 -> 40890 | G99: =D99/F99 -> 0.68359012 | J99: =IF(OR(H99="",H99=0),"",H99+I99) | K99: =IF(J99="","",H99/J99) | L99: =IF(OR(A99=2020,A99=2024),1,0) -> 1
A100: 2022 | B100: Allentown | C100: Lehigh | D100: 16965 | E100: 7936 | F100: =D100+E100 -> 24901 | G100: =D100/F100 -> 0.68129794 | H100: 17605 | I100: 6760 | J100: =IF(OR(H100="",H100=0),"",H100+I100) -> 24365 | K100: =IF(J100="","",H100/J100) -> 0.72255284 | L100: =IF(OR(A100=2020,A100=2024),1,0) -> 0
...

Sheet Registration & ACS Data
A1: Year | B1: Municipality | C1: County | D1: Reg D-minus-R | E1: % Bachelor's Degree (ACS) | F1: Registrants
A2: 2018 | B2: Banks Township | C2: Carbon | D2: 0.2701 | E2: 0.07 | F2: 733
A3: 2020 | B3: Banks Township | C3: Carbon | D3: 0.1914 | E3: 0.08 | F3: 747
A4: 2022 | B4: Banks Township | C4: Carbon | D4: 0.1235 | E4: 0.08 | F4: 664
A5: 2024 | B5: Banks Township | C5: Carbon | D5: 0.0554 | E5: 0.08 | F5: 650
A6: 2018 | B6: Beaver Meadows Borough | C6: Carbon | D6: 0.0963 | E6: 0.11 | F6: 602
A7: 2020 | B7: Beaver Meadows Borough | C7: Carbon | D7: -0.0357 | E7: 0.12 | F7: 616
A8: 2022 | B8: Beaver Meadows Borough | C8: Carbon | D8: -0.1336 | E8: 0.14 | F8: 584
A9: 2024 | B9: Beaver Meadows Borough | C9: Carbon | D9: -0.2282 | E9: 0.11 | F9: 618
A10: 2018 | B10: Bowmanstown Borough | C10: Carbon | D10: -0.0055 | E10: 0.11 | F10: 542
A11: 2020 | B11: Bowmanstown Borough | C11: Carbon | D11: -0.1522 | E11: 0.25 | F11: 598
A12: 2022 | B12: Bowmanstown Borough | C12: Carbon | D12: -0.1956 | E12: 0.25 | F12: 547
A13: 2024 | B13: Bowmanstown Borough | C13: Carbon | D13: -0.1989 | E13: 0.25 | F13: 563
... A201: 2024 | B201: Polk Township | C201: Monroe | D201: -0.2038 | E201: 0.19 | F201: 5678
A202: 2018 | B202: Ross Township | C202: Monroe | D202: 0 | E202: 0.15
A203: 2020 | B203: Ross Township | C203: Monroe | D203: 0 | E203: 0.26
A204: 2022 | B204: Ross Township | C204: Monroe | D204: -0.1891 | E204: 0.31 | F204: 1777
A205: 2024 | B205: Ross Township | C205: Monroe | D205: -0.239 | E205: 0.31 | F205: 1916
A206: 2018 | B206: Allen | C206: Northampton | D206: -0.0243 | E206: 0.35 | F206: 3711
A207: 2020 | B207: Allen | C207: Northampton | D207: -0.0328 | E207: 0.4 | F207: 4114
A208: 2022 | B208: Allen | C208: Northampton | D208: -0.0478 | E208: 0.36 | F208: 4139
A209: 2024 | B209: Allen | C209: Northampton | D209: -0.0833 | E209: 0.31 | F209: 4300
A210: 2018 | B210: Bangor | C210: Northampton | D210: 0.0243 | E210: 0.15 | F210: 3171
A211: 2020 | B211: Bangor | C211: Northampton | D211: -0.0213 | E211: 0.16 | F211: 3382
A212: 2022 | B212: Bangor | C212: Northampton | D212: -0.0543 | E212: 0.18 | F212: 3370
A213: 2024 | B213: Bangor | C213: Northampton | D213: -0.1008 | E213: 0.23 | F213: 3424
A214: 2018 | B214: Bath | C214: Northampton | D214: 0.0444 | E214: 0.18 | F214: 1599
A215: 2020 | B215: Bath | C215: Northampton | D215: 0.0107 | E215: 0.19 | F215: 1770
... A357: 2024 | B357: Wind Gap | C357: Northampton | D357: -0.0779 | E357: 0.25 | F357: 2131

Sheet District History Note
A1: What Changed: PA-07's Real Boundaries and Corrected History
A3: Full geography, real votes | B3: This workbook is built on Municipal_Data.xlsx's 'Master Data' tab, which has certified House votes for all 89 municipalities across Carbon, Lehigh, Northampton, and Monroe (3 townships: Eldred, Polk, Ross). The earlier version of this workbook had to ESTIMATE Carbon from registration data and had NO Monroe data at all -- that entire workaround is no longer needed.
A4: Carbon and Monroe's real district history | B4: The source data documents that PA-07's boundaries actually changed over time: Carbon wasn't part of PA-07 before 2022, and most of Monroe County left the district after 2022, leaving just the 3 townships tracked here. This workbook uses each town's own vote history as the best available signal for how it behaves in the CURRENT district, consistent with how earlier versions handled similarly-situated historical data.
A5: 2020 result corrected | B5: Earlier versions of this analysis (built on a different reference source) showed the Democrat winning the 2020 House race district-wide. The certified returns in this file show the OPPOSITE: the Republican won 2020 by about 2,600 votes (196,320 to 193,719). This changes the district's real historical pattern to Democrat-Republican-Democrat-Republican across 2018-2024, alternating every cycle -- not a steady Democratic-leaning trend as earlier analysis suggested.
A6: Ross Township's split | B6: Ross Township, Monroe County, is split across two congressional districts. Registration figures use the 'USC 7' (US Congressional District 7) portion specifically, verified against Master Data's certified vote totals for Ross to confirm the correct split was used.

Sheet Predictability Ranking
A1: Municipality | B1: County | C1: Avg Dem Share | D1: Avg Margin from 50pt | E1: Stdev Dem Share | F1: Party Flips | G1: Predictability
A2: Banks Township | B2: Carbon | C2: =AVERAGE('House Vote Data'!G2:G5) -> 0.37581051 | D2: =AVERAGE(ABS('House Vote Data'!G2-0.5),ABS('House Vote Data'!G3-0.5),ABS('House Vote Data'!G4-0.5),ABS('House Vote Data'!G5-0.5)) -> 0.12418949 | E2: =STDEV('House Vote Data'!G2:G5) -> 0.03572316 | F2: =IF(('House Vote Data'!G2>0.5)<>('House Vote Data'!G3>0.5),1,0)+IF(('House Vote Data'!G3>0.5)<>('House Vote Data'!G4>0.5),1,0)+IF(('House Vote Data'!G4>0.5)<>('House Vote Data'!G5>0.5),1,0) -> 0 | G2: =IF(OR(F2>=1,D2<0.05),"Hard",IF(AND(D2>=0.15,E2<0.05),"Easy","Medium")) -> Medium
A3: Beaver Meadows Borough | B3: Carbon | C3: =AVERAGE('House Vote Data'!G6:G9) -> 0.2822405 | D3: =AVERAGE(ABS('House Vote Data'!G6-0.5),ABS('House Vote Data'!G7-0.5),ABS('House Vote Data'!G8-0.5),ABS('House Vote Data'!G9-0.5)) -> 0.2177595 | E3: =STDEV('House Vote Data'!G6:G9) -> 0.035394161 | F3: =IF(('House Vote Data'!G6>0.5)<>('House Vote Data'!G7>0.5),1,0)+IF(('House Vote Data'!G7>0.5)<>('House Vote Data'!G8>0.5),1,0)+IF(('House Vote Data'!G8>0.5)<>('House Vote Data'!G9>0.5),1,0) -> 0 | G3: =IF(OR(F3>=1,D3<0.05),"Hard",IF(AND(D3>=0.15,E3<0.05),"Easy","Medium")) -> Easy
A4: Bowmanstown Borough | B4: Carbon | C4: =AVERAGE('House Vote Data'!G10:G13) -> 0.33042168 | D4: =AVERAGE(ABS('House Vote Data'!G10-0.5),ABS('House Vote Data'!G11-0.5),ABS('House Vote Data'!G12-0.5),ABS('House Vote Data'!G13-0.5)) -> 0.16957832 | E4: =STDEV('House Vote Data'!G10:G13) -> 0.055196875 | F4: =IF(('House Vote Data'!G10>0.5)<>('House Vote Data'!G11>0.5),1,0)+IF(('House Vote Data'!G11>0.5)<>('House Vote Data'!G12>0.5),1,0)+IF(('House Vote Data'!G12>0.5)<>('House Vote Data'!G13>0.5),1,0) -> 0 | G4: =IF(OR(F4>=1,D4<0.05),"Hard",IF(AND(D4>=0.15,E4<0.05),"Easy","Medium")) -> Medium
A5: East Penn Township | B5: Carbon | C5: =AVERAGE('House Vote Data'!G14:G17) -> 0.28159373 | D5: =AVERAGE(ABS('House Vote Data'!G14-0.5),ABS('House Vote Data'!G15-0.5),ABS('House Vote Data'!G16-0.5),ABS('House Vote Data'!G17-0.5)) -> 0.21840627 | E5: =STDEV('House Vote Data'!G14:G17) -> 0.037383033 | F5: =IF(('House Vote Data'!G14>0.5)<>('House Vote Data'!G15>0.5),1,0)+IF(('House Vote Data'!G15>0.5)<>('House Vote Data'!G16>0.5),1,0)+IF(('House Vote Data'!G16>0.5)<>('House Vote Data'!G17>0.5),1,0) -> 0 | G5: =IF(OR(F5>=1,D5<0.05),"Hard",IF(AND(D5>=0.15,E5<0.05),"Easy","Medium")) -> Easy
A6: East Side Borough | B6: Carbon | C6: =AVERAGE('House Vote Data'!G18:G21) -> 0.37715956 | D6: =AVERAGE(ABS('House Vote Data'!G18-0.5),ABS('House Vote Data'!G19-0.5),ABS('House Vote Data'!G20-0.5),ABS('House Vote Data'!G21-0.5)) -> 0.12284044 | E6: =STDEV('House Vote Data'!G18:G21) -> 0.049708274 | F6: =IF(('House Vote Data'!G18>0.5)<>('House Vote Data'!G19>0.5),1,0)+IF(('House Vote Data'!G19>0.5)<>('House Vote Data'!G20>0.5),1,0)+IF(('House Vote Data'!G20>0.5)<>('House Vote Data'!G21>0.5),1,0) -> 0 | G6: =IF(OR(F6>=1,D6<0.05),"Hard",IF(AND(D6>=0.15,E6<0.05),"Easy","Medium")) -> Medium
A7: Franklin Township | B7: Carbon | C7: =AVERAGE('House Vote Data'!G22:G25) -> 0.28577695 | D7: =AVERAGE(ABS('House Vote Data'!G22-0.5),ABS('House Vote Data'!G23-0.5),ABS('House Vote Data'!G24-0.5),ABS('House Vote Data'!G25-0.5)) -> 0.21422305 | E7: =STDEV('House Vote Data'!G22:G25) -> 0.027873352 | F7: =IF(('House Vote Data'!G22>0.5)<>('House Vote Data'!G23>0.5),1,0)+IF(('House Vote Data'!G23>0.5)<>('House Vote Data'!G24>0.5),1,0)+IF(('House Vote Data'!G24>0.5)<>('House Vote Data'!G25>0.5),1,0) -> 0 | G7: =IF(OR(F7>=1,D7<0.05),"Hard",IF(AND(D7>=0.15,E7<0.05),"Easy","Medium")) -> Easy
A8: Jim Thorpe Borough | B8: Carbon | C8: =AVERAGE('House Vote Data'!G26:G29) -> 0.44670069 | D8: =AVERAGE(ABS('House Vote Data'!G26-0.5),ABS('House Vote Data'!G27-0.5),ABS('House Vote Data'!G28-0.5),ABS('House Vote Data'!G29-0.5)) -> 0.053299312 | E8: =STDEV('House Vote Data'!G26:G29) -> 0.034886885 | F8: =IF(('House Vote Data'!G26>0.5)<>('House Vote Data'!G27>0.5),1,0)+IF(('House Vote Data'!G27>0.5)<>('House Vote Data'!G28>0.5),1,0)+IF(('House Vote Data'!G28>0.5)<>('House Vote Data'!G29>0.5),1,0) -> 0 | G8: =IF(OR(F8>=1,D8<0.05),"Hard",IF(AND(D8>=0.15,E8<0.05),"Easy","Medium")) -> Medium
A9: Kidder Township | B9: Carbon | C9: =AVERAGE('House Vote Data'!G30:G33) -> 0.33013251 | D9: =AVERAGE(ABS('House Vote Data'!G30-0.5),ABS('House Vote Data'!G31-0.5),ABS('House Vote Data'!G32-0.5),ABS('House Vote Data'!G33-0.5)) -> 0.16986749 | E9: =STDEV('House Vote Data'!G30:G33) -> 0.019175143 | F9: =IF(('House Vote Data'!G30>0.5)<>('House Vote Data'!G31>0.5),1,0)+IF(('House Vote Data'!G31>0.5)<>('House Vote Data'!G32>0.5),1,0)+IF(('House Vote Data'!G32>0.5)<>('House Vote Data'!G33>0.5),1,0) -> 0 | G9: =IF(OR(F9>=1,D9<0.05),"Hard",IF(AND(D9>=0.15,E9<0.05),"Easy","Medium")) -> Easy
A10: Lansford Borough | B10: Carbon | C10: =AVERAGE('House Vote Data'!G34:G37) -> 0.43230734 | D10: =AVERAGE(ABS('House Vote Data'!G34-0.5),ABS('House Vote Data'!G35-0.5),ABS('House Vote Data'!G36-0.5),ABS('House Vote Data'!G37-0.5)) -> 0.067692661 | E10: =STDEV('House Vote Data'!G34:G37) -> 0.042470136 | F10: =IF(('House Vote Data'!G34>0.5)<>('House Vote Data'!G35>0.5),1,0)+IF(('House Vote Data'!G35>0.5)<>('House Vote Data'!G36>0.5),1,0)+IF(('House Vote Data'!G36>0.5)<>('House Vote Data'!G37>0.5),1,0) -> 0 | G10: =IF(OR(F10>=1,D10<0.05),"Hard",IF(AND(D10>=0.15,E10<0.05),"Easy","Medium")) -> Medium
A11: Lausanne Township | B11: Carbon | C11: =AVERAGE('House Vote Data'!G38:G41) -> 0.30063256 | D11: =AVERAGE(ABS('House Vote Data'!G38-0.5),ABS('House Vote Data'!G39-0.5),ABS('House Vote Data'!G40-0.5),ABS('House Vote Data'!G41-0.5)) -> 0.19936744 | E11: =STDEV('House Vote Data'!G38:G41) -> 0.028779368 | F11: =IF(('House Vote Data'!G38>0.5)<>('House Vote Data'!G39>0.5),1,0)+IF(('House Vote Data'!G39>0.5)<>('House Vote Data'!G40>0.5),1,0)+IF(('House Vote Data'!G40>0.5)<>('House Vote Data'!G41>0.5),1,0) -> 0 | G11: =IF(OR(F11>=1,D11<0.05),"Hard",IF(AND(D11>=0.15,E11<0.05),"Easy","Medium")) -> Easy
A12: Lehigh Township | B12: Carbon | C12: =AVERAGE('House Vote Data'!G42:G45) -> 0.20363956 | D12: =AVERAGE(ABS('House Vote Data'!G42-0.5),ABS('House Vote Data'!G43-0.5),ABS('House Vote Data'!G44-0.5),ABS('House Vote Data'!G45-0.5)) -> 0.29636044 | E12: =STDEV('House Vote Data'!G42:G45) -> 0.013232881 | F12: =IF(('House Vote Data'!G42>0.5)<>('House Vote Data'!G43>0.5),1,0)+IF(('House Vote Data'!G43>0.5)<>('House Vote Data'!G44>0.5),1,0)+IF(('House Vote Data'!G44>0.5)<>('House Vote Data'!G45>0.5),1,0) -> 0 | G12: =IF(OR(F12>=1,D12<0.05),"Hard",IF(AND(D12>=0.15,E12<0.05),"Easy","Medium")) -> Easy
A13: Lehighton Borough | B13: Carbon | C13: =AVERAGE('House Vote Data'!G46:G49) -> 0.41480817 | D13: =AVERAGE(ABS('House Vote Data'!G46-0.5),ABS('House Vote Data'!G47-0.5),ABS('House Vote Data'!G48-0.5),ABS('House Vote Data'!G49-0.5)) -> 0.08519183 | E13: =STDEV('House Vote Data'!G46:G49) -> 0.041897109 | F13: =IF(('House Vote Data'!G46>0.5)<>('House Vote Data'!G47>0.5),1,0)+IF(('House Vote Data'!G47>0.5)<>('House Vote Data'!G48>0.5),1,0)+IF(('House Vote Data'!G48>0.5)<>('House Vote Data'!G49>0.5),1,0) -> 0 | G13: =IF(OR(F13>=1,D13<0.05),"Hard",IF(AND(D13>=0.15,E13<0.05),"Easy","Medium")) -> Medium
A14: Lower Towamensing Township | B14: Carbon | C14: =AVERAGE('House Vote Data'!G50:G53) -> 0.31740532 | D14: =AVERAGE(ABS('House Vote Data'!G50-0.5),ABS('House Vote Data'!G51-0.5),ABS('House Vote Data'!G52-0.5),ABS('House Vote Data'!G53-0.5)) -> 0.18259468 | E14: =STDEV('House Vote Data'!G50:G53) -> 0.037605004 | F14: =IF(('House Vote Data'!G50>0.5)<>('House Vote Data'!G51>0.5),1,0)+IF(('House Vote Data'!G51>0.5)<>('House Vote Data'!G52>0.5),1,0)+IF(('House Vote Data'!G52>0.5)<>('House Vote Data'!G53>0.5),1,0) -> 0 | G14: =IF(OR(F14>=1,D14<0.05),"Hard",IF(AND(D14>=0.15,E14<0.05),"Easy","Medium")) -> Easy
A15: Mahoning Township | B15: Carbon | C15: =AVERAGE('House Vote Data'!G54:G57) -> 0.30267631 | D15: =AVERAGE(ABS('House Vote Data'!G54-0.5),ABS('House Vote Data'!G55-0.5),ABS('House Vote Data'!G56-0.5),ABS('House Vote Data'!G57-0.5)) -> 0.19732369 | E15: =STDEV('House Vote Data'!G54:G57) -> 0.034308045 | F15: =IF(('House Vote Data'!G54>0.5)<>('House Vote Data'!G55>0.5),1,0)+IF(('House Vote Data'!G55>0.5)<>('House Vote Data'!G56>0.5),1,0)+IF(('House Vote Data'!G56>0.5)<>('House Vote Data'!G57>0.5),1,0) -> 0 | G15: =IF(OR(F15>=1,D15<0.05),"Hard",IF(AND(D15>=0.15,E15<0.05),"Easy","Medium")) -> Easy
A16: Nesquehoning Borough | B16: Carbon | C16: =AVERAGE('House Vote Data'!G58:G61) -> 0.41160581 | D16: =AVERAGE(ABS('House Vote Data'!G58-0.5),ABS('House Vote Data'!G59-0.5),ABS('House Vote Data'!G60-0.5),ABS('House Vote Data'!G61-0.5)) -> 0.088394185 | E16: =STDEV('House Vote Data'!G58:G61) -> 0.046607143 | F16: =IF(('House Vote Data'!G58>0.5)<>('House Vote Data'!G59>0.5),1,0)+IF(('House Vote Data'!G59>0.5)<>('House Vote Data'!G60>0.5),1,0)+IF(('House Vote Data'!G60>0.5)<>('House Vote Data'!G61>0.5),1,0) -> 0 | G16: =IF(OR(F16>=1,D16<0.05),"Hard",IF(AND(D16>=0.15,E16<0.05),"Easy","Medium")) -> Medium
A17: Packer Township | B17: Carbon | C17: =AVERAGE('House Vote Data'!G62:G65) -> 0.19690165 | D17: =AVERAGE(ABS('House Vote Data'!G62-0.5),ABS('House Vote Data'!G63-0.5),ABS('House Vote Data'!G64-0.5),ABS('House Vote Data'!G65-0.5)) -> 0.30309835 | E17: =STDEV('House Vote Data'!G62:G65) -> 0.027807505 | F17: =IF(('House Vote Data'!G62>0.5)<>('House Vote Data'!G63>0.5),1,0)+IF(('House Vote Data'!G63>0.5)<>('House Vote Data'!G64>0.5),1,0)+IF(('House Vote Data'!G64>0.5)<>('House Vote Data'!G65>0.5),1,0) -> 0 | G17: =IF(OR(F17>=1,D17<0.05),"Hard",IF(AND(D17>=0.15,E17<0.05),"Easy","Medium")) -> Easy
A18: Palmerton Borough | B18: Carbon | C18: =AVERAGE('House Vote Data'!G66:G69) -> 0.37477636 | D18: =AVERAGE(ABS('House Vote Data'!G66-0.5),ABS('House Vote Data'!G67-0.5),ABS('House Vote Data'!G68-0.5),ABS('House Vote Data'!G69-0.5)) -> 0.12522364 | E18: =STDEV('House Vote Data'!G66:G69) -> 0.031509508 | F18: =IF(('House Vote Data'!G66>0.5)<>('House Vote Data'!G67>0.5),1,0)+IF(('House Vote Data'!G67>0.5)<>('House Vote Data'!G68>0.5),1,0)+IF(('House Vote Data'!G68>0.5)<>('House Vote Data'!G69>0.5),1,0) -> 0 | G18: =IF(OR(F18>=1,D18<0.05),"Hard",IF(AND(D18>=0.15,E18<0.05),"Easy","Medium")) -> Medium
A19: Parryville Borough | B19: Carbon | C19: =AVERAGE('House Vote Data'!G70:G73) -> 0.28623541 | D19: =AVERAGE(ABS('House Vote Data'!G70-0.5),ABS('House Vote Data'!G71-0.5),ABS('House Vote Data'!G72-0.5),ABS('House Vote Data'!G73-0.5)) -> 0.21376459 | E19: =STDEV('House Vote Data'!G70:G73) -> 0.038872197 | F19: =IF(('House Vote Data'!G70>0.5)<>('House Vote Data'!G71>0.5),1,0)+IF(('House Vote Data'!G71>0.5)<>('House Vote Data'!G72>0.5),1,0)+IF(('House Vote Data'!G72>0.5)<>('House Vote Data'!G73>0.5),1,0) -> 0 | G19: =IF(OR(F19>=1,D19<0.05),"Hard",IF(AND(D19>=0.15,E19<0.05),"Easy","Medium")) -> Easy
A20: Penn Forest Township | B20: Carbon | C20: =AVERAGE('House Vote Data'!G74:G77) -> 0.37408937 | D20: =AVERAGE(ABS('House Vote Data'!G74-0.5),ABS('House Vote Data'!G75-0.5),ABS('House Vote Data'!G76-0.5),ABS('House Vote Data'!G77-0.5)) -> 0.12591063 | E20: =STDEV('House Vote Data'!G74:G77) -> 0.025105534 | F20: =IF(('House Vote Data'!G74>0.5)<>('House Vote Data'!G75>0.5),1,0)+IF(('House Vote Data'!G75>0.5)<>('House Vote Data'!G76>0.5),1,0)+IF(('House Vote Data'!G76>0.5)<>('House Vote Data'!G77>0.5),1,0) -> 0 | G20: =IF(OR(F20>=1,D20<0.05),"Hard",IF(AND(D20>=0.15,E20<0.05),"Easy","Medium")) -> Medium
A21: Summit Hill Borough | B21: Carbon | C21: =AVERAGE('House Vote Data'!G78:G81) -> 0.44481437 | D21: =AVERAGE(ABS('House Vote Data'!G78-0.5),ABS('House Vote Data'!G79-0.5),ABS('House Vote Data'!G80-0.5),ABS('House Vote Data'!G81-0.5)) -> 0.057826478 | E21: =STDEV('House Vote Data'!G78:G81) -> 0.044899897 | F21: =IF(('House Vote Data'!G78>0.5)<>('House Vote Data'!G79>0.5),1,0)+IF(('House Vote Data'!G79>0.5)<>('House Vote Data'!G80>0.5),1,0)+IF(('House Vote Data'!G80>0.5)<>('House Vote Data'!G81>0.5),1,0) -> 1 | G21: =IF(OR(F21>=1,D21<0.05),"Hard",IF(AND(D21>=0.15,E21<0.05),"Easy","Medium")) -> Hard
A22: Towamensing Township | B22: Carbon | C22: =AVERAGE('House Vote Data'!G82:G85) -> 0.30278832 | D22: =AVERAGE(ABS('House Vote Data'!G82-0.5),ABS('House Vote Data'!G83-0.5),ABS('House Vote Data'!G84-0.5),ABS('House Vote Data'!G85-0.5)) -> 0.19721168 | E22: =STDEV('House Vote Data'!G82:G85) -> 0.032653512 | F22: =IF(('House Vote Data'!G82>0.5)<>('House Vote Data'!G83>0.5),1,0)+IF(('House Vote Data'!G83>0.5)<>('House Vote Data'!G84>0.5),1,0)+IF(('House Vote Data'!G84>0.5)<>('House Vote Data'!G85>0.5),1,0) -> 0 | G22: =IF(OR(F22>=1,D22<0.05),"Hard",IF(AND(D22>=0.15,E22<0.05),"Easy","Medium")) -> Easy
A23: Weatherly Borough | B23: Carbon | C23: =AVERAGE('House Vote Data'!G86:G89) -> 0.28781785 | D23: =AVERAGE(ABS('House Vote Data'!G86-0.5),ABS('House Vote Data'!G87-0.5),ABS('House Vote Data'!G88-0.5),ABS('House Vote Data'!G89-0.5)) -> 0.21218215 | E23: =STDEV('House Vote Data'!G86:G89) -> 0.025862681 | F23: =IF(('House Vote Data'!G86>0.5)<>('House Vote Data'!G87>0.5),1,0)+IF(('House Vote Data'!G87>0.5)<>('House Vote Data'!G88>0.5),1,0)+IF(('House Vote Data'!G88>0.5)<>('House Vote Data'!G89>0.5),1,0) -> 0 | G23: =IF(OR(F23>=1,D23<0.05),"Hard",IF(AND(D23>=0.15,E23<0.05),"Easy","Medium")) -> Easy
A24: Weissport Borough | B24: Carbon | C24: =AVERAGE('House Vote Data'!G90:G93) -> 0.43281527 | D24: =AVERAGE(ABS('House Vote Data'!G90-0.5),ABS('House Vote Data'!G91-0.5),ABS('House Vote Data'!G92-0.5),ABS('House Vote Data'!G93-0.5)) -> 0.072286776 | E24: =STDEV('House Vote Data'!G90:G93) -> 0.066873161 | F24: =IF(('House Vote Data'!G90>0.5)<>('House Vote Data'!G91>0.5),1,0)+IF(('House Vote Data'!G91>0.5)<>('House Vote Data'!G92>0.5),1,0)+IF(('House Vote Data'!G92>0.5)<>('House Vote Data'!G93>0.5),1,0) -> 1 | G24: =IF(OR(F24>=1,D24<0.05),"Hard",IF(AND(D24>=0.15,E24<0.05),"Easy","Medium")) -> Hard
A25: Alburtis | B25: Lehigh | C25: =AVERAGE('House Vote Data'!G94:G97) -> 0.48055533 | D25: =AVERAGE(ABS('House Vote Data'!G94-0.5),ABS('House Vote Data'!G95-0.5),ABS('House Vote Data'!G96-0.5),ABS('House Vote Data'!G97-0.5)) -> 0.033398155 | E25: =STDEV('House Vote Data'!G94:G97) -> 0.037191436 | F25: =IF(('House Vote Data'!G94>0.5)<>('House Vote Data'!G95>0.5),1,0)+IF(('House Vote Data'!G95>0.5)<>('House Vote Data'!G96>0.5),1,0)+IF(('House Vote Data'!G96>0.5)<>('House Vote Data'!G97>0.5),1,0) -> 1 | G25: =IF(OR(F25>=1,D25<0.05),"Hard",IF(AND(D25>=0.15,E25<0.05),"Easy","Medium")) -> Hard
A26: Allentown | B26: Lehigh | C26: =AVERAGE('House Vote Data'!G98:G101) -> 0.68530365 | D26: =AVERAGE(ABS('House Vote Data'!G98-0.5),ABS('House Vote Data'!G99-0.5),ABS('House Vote Data'!G100-0.5),ABS('House Vote Data'!G101-0.5)) -> 0.18530365 | E26: =STDEV('House Vote Data'!G98:G101) -> 0.034903769 | F26: =IF(('House Vote Data'!G98>0.5)<>('House Vote Data'!G99>0.5),1,0)+IF(('House Vote Data'!G99>0.5)<>('House Vote Data'!G100>0.5),1,0)+IF(('House Vote Data'!G100>0.5)<>('House Vote Data'!G101>0.5),1,0) -> 0 | G26: =IF(OR(F26>=1,D26<0.05),"Hard",IF(AND(D26>=0.15,E26<0.05),"Easy","Medium")) -> Easy
A27: Bethlehem | B27: Lehigh | C27: =AVERAGE('House Vote Data'!G102:G105) -> 0.64818892 | D27: =AVERAGE(ABS('House Vote Data'!G102-0.5),ABS('House Vote Data'!G103-0.5),ABS('House Vote Data'!G104-0.5),ABS('House Vote Data'!G105-0.5)) -> 0.14818892 | E27: =STDEV('House Vote Data'!G102:G105) -> 0.019520993 | F27: =IF(('House Vote Data'!G102>0.5)<>('House Vote Data'!G103>0.5),1,0)+IF(('House Vote Data'!G103>0.5)<>('House Vote Data'!G104>0.5),1,0)+IF(('House Vote Data'!G104>0.5)<>('House Vote Data'!G105>0.5),1,0) -> 0 | G27: =IF(OR(F27>=1,D27<0.05),"Hard",IF(AND(D27>=0.15,E27<0.05),"Easy","Medium")) -> Medium
A28: Catasauqua | B28: Lehigh | C28: =AVERAGE('House Vote Data'!G106:G109) -> 0.53597179 | D28: =AVERAGE(ABS('House Vote Data'!G106-0.5),ABS('House Vote Data'!G107-0.5),ABS('House Vote Data'!G108-0.5),ABS('House Vote Data'!G109-0.5)) -> 0.035971789 | E28: =STDEV('House Vote Data'!G106:G109) -> 0.032126268 | F28: =IF(('House Vote Data'!G106>0.5)<>('House Vote Data'!G107>0.5),1,0)+IF(('House Vote Data'!G107>0.5)<>('House Vote Data'!G108>0.5),1,0)+IF(('House Vote Data'!G108>0.5)<>('House Vote Data'!G109>0.5),1,0) -> 0 | G28: =IF(OR(F28>=1,D28<0.05),"Hard",IF(AND(D28>=0.15,E28<0.05),"Easy","Medium")) -> Hard
A29: Coopersburg | B29: Lehigh | C29: =AVERAGE('House Vote Data'!G110:G113) -> 0.49821301 | D29: =AVERAGE(ABS('House Vote Data'!G110-0.5),ABS('House Vote Data'!G111-0.5),ABS('House Vote Data'!G112-0.5),ABS('House Vote Data'!G113-0.5)) -> 0.023970082 | E29: =STDEV('House Vote Data'!G110:G113) -> 0.029696521 | F29: =IF(('House Vote Data'!G110>0.5)<>('House Vote Data'!G111>0.5),1,0)+IF(('House Vote Data'!G111>0.5)<>('House Vote Data'!G112>0.5),1,0)+IF(('House Vote Data'!G112>0.5)<>('House Vote Data'!G113>0.5),1,0) -> 3 | G29: =IF(OR(F29>=1,D29<0.05),"Hard",IF(AND(D29>=0.15,E29<0.05),"Easy","Medium")) -> Hard
A30: Coplay | B30: Lehigh | C30: =AVERAGE('House Vote Data'!G114:G117) -> 0.52425916 | D30: =AVERAGE(ABS('House Vote Data'!G114-0.5),ABS('House Vote Data'!G115-0.5),ABS('House Vote Data'!G116-0.5),ABS('House Vote Data'!G117-0.5)) -> 0.024259156 | E30: =STDEV('House Vote Data'!G114:G117) -> 0.029052692 | F30: =IF(('House Vote Data'!G114>0.5)<>('House Vote Data'!G115>0.5),1,0)+IF(('House Vote Data'!G115>0.5)<>('House Vote Data'!G116>0.5),1,0)+IF(('House Vote Data'!G116>0.5)<>('House Vote Data'!G117>0.5),1,0) -> 0 | G30: =IF(OR(F30>=1,D30<0.05),"Hard",IF(AND(D30>=0.15,E30<0.05),"Easy","Medium")) -> Hard
A31: Emmaus | B31: Lehigh | C31: =AVERAGE('House Vote Data'!G118:G121) -> 0.5418223 | D31: =AVERAGE(ABS('House Vote Data'!G118-0.5),ABS('House Vote Data'!G119-0.5),ABS('House Vote Data'!G120-0.5),ABS('House Vote Data'!G121-0.5)) -> 0.041822301 | E31: =STDEV('House Vote Data'!G118:G121) -> 0.016634844 | F31: =IF(('House Vote Data'!G118>0.5)<>('House Vote Data'!G119>0.5),1,0)+IF(('House Vote Data'!G119>0.5)<>('House Vote Data'!G120>0.5),1,0)+IF(('House Vote Data'!G120>0.5)<>('House Vote Data'!G121>0.5),1,0) -> 0 | G31: =IF(OR(F31>=1,D31<0.05),"Hard",IF(AND(D31>=0.15,E31<0.05),"Easy","Medium")) -> Hard
A32: Fountain Hill | B32: Lehigh | C32: =AVERAGE('House Vote Data'!G122:G125) -> 0.67539829 | D32: =AVERAGE(ABS('House Vote Data'!G122-0.5),ABS('House Vote Data'!G123-0.5),ABS('House Vote Data'!G124-0.5),ABS('House Vote Data'!G125-0.5)) -> 0.17539829 | E32: =STDEV('House Vote Data'!G122:G125) -> 0.024967888 | F32: =IF(('House Vote Data'!G122>0.5)<>('House Vote Data'!G123>0.5),1,0)+IF(('House Vote Data'!G123>0.5)<>('House Vote Data'!G124>0.5),1,0)+IF(('House Vote Data'!G124>0.5)<>('House Vote Data'!G125>0.5),1,0) -> 0 | G32: =IF(OR(F32>=1,D32<0.05),"Hard",IF(AND(D32>=0.15,E32<0.05),"Easy","Medium")) -> Easy
A33: Hanover | B33: Lehigh | C33: =AVERAGE('House Vote Data'!G126:G129) -> 0.5660929 | D33: =AVERAGE(ABS('House Vote Data'!G126-0.5),ABS('House Vote Data'!G127-0.5),ABS('House Vote Data'!G128-0.5),ABS('House Vote Data'!G129-0.5)) -> 0.066092901 | E33: =STDEV('House Vote Data'!G126:G129) -> 0.02605666 | F33: =IF(('House Vote Data'!G126>0.5)<>('House Vote Data'!G127>0.5),1,0)+IF(('House Vote Data'!G127>0.5)<>('House Vote Data'!G128>0.5),1,0)+IF(('House Vote Data'!G128>0.5)<>('House Vote Data'!G129>0.5),1,0) -> 0 | G33: =IF(OR(F33>=1,D33<0.05),"Hard",IF(AND(D33>=0.15,E33<0.05),"Easy","Medium")) -> Medium
A34: Heidelberg | B34: Lehigh | C34: =AVERAGE('House Vote Data'!G130:G133) -> 0.32939124 | D34: =AVERAGE(ABS('House Vote Data'!G130-0.5),ABS('House Vote Data'!G131-0.5),ABS('House Vote Data'!G132-0.5),ABS('House Vote Data'!G133-0.5)) -> 0.17060876 | E34: =STDEV('House Vote Data'!G130:G133) -> 0.024213045 | F34: =IF(('House Vote Data'!G130>0.5)<>('House Vote Data'!G131>0.5),1,0)+IF(('House Vote Data'!G131>0.5)<>('House Vote Data'!G132>0.5),1,0)+IF(('House Vote Data'!G132>0.5)<>('House Vote Data'!G133>0.5),1,0) -> 0 | G34: =IF(OR(F34>=1,D34<0.05),"Hard",IF(AND(D34>=0.15,E34<0.05),"Easy","Medium")) -> Easy
A35: Lower Macungie | B35: Lehigh | C35: =AVERAGE('House Vote Data'!G134:G137) -> 0.50687503 | D35: =AVERAGE(ABS('House Vote Data'!G134-0.5),ABS('House Vote Data'!G135-0.5),ABS('House Vote Data'!G136-0.5),ABS('House Vote Data'!G137-0.5)) -> 0.012005704 | E35: =STDEV('House Vote Data'!G134:G137) -> 0.014471563 | F35: =IF(('House Vote Data'!G134>0.5)<>('House Vote Data'!G135>0.5),1,0)+IF(('House Vote Data'!G135>0.5)<>('House Vote Data'!G136>0.5),1,0)+IF(('House Vote Data'!G136>0.5)<>('House Vote Data'!G137>0.5),1,0) -> 3 | G35: =IF(OR(F35>=1,D35<0.05),"Hard",IF(AND(D35>=0.15,E35<0.05),"Easy","Medium")) -> Hard
A36: Lower Milford | B36: Lehigh | C36: =AVERAGE('House Vote Data'!G138:G141) -> 0.38515093 | D36: =AVERAGE(ABS('House Vote Data'!G138-0.5),ABS('House Vote Data'!G139-0.5),ABS('House Vote Data'!G140-0.5),ABS('House Vote Data'!G141-0.5)) -> 0.11484907 | E36: =STDEV('House Vote Data'!G138:G141) -> 0.014478893 | F36: =IF(('House Vote Data'!G138>0.5)<>('House Vote Data'!G139>0.5),1,0)+IF(('House Vote Data'!G139>0.5)<>('House Vote Data'!G140>0.5),1,0)+IF(('House Vote Data'!G140>0.5)<>('House Vote Data'!G141>0.5),1,0) -> 0 | G36: =IF(OR(F36>=1,D36<0.05),"Hard",IF(AND(D36>=0.15,E36<0.05),"Easy","Medium")) -> Medium
A37: Lowhill | B37: Lehigh | C37: =AVERAGE('House Vote Data'!G142:G145) -> 0.36615963 | D37: =AVERAGE(ABS('House Vote Data'!G142-0.5),ABS('House Vote Data'!G143-0.5),ABS('House Vote Data'!G144-0.5),ABS('House Vote Data'!G145-0.5)) -> 0.13384037 | E37: =STDEV('House Vote Data'!G142:G145) -> 0.011622044 | F37: =IF(('House Vote Data'!G142>0.5)<>('House Vote Data'!G143>0.5),1,0)+IF(('House Vote Data'!G143>0.5)<>('House Vote Data'!G144>0.5),1,0)+IF(('House Vote Data'!G144>0.5)<>('House Vote Data'!G145>0.5),1,0) -> 0 | G37: =IF(OR(F37>=1,D37<0.05),"Hard",IF(AND(D37>=0.15,E37<0.05),"Easy","Medium")) -> Medium
A38: Lynn | B38: Lehigh | C38: =AVERAGE('House Vote Data'!G146:G149) -> 0.32638322 | D38: =AVERAGE(ABS('House Vote Data'!G146-0.5),ABS('House Vote Data'!G147-0.5),ABS('House Vote Data'!G148-0.5),ABS('House Vote Data'!G149-0.5)) -> 0.17361678 | E38: =STDEV('House Vote Data'!G146:G149) -> 0.01024726 | F38: =IF(('House Vote Data'!G146>0.5)<>('House Vote Data'!G147>0.5),1,0)+IF(('House Vote Data'!G147>0.5)<>('House Vote Data'!G148>0.5),1,0)+IF(('House Vote Data'!G148>0.5)<>('House Vote Data'!G149>0.5),1,0) -> 0 | G38: =IF(OR(F38>=1,D38<0.05),"Hard",IF(AND(D38>=0.15,E38<0.05),"Easy","Medium")) -> Easy
A39: Macungie | B39: Lehigh | C39: =AVERAGE('House Vote Data'!G150:G153) -> 0.54112577 | D39: =AVERAGE(ABS('House Vote Data'!G150-0.5),ABS('House Vote Data'!G151-0.5),ABS('House Vote Data'!G152-0.5),ABS('House Vote Data'!G153-0.5)) -> 0.04112577 | E39: =STDEV('House Vote Data'!G150:G153) -> 0.01152065 | F39: =IF(('House Vote Data'!G150>0.5)<>('House Vote Data'!G151>0.5),1,0)+IF(('House Vote Data'!G151>0.5)<>('House Vote Data'!G152>0.5),1,0)+IF(('House Vote Data'!G152>0.5)<>('House Vote Data'!G153>0.5),1,0) -> 0 | G39: =IF(OR(F39>=1,D39<0.05),"Hard",IF(AND(D39>=0.15,E39<0.05),"Easy","Medium")) -> Hard
A40: North Whitehall | B40: Lehigh | C40: =AVERAGE('House Vote Data'!G154:G157) -> 0.41138663 | D40: =AVERAGE(ABS('House Vote Data'!G154-0.5),ABS('House Vote Data'!G155-0.5),ABS('House Vote Data'!G156-0.5),ABS('House Vote Data'!G157-0.5)) -> 0.088613373 | E40: =STDEV('House Vote Data'!G154:G157) -> 0.010867674 | F40: =IF(('House Vote Data'!G154>0.5)<>('House Vote Data'!G155>0.5),1,0)+IF(('House Vote Data'!G155>0.5)<>('House Vote Data'!G156>0.5),1,0)+IF(('House Vote Data'!G156>0.5)<>('House Vote Data'!G157>0.5),1,0) -> 0 | G40: =IF(OR(F40>=1,D40<0.05),"Hard",IF(AND(D40>=0.15,E40<0.05),"Easy","Medium")) -> Medium
A41: Salisbury | B41: Lehigh | C41: =AVERAGE('House Vote Data'!G158:G161) -> 0.50114822 | D41: =AVERAGE(ABS('House Vote Data'!G158-0.5),ABS('House Vote Data'!G159-0.5),ABS('House Vote Data'!G160-0.5),ABS('House Vote Data'!G161-0.5)) -> 0.0075319675 | E41: =STDEV('House Vote Data'!G158:G161) -> 0.0087106281 | F41: =IF(('House Vote Data'!G158>0.5)<>('House Vote Data'!G159>0.5),1,0)+IF(('House Vote Data'!G159>0.5)<>('House Vote Data'!G160>0.5),1,0)+IF(('House Vote Data'!G160>0.5)<>('House Vote Data'!G161>0.5),1,0) -> 3 | G41: =IF(OR(F41>=1,D41<0.05),"Hard",IF(AND(D41>=0.15,E41<0.05),"Easy","Medium")) -> Hard
A42: Slatington | B42: Lehigh | C42: =AVERAGE('House Vote Data'!G162:G165) -> 0.42932481 | D42: =AVERAGE(ABS('House Vote Data'!G162-0.5),ABS('House Vote Data'!G163-0.5),ABS('House Vote Data'!G164-0.5),ABS('House Vote Data'!G165-0.5)) -> 0.070675193 | E42: =STDEV('House Vote Data'!G162:G165) -> 0.032740887 | F42: =IF(('House Vote Data'!G162>0.5)<>('House Vote Data'!G163>0.5),1,0)+IF(('House Vote Data'!G163>0.5)<>('House Vote Data'!G164>0.5),1,0)+IF(('House Vote Data'!G164>0.5)<>('House Vote Data'!G165>0.5),1,0) -> 0 | G42: =IF(OR(F42>=1,D42<0.05),"Hard",IF(AND(D42>=0.15,E42<0.05),"Easy","Medium")) -> Medium
A43: South Whitehall | B43: Lehigh | C43: =AVERAGE('House Vote Data'!G166:G169) -> 0.54908759 | D43: =AVERAGE(ABS('House Vote Data'!G166-0.5),ABS('House Vote Data'!G167-0.5),ABS('House Vote Data'!G168-0.5),ABS('House Vote Data'!G169-0.5)) -> 0.04908759 | E43: =STDEV('House Vote Data'!G166:G169) -> 0.018040161 | F43: =IF(('House Vote Data'!G166>0.5)<>('House Vote Data'!G167>0.5),1,0)+IF(('House Vote Data'!G167>0.5)<>('House Vote Data'!G168>0.5),1,0)+IF(('House Vote Data'!G168>0.5)<>('House Vote Data'!G169>0.5),1,0) -> 0 | G43: =IF(OR(F43>=1,D43<0.05),"Hard",IF(AND(D43>=0.15,E43<0.05),"Easy","Medium")) -> Hard
A44: Upper Macungie | B44: Lehigh | C44: =AVERAGE('House Vote Data'!G170:G173) -> 0.52414956 | D44: =AVERAGE(ABS('House Vote Data'!G170-0.5),ABS('House Vote Data'!G171-0.5),ABS('House Vote Data'!G172-0.5),ABS('House Vote Data'!G173-0.5)) -> 0.024149557 | E44: =STDEV('House Vote Data'!G170:G173) -> 0.010718392 | F44: =IF(('House Vote Data'!G170>0.5)<>('House Vote Data'!G171>0.5),1,0)+IF(('House Vote Data'!G171>0.5)<>('House Vote Data'!G172>0.5),1,0)+IF(('House Vote Data'!G172>0.5)<>('House Vote Data'!G173>0.5),1,0) -> 0 | G44: =IF(OR(F44>=1,D44<0.05),"Hard",IF(AND(D44>=0.15,E44<0.05),"Easy","Medium")) -> Hard
A45: Upper Milford | B45: Lehigh | C45: =AVERAGE('House Vote Data'!G174:G177) -> 0.44284261 | D45: =AVERAGE(ABS('House Vote Data'!G174-0.5),ABS('House Vote Data'!G175-0.5),ABS('House Vote Data'!G176-0.5),ABS('House Vote Data'!G177-0.5)) -> 0.057157391 | E45: =STDEV('House Vote Data'!G174:G177) -> 0.014510962 | F45: =IF(('House Vote Data'!G174>0.5)<>('House Vote Data'!G175>0.5),1,0)+IF(('House Vote Data'!G175>0.5)<>('House Vote Data'!G176>0.5),1,0)+IF(('House Vote Data'!G176>0.5)<>('House Vote Data'!G177>0.5),1,0) -> 0 | G45: =IF(OR(F45>=1,D45<0.05),"Hard",IF(AND(D45>=0.15,E45<0.05),"Easy","Medium")) -> Medium
A46: Upper Saucon | B46: Lehigh | C46: =AVERAGE('House Vote Data'!G178:G181) -> 0.48718427 | D46: =AVERAGE(ABS('House Vote Data'!G178-0.5),ABS('House Vote Data'!G179-0.5),ABS('House Vote Data'!G180-0.5),ABS('House Vote Data'!G181-0.5)) -> 0.013869858 | E46: =STDEV('House Vote Data'!G178:G181) -> 0.014845872 | F46: =IF(('House Vote Data'!G178>0.5)<>('House Vote Data'!G179>0.5),1,0)+IF(('House Vote Data'!G179>0.5)<>('House Vote Data'!G180>0.5),1,0)+IF(('House Vote Data'!G180>0.5)<>('House Vote Data'!G181>0.5),1,0) -> 2 | G46: =IF(OR(F46>=1,D46<0.05),"Hard",IF(AND(D46>=0.15,E46<0.05),"Easy","Medium")) -> Hard
A47: Washington | B47: Lehigh | C47: =AVERAGE('House Vote Data'!G182:G185) -> 0.33755597 | D47: =AVERAGE(ABS('House Vote Data'!G182-0.5),ABS('House Vote Data'!G183-0.5),ABS('House Vote Data'!G184-0.5),ABS('House Vote Data'!G185-0.5)) -> 0.16244403 | E47: =STDEV('House Vote Data'!G182:G185) -> 0.017525346 | F47: =IF(('House Vote Data'!G182>0.5)<>('House Vote Data'!G183>0.5),1,0)+IF(('House Vote Data'!G183>0.5)<>('House Vote Data'!G184>0.5),1,0)+IF(('House Vote Data'!G184>0.5)<>('House Vote Data'!G185>0.5),1,0) -> 0 | G47: =IF(OR(F47>=1,D47<0.05),"Hard",IF(AND(D47>=0.15,E47<0.05),"Easy","Medium")) -> Easy
A48: Weisenberg | B48: Lehigh | C48: =AVERAGE('House Vote Data'!G186:G189) -> 0.34882781 | D48: =AVERAGE(ABS('House Vote Data'!G186-0.5),ABS('House Vote Data'!G187-0.5),ABS('House Vote Data'!G188-0.5),ABS('House Vote Data'!G189-0.5)) -> 0.15117219 | E48: =STDEV('House Vote Data'!G186:G189) -> 0.013206076 | F48: =IF(('House Vote Data'!G186>0.5)<>('House Vote Data'!G187>0.5),1,0)+IF(('House Vote Data'!G187>0.5)<>('House Vote Data'!G188>0.5),1,0)+IF(('House Vote Data'!G188>0.5)<>('House Vote Data'!G189>0.5),1,0) -> 0 | G48: =IF(OR(F48>=1,D48<0.05),"Hard",IF(AND(D48>=0.15,E48<0.05),"Easy","Medium")) -> Easy
A49: Whitehall | B49: Lehigh | C49: =AVERAGE('House Vote Data'!G190:G193) -> 0.53338412 | D49: =AVERAGE(ABS('House Vote Data'!G190-0.5),ABS('House Vote Data'!G191-0.5),ABS('House Vote Data'!G192-0.5),ABS('House Vote Data'!G193-0.5)) -> 0.03338412 | E49: =STDEV('House Vote Data'!G190:G193) -> 0.020544424 | F49: =IF(('House Vote Data'!G190>0.5)<>('House Vote Data'!G191>0.5),1,0)+IF(('House Vote Data'!G191>0.5)<>('House Vote Data'!G192>0.5),1,0)+IF(('House Vote Data'!G192>0.5)<>('House Vote Data'!G193>0.5),1,0) -> 0 | G49: =IF(OR(F49>=1,D49<0.05),"Hard",IF(AND(D49>=0.15,E49<0.05),"Easy","Medium")) -> Hard
A50: Eldred Township | B50: Monroe | C50: =AVERAGE('House Vote Data'!G194:G197) -> 0.31777222 | D50: =AVERAGE(ABS('House Vote Data'!G194-0.5),ABS('House Vote Data'!G195-0.5),ABS('House Vote Data'!G196-0.5),ABS('House Vote Data'!G197-0.5)) -> 0.18222778 | E50: =STDEV('House Vote Data'!G194:G197) -> 0.021776932 | F50: =IF(('House Vote Data'!G194>0.5)<>('House Vote Data'!G195>0.5),1,0)+IF(('House Vote Data'!G195>0.5)<>('House Vote Data'!G196>0.5),1,0)+IF(('House Vote Data'!G196>0.5)<>('House Vote Data'!G197>0.5),1,0) -> 0 | G50: =IF(OR(F50>=1,D50<0.05),"Hard",IF(AND(D50>=0.15,E50<0.05),"Easy","Medium")) -> Easy
A51: Polk Township | B51: Monroe | C51: =AVERAGE('House Vote Data'!G198:G201) -> 0.35968504 | D51: =AVERAGE(ABS('House Vote Data'!G198-0.5),ABS('House Vote Data'!G199-0.5),ABS('House Vote Data'!G200-0.5),ABS('House Vote Data'!G201-0.5)) -> 0.14031496 | E51: =STDEV('House Vote Data'!G198:G201) -> 0.034780495 | F51: =IF(('House Vote Data'!G198>0.5)<>('House Vote Data'!G199>0.5),1,0)+IF(('House Vote Data'!G199>0.5)<>('House Vote Data'!G200>0.5),1,0)+IF(('House Vote Data'!G200>0.5)<>('House Vote Data'!G201>0.5),1,0) -> 0 | G51: =IF(OR(F51>=1,D51<0.05),"Hard",IF(AND(D51>=0.15,E51<0.05),"Easy","Medium")) -> Medium
A52: Ross Township | B52: Monroe | C52: =AVERAGE('House Vote Data'!G202:G205) -> 0.37202199 | D52: =AVERAGE(ABS('House Vote Data'!G202-0.5),ABS('House Vote Data'!G203-0.5),ABS('House Vote Data'!G204-0.5),ABS('House Vote Data'!G205-0.5)) -> 0.12797801 | E52: =STDEV('House Vote Data'!G202:G205) -> 0.036105078 | F52: =IF(('House Vote Data'!G202>0.5)<>('House Vote Data'!G203>0.5),1,0)+IF(('House Vote Data'!G203>0.5)<>('House Vote Data'!G204>0.5),1,0)+IF(('House Vote Data'!G204>0.5)<>('House Vote Data'!G205>0.5),1,0) -> 0 | G52: =IF(OR(F52>=1,D52<0.05),"Hard",IF(AND(D52>=0.15,E52<0.05),"Easy","Medium")) -> Medium
A53: Allen | B53: Northampton | C53: =AVERAGE('House Vote Data'!G206:G209) -> 0.43584256 | D53: =AVERAGE(ABS('House Vote Data'!G206-0.5),ABS('House Vote Data'!G207-0.5),ABS('House Vote Data'!G208-0.5),ABS('House Vote Data'!G209-0.5)) -> 0.064157442 | E53: =STDEV('House Vote Data'!G206:G209) -> 0.010608033 | F53: =IF(('House Vote Data'!G206>0.5)<>('House Vote Data'!G207>0.5),1,0)+IF(('House Vote Data'!G207>0.5)<>('House Vote Data'!G208>0.5),1,0)+IF(('House Vote Data'!G208>0.5)<>('House Vote Data'!G209>0.5),1,0) -> 0 | G53: =IF(OR(F53>=1,D53<0.05),"Hard",IF(AND(D53>=0.15,E53<0.05),"Easy","Medium")) -> Medium
A54: Bangor | B54: Northampton | C54: =AVERAGE('House Vote Data'!G210:G213) -> 0.43610024 | D54: =AVERAGE(ABS('House Vote Data'!G210-0.5),ABS('House Vote Data'!G211-0.5),ABS('House Vote Data'!G212-0.5),ABS('House Vote Data'!G213-0.5)) -> 0.063899764 | E54: =STDEV('House Vote Data'!G210:G213) -> 0.027443979 | F54: =IF(('House Vote Data'!G210>0.5)<>('House Vote Data'!G211>0.5),1,0)+IF(('House Vote Data'!G211>0.5)<>('House Vote Data'!G212>0.5),1,0)+IF(('House Vote Data'!G212>0.5)<>('House Vote Data'!G213>0.5),1,0) -> 0 | G54: =IF(OR(F54>=1,D54<0.05),"Hard",IF(AND(D54>=0.15,E54<0.05),"Easy","Medium")) -> Medium
A55: Bath | B55: Northampton | C55: =AVERAGE('House Vote Data'!G214:G217) -> 0.46319716 | D55: =AVERAGE(ABS('House Vote Data'!G214-0.5),ABS('House Vote Data'!G215-0.5),ABS('House Vote Data'!G216-0.5),ABS('House Vote Data'!G217-0.5)) -> 0.036802844 | E55: =STDEV('House Vote Data'!G214:G217) -> 0.0081752088 | F55: =IF(('House Vote Data'!G214>0.5)<>('House Vote Data'!G215>0.5),1,0)+IF(('House Vote Data'!G215>0.5)<>('House Vote Data'!G216>0.5),1,0)+IF(('House Vote Data'!G216>0.5)<>('House Vote Data'!G217>0.5),1,0) -> 0 | G55: =IF(OR(F55>=1,D55<0.05),"Hard",IF(AND(D55>=0.15,E55<0.05),"Easy","Medium")) -> Hard
A56: Bethlehem | B56: Northampton | C56: =AVERAGE('House Vote Data'!G218:G221) -> 0.68396922 | D56: =AVERAGE(ABS('House Vote Data'!G218-0.5),ABS('House Vote Data'!G219-0.5),ABS('House Vote Data'!G220-0.5),ABS('House Vote Data'!G221-0.5)) -> 0.18396922 | E56: =STDEV('House Vote Data'!G218:G221) -> 0.019390844 | F56: =IF(('House Vote Data'!G218>0.5)<>('House Vote Data'!G219>0.5),1,0)+IF(('House Vote Data'!G219>0.5)<>('House Vote Data'!G220>0.5),1,0)+IF(('House Vote Data'!G220>0.5)<>('House Vote Data'!G221>0.5),1,0) -> 0 | G56: =IF(OR(F56>=1,D56<0.05),"Hard",IF(AND(D56>=0.15,E56<0.05),"Easy","Medium")) -> Easy
A57: Bethlehem Township | B57: Northampton | C57: =AVERAGE('House Vote Data'!G222:G225) -> 0.53862247 | D57: =AVERAGE(ABS('House Vote Data'!G222-0.5),ABS('House Vote Data'!G223-0.5),ABS('House Vote Data'!G224-0.5),ABS('House Vote Data'!G225-0.5)) -> 0.038622466 | E57: =STDEV('House Vote Data'!G222:G225) -> 0.0078398725 | F57: =IF(('House Vote Data'!G222>0.5)<>('House Vote Data'!G223>0.5),1,0)+IF(('House Vote Data'!G223>0.5)<>('House Vote Data'!G224>0.5),1,0)+IF(('House Vote Data'!G224>0.5)<>('House Vote Data'!G225>0.5),1,0) -> 0 | G57: =IF(OR(F57>=1,D57<0.05),"Hard",IF(AND(D57>=0.15,E57<0.05),"Easy","Medium")) -> Hard
A58: Bushkill | B58: Northampton | C58: =AVERAGE('House Vote Data'!G226:G229) -> 0.38505878 | D58: =AVERAGE(ABS('House Vote Data'!G226-0.5),ABS('House Vote Data'!G227-0.5),ABS('House Vote Data'!G228-0.5),ABS('House Vote Data'!G229-0.5)) -> 0.11494122 | E58: =STDEV('House Vote Data'!G226:G229) -> 0.010758981 | F58: =IF(('House Vote Data'!G226>0.5)<>('House Vote Data'!G227>0.5),1,0)+IF(('House Vote Data'!G227>0.5)<>('House Vote Data'!G228>0.5),1,0)+IF(('House Vote Data'!G228>0.5)<>('House Vote Data'!G229>0.5),1,0) -> 0 | G58: =IF(OR(F58>=1,D58<0.05),"Hard",IF(AND(D58>=0.15,E58<0.05),"Easy","Medium")) -> Medium
A59: Chapman | B59: Northampton | C59: =AVERAGE('House Vote Data'!G230:G233) -> 0.36768057 | D59: =AVERAGE(ABS('House Vote Data'!G230-0.5),ABS('House Vote Data'!G231-0.5),ABS('House Vote Data'!G232-0.5),ABS('House Vote Data'!G233-0.5)) -> 0.13231943 | E59: =STDEV('House Vote Data'!G230:G233) -> 0.059954589 | F59: =IF(('House Vote Data'!G230>0.5)<>('House Vote Data'!G231>0.5),1,0)+IF(('House Vote Data'!G231>0.5)<>('House Vote Data'!G232>0.5),1,0)+IF(('House Vote Data'!G232>0.5)<>('House Vote Data'!G233>0.5),1,0) -> 0 | G59: =IF(OR(F59>=1,D59<0.05),"Hard",IF(AND(D59>=0.15,E59<0.05),"Easy","Medium")) -> Medium
A60: East Allen | B60: Northampton | C60: =AVERAGE('House Vote Data'!G234:G237) -> 0.42466424 | D60: =AVERAGE(ABS('House Vote Data'!G234-0.5),ABS('House Vote Data'!G235-0.5),ABS('House Vote Data'!G236-0.5),ABS('House Vote Data'!G237-0.5)) -> 0.075335765 | E60: =STDEV('House Vote Data'!G234:G237) -> 0.015094148 | F60: =IF(('House Vote Data'!G234>0.5)<>('House Vote Data'!G235>0.5),1,0)+IF(('House Vote Data'!G235>0.5)<>('House Vote Data'!G236>0.5),1,0)+IF(('House Vote Data'!G236>0.5)<>('House Vote Data'!G237>0.5),1,0) -> 0 | G60: =IF(OR(F60>=1,D60<0.05),"Hard",IF(AND(D60>=0.15,E60<0.05),"Easy","Medium")) -> Medium
A61: East Bangor | B61: Northampton | C61: =AVERAGE('House Vote Data'!G238:G241) -> 0.38164616 | D61: =AVERAGE(ABS('House Vote Data'!G238-0.5),ABS('House Vote Data'!G239-0.5),ABS('House Vote Data'!G240-0.5),ABS('House Vote Data'!G241-0.5)) -> 0.11835384 | E61: =STDEV('House Vote Data'!G238:G241) -> 0.033865451 | F61: =IF(('House Vote Data'!G238>0.5)<>('House Vote Data'!G239>0.5),1,0)+IF(('House Vote Data'!G239>0.5)<>('House Vote Data'!G240>0.5),1,0)+IF(('House Vote Data'!G240>0.5)<>('House Vote Data'!G241>0.5),1,0) -> 0 | G61: =IF(OR(F61>=1,D61<0.05),"Hard",IF(AND(D61>=0.15,E61<0.05),"Easy","Medium")) -> Medium
A62: Easton | B62: Northampton | C62: =AVERAGE('House Vote Data'!G242:G245) -> 0.7248682 | D62: =AVERAGE(ABS('House Vote Data'!G242-0.5),ABS('House Vote Data'!G243-0.5),ABS('House Vote Data'!G244-0.5),ABS('House Vote Data'!G245-0.5)) -> 0.2248682 | E62: =STDEV('House Vote Data'!G242:G245) -> 0.029250266 | F62: =IF(('House Vote Data'!G242>0.5)<>('House Vote Data'!G243>0.5),1,0)+IF(('House Vote Data'!G243>0.5)<>('House Vote Data'!G244>0.5),1,0)+IF(('House Vote Data'!G244>0.5)<>('House Vote Data'!G245>0.5),1,0) -> 0 | G62: =IF(OR(F62>=1,D62<0.05),"Hard",IF(AND(D62>=0.15,E62<0.05),"Easy","Medium")) -> Easy
A63: Forks | B63: Northampton | C63: =AVERAGE('House Vote Data'!G246:G249) -> 0.52313977 | D63: =AVERAGE(ABS('House Vote Data'!G246-0.5),ABS('House Vote Data'!G247-0.5),ABS('House Vote Data'!G248-0.5),ABS('House Vote Data'!G249-0.5)) -> 0.023139766 | E63: =STDEV('House Vote Data'!G246:G249) -> 0.013339294 | F63: =IF(('House Vote Data'!G246>0.5)<>('House Vote Data'!G247>0.5),1,0)+IF(('House Vote Data'!G247>0.5)<>('House Vote Data'!G248>0.5),1,0)+IF(('House Vote Data'!G248>0.5)<>('House Vote Data'!G249>0.5),1,0) -> 0 | G63: =IF(OR(F63>=1,D63<0.05),"Hard",IF(AND(D63>=0.15,E63<0.05),"Easy","Medium")) -> Hard
A64: Freemansburg | B64: Northampton | C64: =AVERAGE('House Vote Data'!G250:G253) -> 0.61916494 | D64: =AVERAGE(ABS('House Vote Data'!G250-0.5),ABS('House Vote Data'!G251-0.5),ABS('House Vote Data'!G252-0.5),ABS('House Vote Data'!G253-0.5)) -> 0.11916494 | E64: =STDEV('House Vote Data'!G250:G253) -> 0.032528855 | F64: =IF(('House Vote Data'!G250>0.5)<>('House Vote Data'!G251>0.5),1,0)+IF(('House Vote Data'!G251>0.5)<>('House Vote Data'!G252>0.5),1,0)+IF(('House Vote Data'!G252>0.5)<>('House Vote Data'!G253>0.5),1,0) -> 0 | G64: =IF(OR(F64>=1,D64<0.05),"Hard",IF(AND(D64>=0.15,E64<0.05),"Easy","Medium")) -> Medium
A65: Glendon | B65: Northampton | C65: =AVERAGE('House Vote Data'!G254:G257) -> 0.54772518 | D65: =AVERAGE(ABS('House Vote Data'!G254-0.5),ABS('House Vote Data'!G255-0.5),ABS('House Vote Data'!G256-0.5),ABS('House Vote Data'!G257-0.5)) -> 0.047725181 | E65: =STDEV('House Vote Data'!G254:G257) -> 0.068199088 | F65: =IF(('House Vote Data'!G254>0.5)<>('House Vote Data'!G255>0.5),1,0)+IF(('House Vote Data'!G255>0.5)<>('House Vote Data'!G256>0.5),1,0)+IF(('House Vote Data'!G256>0.5)<>('House Vote Data'!G257>0.5),1,0) -> 0 | G65: =IF(OR(F65>=1,D65<0.05),"Hard",IF(AND(D65>=0.15,E65<0.05),"Easy","Medium")) -> Hard
A66: Hanover | B66: Northampton | C66: =AVERAGE('House Vote Data'!G258:G261) -> 0.54328283 | D66: =AVERAGE(ABS('House Vote Data'!G258-0.5),ABS('House Vote Data'!G259-0.5),ABS('House Vote Data'!G260-0.5),ABS('House Vote Data'!G261-0.5)) -> 0.043282828 | E66: =STDEV('House Vote Data'!G258:G261) -> 0.0081672141 | F66: =IF(('House Vote Data'!G258>0.5)<>('House Vote Data'!G259>0.5),1,0)+IF(('House Vote Data'!G259>0.5)<>('House Vote Data'!G260>0.5),1,0)+IF(('House Vote Data'!G260>0.5)<>('House Vote Data'!G261>0.5),1,0) -> 0 | G66: =IF(OR(F66>=1,D66<0.05),"Hard",IF(AND(D66>=0.15,E66<0.05),"Easy","Medium")) -> Hard
A67: Hellertown | B67: Northampton | C67: =AVERAGE('House Vote Data'!G262:G265) -> 0.52709244 | D67: =AVERAGE(ABS('House Vote Data'!G262-0.5),ABS('House Vote Data'!G263-0.5),ABS('House Vote Data'!G264-0.5),ABS('House Vote Data'!G265-0.5)) -> 0.027092442 | E67: =STDEV('House Vote Data'!G262:G265) -> 0.027350761 | F67: =IF(('House Vote Data'!G262>0.5)<>('House Vote Data'!G263>0.5),1,0)+IF(('House Vote Data'!G263>0.5)<>('House Vote Data'!G264>0.5),1,0)+IF(('House Vote Data'!G264>0.5)<>('House Vote Data'!G265>0.5),1,0) -> 0 | G67: =IF(OR(F67>=1,D67<0.05),"Hard",IF(AND(D67>=0.15,E67<0.05),"Easy","Medium")) -> Hard
A68: Lehigh | B68: Northampton | C68: =AVERAGE('House Vote Data'!G266:G269) -> 0.34650802 | D68: =AVERAGE(ABS('House Vote Data'!G266-0.5),ABS('House Vote Data'!G267-0.5),ABS('House Vote Data'!G268-0.5),ABS('House Vote Data'!G269-0.5)) -> 0.15349198 | E68: =STDEV('House Vote Data'!G266:G269) -> 0.013930642 | F68: =IF(('House Vote Data'!G266>0.5)<>('House Vote Data'!G267>0.5),1,0)+IF(('House Vote Data'!G267>0.5)<>('House Vote Data'!G268>0.5),1,0)+IF(('House Vote Data'!G268>0.5)<>('House Vote Data'!G269>0.5),1,0) -> 0 | G68: =IF(OR(F68>=1,D68<0.05),"Hard",IF(AND(D68>=0.15,E68<0.05),"Easy","Medium")) -> Easy
A69: Lower Mount Bethel | B69: Northampton | C69: =AVERAGE('House Vote Data'!G270:G273) -> 0.36246049 | D69: =AVERAGE(ABS('House Vote Data'!G270-0.5),ABS('House Vote Data'!G271-0.5),ABS('House Vote Data'!G272-0.5),ABS('House Vote Data'!G273-0.5)) -> 0.13753951 | E69: =STDEV('House Vote Data'!G270:G273) -> 0.035380522 | F69: =IF(('House Vote Data'!G270>0.5)<>('House Vote Data'!G271>0.5),1,0)+IF(('House Vote Data'!G271>0.5)<>('House Vote Data'!G272>0.5),1,0)+IF(('House Vote Data'!G272>0.5)<>('House Vote Data'!G273>0.5),1,0) -> 0 | G69: =IF(OR(F69>=1,D69<0.05),"Hard",IF(AND(D69>=0.15,E69<0.05),"Easy","Medium")) -> Medium
A70: Lower Nazareth | B70: Northampton | C70: =AVERAGE('House Vote Data'!G274:G277) -> 0.439687 | D70: =AVERAGE(ABS('House Vote Data'!G274-0.5),ABS('House Vote Data'!G275-0.5),ABS('House Vote Data'!G276-0.5),ABS('House Vote Data'!G277-0.5)) -> 0.060312996 | E70: =STDEV('House Vote Data'!G274:G277) -> 0.011858174 | F70: =IF(('House Vote Data'!G274>0.5)<>('House Vote Data'!G275>0.5),1,0)+IF(('House Vote Data'!G275>0.5)<>('House Vote Data'!G276>0.5),1,0)+IF(('House Vote Data'!G276>0.5)<>('House Vote Data'!G277>0.5),1,0) -> 0 | G70: =IF(OR(F70>=1,D70<0.05),"Hard",IF(AND(D70>=0.15,E70<0.05),"Easy","Medium")) -> Medium
A71: Lower Saucon | B71: Northampton | C71: =AVERAGE('House Vote Data'!G278:G281) -> 0.48209724 | D71: =AVERAGE(ABS('House Vote Data'!G278-0.5),ABS('House Vote Data'!G279-0.5),ABS('House Vote Data'!G280-0.5),ABS('House Vote Data'!G281-0.5)) -> 0.017902757 | E71: =STDEV('House Vote Data'!G278:G281) -> 0.012099411 | F71: =IF(('House Vote Data'!G278>0.5)<>('House Vote Data'!G279>0.5),1,0)+IF(('House Vote Data'!G279>0.5)<>('House Vote Data'!G280>0.5),1,0)+IF(('House Vote Data'!G280>0.5)<>('House Vote Data'!G281>0.5),1,0) -> 0 | G71: =IF(OR(F71>=1,D71<0.05),"Hard",IF(AND(D71>=0.15,E71<0.05),"Easy","Medium")) -> Hard
A72: Moore | B72: Northampton | C72: =AVERAGE('House Vote Data'!G282:G285) -> 0.34270457 | D72: =AVERAGE(ABS('House Vote Data'!G282-0.5),ABS('House Vote Data'!G283-0.5),ABS('House Vote Data'!G284-0.5),ABS('House Vote Data'!G285-0.5)) -> 0.15729543 | E72: =STDEV('House Vote Data'!G282:G285) -> 0.013592923 | F72: =IF(('House Vote Data'!G282>0.5)<>('House Vote Data'!G283>0.5),1,0)+IF(('House Vote Data'!G283>0.5)<>('House Vote Data'!G284>0.5),1,0)+IF(('House Vote Data'!G284>0.5)<>('House Vote Data'!G285>0.5),1,0) -> 0 | G72: =IF(OR(F72>=1,D72<0.05),"Hard",IF(AND(D72>=0.15,E72<0.05),"Easy","Medium")) -> Easy
A73: Nazareth | B73: Northampton | C73: =AVERAGE('House Vote Data'!G286:G289) -> 0.50381033 | D73: =AVERAGE(ABS('House Vote Data'!G286-0.5),ABS('House Vote Data'!G287-0.5),ABS('House Vote Data'!G288-0.5),ABS('House Vote Data'!G289-0.5)) -> 0.020013181 | E73: =STDEV('House Vote Data'!G286:G289) -> 0.024220572 | F73: =IF(('House Vote Data'!G286>0.5)<>('House Vote Data'!G287>0.5),1,0)+IF(('House Vote Data'!G287>0.5)<>('House Vote Data'!G288>0.5),1,0)+IF(('House Vote Data'!G288>0.5)<>('House Vote Data'!G289>0.5),1,0) -> 3 | G73: =IF(OR(F73>=1,D73<0.05),"Hard",IF(AND(D73>=0.15,E73<0.05),"Easy","Medium")) -> Hard
A74: North Catasauqua | B74: Northampton | C74: =AVERAGE('House Vote Data'!G290:G293) -> 0.49083325 | D74: =AVERAGE(ABS('House Vote Data'!G290-0.5),ABS('House Vote Data'!G291-0.5),ABS('House Vote Data'!G292-0.5),ABS('House Vote Data'!G293-0.5)) -> 0.014670709 | E74: =STDEV('House Vote Data'!G290:G293) -> 0.019507883 | F74: =IF(('House Vote Data'!G290>0.5)<>('House Vote Data'!G291>0.5),1,0)+IF(('House Vote Data'!G291>0.5)<>('House Vote Data'!G292>0.5),1,0)+IF(('House Vote Data'!G292>0.5)<>('House Vote Data'!G293>0.5),1,0) -> 3 | G74: =IF(OR(F74>=1,D74<0.05),"Hard",IF(AND(D74>=0.15,E74<0.05),"Easy","Medium")) -> Hard
A75: Northampton | B75: Northampton | C75: =AVERAGE('House Vote Data'!G294:G297) -> 0.47645933 | D75: =AVERAGE(ABS('House Vote Data'!G294-0.5),ABS('House Vote Data'!G295-0.5),ABS('House Vote Data'!G296-0.5),ABS('House Vote Data'!G297-0.5)) -> 0.024758699 | E75: =STDEV('House Vote Data'!G294:G297) -> 0.028311975 | F75: =IF(('House Vote Data'!G294>0.5)<>('House Vote Data'!G295>0.5),1,0)+IF(('House Vote Data'!G295>0.5)<>('House Vote Data'!G296>0.5),1,0)+IF(('House Vote Data'!G296>0.5)<>('House Vote Data'!G297>0.5),1,0) -> 1 | G75: =IF(OR(F75>=1,D75<0.05),"Hard",IF(AND(D75>=0.15,E75<0.05),"Easy","Medium")) -> Hard
A76: Palmer | B76: Northampton | C76: =AVERAGE('House Vote Data'!G298:G301) -> 0.51874216 | D76: =AVERAGE(ABS('House Vote Data'!G298-0.5),ABS('House Vote Data'!G299-0.5),ABS('House Vote Data'!G300-0.5),ABS('House Vote Data'!G301-0.5)) -> 0.018742156 | E76: =STDEV('House Vote Data'!G298:G301) -> 0.016683067 | F76: =IF(('House Vote Data'!G298>0.5)<>('House Vote Data'!G299>0.5),1,0)+IF(('House Vote Data'!G299>0.5)<>('House Vote Data'!G300>0.5),1,0)+IF(('House Vote Data'!G300>0.5)<>('House Vote Data'!G301>0.5),1,0) -> 0 | G76: =IF(OR(F76>=1,D76<0.05),"Hard",IF(AND(D76>=0.15,E76<0.05),"Easy","Medium")) -> Hard
A77: Pen Argyl | B77: Northampton | C77: =AVERAGE('House Vote Data'!G302:G305) -> 0.39187551 | D77: =AVERAGE(ABS('House Vote Data'!G302-0.5),ABS('House Vote Data'!G303-0.5),ABS('House Vote Data'!G304-0.5),ABS('House Vote Data'!G305-0.5)) -> 0.10812449 | E77: =STDEV('House Vote Data'!G302:G305) -> 0.017530029 | F77: =IF(('House Vote Data'!G302>0.5)<>('House Vote Data'!G303>0.5),1,0)+IF(('House Vote Data'!G303>0.5)<>('House Vote Data'!G304>0.5),1,0)+IF(('House Vote Data'!G304>0.5)<>('House Vote Data'!G305>0.5),1,0) -> 0 | G77: =IF(OR(F77>=1,D77<0.05),"Hard",IF(AND(D77>=0.15,E77<0.05),"Easy","Medium")) -> Medium
A78: Plainfield | B78: Northampton | C78: =AVERAGE('House Vote Data'!G306:G309) -> 0.36195047 | D78: =AVERAGE(ABS('House Vote Data'!G306-0.5),ABS('House Vote Data'!G307-0.5),ABS('House Vote Data'!G308-0.5),ABS('House Vote Data'!G309-0.5)) -> 0.13804953 | E78: =STDEV('House Vote Data'!G306:G309) -> 0.024714032 | F78: =IF(('House Vote Data'!G306>0.5)<>('House Vote Data'!G307>0.5),1,0)+IF(('House Vote Data'!G307>0.5)<>('House Vote Data'!G308>0.5),1,0)+IF(('House Vote Data'!G308>0.5)<>('House Vote Data'!G309>0.5),1,0) -> 0 | G78: =IF(OR(F78>=1,D78<0.05),"Hard",IF(AND(D78>=0.15,E78<0.05),"Easy","Medium")) -> Medium
A79: Portland | B79: Northampton | C79: =AVERAGE('House Vote Data'!G310:G313) -> 0.34696714 | D79: =AVERAGE(ABS('House Vote Data'!G310-0.5),ABS('House Vote Data'!G311-0.5),ABS('House Vote Data'!G312-0.5),ABS('House Vote Data'!G313-0.5)) -> 0.15303286 | E79: =STDEV('House Vote Data'!G310:G313) -> 0.021878879 | F79: =IF(('House Vote Data'!G310>0.5)<>('House Vote Data'!G311>0.5),1,0)+IF(('House Vote Data'!G311>0.5)<>('House Vote Data'!G312>0.5),1,0)+IF(('House Vote Data'!G312>0.5)<>('House Vote Data'!G313>0.5),1,0) -> 0 | G79: =IF(OR(F79>=1,D79<0.05),"Hard",IF(AND(D79>=0.15,E79<0.05),"Easy","Medium")) -> Easy
A80: Roseto | B80: Northampton | C80: =AVERAGE('House Vote Data'!G314:G317) -> 0.38368871 | D80: =AVERAGE(ABS('House Vote Data'!G314-0.5),ABS('House Vote Data'!G315-0.5),ABS('House Vote Data'!G316-0.5),ABS('House Vote Data'!G317-0.5)) -> 0.11631129 | E80: =STDEV('House Vote Data'!G314:G317) -> 0.025531639 | F80: =IF(('House Vote Data'!G314>0.5)<>('House Vote Data'!G315>0.5),1,0)+IF(('House Vote Data'!G315>0.5)<>('House Vote Data'!G316>0.5),1,0)+IF(('House Vote Data'!G316>0.5)<>('House Vote Data'!G317>0.5),1,0) -> 0 | G80: =IF(OR(F80>=1,D80<0.05),"Hard",IF(AND(D80>=0.15,E80<0.05),"Easy","Medium")) -> Medium
A81: Stockertown | B81: Northampton | C81: =AVERAGE('House Vote Data'!G318:G321) -> 0.41949564 | D81: =AVERAGE(ABS('House Vote Data'!G318-0.5),ABS('House Vote Data'!G319-0.5),ABS('House Vote Data'!G320-0.5),ABS('House Vote Data'!G321-0.5)) -> 0.080504356 | E81: =STDEV('House Vote Data'!G318:G321) -> 0.022125998 | F81: =IF(('House Vote Data'!G318>0.5)<>('House Vote Data'!G319>0.5),1,0)+IF(('House Vote Data'!G319>0.5)<>('House Vote Data'!G320>0.5),1,0)+IF(('House Vote Data'!G320>0.5)<>('House Vote Data'!G321>0.5),1,0) -> 0 | G81: =IF(OR(F81>=1,D81<0.05),"Hard",IF(AND(D81>=0.15,E81<0.05),"Easy","Medium")) -> Medium
A82: Tatamy | B82: Northampton | C82: =AVERAGE('House Vote Data'!G322:G325) -> 0.42222401 | D82: =AVERAGE(ABS('House Vote Data'!G322-0.5),ABS('House Vote Data'!G323-0.5),ABS('House Vote Data'!G324-0.5),ABS('House Vote Data'!G325-0.5)) -> 0.077775991 | E82: =STDEV('House Vote Data'!G322:G325) -> 0.013128212 | F82: =IF(('House Vote Data'!G322>0.5)<>('House Vote Data'!G323>0.5),1,0)+IF(('House Vote Data'!G323>0.5)<>('House Vote Data'!G324>0.5),1,0)+IF(('House Vote Data'!G324>0.5)<>('House Vote Data'!G325>0.5),1,0) -> 0 | G82: =IF(OR(F82>=1,D82<0.05),"Hard",IF(AND(D82>=0.15,E82<0.05),"Easy","Medium")) -> Medium
A83: Upper Mount Bethel | B83: Northampton | C83: =AVERAGE('House Vote Data'!G326:G329) -> 0.33042984 | D83: =AVERAGE(ABS('House Vote Data'!G326-0.5),ABS('House Vote Data'!G327-0.5),ABS('House Vote Data'!G328-0.5),ABS('House Vote Data'!G329-0.5)) -> 0.16957016 | E83: =STDEV('House Vote Data'!G326:G329) -> 0.02172113 | F83: =IF(('House Vote Data'!G326>0.5)<>('House Vote Data'!G327>0.5),1,0)+IF(('House Vote Data'!G327>0.5)<>('House Vote Data'!G328>0.5),1,0)+IF(('House Vote Data'!G328>0.5)<>('House Vote Data'!G329>0.5),1,0) -> 0 | G83: =IF(OR(F83>=1,D83<0.05),"Hard",IF(AND(D83>=0.15,E83<0.05),"Easy","Medium")) -> Easy
A84: Upper Nazareth | B84: Northampton | C84: =AVERAGE('House Vote Data'!G330:G333) -> 0.48520148 | D84: =AVERAGE(ABS('House Vote Data'!G330-0.5),ABS('House Vote Data'!G331-0.5),ABS('House Vote Data'!G332-0.5),ABS('House Vote Data'!G333-0.5)) -> 0.014798523 | E84: =STDEV('House Vote Data'!G330:G333) -> 0.016599352 | F84: =IF(('House Vote Data'!G330>0.5)<>('House Vote Data'!G331>0.5),1,0)+IF(('House Vote Data'!G331>0.5)<>('House Vote Data'!G332>0.5),1,0)+IF(('House Vote Data'!G332>0.5)<>('House Vote Data'!G333>0.5),1,0) -> 0 | G84: =IF(OR(F84>=1,D84<0.05),"Hard",IF(AND(D84>=0.15,E84<0.05),"Easy","Medium")) -> Hard
A85: Walnutport | B85: Northampton | C85: =AVERAGE('House Vote Data'!G334:G337) -> 0.40366145 | D85: =AVERAGE(ABS('House Vote Data'!G334-0.5),ABS('House Vote Data'!G335-0.5),ABS('House Vote Data'!G336-0.5),ABS('House Vote Data'!G337-0.5)) -> 0.09633855 | E85: =STDEV('House Vote Data'!G334:G337) -> 0.020125442 | F85: =IF(('House Vote Data'!G334>0.5)<>('House Vote Data'!G335>0.5),1,0)+IF(('House Vote Data'!G335>0.5)<>('House Vote Data'!G336>0.5),1,0)+IF(('House Vote Data'!G336>0.5)<>('House Vote Data'!G337>0.5),1,0) -> 0 | G85: =IF(OR(F85>=1,D85<0.05),"Hard",IF(AND(D85>=0.15,E85<0.05),"Easy","Medium")) -> Medium
A86: Washington | B86: Northampton | C86: =AVERAGE('House Vote Data'!G338:G341) -> 0.3547905 | D86: =AVERAGE(ABS('House Vote Data'!G338-0.5),ABS('House Vote Data'!G339-0.5),ABS('House Vote Data'!G340-0.5),ABS('House Vote Data'!G341-0.5)) -> 0.1452095 | E86: =STDEV('House Vote Data'!G338:G341) -> 0.024300243 | F86: =IF(('House Vote Data'!G338>0.5)<>('House Vote Data'!G339>0.5),1,0)+IF(('House Vote Data'!G339>0.5)<>('House Vote Data'!G340>0.5),1,0)+IF(('House Vote Data'!G340>0.5)<>('House Vote Data'!G341>0.5),1,0) -> 0 | G86: =IF(OR(F86>=1,D86<0.05),"Hard",IF(AND(D86>=0.15,E86<0.05),"Easy","Medium")) -> Medium
A87: West Easton | B87: Northampton | C87: =AVERAGE('House Vote Data'!G342:G345) -> 0.4810991 | D87: =AVERAGE(ABS('House Vote Data'!G342-0.5),ABS('House Vote Data'!G343-0.5),ABS('House Vote Data'!G344-0.5),ABS('House Vote Data'!G345-0.5)) -> 0.036506537 | E87: =STDEV('House Vote Data'!G342:G345) -> 0.041910173 | F87: =IF(('House Vote Data'!G342>0.5)<>('House Vote Data'!G343>0.5),1,0)+IF(('House Vote Data'!G343>0.5)<>('House Vote Data'!G344>0.5),1,0)+IF(('House Vote Data'!G344>0.5)<>('House Vote Data'!G345>0.5),1,0) -> 1 | G87: =IF(OR(F87>=1,D87<0.05),"Hard",IF(AND(D87>=0.15,E87<0.05),"Easy","Medium")) -> Hard
A88: Williams Township | B88: Northampton | C88: =AVERAGE('House Vote Data'!G346:G349) -> 0.43950513 | D88: =AVERAGE(ABS('House Vote Data'!G346-0.5),ABS('House Vote Data'!G347-0.5),ABS('House Vote Data'!G348-0.5),ABS('House Vote Data'!G349-0.5)) -> 0.060494868 | E88: =STDEV('House Vote Data'!G346:G349) -> 0.013413981 | F88: =IF(('House Vote Data'!G346>0.5)<>('House Vote Data'!G347>0.5),1,0)+IF(('House Vote Data'!G347>0.5)<>('House Vote Data'!G348>0.5),1,0)+IF(('House Vote Data'!G348>0.5)<>('House Vote Data'!G349>0.5),1,0) -> 0 | G88: =IF(OR(F88>=1,D88<0.05),"Hard",IF(AND(D88>=0.15,E88<0.05),"Easy","Medium")) -> Medium
A89: Wilson | B89: Northampton | C89: =AVERAGE('House Vote Data'!G350:G353) -> 0.57494595 | D89: =AVERAGE(ABS('House Vote Data'!G350-0.5),ABS('House Vote Data'!G351-0.5),ABS('House Vote Data'!G352-0.5),ABS('House Vote Data'!G353-0.5)) -> 0.074945949 | E89: =STDEV('House Vote Data'!G350:G353) -> 0.025213847 | F89: =IF(('House Vote Data'!G350>0.5)<>('House Vote Data'!G351>0.5),1,0)+IF(('House Vote Data'!G351>0.5)<>('House Vote Data'!G352>0.5),1,0)+IF(('House Vote Data'!G352>0.5)<>('House Vote Data'!G353>0.5),1,0) -> 0 | G89: =IF(OR(F89>=1,D89<0.05),"Hard",IF(AND(D89>=0.15,E89<0.05),"Easy","Medium")) -> Medium
A90: Wind Gap | B90: Northampton | C90: =AVERAGE('House Vote Data'!G354:G357) -> 0.43019532 | D90: =AVERAGE(ABS('House Vote Data'!G354-0.5),ABS('House Vote Data'!G355-0.5),ABS('House Vote Data'!G356-0.5),ABS('House Vote Data'!G357-0.5)) -> 0.069804676 | E90: =STDEV('House Vote Data'!G354:G357) -> 0.02895185 | F90: =IF(('House Vote Data'!G354>0.5)<>('House Vote Data'!G355>0.5),1,0)+IF(('House Vote Data'!G355>0.5)<>('House Vote Data'!G356>0.5),1,0)+IF(('House Vote Data'!G356>0.5)<>('House Vote Data'!G357>0.5),1,0) -> 0 | G90: =IF(OR(F90>=1,D90<0.05),"Hard",IF(AND(D90>=0.15,E90<0.05),"Easy","Medium")) -> Medium

Sheet Magic Municipality
A1: Bellwether Search (89 Municipalities, Complete Real Data)
A3: District-wide result by year
A4: Year | B4: District Dem Votes | C4: District Rep Votes | D4: District Dem Share | E4: District Winner
A5: 2018 | B5: =SUMIF('House Vote Data'!$A:$A,A5,'House Vote Data'!$D:$D) -> 140419 | C5: =SUMIF('House Vote Data'!$A:$A,A5,'House Vote Data'!$E:$E) -> 122895 | D5: =B5/(B5+C5) -> 0.53327586 | E5: =IF(D5>0.5,"D","R") -> D
A6: 2020 | B6: =SUMIF('House Vote Data'!$A:$A,A6,'House Vote Data'!$D:$D) -> 193719 | C6: =SUMIF('House Vote Data'!$A:$A,A6,'House Vote Data'!$E:$E) -> 196320 | D6: =B6/(B6+C6) -> 0.49666572 | E6: =IF(D6>0.5,"D","R") -> R
A7: 2022 | B7: =SUMIF('House Vote Data'!$A:$A,A7,'House Vote Data'!$D:$D) -> 151364 | C7: =SUMIF('House Vote Data'!$A:$A,A7,'House Vote Data'!$E:$E) -> 145527 | D7: =B7/(B7+C7) -> 0.50983021 | E7: =IF(D7>0.5,"D","R") -> D
A8: 2024 | B8: =SUMIF('House Vote Data'!$A:$A,A8,'House Vote Data'!$D:$D) -> 199626 | C8: =SUMIF('House Vote Data'!$A:$A,A8,'House Vote Data'!$E:$E) -> 203688 | D8: =B8/(B8+C8) -> 0.49496422 | E8: =IF(D8>0.5,"D","R") -> R
A11: Per-municipality bellwether test
A12: Municipality | B12: County | C12: Match 2018 | D12: Match 2020 | E12: Match 2022 | F12: Match 2024 | G12: Total Matches (/4) | H12: Avg Point Gap vs District | I12: Magic Municipality? | J12: (helper)
A13: Banks Township | B13: Carbon | C13: =IF(IF('House Vote Data'!G2>0.5,"D","R")=$E$5,1,0) -> 0 | D13: =IF(IF('House Vote Data'!G3>0.5,"D","R")=$E$6,1,0) -> 1 | E13: =IF(IF('House Vote Data'!G4>0.5,"D","R")=$E$7,1,0) -> 0 | F13: =IF(IF('House Vote Data'!G5>0.5,"D","R")=$E$8,1,0) -> 1 | G13: =SUM(C13:F13) -> 2 | H13: =AVERAGE(ABS('House Vote Data'!G2-$D$5),ABS('House Vote Data'!G3-$D$6),ABS('House Vote Data'!G4-$D$7),ABS('House Vote Data'!G5-$D$8)) -> 0.13287349 | I13: =IF(AND(G13=4,H13=MIN(J13:J101)),"<< MAGIC MUNICIPALITY","") | J13: =IF(G13=4,H13,"")
A14: Beaver Meadows Borough | B14: Carbon | C14: =IF(IF('House Vote Data'!G6>0.5,"D","R")=$E$5,1,0) -> 0 | D14: =IF(IF('House Vote Data'!G7>0.5,"D","R")=$E$6,1,0) -> 1 | E14: =IF(IF('House Vote Data'!G8>0.5,"D","R")=$E$7,1,0) -> 0 | F14: =IF(IF('House Vote Data'!G9>0.5,"D","R")=$E$8,1,0) -> 1 | G14: =SUM(C14:F14) -> 2 | H14: =AVERAGE(ABS('House Vote Data'!G6-$D$5),ABS('House Vote Data'!G7-$D$6),ABS('House Vote Data'!G8-$D$7),ABS('House Vote Data'!G9-$D$8)) -> 0.22644351 | I14: =IF(AND(G14=4,H14=MIN(J13:J101)),"<< MAGIC MUNICIPALITY","") | J14: =IF(G14=4,H14,"")
A15: Bowmanstown Borough | B15: Carbon | C15: =IF(IF('House Vote Data'!G10>0.5,"D","R")=$E$5,1,0) -> 0 | D15: =IF(IF('House Vote Data'!G11>0.5,"D","R")=$E$6,1,0) -> 1 | E15: =IF(IF('House Vote Data'!G12>0.5,"D","R")=$E$7,1,0) -> 0 | F15: =IF(IF('House Vote Data'!G13>0.5,"D","R")=$E$8,1,0) -> 1 | G15: =SUM(C15:F15) -> 2 | H15: =AVERAGE(ABS('House Vote Data'!G10-$D$5),ABS('House Vote Data'!G11-$D$6),ABS('House Vote Data'!G12-$D$7),ABS('House Vote Data'!G13-$D$8)) -> 0.17826232 | I15: =IF(AND(G15=4,H15=MIN(J13:J101)),"<< MAGIC MUNICIPALITY","") | J15: =IF(G15=4,H15,"")
A16: East Penn Township | B16: Carbon | C16: =IF(IF('House Vote Data'!G14>0.5,"D","R")=$E$5,1,0) -> 0 | D16: =IF(IF('House Vote Data'!G15>0.5,"D","R")=$E$6,1,0) -> 1 | E16: =IF(IF('House Vote Data'!G16>0.5,"D","R")=$E$7,1,0) -> 0 | F16: =IF(IF('House Vote Data'!G17>0.5,"D","R")=$E$8,1,0) -> 1 | G16: =SUM(C16:F16) -> 2 | H16: =AVERAGE(ABS('House Vote Data'!G14-$D$5),ABS('House Vote Data'!G15-$D$6),ABS('House Vote Data'!G16-$D$7),ABS('House Vote Data'!G17-$D$8)) -> 0.22709027 | I16: =IF(AND(G16=4,H16=MIN(J13:J101)),"<< MAGIC MUNICIPALITY","") | J16: =IF(G16=4,H16,"")
A17: East Side Borough | B17: Carbon | C17: =IF(IF('House Vote Data'!G18>0.5,"D","R")=$E$5,1,0) -> 0 | D17: =IF(IF('House Vote Data'!G19>0.5,"D","R")=$E$6,1,0) -> 1 | E17: =IF(IF('House Vote Data'!G20>0.5,"D","R")=$E$7,1,0) -> 0 | F17: =IF(IF('House Vote Data'!G21>0.5,"D","R")=$E$8,1,0) -> 1 | G17: =SUM(C17:F17) -> 2 | H17: =AVERAGE(ABS('House Vote Data'!G18-$D$5),ABS('House Vote Data'!G19-$D$6),ABS('House Vote Data'!G20-$D$7),ABS('House Vote Data'!G21-$D$8)) -> 0.13152444 | I17: =IF(AND(G17=4,H17=MIN(J13:J101)),"<< MAGIC MUNICIPALITY","") | J17: =IF(G17=4,H17,"")
A18: Franklin Township | B18: Carbon | C18: =IF(IF('House Vote Data'!G22>0.5,"D","R")=$E$5,1,0) -> 0 | D18: =IF(IF('House Vote Data'!G23>0.5,"D","R")=$E$6,1,0) -> 1 | E18: =IF(IF('House Vote Data'!G24>0.5,"D","R")=$E$7,1,0) -> 0 | F18: =IF(IF('House Vote Data'!G25>0.5,"D","R")=$E$8,1,0) -> 1 | G18: =SUM(C18:F18) -> 2 | H18: =AVERAGE(ABS('House Vote Data'!G22-$D$5),ABS('House Vote Data'!G23-$D$6),ABS('House Vote Data'!G24-$D$7),ABS('House Vote Data'!G25-$D$8)) -> 0.22290706 | I18: =IF(AND(G18=4,H18=MIN(J13:J101)),"<< MAGIC MUNICIPALITY","") | J18: =IF(G18=4,H18,"")
A19: Jim Thorpe Borough | B19: Carbon | C19: =IF(IF('House Vote Data'!G26>0.5,"D","R")=$E$5,1,0) -> 0 | D19: =IF(IF('House Vote Data'!G27>0.5,"D","R")=$E$6,1,0) -> 1 | E19: =IF(IF('House Vote Data'!G28>0.5,"D","R")=$E$7,1,0) -> 0 | F19: =IF(IF('House Vote Data'!G29>0.5,"D","R")=$E$8,1,0) -> 1 | G19: =SUM(C19:F19) -> 2 | H19: =AVERAGE(ABS('House Vote Data'!G26-$D$5),ABS('House Vote Data'!G27-$D$6),ABS('House Vote Data'!G28-$D$7),ABS('House Vote Data'!G29-$D$8)) -> 0.061983314 | I19: =IF(AND(G19=4,H19=MIN(J13:J101)),"<< MAGIC MUNICIPALITY","") | J19: =IF(G19=4,H19,"")
A20: Kidder Township | B20: Carbon | C20: =IF(IF('House Vote Data'!G30>0.5,"D","R")=$E$5,1,0) -> 0 | D20: =IF(IF('House Vote Data'!G31>0.5,"D","R")=$E$6,1,0) -> 1 | E20: =IF(IF('House Vote Data'!G32>0.5,"D","R")=$E$7,1,0) -> 0 | F20: =IF(IF('House Vote Data'!G33>0.5,"D","R")=$E$8,1,0) -> 1 | G20: =SUM(C20:F20) -> 2 | H20: =AVERAGE(ABS('House Vote Data'!G30-$D$5),ABS('House Vote Data'!G31-$D$6),ABS('House Vote Data'!G32-$D$7),ABS('House Vote Data'!G33-$D$8)) -> 0.17855149 | I20: =IF(AND(G20=4,H20=MIN(J13:J101)),"<< MAGIC MUNICIPALITY","") | J20: =IF(G20=4,H20,"")
A21: Lansford Borough | B21: Carbon | C21: =IF(IF('House Vote Data'!G34>0.5,"D","R")=$E$5,1,0) -> 0 | D21: =IF(IF('House Vote Data'!G35>0.5,"D","R")=$E$6,1,0) -> 1 | E21: =IF(IF('House Vote Data'!G36>0.5,"D","R")=$E$7,1,0) -> 0 | F21: =IF(IF('House Vote Data'!G37>0.5,"D","R")=$E$8,1,0) -> 1 | G21: =SUM(C21:F21) -> 2 | H21: =AVERAGE(ABS('House Vote Data'!G34-$D$5),ABS('House Vote Data'!G35-$D$6),ABS('House Vote Data'!G36-$D$7),ABS('House Vote Data'!G37-$D$8)) -> 0.076376663 | I21: =IF(AND(G21=4,H21=MIN(J13:J101)),"<< MAGIC MUNICIPALITY","") | J21: =IF(G21=4,H21,"")
A22: Lausanne Township | B22: Carbon | C22: =IF(IF('House Vote Data'!G38>0.5,"D","R")=$E$5,1,0) -> 0 | D22: =IF(IF('House Vote Data'!G39>0.5,"D","R")=$E$6,1,0) -> 1 | E22: =IF(IF('House Vote Data'!G40>0.5,"D","R")=$E$7,1,0) -> 0 | F22: =IF(IF('House Vote Data'!G41>0.5,"D","R")=$E$8,1,0) -> 1 | G22: =SUM(C22:F22) -> 2 | H22: =AVERAGE(ABS('House Vote Data'!G38-$D$5),ABS('House Vote Data'!G39-$D$6),ABS('House Vote Data'!G40-$D$7),ABS('House Vote Data'!G41-$D$8)) -> 0.20805144 | I22: =IF(AND(G22=4,H22=MIN(J13:J101)),"<< MAGIC MUNICIPALITY","") | J22: =IF(G22=4,H22,"")
A23: Lehigh Township | B23: Carbon | C23: =IF(IF('House Vote Data'!G42>0.5,"D","R")=$E$5,1,0) -> 0 | D23: =IF(IF('House Vote Data'!G43>0.5,"D","R")=$E$6,1,0) -> 1 | E23: =IF(IF('House Vote Data'!G44>0.5,"D","R")=$E$7,1,0) -> 0 | F23: =IF(IF('House Vote Data'!G45>0.5,"D","R")=$E$8,1,0) -> 1 | G23: =SUM(C23:F23) -> 2 | H23: =AVERAGE(ABS('House Vote Data'!G42-$D$5),ABS('House Vote Data'!G43-$D$6),ABS('House Vote Data'!G44-$D$7),ABS('House Vote Data'!G45-$D$8)) -> 0.30504444 | I23: =IF(AND(G23=4,H23=MIN(J13:J101)),"<< MAGIC MUNICIPALITY","") | J23: =IF(G23=4,H23,"")
A24: Lehighton Borough | B24: Carbon | C24: =IF(IF('House Vote Data'!G46>0.5,"D","R")=$E$5,1,0) -> 0 | D24: =IF(IF('House Vote Data'!G47>0.5,"D","R")=$E$6,1,0) -> 1 | E24: =IF(IF('House Vote Data'!G48>0.5,"D","R")=$E$7,1,0) -> 0 | F24: =IF(IF('House Vote Data'!G49>0.5,"D","R")=$E$8,1,0) -> 1 | G24: =SUM(C24:F24) -> 2 | H24: =AVERAGE(ABS('House Vote Data'!G46-$D$5),ABS('House Vote Data'!G47-$D$6),ABS('House Vote Data'!G48-$D$7),ABS('House Vote Data'!G49-$D$8)) -> 0.093875832 | I24: =IF(AND(G24=4,H24=MIN(J13:J101)),"<< MAGIC MUNICIPALITY","") | J24: =IF(G24=4,H24,"")
A25: Lower Towamensing Township | B25: Carbon | C25: =IF(IF('House Vote Data'!G50>0.5,"D","R")=$E$5,1,0) -> 0 | D25: =IF(IF('House Vote Data'!G51>0.5,"D","R")=$E$6,1,0) -> 1 | E25: =IF(IF('House Vote Data'!G52>0.5,"D","R")=$E$7,1,0) -> 0 | F25: =IF(IF('House Vote Data'!G53>0.5,"D","R")=$E$8,1,0) -> 1 | G25: =SUM(C25:F25) -> 2 | H25: =AVERAGE(ABS('House Vote Data'!G50-$D$5),ABS('House Vote Data'!G51-$D$6),ABS('House Vote Data'!G52-$D$7),ABS('House Vote Data'!G53-$D$8)) -> 0.19127868 | I25: =IF(AND(G25=4,H25=MIN(J13:J101)),"<< MAGIC MUNICIPALITY","") | J25: =IF(G25=4,H25,"")
A26: Mahoning Township | B26: Carbon | C26: =IF(IF('House Vote Data'!G54>0.5,"D","R")=$E$5,1,0) -> 0 | D26: =IF(IF('House Vote Data'!G55>0.5,"D","R")=$E$6,1,0) -> 1 | E26: =IF(IF('House Vote Data'!G56>0.5,"D","R")=$E$7,1,0) -> 0 | F26: =IF(IF('House Vote Data'!G57>0.5,"D","R")=$E$8,1,0) -> 1 | G26: =SUM(C26:F26) -> 2 | H26: =AVERAGE(ABS('House Vote Data'!G54-$D$5),ABS('House Vote Data'!G55-$D$6),ABS('House Vote Data'!G56-$D$7),ABS('House Vote Data'!G57-$D$8)) -> 0.20600769 | I26: =IF(AND(G26=4,H26=MIN(J13:J101)),"<< MAGIC MUNICIPALITY","") | J26: =IF(G26=4,H26,"")
A27: Nesquehoning Borough | B27: Carbon | C27: =IF(IF('House Vote Data'!G58>0.5,"D","R")=$E$5,1,0) -> 0 | D27: =IF(IF('House Vote Data'!G59>0.5,"D","R")=$E$6,1,0) -> 1 | E27: =IF(IF('House Vote Data'!G60>0.5,"D","R")=$E$7,1,0) -> 0 | F27: =IF(IF('House Vote Data'!G61>0.5,"D","R")=$E$8,1,0) -> 1 | G27: =SUM(C27:F27) -> 2 | H27: =AVERAGE(ABS('House Vote Data'!G58-$D$5),ABS('House Vote Data'!G59-$D$6),ABS('House Vote Data'!G60-$D$7),ABS('House Vote Data'!G61-$D$8)) -> 0.097078187 | I27: =IF(AND(G27=4,H27=MIN(J13:J101)),"<< MAGIC MUNICIPALITY","") | J27: =IF(G27=4,H27,"")
A28: Packer Township | B28: Carbon | C28: =IF(IF('House Vote Data'!G62>0.5,"D","R")=$E$5,1,0) -> 0 | D28: =IF(IF('House Vote Data'!G63>0.5,"D","R")=$E$6,1,0) -> 1 | E28: =IF(IF('House Vote Data'!G64>0.5,"D","R")=$E$7,1,0) -> 0 | F28: =IF(IF('House Vote Data'!G65>0.5,"D","R")=$E$8,1,0) -> 1 | G28: =SUM(C28:F28) -> 2 | H28: =AVERAGE(ABS('House Vote Data'!G62-$D$5),ABS('House Vote Data'!G63-$D$6),ABS('House Vote Data'!G64-$D$7),ABS('House Vote Data'!G65-$D$8)) -> 0.31178235 | I28: =IF(AND(G28=4,H28=MIN(J13:J101)),"<< MAGIC MUNICIPALITY","") | J28: =IF(G28=4,H28,"")
A29: Palmerton Borough | B29: Carbon | C29: =IF(IF('House Vote Data'!G66>0.5,"D","R")=$E$5,1,0) -> 0 | D29: =IF(IF('House Vote Data'!G67>0.5,"D","R")=$E$6,1,0) -> 1 | E29: =IF(IF('House Vote Data'!G68>0.5,"D","R")=$E$7,1,0) -> 0 | F29: =IF(IF('House Vote Data'!G69>0.5,"D","R")=$E$8,1,0) -> 1 | G29: =SUM(C29:F29) -> 2 | H29: =AVERAGE(ABS('House Vote Data'!G66-$D$5),ABS('House Vote Data'!G67-$D$6),ABS('House Vote Data'!G68-$D$7),ABS('House Vote Data'!G69-$D$8)) -> 0.13390764 | I29: =IF(AND(G29=4,H29=MIN(J13:J101)),"<< MAGIC MUNICIPALITY","") | J29: =IF(G29=4,H29,"")
A30: Parryville Borough | B30: Carbon | C30: =IF(IF('House Vote Data'!G70>0.5,"D","R")=$E$5,1,0) -> 0 | D30: =IF(IF('House Vote Data'!G71>0.5,"D","R")=$E$6,1,0) -> 1 | E30: =IF(IF('House Vote Data'!G72>0.5,"D","R")=$E$7,1,0) -> 0 | F30: =IF(IF('House Vote Data'!G73>0.5,"D","R")=$E$8,1,0) -> 1 | G30: =SUM(C30:F30) -> 2 | H30: =AVERAGE(ABS('House Vote Data'!G70-$D$5),ABS('House Vote Data'!G71-$D$6),ABS('House Vote Data'!G72-$D$7),ABS('House Vote Data'!G73-$D$8)) -> 0.22244859 | I30: =IF(AND(G30=4,H30=MIN(J13:J101)),"<< MAGIC MUNICIPALITY","") | J30: =IF(G30=4,H30,"")
A31: Penn Forest Township | B31: Carbon | C31: =IF(IF('House Vote Data'!G74>0.5,"D","R")=$E$5,1,0) -> 0 | D31: =IF(IF('House Vote Data'!G75>0.5,"D","R")=$E$6,1,0) -> 1 | E31: =IF(IF('House Vote Data'!G76>0.5,"D","R")=$E$7,1,0) -> 0 | F31: =IF(IF('House Vote Data'!G77>0.5,"D","R")=$E$8,1,0) -> 1 | G31: =SUM(C31:F31) -> 2 | H31: =AVERAGE(ABS('House Vote Data'!G74-$D$5),ABS('House Vote Data'!G75-$D$6),ABS('House Vote Data'!G76-$D$7),ABS('House Vote Data'!G77-$D$8)) -> 0.13459463 | I31: =IF(AND(G31=4,H31=MIN(J13:J101)),"<< MAGIC MUNICIPALITY","") | J31: =IF(G31=4,H31,"")
A32: Summit Hill Borough | B32: Carbon | C32: =IF(IF('House Vote Data'!G78>0.5,"D","R")=$E$5,1,0) -> 1 | D32: =IF(IF('House Vote Data'!G79>0.5,"D","R")=$E$6,1,0) -> 1 | E32: =IF(IF('House Vote Data'!G80>0.5,"D","R")=$E$7,1,0) -> 0 | F32: =IF(IF('House Vote Data'!G81>0.5,"D","R")=$E$8,1,0) -> 1 | G32: =SUM(C32:F32) -> 3 | H32: =AVERAGE(ABS('House Vote Data'!G78-$D$5),ABS('House Vote Data'!G79-$D$6),ABS('House Vote Data'!G80-$D$7),ABS('House Vote Data'!G81-$D$8)) -> 0.063869634 | I32: =IF(AND(G32=4,H32=MIN(J13:J101)),"<< MAGIC MUNICIPALITY","") | J32: =IF(G32=4,H32,"")
A33: Towamensing Township | B33: Carbon | C33: =IF(IF('House Vote Data'!G82>0.5,"D","R")=$E$5,1,0) -> 0 | D33: =IF(IF('House Vote Data'!G83>0.5,"D","R")=$E$6,1,0) -> 1 | E33: =IF(IF('House Vote Data'!G84>0.5,"D","R")=$E$7,1,0) -> 0 | F33: =IF(IF('House Vote Data'!G85>0.5,"D","R")=$E$8,1,0) -> 1 | G33: =SUM(C33:F33) -> 2 | H33: =AVERAGE(ABS('House Vote Data'!G82-$D$5),ABS('House Vote Data'!G83-$D$6),ABS('House Vote Data'!G84-$D$7),ABS('House Vote Data'!G85-$D$8)) -> 0.20589569 | I33: =IF(AND(G33=4,H33=MIN(J13:J101)),"<< MAGIC MUNICIPALITY","") | J33: =IF(G33=4,H33,"")
A34: Weatherly Borough | B34: Carbon | C34: =IF(IF('House Vote Data'!G86>0.5,"D","R")=$E$5,1,0) -> 0 | D34: =IF(IF('House Vote Data'!G87>0.5,"D","R")=$E$6,1,0) -> 1 | E34: =IF(IF('House Vote Data'!G88>0.5,"D","R")=$E$7,1,0) -> 0 | F34: =IF(IF('House Vote Data'!G89>0.5,"D","R")=$E$8,1,0) -> 1 | G34: =SUM(C34:F34) -> 2 | H34: =AVERAGE(ABS('House Vote Data'!G86-$D$5),ABS('House Vote Data'!G87-$D$6),ABS('House Vote Data'!G88-$D$7),ABS('House Vote Data'!G89-$D$8)) -> 0.22086615 | I34: =IF(AND(G34=4,H34=MIN(J13:J101)),"<< MAGIC MUNICIPALITY","") | J34: =IF(G34=4,H34,"")
A35: Weissport Borough | B35: Carbon | C35: =IF(IF('House Vote Data'!G90>0.5,"D","R")=$E$5,1,0) -> 1 | D35: =IF(IF('House Vote Data'!G91>0.5,"D","R")=$E$6,1,0) -> 1 | E35: =IF(IF('House Vote Data'!G92>0.5,"D","R")=$E$7,1,0) -> 0 | F35: =IF(IF('House Vote Data'!G93>0.5,"D","R")=$E$8,1,0) -> 1 | G35: =SUM(C35:F35) -> 3 | H35: =AVERAGE(ABS('House Vote Data'!G90-$D$5),ABS('House Vote Data'!G91-$D$6),ABS('House Vote Data'!G92-$D$7),ABS('House Vote Data'!G93-$D$8)) -> 0.075868737 | I35: =IF(AND(G35=4,H35=MIN(J13:J101)),"<< MAGIC MUNICIPALITY","") | J35: =IF(G35=4,H35,"")
A36: Alburtis | B36: Lehigh | C36: =IF(IF('House Vote Data'!G94>0.5,"D","R")=$E$5,1,0) -> 1 | D36: =IF(IF('House Vote Data'!G95>0.5,"D","R")=$E$6,1,0) -> 1 | E36: =IF(IF('House Vote Data'!G96>0.5,"D","R")=$E$7,1,0) -> 0 | F36: =IF(IF('House Vote Data'!G97>0.5,"D","R")=$E$8,1,0) -> 1 | G36: =SUM(C36:F36) -> 3 | H36: =AVERAGE(ABS('House Vote Data'!G94-$D$5),ABS('House Vote Data'!G95-$D$6),ABS('House Vote Data'!G96-$D$7),ABS('House Vote Data'!G97-$D$8)) -> 0.028128668 | I36: =IF(AND(G36=4,H36=MIN(J13:J101)),"<< MAGIC MUNICIPALITY","") | J36: =IF(G36=4,H36,"")
A37: Allentown | B37: Lehigh | C37: =IF(IF('House Vote Data'!G98>0.5,"D","R")=$E$5,1,0) -> 1 | D37: =IF(IF('House Vote Data'!G99>0.5,"D","R")=$E$6,1,0) -> 0 | E37: =IF(IF('House Vote Data'!G100>0.5,"D","R")=$E$7,1,0) -> 1 | F37: =IF(IF('House Vote Data'!G101>0.5,"D","R")=$E$8,1,0) -> 0 | G37: =SUM(C37:F37) -> 2 | H37: =AVERAGE(ABS('House Vote Data'!G98-$D$5),ABS('House Vote Data'!G99-$D$6),ABS('House Vote Data'!G100-$D$7),ABS('House Vote Data'!G101-$D$8)) -> 0.17661965 | I37: =IF(AND(G37=4,H37=MIN(J13:J101)),"<< MAGIC MUNICIPALITY","") | J37: =IF(G37=4,H37,"")
A38: Bethlehem | B38: Lehigh | C38: =IF(IF('House Vote Data'!G102>0.5,"D","R")=$E$5,1,0) -> 1 | D38: =IF(IF('House Vote Data'!G103>0.5,"D","R")=$E$6,1,0) -> 0 | E38: =IF(IF('House Vote Data'!G104>0.5,"D","R")=$E$7,1,0) -> 1 | F38: =IF(IF('House Vote Data'!G105>0.5,"D","R")=$E$8,1,0) -> 0 | G38: =SUM(C38:F38) -> 2 | H38: =AVERAGE(ABS('House Vote Data'!G102-$D$5),ABS('House Vote Data'!G103-$D$6),ABS('House Vote Data'!G104-$D$7),ABS('House Vote Data'!G105-$D$8)) -> 0.13950492 | I38: =IF(AND(G38=4,H38=MIN(J13:J101)),"<< MAGIC MUNICIPALITY","") | J38: =IF(G38=4,H38,"")
A39: Catasauqua | B39: Lehigh | C39: =IF(IF('House Vote Data'!G106>0.5,"D","R")=$E$5,1,0) -> 1 | D39: =IF(IF('House Vote Data'!G107>0.5,"D","R")=$E$6,1,0) -> 0 | E39: =IF(IF('House Vote Data'!G108>0.5,"D","R")=$E$7,1,0) -> 1 | F39: =IF(IF('House Vote Data'!G109>0.5,"D","R")=$E$8,1,0) -> 0 | G39: =SUM(C39:F39) -> 2 | H39: =AVERAGE(ABS('House Vote Data'!G106-$D$5),ABS('House Vote Data'!G107-$D$6),ABS('House Vote Data'!G108-$D$7),ABS('House Vote Data'!G109-$D$8)) -> 0.027287787 | I39: =IF(AND(G39=4,H39=MIN(J13:J101)),"<< MAGIC MUNICIPALITY","") | J39: =IF(G39=4,H39,"")
A40: Coopersburg | B40: Lehigh | C40: =IF(IF('House Vote Data'!G110>0.5,"D","R")=$E$5,1,0) -> 1 | D40: =IF(IF('House Vote Data'!G111>0.5,"D","R")=$E$6,1,0) -> 1 | E40: =IF(IF('House Vote Data'!G112>0.5,"D","R")=$E$7,1,0) -> 1 | F40: =IF(IF('House Vote Data'!G113>0.5,"D","R")=$E$8,1,0) -> 1 | G40: =SUM(C40:F40) -> 4 | H40: =AVERAGE(ABS('House Vote Data'!G110-$D$5),ABS('House Vote Data'!G111-$D$6),ABS('House Vote Data'!G112-$D$7),ABS('House Vote Data'!G113-$D$8)) -> 0.011299172 | I40: =IF(AND(G40=4,H40=MIN(J13:J101)),"<< MAGIC MUNICIPALITY","") | J40: =IF(G40=4,H40,"") -> 0.011299172
A41: Coplay | B41: Lehigh | C41: =IF(IF('House Vote Data'!G114>0.5,"D","R")=$E$5,1,0) -> 1 | D41: =IF(IF('House Vote Data'!G115>0.5,"D","R")=$E$6,1,0) -> 0 | E41: =IF(IF('House Vote Data'!G116>0.5,"D","R")=$E$7,1,0) -> 1 | F41: =IF(IF('House Vote Data'!G117>0.5,"D","R")=$E$8,1,0) -> 0 | G41: =SUM(C41:F41) -> 2 | H41: =AVERAGE(ABS('House Vote Data'!G114-$D$5),ABS('House Vote Data'!G115-$D$6),ABS('House Vote Data'!G116-$D$7),ABS('House Vote Data'!G117-$D$8)) -> 0.015575154 | I41: =IF(AND(G41=4,H41=MIN(J13:J101)),"<< MAGIC MUNICIPALITY","") | J41: =IF(G41=4,H41,"")
A42: Emmaus | B42: Lehigh | C42: =IF(IF('House Vote Data'!G118>0.5,"D","R")=$E$5,1,0) -> 1 | D42: =IF(IF('House Vote Data'!G119>0.5,"D","R")=$E$6,1,0) -> 0 | E42: =IF(IF('House Vote Data'!G120>0.5,"D","R")=$E$7,1,0) -> 1 | F42: =IF(IF('House Vote Data'!G121>0.5,"D","R")=$E$8,1,0) -> 0 | G42: =SUM(C42:F42) -> 2 | H42: =AVERAGE(ABS('House Vote Data'!G118-$D$5),ABS('House Vote Data'!G119-$D$6),ABS('House Vote Data'!G120-$D$7),ABS('House Vote Data'!G121-$D$8)) -> 0.033138299 | I42: =IF(AND(G42=4,H42=MIN(J13:J101)),"<< MAGIC MUNICIPALITY","") | J42: =IF(G42=4,H42,"")
A43: Fountain Hill | B43: Lehigh | C43: =IF(IF('House Vote Data'!G122>0.5,"D","R")=$E$5,1,0) -> 1 | D43: =IF(IF('House Vote Data'!G123>0.5,"D","R")=$E$6,1,0) -> 0 | E43: =IF(IF('House Vote Data'!G124>0.5,"D","R")=$E$7,1,0) -> 1 | F43: =IF(IF('House Vote Data'!G125>0.5,"D","R")=$E$8,1,0) -> 0 | G43: =SUM(C43:F43) -> 2 | H43: =AVERAGE(ABS('House Vote Data'!G122-$D$5),ABS('House Vote Data'!G123-$D$6),ABS('House Vote Data'!G124-$D$7),ABS('House Vote Data'!G125-$D$8)) -> 0.16671429 | I43: =IF(AND(G43=4,H43=MIN(J13:J101)),"<< MAGIC MUNICIPALITY","") | J43: =IF(G43=4,H43,"")
A44: Hanover | B44: Lehigh | C44: =IF(IF('House Vote Data'!G126>0.5,"D","R")=$E$5,1,0) -> 1 | D44: =IF(IF('House Vote Data'!G127>0.5,"D","R")=$E$6,1,0) -> 0 | E44: =IF(IF('House Vote Data'!G128>0.5,"D","R")=$E$7,1,0) -> 1 | F44: =IF(IF('House Vote Data'!G129>0.5,"D","R")=$E$8,1,0) -> 0 | G44: =SUM(C44:F44) -> 2 | H44: =AVERAGE(ABS('House Vote Data'!G126-$D$5),ABS('House Vote Data'!G127-$D$6),ABS('House Vote Data'!G128-$D$7),ABS('House Vote Data'!G129-$D$8)) -> 0.0574089 | I44: =IF(AND(G44=4,H44=MIN(J13:J101)),"<< MAGIC MUNICIPALITY","") | J44: =IF(G44=4,H44,"")
A45: Heidelberg | B45: Lehigh | C45: =IF(IF('House Vote Data'!G130>0.5,"D","R")=$E$5,1,0) -> 0 | D45: =IF(IF('House Vote Data'!G131>0.5,"D","R")=$E$6,1,0) -> 1 | E45: =IF(IF('House Vote Data'!G132>0.5,"D","R")=$E$7,1,0) -> 0 | F45: =IF(IF('House Vote Data'!G133>0.5,"D","R")=$E$8,1,0) -> 1 | G45: =SUM(C45:F45) -> 2 | H45: =AVERAGE(ABS('House Vote Data'!G130-$D$5),ABS('House Vote Data'!G131-$D$6),ABS('House Vote Data'!G132-$D$7),ABS('House Vote Data'!G133-$D$8)) -> 0.17929276 | I45: =IF(AND(G45=4,H45=MIN(J13:J101)),"<< MAGIC MUNICIPALITY","") | J45: =IF(G45=4,H45,"")
A46: Lower Macungie | B46: Lehigh | C46: =IF(IF('House Vote Data'!G134>0.5,"D","R")=$E$5,1,0) -> 1 | D46: =IF(IF('House Vote Data'!G135>0.5,"D","R")=$E$6,1,0) -> 1 | E46: =IF(IF('House Vote Data'!G136>0.5,"D","R")=$E$7,1,0) -> 1 | F46: =IF(IF('House Vote Data'!G137>0.5,"D","R")=$E$8,1,0) -> 1 | G46: =SUM(C46:F46) -> 4 | H46: =AVERAGE(ABS('House Vote Data'!G134-$D$5),ABS('House Vote Data'!G135-$D$6),ABS('House Vote Data'!G136-$D$7),ABS('House Vote Data'!G137-$D$8)) -> 0.0091679675 | I46: =IF(AND(G46=4,H46=MIN(J13:J101)),"<< MAGIC MUNICIPALITY","") | J46: =IF(G46=4,H46,"") -> 0.0091679675
A47: Lower Milford | B47: Lehigh | C47: =IF(IF('House Vote Data'!G138>0.5,"D","R")=$E$5,1,0) -> 0 | D47: =IF(IF('House Vote Data'!G139>0.5,"D","R")=$E$6,1,0) -> 1 | E47: =IF(IF('House Vote Data'!G140>0.5,"D","R")=$E$7,1,0) -> 0 | F47: =IF(IF('House Vote Data'!G141>0.5,"D","R")=$E$8,1,0) -> 1 | G47: =SUM(C47:F47) -> 2 | H47: =AVERAGE(ABS('House Vote Data'!G138-$D$5),ABS('House Vote Data'!G139-$D$6),ABS('House Vote Data'!G140-$D$7),ABS('House Vote Data'!G141-$D$8)) -> 0.12353307 | I47: =IF(AND(G47=4,H47=MIN(J13:J101)),"<< MAGIC MUNICIPALITY","") | J47: =IF(G47=4,H47,"")
A48: Lowhill | B48: Lehigh | C48: =IF(IF('House Vote Data'!G142>0.5,"D","R")=$E$5,1,0) -> 0 | D48: =IF(IF('House Vote Data'!G143>0.5,"D","R")=$E$6,1,0) -> 1 | E48: =IF(IF('House Vote Data'!G144>0.5,"D","R")=$E$7,1,0) -> 0 | F48: =IF(IF('House Vote Data'!G145>0.5,"D","R")=$E$8,1,0) -> 1 | G48: =SUM(C48:F48) -> 2 | H48: =AVERAGE(ABS('House Vote Data'!G142-$D$5),ABS('House Vote Data'!G143-$D$6),ABS('House Vote Data'!G144-$D$7),ABS('House Vote Data'!G145-$D$8)) -> 0.14252437 | I48: =IF(AND(G48=4,H48=MIN(J13:J101)),"<< MAGIC MUNICIPALITY","") | J48: =IF(G48=4,H48,"")
A49: Lynn | B49: Lehigh | C49: =IF(IF('House Vote Data'!G146>0.5,"D","R")=$E$5,1,0) -> 0 | D49: =IF(IF('House Vote Data'!G147>0.5,"D","R")=$E$6,1,0) -> 1 | E49: =IF(IF('House Vote Data'!G148>0.5,"D","R")=$E$7,1,0) -> 0 | F49: =IF(IF('House Vote Data'!G149>0.5,"D","R")=$E$8,1,0) -> 1 | G49: =SUM(C49:F49) -> 2 | H49: =AVERAGE(ABS('House Vote Data'!G146-$D$5),ABS('House Vote Data'!G147-$D$6),ABS('House Vote Data'!G148-$D$7),ABS('House Vote Data'!G149-$D$8)) -> 0.18230079 | I49: =IF(AND(G49=4,H49=MIN(J13:J101)),"<< MAGIC MUNICIPALITY","") | J49: =IF(G49=4,H49,"")
A50: Macungie | B50: Lehigh | C50: =IF(IF('House Vote Data'!G150>0.5,"D","R")=$E$5,1,0) -> 1 | D50: =IF(IF('House Vote Data'!G151>0.5,"D","R")=$E$6,1,0) -> 0 | E50: =IF(IF('House Vote Data'!G152>0.5,"D","R")=$E$7,1,0) -> 1 | F50: =IF(IF('House Vote Data'!G153>0.5,"D","R")=$E$8,1,0) -> 0 | G50: =SUM(C50:F50) -> 2 | H50: =AVERAGE(ABS('House Vote Data'!G150-$D$5),ABS('House Vote Data'!G151-$D$6),ABS('House Vote Data'!G152-$D$7),ABS('House Vote Data'!G153-$D$8)) -> 0.032441768 | I50: =IF(AND(G50=4,H50=MIN(J13:J101)),"<< MAGIC MUNICIPALITY","") | J50: =IF(G50=4,H50,"")
A51: North Whitehall | B51: Lehigh | C51: =IF(IF('House Vote Data'!G154>0.5,"D","R")=$E$5,1,0) -> 0 | D51: =IF(IF('House Vote Data'!G155>0.5,"D","R")=$E$6,1,0) -> 1 | E51: =IF(IF('House Vote Data'!G156>0.5,"D","R")=$E$7,1,0) -> 0 | F51: =IF(IF('House Vote Data'!G157>0.5,"D","R")=$E$8,1,0) -> 1 | G51: =SUM(C51:F51) -> 2 | H51: =AVERAGE(ABS('House Vote Data'!G154-$D$5),ABS('House Vote Data'!G155-$D$6),ABS('House Vote Data'!G156-$D$7),ABS('House Vote Data'!G157-$D$8)) -> 0.097297375 | I51: =IF(AND(G51=4,H51=MIN(J13:J101)),"<< MAGIC MUNICIPALITY","") | J51: =IF(G51=4,H51,"")
A52: Salisbury | B52: Lehigh | C52: =IF(IF('House Vote Data'!G158>0.5,"D","R")=$E$5,1,0) -> 1 | D52: =IF(IF('House Vote Data'!G159>0.5,"D","R")=$E$6,1,0) -> 1 | E52: =IF(IF('House Vote Data'!G160>0.5,"D","R")=$E$7,1,0) -> 1 | F52: =IF(IF('House Vote Data'!G161>0.5,"D","R")=$E$8,1,0) -> 1 | G52: =SUM(C52:F52) -> 4 | H52: =AVERAGE(ABS('House Vote Data'!G158-$D$5),ABS('House Vote Data'!G159-$D$6),ABS('House Vote Data'!G160-$D$7),ABS('House Vote Data'!G161-$D$8)) -> 0.0075357814 | I52: =IF(AND(G52=4,H52=MIN(J13:J101)),"<< MAGIC MUNICIPALITY","") -> << MAGIC MUNICIPALITY | J52: =IF(G52=4,H52,"") -> 0.0075357814
A53: Slatington | B53: Lehigh | C53: =IF(IF('House Vote Data'!G162>0.5,"D","R")=$E$5,1,0) -> 0 | D53: =IF(IF('House Vote Data'!G163>0.5,"D","R")=$E$6,1,0) -> 1 | E53: =IF(IF('House Vote Data'!G164>0.5,"D","R")=$E$7,1,0) -> 0 | F53: =IF(IF('House Vote Data'!G165>0.5,"D","R")=$E$8,1,0) -> 1 | G53: =SUM(C53:F53) -> 2 | H53: =AVERAGE(ABS('House Vote Data'!G162-$D$5),ABS('House Vote Data'!G163-$D$6),ABS('House Vote Data'!G164-$D$7),ABS('House Vote Data'!G165-$D$8)) -> 0.079359194 | I53: =IF(AND(G53=4,H53=MIN(J13:J101)),"<< MAGIC MUNICIPALITY","") | J53: =IF(G53=4,H53,"")
A54: South Whitehall | B54: Lehigh | C54: =IF(IF('House Vote Data'!G166>0.5,"D","R")=$E$5,1,0) -> 1 | D54: =IF(IF('House Vote Data'!G167>0.5,"D","R")=$E$6,1,0) -> 0 | E54: =IF(IF('House Vote Data'!G168>0.5,"D","R")=$E$7,1,0) -> 1 | F54: =IF(IF('House Vote Data'!G169>0.5,"D","R")=$E$8,1,0) -> 0 | G54: =SUM(C54:F54) -> 2 | H54: =AVERAGE(ABS('House Vote Data'!G166-$D$5),ABS('House Vote Data'!G167-$D$6),ABS('House Vote Data'!G168-$D$7),ABS('House Vote Data'!G169-$D$8)) -> 0.040403588 | I54: =IF(AND(G54=4,H54=MIN(J13:J101)),"<< MAGIC MUNICIPALITY","") | J54: =IF(G54=4,H54,"")
A55: Upper Macungie | B55: Lehigh | C55: =IF(IF('House Vote Data'!G170>0.5,"D","R")=$E$5,1,0) -> 1 | D55: =IF(IF('House Vote Data'!G171>0.5,"D","R")=$E$6,1,0) -> 0 | E55: =IF(IF('House Vote Data'!G172>0.5,"D","R")=$E$7,1,0) -> 1 | F55: =IF(IF('House Vote Data'!G173>0.5,"D","R")=$E$8,1,0) -> 0 | G55: =SUM(C55:F55) -> 2 | H55: =AVERAGE(ABS('House Vote Data'!G170-$D$5),ABS('House Vote Data'!G171-$D$6),ABS('House Vote Data'!G172-$D$7),ABS('House Vote Data'!G173-$D$8)) -> 0.015465555 | I55: =IF(AND(G55=4,H55=MIN(J13:J101)),"<< MAGIC MUNICIPALITY","") | J55: =IF(G55=4,H55,"")
A56: Upper Milford | B56: Lehigh | C56: =IF(IF('House Vote Data'!G174>0.5,"D","R")=$E$5,1,0) -> 0 | D56: =IF(IF('House Vote Data'!G175>0.5,"D","R")=$E$6,1,0) -> 1 | E56: =IF(IF('House Vote Data'!G176>0.5,"D","R")=$E$7,1,0) -> 0 | F56: =IF(IF('House Vote Data'!G177>0.5,"D","R")=$E$8,1,0) -> 1 | G56: =SUM(C56:F56) -> 2 | H56: =AVERAGE(ABS('House Vote Data'!G174-$D$5),ABS('House Vote Data'!G175-$D$6),ABS('House Vote Data'!G176-$D$7),ABS('House Vote Data'!G177-$D$8)) -> 0.065841393 | I56: =IF(AND(G56=4,H56=MIN(J13:J101)),"<< MAGIC MUNICIPALITY","") | J56: =IF(G56=4,H56,"")
A57: Upper Saucon | B57: Lehigh | C57: =IF(IF('House Vote Data'!G178>0.5,"D","R")=$E$5,1,0) -> 0 | D57: =IF(IF('House Vote Data'!G179>0.5,"D","R")=$E$6,1,0) -> 1 | E57: =IF(IF('House Vote Data'!G180>0.5,"D","R")=$E$7,1,0) -> 1 | F57: =IF(IF('House Vote Data'!G181>0.5,"D","R")=$E$8,1,0) -> 1 | G57: =SUM(C57:F57) -> 3 | H57: =AVERAGE(ABS('House Vote Data'!G178-$D$5),ABS('House Vote Data'!G179-$D$6),ABS('House Vote Data'!G180-$D$7),ABS('House Vote Data'!G181-$D$8)) -> 0.021499728 | I57: =IF(AND(G57=4,H57=MIN(J13:J101)),"<< MAGIC MUNICIPALITY","") | J57: =IF(G57=4,H57,"")
A58: Washington | B58: Lehigh | C58: =IF(IF('House Vote Data'!G182>0.5,"D","R")=$E$5,1,0) -> 0 | D58: =IF(IF('House Vote Data'!G183>0.5,"D","R")=$E$6,1,0) -> 1 | E58: =IF(IF('House Vote Data'!G184>0.5,"D","R")=$E$7,1,0) -> 0 | F58: =IF(IF('House Vote Data'!G185>0.5,"D","R")=$E$8,1,0) -> 1 | G58: =SUM(C58:F58) -> 2 | H58: =AVERAGE(ABS('House Vote Data'!G182-$D$5),ABS('House Vote Data'!G183-$D$6),ABS('House Vote Data'!G184-$D$7),ABS('House Vote Data'!G185-$D$8)) -> 0.17112803 | I58: =IF(AND(G58=4,H58=MIN(J13:J101)),"<< MAGIC MUNICIPALITY","") | J58: =IF(G58=4,H58,"")
A59: Weisenberg | B59: Lehigh | C59: =IF(IF('House Vote Data'!G186>0.5,"D","R")=$E$5,1,0) -> 0 | D59: =IF(IF('House Vote Data'!G187>0.5,"D","R")=$E$6,1,0) -> 1 | E59: =IF(IF('House Vote Data'!G188>0.5,"D","R")=$E$7,1,0) -> 0 | F59: =IF(IF('House Vote Data'!G189>0.5,"D","R")=$E$8,1,0) -> 1 | G59: =SUM(C59:F59) -> 2 | H59: =AVERAGE(ABS('House Vote Data'!G186-$D$5),ABS('House Vote Data'!G187-$D$6),ABS('House Vote Data'!G188-$D$7),ABS('House Vote Data'!G189-$D$8)) -> 0.15985619 | I59: =IF(AND(G59=4,H59=MIN(J13:J101)),"<< MAGIC MUNICIPALITY","") | J59: =IF(G59=4,H59,"")
A60: Whitehall | B60: Lehigh | C60: =IF(IF('House Vote Data'!G190>0.5,"D","R")=$E$5,1,0) -> 1 | D60: =IF(IF('House Vote Data'!G191>0.5,"D","R")=$E$6,1,0) -> 0 | E60: =IF(IF('House Vote Data'!G192>0.5,"D","R")=$E$7,1,0) -> 1 | F60: =IF(IF('House Vote Data'!G193>0.5,"D","R")=$E$8,1,0) -> 0 | G60: =SUM(C60:F60) -> 2 | H60: =AVERAGE(ABS('House Vote Data'!G190-$D$5),ABS('House Vote Data'!G191-$D$6),ABS('House Vote Data'!G192-$D$7),ABS('House Vote Data'!G193-$D$8)) -> 0.024700118 | I60: =IF(AND(G60=4,H60=MIN(J13:J101)),"<< MAGIC MUNICIPALITY","") | J60: =IF(G60=4,H60,"")
A61: Eldred Township | B61: Monroe | C61: =IF(IF('House Vote Data'!G194>0.5,"D","R")=$E$5,1,0) -> 0 | D61: =IF(IF('House Vote Data'!G195>0.5,"D","R")=$E$6,1,0) -> 1 | E61: =IF(IF('House Vote Data'!G196>0.5,"D","R")=$E$7,1,0) -> 0 | F61: =IF(IF('House Vote Data'!G197>0.5,"D","R")=$E$8,1,0) -> 1 | G61: =SUM(C61:F61) -> 2 | H61: =AVERAGE(ABS('House Vote Data'!G194-$D$5),ABS('House Vote Data'!G195-$D$6),ABS('House Vote Data'!G196-$D$7),ABS('House Vote Data'!G197-$D$8)) -> 0.19091179 | I61: =IF(AND(G61=4,H61=MIN(J13:J101)),"<< MAGIC MUNICIPALITY","") | J61: =IF(G61=4,H61,"")
A62: Polk Township | B62: Monroe | C62: =IF(IF('House Vote Data'!G198>0.5,"D","R")=$E$5,1,0) -> 0 | D62: =IF(IF('House Vote Data'!G199>0.5,"D","R")=$E$6,1,0) -> 1 | E62: =IF(IF('House Vote Data'!G200>0.5,"D","R")=$E$7,1,0) -> 0 | F62: =IF(IF('House Vote Data'!G201>0.5,"D","R")=$E$8,1,0) -> 1 | G62: =SUM(C62:F62) -> 2 | H62: =AVERAGE(ABS('House Vote Data'!G198-$D$5),ABS('House Vote Data'!G199-$D$6),ABS('House Vote Data'!G200-$D$7),ABS('House Vote Data'!G201-$D$8)) -> 0.14899896 | I62: =IF(AND(G62=4,H62=MIN(J13:J101)),"<< MAGIC MUNICIPALITY","") | J62: =IF(G62=4,H62,"")
A63: Ross Township | B63: Monroe | C63: =IF(IF('House Vote Data'!G202>0.5,"D","R")=$E$5,1,0) -> 0 | D63: =IF(IF('House Vote Data'!G203>0.5,"D","R")=$E$6,1,0) -> 1 | E63: =IF(IF('House Vote Data'!G204>0.5,"D","R")=$E$7,1,0) -> 0 | F63: =IF(IF('House Vote Data'!G205>0.5,"D","R")=$E$8,1,0) -> 1 | G63: =SUM(C63:F63) -> 2 | H63: =AVERAGE(ABS('House Vote Data'!G202-$D$5),ABS('House Vote Data'!G203-$D$6),ABS('House Vote Data'!G204-$D$7),ABS('House Vote Data'!G205-$D$8)) -> 0.13666201 | I63: =IF(AND(G63=4,H63=MIN(J13:J101)),"<< MAGIC MUNICIPALITY","") | J63: =IF(G63=4,H63,"")
A64: Allen | B64: Northampton | C64: =IF(IF('House Vote Data'!G206>0.5,"D","R")=$E$5,1,0) -> 0 | D64: =IF(IF('House Vote Data'!G207>0.5,"D","R")=$E$6,1,0) -> 1 | E64: =IF(IF('House Vote Data'!G208>0.5,"D","R")=$E$7,1,0) -> 0 | F64: =IF(IF('House Vote Data'!G209>0.5,"D","R")=$E$8,1,0) -> 1 | G64: =SUM(C64:F64) -> 2 | H64: =AVERAGE(ABS('House Vote Data'!G206-$D$5),ABS('House Vote Data'!G207-$D$6),ABS('House Vote Data'!G208-$D$7),ABS('House Vote Data'!G209-$D$8)) -> 0.072841444 | I64: =IF(AND(G64=4,H64=MIN(J13:J101)),"<< MAGIC MUNICIPALITY","") | J64: =IF(G64=4,H64,"")
A65: Bangor | B65: Northampton | C65: =IF(IF('House Vote Data'!G210>0.5,"D","R")=$E$5,1,0) -> 0 | D65: =IF(IF('House Vote Data'!G211>0.5,"D","R")=$E$6,1,0) -> 1 | E65: =IF(IF('House Vote Data'!G212>0.5,"D","R")=$E$7,1,0) -> 0 | F65: =IF(IF('House Vote Data'!G213>0.5,"D","R")=$E$8,1,0) -> 1 | G65: =SUM(C65:F65) -> 2 | H65: =AVERAGE(ABS('House Vote Data'!G210-$D$5),ABS('House Vote Data'!G211-$D$6),ABS('House Vote Data'!G212-$D$7),ABS('House Vote Data'!G213-$D$8)) -> 0.072583765 | I65: =IF(AND(G65=4,H65=MIN(J13:J101)),"<< MAGIC MUNICIPALITY","") | J65: =IF(G65=4,H65,"")
A66: Bath | B66: Northampton | C66: =IF(IF('House Vote Data'!G214>0.5,"D","R")=$E$5,1,0) -> 0 | D66: =IF(IF('House Vote Data'!G215>0.5,"D","R")=$E$6,1,0) -> 1 | E66: =IF(IF('House Vote Data'!G216>0.5,"D","R")=$E$7,1,0) -> 0 | F66: =IF(IF('House Vote Data'!G217>0.5,"D","R")=$E$8,1,0) -> 1 | G66: =SUM(C66:F66) -> 2 | H66: =AVERAGE(ABS('House Vote Data'!G214-$D$5),ABS('House Vote Data'!G215-$D$6),ABS('House Vote Data'!G216-$D$7),ABS('House Vote Data'!G217-$D$8)) -> 0.045486845 | I66: =IF(AND(G66=4,H66=MIN(J13:J101)),"<< MAGIC MUNICIPALITY","") | J66: =IF(G66=4,H66,"")
A67: Bethlehem | B67: Northampton | C67: =IF(IF('House Vote Data'!G218>0.5,"D","R")=$E$5,1,0) -> 1 | D67: =IF(IF('House Vote Data'!G219>0.5,"D","R")=$E$6,1,0) -> 0 | E67: =IF(IF('House Vote Data'!G220>0.5,"D","R")=$E$7,1,0) -> 1 | F67: =IF(IF('House Vote Data'!G221>0.5,"D","R")=$E$8,1,0) -> 0 | G67: =SUM(C67:F67) -> 2 | H67: =AVERAGE(ABS('House Vote Data'!G218-$D$5),ABS('House Vote Data'!G219-$D$6),ABS('House Vote Data'!G220-$D$7),ABS('House Vote Data'!G221-$D$8)) -> 0.17528521 | I67: =IF(AND(G67=4,H67=MIN(J13:J101)),"<< MAGIC MUNICIPALITY","") | J67: =IF(G67=4,H67,"")
A68: Bethlehem Township | B68: Northampton | C68: =IF(IF('House Vote Data'!G222>0.5,"D","R")=$E$5,1,0) -> 1 | D68: =IF(IF('House Vote Data'!G223>0.5,"D","R")=$E$6,1,0) -> 0 | E68: =IF(IF('House Vote Data'!G224>0.5,"D","R")=$E$7,1,0) -> 1 | F68: =IF(IF('House Vote Data'!G225>0.5,"D","R")=$E$8,1,0) -> 0 | G68: =SUM(C68:F68) -> 2 | H68: =AVERAGE(ABS('House Vote Data'!G222-$D$5),ABS('House Vote Data'!G223-$D$6),ABS('House Vote Data'!G224-$D$7),ABS('House Vote Data'!G225-$D$8)) -> 0.029938464 | I68: =IF(AND(G68=4,H68=MIN(J13:J101)),"<< MAGIC MUNICIPALITY","") | J68: =IF(G68=4,H68,"")
A69: Bushkill | B69: Northampton | C69: =IF(IF('House Vote Data'!G226>0.5,"D","R")=$E$5,1,0) -> 0 | D69: =IF(IF('House Vote Data'!G227>0.5,"D","R")=$E$6,1,0) -> 1 | E69: =IF(IF('House Vote Data'!G228>0.5,"D","R")=$E$7,1,0) -> 0 | F69: =IF(IF('House Vote Data'!G229>0.5,"D","R")=$E$8,1,0) -> 1 | G69: =SUM(C69:F69) -> 2 | H69: =AVERAGE(ABS('House Vote Data'!G226-$D$5),ABS('House Vote Data'!G227-$D$6),ABS('House Vote Data'!G228-$D$7),ABS('House Vote Data'!G229-$D$8)) -> 0.12362522 | I69: =IF(AND(G69=4,H69=MIN(J13:J101)),"<< MAGIC MUNICIPALITY","") | J69: =IF(G69=4,H69,"")
A70: Chapman | B70: Northampton | C70: =IF(IF('House Vote Data'!G230>0.5,"D","R")=$E$5,1,0) -> 0 | D70: =IF(IF('House Vote Data'!G231>0.5,"D","R")=$E$6,1,0) -> 1 | E70: =IF(IF('House Vote Data'!G232>0.5,"D","R")=$E$7,1,0) -> 0 | F70: =IF(IF('House Vote Data'!G233>0.5,"D","R")=$E$8,1,0) -> 1 | G70: =SUM(C70:F70) -> 2 | H70: =AVERAGE(ABS('House Vote Data'!G230-$D$5),ABS('House Vote Data'!G231-$D$6),ABS('House Vote Data'!G232-$D$7),ABS('House Vote Data'!G233-$D$8)) -> 0.14100343 | I70: =IF(AND(G70=4,H70=MIN(J13:J101)),"<< MAGIC MUNICIPALITY","") | J70: =IF(G70=4,H70,"")
A71: East Allen | B71: Northampton | C71: =IF(IF('House Vote Data'!G234>0.5,"D","R")=$E$5,1,0) -> 0 | D71: =IF(IF('House Vote Data'!G235>0.5,"D","R")=$E$6,1,0) -> 1 | E71: =IF(IF('House Vote Data'!G236>0.5,"D","R")=$E$7,1,0) -> 0 | F71: =IF(IF('House Vote Data'!G237>0.5,"D","R")=$E$8,1,0) -> 1 | G71: =SUM(C71:F71) -> 2 | H71: =AVERAGE(ABS('House Vote Data'!G234-$D$5),ABS('House Vote Data'!G235-$D$6),ABS('House Vote Data'!G236-$D$7),ABS('House Vote Data'!G237-$D$8)) -> 0.084019766 | I71: =IF(AND(G71=4,H71=MIN(J13:J101)),"<< MAGIC MUNICIPALITY","") | J71: =IF(G71=4,H71,"")
A72: East Bangor | B72: Northampton | C72: =IF(IF('House Vote Data'!G238>0.5,"D","R")=$E$5,1,0) -> 0 | D72: =IF(IF('House Vote Data'!G239>0.5,"D","R")=$E$6,1,0) -> 1 | E72: =IF(IF('House Vote Data'!G240>0.5,"D","R")=$E$7,1,0) -> 0 | F72: =IF(IF('House Vote Data'!G241>0.5,"D","R")=$E$8,1,0) -> 1 | G72: =SUM(C72:F72) -> 2 | H72: =AVERAGE(ABS('House Vote Data'!G238-$D$5),ABS('House Vote Data'!G239-$D$6),ABS('House Vote Data'!G240-$D$7),ABS('House Vote Data'!G241-$D$8)) -> 0.12703784 | I72: =IF(AND(G72=4,H72=MIN(J13:J101)),"<< MAGIC MUNICIPALITY","") | J72: =IF(G72=4,H72,"")
A73: Easton | B73: Northampton | C73: =IF(IF('House Vote Data'!G242>0.5,"D","R")=$E$5,1,0) -> 1 | D73: =IF(IF('House Vote Data'!G243>0.5,"D","R")=$E$6,1,0) -> 0 | E73: =IF(IF('House Vote Data'!G244>0.5,"D","R")=$E$7,1,0) -> 1 | F73: =IF(IF('House Vote Data'!G245>0.5,"D","R")=$E$8,1,0) -> 0 | G73: =SUM(C73:F73) -> 2 | H73: =AVERAGE(ABS('House Vote Data'!G242-$D$5),ABS('House Vote Data'!G243-$D$6),ABS('House Vote Data'!G244-$D$7),ABS('House Vote Data'!G245-$D$8)) -> 0.2161842 | I73: =IF(AND(G73=4,H73=MIN(J13:J101)),"<< MAGIC MUNICIPALITY","") | J73: =IF(G73=4,H73,"")
A74: Forks | B74: Northampton | C74: =IF(IF('House Vote Data'!G246>0.5,"D","R")=$E$5,1,0) -> 1 | D74: =IF(IF('House Vote Data'!G247>0.5,"D","R")=$E$6,1,0) -> 0 | E74: =IF(IF('House Vote Data'!G248>0.5,"D","R")=$E$7,1,0) -> 1 | F74: =IF(IF('House Vote Data'!G249>0.5,"D","R")=$E$8,1,0) -> 0 | G74: =SUM(C74:F74) -> 2 | H74: =AVERAGE(ABS('House Vote Data'!G246-$D$5),ABS('House Vote Data'!G247-$D$6),ABS('House Vote Data'!G248-$D$7),ABS('House Vote Data'!G249-$D$8)) -> 0.014455764 | I74: =IF(AND(G74=4,H74=MIN(J13:J101)),"<< MAGIC MUNICIPALITY","") | J74: =IF(G74=4,H74,"")
A75: Freemansburg | B75: Northampton | C75: =IF(IF('House Vote Data'!G250>0.5,"D","R")=$E$5,1,0) -> 1 | D75: =IF(IF('House Vote Data'!G251>0.5,"D","R")=$E$6,1,0) -> 0 | E75: =IF(IF('House Vote Data'!G252>0.5,"D","R")=$E$7,1,0) -> 1 | F75: =IF(IF('House Vote Data'!G253>0.5,"D","R")=$E$8,1,0) -> 0 | G75: =SUM(C75:F75) -> 2 | H75: =AVERAGE(ABS('House Vote Data'!G250-$D$5),ABS('House Vote Data'!G251-$D$6),ABS('House Vote Data'!G252-$D$7),ABS('House Vote Data'!G253-$D$8)) -> 0.11048094 | I75: =IF(AND(G75=4,H75=MIN(J13:J101)),"<< MAGIC MUNICIPALITY","") | J75: =IF(G75=4,H75,"")
A76: Glendon | B76: Northampton | C76: =IF(IF('House Vote Data'!G254>0.5,"D","R")=$E$5,1,0) -> 1 | D76: =IF(IF('House Vote Data'!G255>0.5,"D","R")=$E$6,1,0) -> 0 | E76: =IF(IF('House Vote Data'!G256>0.5,"D","R")=$E$7,1,0) -> 1 | F76: =IF(IF('House Vote Data'!G257>0.5,"D","R")=$E$8,1,0) -> 0 | G76: =SUM(C76:F76) -> 2 | H76: =AVERAGE(ABS('House Vote Data'!G254-$D$5),ABS('House Vote Data'!G255-$D$6),ABS('House Vote Data'!G256-$D$7),ABS('House Vote Data'!G257-$D$8)) -> 0.039041179 | I76: =IF(AND(G76=4,H76=MIN(J13:J101)),"<< MAGIC MUNICIPALITY","") | J76: =IF(G76=4,H76,"")
A77: Hanover | B77: Northampton | C77: =IF(IF('House Vote Data'!G258>0.5,"D","R")=$E$5,1,0) -> 1 | D77: =IF(IF('House Vote Data'!G259>0.5,"D","R")=$E$6,1,0) -> 0 | E77: =IF(IF('House Vote Data'!G260>0.5,"D","R")=$E$7,1,0) -> 1 | F77: =IF(IF('House Vote Data'!G261>0.5,"D","R")=$E$8,1,0) -> 0 | G77: =SUM(C77:F77) -> 2 | H77: =AVERAGE(ABS('House Vote Data'!G258-$D$5),ABS('House Vote Data'!G259-$D$6),ABS('House Vote Data'!G260-$D$7),ABS('House Vote Data'!G261-$D$8)) -> 0.034598826 | I77: =IF(AND(G77=4,H77=MIN(J13:J101)),"<< MAGIC MUNICIPALITY","") | J77: =IF(G77=4,H77,"")
A78: Hellertown | B78: Northampton | C78: =IF(IF('House Vote Data'!G262>0.5,"D","R")=$E$5,1,0) -> 1 | D78: =IF(IF('House Vote Data'!G263>0.5,"D","R")=$E$6,1,0) -> 0 | E78: =IF(IF('House Vote Data'!G264>0.5,"D","R")=$E$7,1,0) -> 1 | F78: =IF(IF('House Vote Data'!G265>0.5,"D","R")=$E$8,1,0) -> 0 | G78: =SUM(C78:F78) -> 2 | H78: =AVERAGE(ABS('House Vote Data'!G262-$D$5),ABS('House Vote Data'!G263-$D$6),ABS('House Vote Data'!G264-$D$7),ABS('House Vote Data'!G265-$D$8)) -> 0.01840844 | I78: =IF(AND(G78=4,H78=MIN(J13:J101)),"<< MAGIC MUNICIPALITY","") | J78: =IF(G78=4,H78,"")
A79: Lehigh | B79: Northampton | C79: =IF(IF('House Vote Data'!G266>0.5,"D","R")=$E$5,1,0) -> 0 | D79: =IF(IF('House Vote Data'!G267>0.5,"D","R")=$E$6,1,0) -> 1 | E79: =IF(IF('House Vote Data'!G268>0.5,"D","R")=$E$7,1,0) -> 0 | F79: =IF(IF('House Vote Data'!G269>0.5,"D","R")=$E$8,1,0) -> 1 | G79: =SUM(C79:F79) -> 2 | H79: =AVERAGE(ABS('House Vote Data'!G266-$D$5),ABS('House Vote Data'!G267-$D$6),ABS('House Vote Data'!G268-$D$7),ABS('House Vote Data'!G269-$D$8)) -> 0.16217599 | I79: =IF(AND(G79=4,H79=MIN(J13:J101)),"<< MAGIC MUNICIPALITY","") | J79: =IF(G79=4,H79,"")
A80: Lower Mount Bethel | B80: Northampton | C80: =IF(IF('House Vote Data'!G270>0.5,"D","R")=$E$5,1,0) -> 0 | D80: =IF(IF('House Vote Data'!G271>0.5,"D","R")=$E$6,1,0) -> 1 | E80: =IF(IF('House Vote Data'!G272>0.5,"D","R")=$E$7,1,0) -> 0 | F80: =IF(IF('House Vote Data'!G273>0.5,"D","R")=$E$8,1,0) -> 1 | G80: =SUM(C80:F80) -> 2 | H80: =AVERAGE(ABS('House Vote Data'!G270-$D$5),ABS('House Vote Data'!G271-$D$6),ABS('House Vote Data'!G272-$D$7),ABS('House Vote Data'!G273-$D$8)) -> 0.14622351 | I80: =IF(AND(G80=4,H80=MIN(J13:J101)),"<< MAGIC MUNICIPALITY","") | J80: =IF(G80=4,H80,"")
A81: Lower Nazareth | B81: Northampton | C81: =IF(IF('House Vote Data'!G274>0.5,"D","R")=$E$5,1,0) -> 0 | D81: =IF(IF('House Vote Data'!G275>0.5,"D","R")=$E$6,1,0) -> 1 | E81: =IF(IF('House Vote Data'!G276>0.5,"D","R")=$E$7,1,0) -> 0 | F81: =IF(IF('House Vote Data'!G277>0.5,"D","R")=$E$8,1,0) -> 1 | G81: =SUM(C81:F81) -> 2 | H81: =AVERAGE(ABS('House Vote Data'!G274-$D$5),ABS('House Vote Data'!G275-$D$6),ABS('House Vote Data'!G276-$D$7),ABS('House Vote Data'!G277-$D$8)) -> 0.068996998 | I81: =IF(AND(G81=4,H81=MIN(J13:J101)),"<< MAGIC MUNICIPALITY","") | J81: =IF(G81=4,H81,"")
A82: Lower Saucon | B82: Northampton | C82: =IF(IF('House Vote Data'!G278>0.5,"D","R")=$E$5,1,0) -> 0 | D82: =IF(IF('House Vote Data'!G279>0.5,"D","R")=$E$6,1,0) -> 1 | E82: =IF(IF('House Vote Data'!G280>0.5,"D","R")=$E$7,1,0) -> 0 | F82: =IF(IF('House Vote Data'!G281>0.5,"D","R")=$E$8,1,0) -> 1 | G82: =SUM(C82:F82) -> 2 | H82: =AVERAGE(ABS('House Vote Data'!G278-$D$5),ABS('House Vote Data'!G279-$D$6),ABS('House Vote Data'!G280-$D$7),ABS('House Vote Data'!G281-$D$8)) -> 0.026586759 | I82: =IF(AND(G82=4,H82=MIN(J13:J101)),"<< MAGIC MUNICIPALITY","") | J82: =IF(G82=4,H82,"")
A83: Moore | B83: Northampton | C83: =IF(IF('House Vote Data'!G282>0.5,"D","R")=$E$5,1,0) -> 0 | D83: =IF(IF('House Vote Data'!G283>0.5,"D","R")=$E$6,1,0) -> 1 | E83: =IF(IF('House Vote Data'!G284>0.5,"D","R")=$E$7,1,0) -> 0 | F83: =IF(IF('House Vote Data'!G285>0.5,"D","R")=$E$8,1,0) -> 1 | G83: =SUM(C83:F83) -> 2 | H83: =AVERAGE(ABS('House Vote Data'!G282-$D$5),ABS('House Vote Data'!G283-$D$6),ABS('House Vote Data'!G284-$D$7),ABS('House Vote Data'!G285-$D$8)) -> 0.16597943 | I83: =IF(AND(G83=4,H83=MIN(J13:J101)),"<< MAGIC MUNICIPALITY","") | J83: =IF(G83=4,H83,"")
A84: Nazareth | B84: Northampton | C84: =IF(IF('House Vote Data'!G286>0.5,"D","R")=$E$5,1,0) -> 1 | D84: =IF(IF('House Vote Data'!G287>0.5,"D","R")=$E$6,1,0) -> 1 | E84: =IF(IF('House Vote Data'!G288>0.5,"D","R")=$E$7,1,0) -> 1 | F84: =IF(IF('House Vote Data'!G289>0.5,"D","R")=$E$8,1,0) -> 1 | G84: =SUM(C84:F84) -> 4 | H84: =AVERAGE(ABS('House Vote Data'!G286-$D$5),ABS('House Vote Data'!G287-$D$6),ABS('House Vote Data'!G288-$D$7),ABS('House Vote Data'!G289-$D$8)) -> 0.0084951558 | I84: =IF(AND(G84=4,H84=MIN(J13:J101)),"<< MAGIC MUNICIPALITY","") | J84: =IF(G84=4,H84,"") -> 0.0084951558
A85: North Catasauqua | B85: Northampton | C85: =IF(IF('House Vote Data'!G290>0.5,"D","R")=$E$5,1,0) -> 1 | D85: =IF(IF('House Vote Data'!G291>0.5,"D","R")=$E$6,1,0) -> 1 | E85: =IF(IF('House Vote Data'!G292>0.5,"D","R")=$E$7,1,0) -> 1 | F85: =IF(IF('House Vote Data'!G293>0.5,"D","R")=$E$8,1,0) -> 1 | G85: =SUM(C85:F85) -> 4 | H85: =AVERAGE(ABS('House Vote Data'!G290-$D$5),ABS('House Vote Data'!G291-$D$6),ABS('House Vote Data'!G292-$D$7),ABS('House Vote Data'!G293-$D$8)) -> 0.017850752 | I85: =IF(AND(G85=4,H85=MIN(J13:J101)),"<< MAGIC MUNICIPALITY","") | J85: =IF(G85=4,H85,"") -> 0.017850752
A86: Northampton | B86: Northampton | C86: =IF(IF('House Vote Data'!G294>0.5,"D","R")=$E$5,1,0) -> 1 | D86: =IF(IF('House Vote Data'!G295>0.5,"D","R")=$E$6,1,0) -> 1 | E86: =IF(IF('House Vote Data'!G296>0.5,"D","R")=$E$7,1,0) -> 0 | F86: =IF(IF('House Vote Data'!G297>0.5,"D","R")=$E$8,1,0) -> 1 | G86: =SUM(C86:F86) -> 3 | H86: =AVERAGE(ABS('House Vote Data'!G294-$D$5),ABS('House Vote Data'!G295-$D$6),ABS('House Vote Data'!G296-$D$7),ABS('House Vote Data'!G297-$D$8)) -> 0.032224674 | I86: =IF(AND(G86=4,H86=MIN(J13:J101)),"<< MAGIC MUNICIPALITY","") | J86: =IF(G86=4,H86,"")
A87: Palmer | B87: Northampton | C87: =IF(IF('House Vote Data'!G298>0.5,"D","R")=$E$5,1,0) -> 1 | D87: =IF(IF('House Vote Data'!G299>0.5,"D","R")=$E$6,1,0) -> 0 | E87: =IF(IF('House Vote Data'!G300>0.5,"D","R")=$E$7,1,0) -> 1 | F87: =IF(IF('House Vote Data'!G301>0.5,"D","R")=$E$8,1,0) -> 0 | G87: =SUM(C87:F87) -> 2 | H87: =AVERAGE(ABS('House Vote Data'!G298-$D$5),ABS('House Vote Data'!G299-$D$6),ABS('House Vote Data'!G300-$D$7),ABS('House Vote Data'!G301-$D$8)) -> 0.010058154 | I87: =IF(AND(G87=4,H87=MIN(J13:J101)),"<< MAGIC MUNICIPALITY","") | J87: =IF(G87=4,H87,"")
A88: Pen Argyl | B88: Northampton | C88: =IF(IF('House Vote Data'!G302>0.5,"D","R")=$E$5,1,0) -> 0 | D88: =IF(IF('House Vote Data'!G303>0.5,"D","R")=$E$6,1,0) -> 1 | E88: =IF(IF('House Vote Data'!G304>0.5,"D","R")=$E$7,1,0) -> 0 | F88: =IF(IF('House Vote Data'!G305>0.5,"D","R")=$E$8,1,0) -> 1 | G88: =SUM(C88:F88) -> 2 | H88: =AVERAGE(ABS('House Vote Data'!G302-$D$5),ABS('House Vote Data'!G303-$D$6),ABS('House Vote Data'!G304-$D$7),ABS('House Vote Data'!G305-$D$8)) -> 0.11680849 | I88: =IF(AND(G88=4,H88=MIN(J13:J101)),"<< MAGIC MUNICIPALITY","") | J88: =IF(G88=4,H88,"")
A89: Plainfield | B89: Northampton | C89: =IF(IF('House Vote Data'!G306>0.5,"D","R")=$E$5,1,0) -> 0 | D89: =IF(IF('House Vote Data'!G307>0.5,"D","R")=$E$6,1,0) -> 1 | E89: =IF(IF('House Vote Data'!G308>0.5,"D","R")=$E$7,1,0) -> 0 | F89: =IF(IF('House Vote Data'!G309>0.5,"D","R")=$E$8,1,0) -> 1 | G89: =SUM(C89:F89) -> 2 | H89: =AVERAGE(ABS('House Vote Data'!G306-$D$5),ABS('House Vote Data'!G307-$D$6),ABS('House Vote Data'!G308-$D$7),ABS('House Vote Data'!G309-$D$8)) -> 0.14673353 | I89: =IF(AND(G89=4,H89=MIN(J13:J101)),"<< MAGIC MUNICIPALITY","") | J89: =IF(G89=4,H89,"")
A90: Portland | B90: Northampton | C90: =IF(IF('House Vote Data'!G310>0.5,"D","R")=$E$5,1,0) -> 0 | D90: =IF(IF('House Vote Data'!G311>0.5,"D","R")=$E$6,1,0) -> 1 | E90: =IF(IF('House Vote Data'!G312>0.5,"D","R")=$E$7,1,0) -> 0 | F90: =IF(IF('House Vote Data'!G313>0.5,"D","R")=$E$8,1,0) -> 1 | G90: =SUM(C90:F90) -> 2 | H90: =AVERAGE(ABS('House Vote Data'!G310-$D$5),ABS('House Vote Data'!G311-$D$6),ABS('House Vote Data'!G312-$D$7),ABS('House Vote Data'!G313-$D$8)) -> 0.16171686 | I90: =IF(AND(G90=4,H90=MIN(J13:J101)),"<< MAGIC MUNICIPALITY","") | J90: =IF(G90=4,H90,"")
A91: Roseto | B91: Northampton | C91: =IF(IF('House Vote Data'!G314>0.5,"D","R")=$E$5,1,0) -> 0 | D91: =IF(IF('House Vote Data'!G315>0.5,"D","R")=$E$6,1,0) -> 1 | E91: =IF(IF('House Vote Data'!G316>0.5,"D","R")=$E$7,1,0) -> 0 | F91: =IF(IF('House Vote Data'!G317>0.5,"D","R")=$E$8,1,0) -> 1 | G91: =SUM(C91:F91) -> 2 | H91: =AVERAGE(ABS('House Vote Data'!G314-$D$5),ABS('House Vote Data'!G315-$D$6),ABS('House Vote Data'!G316-$D$7),ABS('House Vote Data'!G317-$D$8)) -> 0.12499529 | I91: =IF(AND(G91=4,H91=MIN(J13:J101)),"<< MAGIC MUNICIPALITY","") | J91: =IF(G91=4,H91,"")
A92: Stockertown | B92: Northampton | C92: =IF(IF('House Vote Data'!G318>0.5,"D","R")=$E$5,1,0) -> 0 | D92: =IF(IF('House Vote Data'!G319>0.5,"D","R")=$E$6,1,0) -> 1 | E92: =IF(IF('House Vote Data'!G320>0.5,"D","R")=$E$7,1,0) -> 0 | F92: =IF(IF('House Vote Data'!G321>0.5,"D","R")=$E$8,1,0) -> 1 | G92: =SUM(C92:F92) -> 2 | H92: =AVERAGE(ABS('House Vote Data'!G318-$D$5),ABS('House Vote Data'!G319-$D$6),ABS('House Vote Data'!G320-$D$7),ABS('House Vote Data'!G321-$D$8)) -> 0.089188358 | I92: =IF(AND(G92=4,H92=MIN(J13:J101)),"<< MAGIC MUNICIPALITY","") | J92: =IF(G92=4,H92,"")
A93: Tatamy | B93: Northampton | C93: =IF(IF('House Vote Data'!G322>0.5,"D","R")=$E$5,1,0) -> 0 | D93: =IF(IF('House Vote Data'!G323>0.5,"D","R")=$E$6,1,0) -> 1 | E93: =IF(IF('House Vote Data'!G324>0.5,"D","R")=$E$7,1,0) -> 0 | F93: =IF(IF('House Vote Data'!G325>0.5,"D","R")=$E$8,1,0) -> 1 | G93: =SUM(C93:F93) -> 2 | H93: =AVERAGE(ABS('House Vote Data'!G322-$D$5),ABS('House Vote Data'!G323-$D$6),ABS('House Vote Data'!G324-$D$7),ABS('House Vote Data'!G325-$D$8)) -> 0.086459993 | I93: =IF(AND(G93=4,H93=MIN(J13:J101)),"<< MAGIC MUNICIPALITY","") | J93: =IF(G93=4,H93,"")
A94: Upper Mount Bethel | B94: Northampton | C94: =IF(IF('House Vote Data'!G326>0.5,"D","R")=$E$5,1,0) -> 0 | D94: =IF(IF('House Vote Data'!G327>0.5,"D","R")=$E$6,1,0) -> 1 | E94: =IF(IF('House Vote Data'!G328>0.5,"D","R")=$E$7,1,0) -> 0 | F94: =IF(IF('House Vote Data'!G329>0.5,"D","R")=$E$8,1,0) -> 1 | G94: =SUM(C94:F94) -> 2 | H94: =AVERAGE(ABS('House Vote Data'!G326-$D$5),ABS('House Vote Data'!G327-$D$6),ABS('House Vote Data'!G328-$D$7),ABS('House Vote Data'!G329-$D$8)) -> 0.17825416 | I94: =IF(AND(G94=4,H94=MIN(J13:J101)),"<< MAGIC MUNICIPALITY","") | J94: =IF(G94=4,H94,"")
A95: Upper Nazareth | B95: Northampton | C95: =IF(IF('House Vote Data'!G330>0.5,"D","R")=$E$5,1,0) -> 0 | D95: =IF(IF('House Vote Data'!G331>0.5,"D","R")=$E$6,1,0) -> 1 | E95: =IF(IF('House Vote Data'!G332>0.5,"D","R")=$E$7,1,0) -> 0 | F95: =IF(IF('House Vote Data'!G333>0.5,"D","R")=$E$8,1,0) -> 1 | G95: =SUM(C95:F95) -> 2 | H95: =AVERAGE(ABS('House Vote Data'!G330-$D$5),ABS('House Vote Data'!G331-$D$6),ABS('House Vote Data'!G332-$D$7),ABS('House Vote Data'!G333-$D$8)) -> 0.023482524 | I95: =IF(AND(G95=4,H95=MIN(J13:J101)),"<< MAGIC MUNICIPALITY","") | J95: =IF(G95=4,H95,"")
A96: Walnutport | B96: Northampton | C96: =IF(IF('House Vote Data'!G334>0.5,"D","R")=$E$5,1,0) -> 0 | D96: =IF(IF('House Vote Data'!G335>0.5,"D","R")=$E$6,1,0) -> 1 | E96: =IF(IF('House Vote Data'!G336>0.5,"D","R")=$E$7,1,0) -> 0 | F96: =IF(IF('House Vote Data'!G337>0.5,"D","R")=$E$8,1,0) -> 1 | G96: =SUM(C96:F96) -> 2 | H96: =AVERAGE(ABS('House Vote Data'!G334-$D$5),ABS('House Vote Data'!G335-$D$6),ABS('House Vote Data'!G336-$D$7),ABS('House Vote Data'!G337-$D$8)) -> 0.10502255 | I96: =IF(AND(G96=4,H96=MIN(J13:J101)),"<< MAGIC MUNICIPALITY","") | J96: =IF(G96=4,H96,"")
A97: Washington | B97: Northampton | C97: =IF(IF('House Vote Data'!G338>0.5,"D","R")=$E$5,1,0) -> 0 | D97: =IF(IF('House Vote Data'!G339>0.5,"D","R")=$E$6,1,0) -> 1 | E97: =IF(IF('House Vote Data'!G340>0.5,"D","R")=$E$7,1,0) -> 0 | F97: =IF(IF('House Vote Data'!G341>0.5,"D","R")=$E$8,1,0) -> 1 | G97: =SUM(C97:F97) -> 2 | H97: =AVERAGE(ABS('House Vote Data'!G338-$D$5),ABS('House Vote Data'!G339-$D$6),ABS('House Vote Data'!G340-$D$7),ABS('House Vote Data'!G341-$D$8)) -> 0.1538935 | I97: =IF(AND(G97=4,H97=MIN(J13:J101)),"<< MAGIC MUNICIPALITY","") | J97: =IF(G97=4,H97,"")
A98: West Easton | B98: Northampton | C98: =IF(IF('House Vote Data'!G342>0.5,"D","R")=$E$5,1,0) -> 1 | D98: =IF(IF('House Vote Data'!G343>0.5,"D","R")=$E$6,1,0) -> 1 | E98: =IF(IF('House Vote Data'!G344>0.5,"D","R")=$E$7,1,0) -> 0 | F98: =IF(IF('House Vote Data'!G345>0.5,"D","R")=$E$8,1,0) -> 1 | G98: =SUM(C98:F98) -> 3 | H98: =AVERAGE(ABS('House Vote Data'!G342-$D$5),ABS('House Vote Data'!G343-$D$6),ABS('House Vote Data'!G344-$D$7),ABS('House Vote Data'!G345-$D$8)) -> 0.028552608 | I98: =IF(AND(G98=4,H98=MIN(J13:J101)),"<< MAGIC MUNICIPALITY","") | J98: =IF(G98=4,H98,"")
A99: Williams Township | B99: Northampton | C99: =IF(IF('House Vote Data'!G346>0.5,"D","R")=$E$5,1,0) -> 0 | D99: =IF(IF('House Vote Data'!G347>0.5,"D","R")=$E$6,1,0) -> 1 | E99: =IF(IF('House Vote Data'!G348>0.5,"D","R")=$E$7,1,0) -> 0 | F99: =IF(IF('House Vote Data'!G349>0.5,"D","R")=$E$8,1,0) -> 1 | G99: =SUM(C99:F99) -> 2 | H99: =AVERAGE(ABS('House Vote Data'!G346-$D$5),ABS('House Vote Data'!G347-$D$6),ABS('House Vote Data'!G348-$D$7),ABS('House Vote Data'!G349-$D$8)) -> 0.06917887 | I99: =IF(AND(G99=4,H99=MIN(J13:J101)),"<< MAGIC MUNICIPALITY","") | J99: =IF(G99=4,H99,"")
A100: Wilson | B100: Northampton | C100: =IF(IF('House Vote Data'!G350>0.5,"D","R")=$E$5,1,0) -> 1 | D100: =IF(IF('House Vote Data'!G351>0.5,"D","R")=$E$6,1,0) -> 0 | E100: =IF(IF('House Vote Data'!G352>0.5,"D","R")=$E$7,1,0) -> 1 | F100: =IF(IF('House Vote Data'!G353>0.5,"D","R")=$E$8,1,0) -> 0 | G100: =SUM(C100:F100) -> 2 | H100: =AVERAGE(ABS('House Vote Data'!G350-$D$5),ABS('House Vote Data'!G351-$D$6),ABS('House Vote Data'!G352-$D$7),ABS('House Vote Data'!G353-$D$8)) -> 0.066261947 | I100: =IF(AND(G100=4,H100=MIN(J13:J101)),"<< MAGIC MUNICIPALITY","") | J100: =IF(G100=4,H100,"")
A101: Wind Gap | B101: Northampton | C101: =IF(IF('House Vote Data'!G354>0.5,"D","R")=$E$5,1,0) -> 0 | D101: =IF(IF('House Vote Data'!G355>0.5,"D","R")=$E$6,1,0) -> 1 | E101: =IF(IF('House Vote Data'!G356>0.5,"D","R")=$E$7,1,0) -> 0 | F101: =IF(IF('House Vote Data'!G357>0.5,"D","R")=$E$8,1,0) -> 1 | G101: =SUM(C101:F101) -> 2 | H101: =AVERAGE(ABS('House Vote Data'!G354-$D$5),ABS('House Vote Data'!G355-$D$6),ABS('House Vote Data'!G356-$D$7),ABS('House Vote Data'!G357-$D$8)) -> 0.078488678 | I101: =IF(AND(G101=4,H101=MIN(J13:J101)),"<< MAGIC MUNICIPALITY","") | J101: =IF(G101=4,H101,"")

Sheet Beta Coefficients
A1: Municipality Beta vs. the Combined District (89 Municipalities)
A3: District Dem Share (the 'index')
A4: 2018 | B4: 2020 | C4: 2022 | D4: 2024
A5: ='Magic Municipality'!D5 -> 0.53327586 | B5: ='Magic Municipality'!D6 -> 0.49666572 | C5: ='Magic Municipality'!D7 -> 0.50983021 | D5: ='Magic Municipality'!D8 -> 0.49496422
A7: Municipality | B7: County | C7: Beta | D7: R-squared | E7: Deviation from 1.0 | F7: Avg Dem Share | G7: Selected (Top 30 fit) | M7: (h) score | N7: (h) rank
A8: Banks Township | B8: Carbon | C8: =SLOPE(I8:L8,$A$5:$D$5) -> 1.4055336 | D8: =RSQ(I8:L8,$A$5:$D$5) -> 0.48440546 | E8: =ABS(C8-1) -> 0.40553362 | F8: =AVERAGE(I8:L8) -> 0.37581051 | G8: =IF(N8<=30,"YES","") | I8: ='House Vote Data'!G2 -> 0.41994751 | J8: ='House Vote Data'!G3 -> 0.33996024 | K8: ='House Vote Data'!G4 -> 0.35492228 | L8: ='House Vote Data'!G5 -> 0.38841202 | M8: =E8+(1-D8) -> 0.92112816 | N8: =RANK(M8,$M$8:$M$96,1) -> 56
A9: Beaver Meadows Borough | B9: Carbon | C9: =SLOPE(I9:L9,$A$5:$D$5) -> 1.6953894 | D9: =RSQ(I9:L9,$A$5:$D$5) -> 0.71796291 | E9: =ABS(C9-1) -> 0.69538942 | F9: =AVERAGE(I9:L9) -> 0.2822405 | G9: =IF(N9<=30,"YES","") | I9: ='House Vote Data'!G6 -> 0.33101045 | J9: ='House Vote Data'!G7 -> 0.24813896 | K9: ='House Vote Data'!G8 -> 0.26751592 | L9: ='House Vote Data'!G9 -> 0.28229665 | M9: =E9+(1-D9) -> 0.97742651 | N9: =RANK(M9,$M$8:$M$96,1) -> 62
A10: Bowmanstown Borough | B10: Carbon | C10: =SLOPE(I10:L10,$A$5:$D$5) -> 2.5936404 | D10: =RSQ(I10:L10,$A$5:$D$5) -> 0.69090266 | E10: =ABS(C10-1) -> 1.5936404 | F10: =AVERAGE(I10:L10) -> 0.33042168 | G10: =IF(N10<=30,"YES","") | I10: ='House Vote Data'!G10 -> 0.38596491 | J10: ='House Vote Data'!G11 -> 0.25934579 | K10: ='House Vote Data'!G12 -> 0.3591954 | L10: ='House Vote Data'!G13 -> 0.31718062 | M10: =E10+(1-D10) -> 1.9027378 | N10: =RANK(M10,$M$8:$M$96,1) -> 83
A11: East Penn Township | B11: Carbon | C11: =SLOPE(I11:L11,$A$5:$D$5) -> 2.0851402 | D11: =RSQ(I11:L11,$A$5:$D$5) -> 0.97352648 | E11: =ABS(C11-1) -> 1.0851402 | F11: =AVERAGE(I11:L11) -> 0.28159373 | G11: =IF(N11<=30,"YES","") | I11: ='House Vote Data'!G14 -> 0.33213321 | J11: ='House Vote Data'!G15 -> 0.24840764 | K11: ='House Vote Data'!G16 -> 0.28681573 | L11: ='House Vote Data'!G17 -> 0.25901833 | M11: =E11+(1-D11) -> 1.1116138 | N11: =RANK(M11,$M$8:$M$96,1) -> 67
A12: East Side Borough | B12: Carbon | C12: =SLOPE(I12:L12,$A$5:$D$5) -> 2.2353937 | D12: =RSQ(I12:L12,$A$5:$D$5) -> 0.63281532 | E12: =ABS(C12-1) -> 1.2353937 | F12: =AVERAGE(I12:L12) -> 0.37715956 | G12: =IF(N12<=30,"YES","") | I12: ='House Vote Data'!G18 -> 0.44155844 | J12: ='House Vote Data'!G19 -> 0.38842975 | K12: ='House Vote Data'!G20 -> 0.35106383 | L12: ='House Vote Data'!G21 -> 0.32758621 | M12: =E12+(1-D12) -> 1.6025784 | N12: =RANK(M12,$M$8:$M$96,1) -> 79
A13: Franklin Township | B13: Carbon | C13: =SLOPE(I13:L13,$A$5:$D$5) -> 1.481362 | D13: =RSQ(I13:L13,$A$5:$D$5) -> 0.88383325 | E13: =ABS(C13-1) -> 0.48136204 | F13: =AVERAGE(I13:L13) -> 0.28577695 | G13: =IF(N13<=30,"YES","") -> YES | I13: ='House Vote Data'!G22 -> 0.32328106 | J13: ='House Vote Data'!G23 -> 0.25660838 | K13: ='House Vote Data'!G24 -> 0.28600613 | L13: ='House Vote Data'!G25 -> 0.27721222 | M13: =E13+(1-D13) -> 0.59752878 | N13: =RANK(M13,$M$8:$M$96,1) -> 29
A14: Jim Thorpe Borough | B14: Carbon | C14: =SLOPE(I14:L14,$A$5:$D$5) -> 1.8896312 | D14: =RSQ(I14:L14,$A$5:$D$5) -> 0.91802819 | E14: =ABS(C14-1) -> 0.8896312 | F14: =AVERAGE(I14:L14) -> 0.44670069 | G14: =IF(N14<=30,"YES","") | I14: ='House Vote Data'!G26 -> 0.49005911 | J14: ='House Vote Data'!G27 -> 0.41133101 | K14: ='House Vote Data'!G28 -> 0.45833333 | L14: ='House Vote Data'!G29 -> 0.4270793 | M14: =E14+(1-D14) -> 0.971603 | N14: =RANK(M14,$M$8:$M$96,1) -> 61
A15: Kidder Township | B15: Carbon | C15: =SLOPE(I15:L15,$A$5:$D$5) -> 0.79286036 | D15: =RSQ(I15:L15,$A$5:$D$5) -> 0.53498608 | E15: =ABS(C15-1) -> 0.20713964 | F15: =AVERAGE(I15:L15) -> 0.33013251 | G15: =IF(N15<=30,"YES","") | I15: ='House Vote Data'!G30 -> 0.3503937 | J15: ='House Vote Data'!G31 -> 0.30426885 | K15: ='House Vote Data'!G32 -> 0.33094385 | L15: ='House Vote Data'!G33 -> 0.33492366 | M15: =E15+(1-D15) -> 0.67215356 | N15: =RANK(M15,$M$8:$M$96,1) -> 38
A16: Lansford Borough | B16: Carbon | C16: =SLOPE(I16:L16,$A$5:$D$5) -> 2.2808445 | D16: =RSQ(I16:L16,$A$5:$D$5) -> 0.90250653 | E16: =ABS(C16-1) -> 1.2808445 | F16: =AVERAGE(I16:L16) -> 0.43230734 | G16: =IF(N16<=30,"YES","") | I16: ='House Vote Data'!G34 -> 0.49349241 | J16: ='House Vote Data'!G35 -> 0.42054795 | K16: ='House Vote Data'!G36 -> 0.42 | L16: ='House Vote Data'!G37 -> 0.395189 | M16: =E16+(1-D16) -> 1.378338 | N16: =RANK(M16,$M$8:$M$96,1) -> 73
A17: Lausanne Township | B17: Carbon | C17: =SLOPE(I17:L17,$A$5:$D$5) -> 1.3715169 | D17: =RSQ(I17:L17,$A$5:$D$5) -> 0.71066702 | E17: =ABS(C17-1) -> 0.37151693 | F17: =AVERAGE(I17:L17) -> 0.30063256 | G17: =IF(N17<=30,"YES","") | I17: ='House Vote Data'!G38 -> 0.32954545 | J17: ='House Vote Data'!G39 -> 0.29787234 | K17: ='House Vote Data'!G40 -> 0.31304348 | L17: ='House Vote Data'!G41 -> 0.26206897 | M17: =E17+(1-D17) -> 0.66084992 | N17: =RANK(M17,$M$8:$M$96,1) -> 36
A18: Lehigh Township | B18: Carbon | C18: =SLOPE(I18:L18,$A$5:$D$5) -> 0.051801646 | D18: =RSQ(I18:L18,$A$5:$D$5) -> 0.0047951769 | E18: =ABS(C18-1) -> 0.94819835 | F18: =AVERAGE(I18:L18) -> 0.20363956 | G18: =IF(N18<=30,"YES","") | I18: ='House Vote Data'!G42 -> 0.20098039 | J18: ='House Vote Data'!G43 -> 0.18613139 | K18: ='House Vote Data'!G44 -> 0.21576763 | L18: ='House Vote Data'!G45 -> 0.21167883 | M18: =E18+(1-D18) -> 1.9434032 | N18: =RANK(M18,$M$8:$M$96,1) -> 85
A19: Lehighton Borough | B19: Carbon | C19: =SLOPE(I19:L19,$A$5:$D$5) -> 2.2689872 | D19: =RSQ(I19:L19,$A$5:$D$5) -> 0.91774554 | E19: =ABS(C19-1) -> 1.2689872 | F19: =AVERAGE(I19:L19) -> 0.41480817 | G19: =IF(N19<=30,"YES","") | I19: ='House Vote Data'!G46 -> 0.46582985 | J19: ='House Vote Data'!G47 -> 0.37361173 | K19: ='House Vote Data'!G48 -> 0.43131374 | L19: ='House Vote Data'!G49 -> 0.38847737 | M19: =E19+(1-D19) -> 1.3512417 | N19: =RANK(M19,$M$8:$M$96,1) -> 71
A20: Lower Towamensing Township | B20: Carbon | C20: =SLOPE(I20:L20,$A$5:$D$5) -> 2.1189699 | D20: =RSQ(I20:L20,$A$5:$D$5) -> 0.99353826 | E20: =ABS(C20-1) -> 1.1189699 | F20: =AVERAGE(I20:L20) -> 0.31740532 | G20: =IF(N20<=30,"YES","") | I20: ='House Vote Data'!G50 -> 0.36948529 | J20: ='House Vote Data'!G51 -> 0.29582577 | K20: ='House Vote Data'!G52 -> 0.31946508 | L20: ='House Vote Data'!G53 -> 0.28484513 | M20: =E20+(1-D20) -> 1.1254316 | N20: =RANK(M20,$M$8:$M$96,1) -> 68
A21: Mahoning Township | B21: Carbon | C21: =SLOPE(I21:L21,$A$5:$D$5) -> 1.8222589 | D21: =RSQ(I21:L21,$A$5:$D$5) -> 0.88278412 | E21: =ABS(C21-1) -> 0.8222589 | F21: =AVERAGE(I21:L21) -> 0.30267631 | G21: =IF(N21<=30,"YES","") | I21: ='House Vote Data'!G54 -> 0.34693878 | J21: ='House Vote Data'!G55 -> 0.26531574 | K21: ='House Vote Data'!G56 -> 0.30795262 | L21: ='House Vote Data'!G57 -> 0.29049812 | M21: =E21+(1-D21) -> 0.93947478 | N21: =RANK(M21,$M$8:$M$96,1) -> 57
A22: Nesquehoning Borough | B22: Carbon | C22: =SLOPE(I22:L22,$A$5:$D$5) -> 2.595114 | D22: =RSQ(I22:L22,$A$5:$D$5) -> 0.97013956 | E22: =ABS(C22-1) -> 1.595114 | F22: =AVERAGE(I22:L22) -> 0.41160581 | G22: =IF(N22<=30,"YES","") | I22: ='House Vote Data'!G58 -> 0.47801147 | J22: ='House Vote Data'!G59 -> 0.37345478 | K22: ='House Vote Data'!G60 -> 0.40871022 | L22: ='House Vote Data'!G61 -> 0.38624679 | M22: =E22+(1-D22) -> 1.6249744 | N22: =RANK(M22,$M$8:$M$96,1) -> 80
A23: Packer Township | B23: Carbon | C23: =SLOPE(I23:L23,$A$5:$D$5) -> 0.99215101 | D23: =RSQ(I23:L23,$A$5:$D$5) -> 0.39834358 | E23: =ABS(C23-1) -> 0.0078489859 | F23: =AVERAGE(I23:L23) -> 0.19690165 | G23: =IF(N23<=30,"YES","") -> YES | I23: ='House Vote Data'!G62 -> 0.22981366 | J23: ='House Vote Data'!G63 -> 0.1703125 | K23: ='House Vote Data'!G64 -> 0.17777778 | L23: ='House Vote Data'!G65 -> 0.20970266 | M23: =E23+(1-D23) -> 0.6095054 | N23: =RANK(M23,$M$8:$M$96,1) -> 30
A24: Palmerton Borough | B24: Carbon | C24: =SLOPE(I24:L24,$A$5:$D$5) -> 1.6597211 | D24: =RSQ(I24:L24,$A$5:$D$5) -> 0.86818701 | E24: =ABS(C24-1) -> 0.65972106 | F24: =AVERAGE(I24:L24) -> 0.37477636 | G24: =IF(N24<=30,"YES","") | I24: ='House Vote Data'!G66 -> 0.41261261 | J24: ='House Vote Data'!G67 -> 0.3398976 | K24: ='House Vote Data'!G68 -> 0.386066 | L24: ='House Vote Data'!G69 -> 0.36052922 | M24: =E24+(1-D24) -> 0.79153406 | N24: =RANK(M24,$M$8:$M$96,1) -> 45
A25: Parryville Borough | B25: Carbon | C25: =SLOPE(I25:L25,$A$5:$D$5) -> 1.1251014 | D25: =RSQ(I25:L25,$A$5:$D$5) -> 0.2621389 | E25: =ABS(C25-1) -> 0.12510142 | F25: =AVERAGE(I25:L25) -> 0.28623541 | G25: =IF(N25<=30,"YES","") | I25: ='House Vote Data'!G70 -> 0.32121212 | J25: ='House Vote Data'!G71 -> 0.23744292 | K25: ='House Vote Data'!G72 -> 0.27272727 | L25: ='House Vote Data'!G73 -> 0.31355932 | M25: =E25+(1-D25) -> 0.86296252 | N25: =RANK(M25,$M$8:$M$96,1) -> 53
A26: Penn Forest Township | B26: Carbon | C26: =SLOPE(I26:L26,$A$5:$D$5) -> 1.3412165 | D26: =RSQ(I26:L26,$A$5:$D$5) -> 0.89306931 | E26: =ABS(C26-1) -> 0.34121653 | F26: =AVERAGE(I26:L26) -> 0.37408937 | G26: =IF(N26<=30,"YES","") -> YES | I26: ='House Vote Data'!G74 -> 0.41126521 | J26: ='House Vote Data'!G75 -> 0.36501554 | K26: ='House Vote Data'!G76 -> 0.3640148 | L26: ='House Vote Data'!G77 -> 0.35606192 | M26: =E26+(1-D26) -> 0.44814723 | N26: =RANK(M26,$M$8:$M$96,1) -> 21
A27: Summit Hill Borough | B27: Carbon | C27: =SLOPE(I27:L27,$A$5:$D$5) -> 2.4908189 | D27: =RSQ(I27:L27,$A$5:$D$5) -> 0.9629859 | E27: =ABS(C27-1) -> 1.4908189 | F27: =AVERAGE(I27:L27) -> 0.44481437 | G27: =IF(N27<=30,"YES","") | I27: ='House Vote Data'!G78 -> 0.50528169 | J27: ='House Vote Data'!G79 -> 0.40338321 | K27: ='House Vote Data'!G80 -> 0.45101215 | L27: ='House Vote Data'!G81 -> 0.41958042 | M27: =E27+(1-D27) -> 1.527833 | N27: =RANK(M27,$M$8:$M$96,1) -> 76
A28: Towamensing Township | B28: Carbon | C28: =SLOPE(I28:L28,$A$5:$D$5) -> 1.7485125 | D28: =RSQ(I28:L28,$A$5:$D$5) -> 0.89723037 | E28: =ABS(C28-1) -> 0.74851246 | F28: =AVERAGE(I28:L28) -> 0.30278832 | G28: =IF(N28<=30,"YES","") | I28: ='House Vote Data'!G82 -> 0.35048599 | J28: ='House Vote Data'!G83 -> 0.27648184 | K28: ='House Vote Data'!G84 -> 0.29328954 | L28: ='House Vote Data'!G85 -> 0.2908959 | M28: =E28+(1-D28) -> 0.85128209 | N28: =RANK(M28,$M$8:$M$96,1) -> 51
A29: Weatherly Borough | B29: Carbon | C29: =SLOPE(I29:L29,$A$5:$D$5) -> 1.1138897 | D29: =RSQ(I29:L29,$A$5:$D$5) -> 0.58044836 | E29: =ABS(C29-1) -> 0.11388969 | F29: =AVERAGE(I29:L29) -> 0.28781785 | G29: =IF(N29<=30,"YES","") -> YES | I29: ='House Vote Data'!G86 -> 0.32231405 | J29: ='House Vote Data'!G87 -> 0.26453726 | K29: ='House Vote Data'!G88 -> 0.27192009 | L29: ='House Vote Data'!G89 -> 0.2925 | M29: =E29+(1-D29) -> 0.53344133 | N29: =RANK(M29,$M$8:$M$96,1) -> 24
A30: Weissport Borough | B30: Carbon | C30: =SLOPE(I30:L30,$A$5:$D$5) -> 3.5388551 | D30: =RSQ(I30:L30,$A$5:$D$5) -> 0.87629062 | E30: =ABS(C30-1) -> 2.5388551 | F30: =AVERAGE(I30:L30) -> 0.43281527 | G30: =IF(N30<=30,"YES","") | I30: ='House Vote Data'!G90 -> 0.51020408 | J30: ='House Vote Data'!G91 -> 0.40522876 | K30: ='House Vote Data'!G92 -> 0.46 | L30: ='House Vote Data'!G93 -> 0.35582822 | M30: =E30+(1-D30) -> 2.6625645 | N30: =RANK(M30,$M$8:$M$96,1) -> 89
A31: Alburtis | B31: Lehigh | C31: =SLOPE(I31:L31,$A$5:$D$5) -> 2.0204504 | D31: =RSQ(I31:L31,$A$5:$D$5) -> 0.92349978 | E31: =ABS(C31-1) -> 1.0204504 | F31: =AVERAGE(I31:L31) -> 0.48055533 | G31: =IF(N31<=30,"YES","") | I31: ='House Vote Data'!G94 -> 0.52790698 | J31: ='House Vote Data'!G95 -> 0.46700508 | K31: ='House Vote Data'!G96 -> 0.48766041 | L31: ='House Vote Data'!G97 -> 0.43964887 | M31: =E31+(1-D31) -> 1.0969506 | N31: =RANK(M31,$M$8:$M$96,1) -> 66
A32: Allentown | B32: Lehigh | C32: =SLOPE(I32:L32,$A$5:$D$5) -> 1.786332 | D32: =RSQ(I32:L32,$A$5:$D$5) -> 0.81960762 | E32: =ABS(C32-1) -> 0.78633198 | F32: =AVERAGE(I32:L32) -> 0.68530365 | G32: =IF(N32<=30,"YES","") | I32: ='House Vote Data'!G98 -> 0.73070433 | J32: ='House Vote Data'!G99 -> 0.68359012 | K32: ='House Vote Data'!G100 -> 0.68129794 | L32: ='House Vote Data'!G101 -> 0.64562222 | M32: =E32+(1-D32) -> 0.96672436 | N32: =RANK(M32,$M$8:$M$96,1) -> 60
A33: Bethlehem | B33: Lehigh | C33: =SLOPE(I33:L33,$A$5:$D$5) -> 1.0603383 | D33: =RSQ(I33:L33,$A$5:$D$5) -> 0.9232331 | E33: =ABS(C33-1) -> 0.06033825 | F33: =AVERAGE(I33:L33) -> 0.64818892 | G33: =IF(N33<=30,"YES","") -> YES | I33: ='House Vote Data'!G102 -> 0.67142857 | J33: ='House Vote Data'!G103 -> 0.63115313 | K33: ='House Vote Data'!G104 -> 0.65720441 | L33: ='House Vote Data'!G105 -> 0.63296956 | M33: =E33+(1-D33) -> 0.13710515 | N33: =RANK(M33,$M$8:$M$96,1) -> 3
A34: Catasauqua | B34: Lehigh | C34: =SLOPE(I34:L34,$A$5:$D$5) -> 1.8160963 | D34: =RSQ(I34:L34,$A$5:$D$5) -> 0.99996205 | E34: =ABS(C34-1) -> 0.81609634 | F34: =AVERAGE(I34:L34) -> 0.53597179 | G34: =IF(N34<=30,"YES","") | I34: ='House Vote Data'!G106 -> 0.58069459 | J34: ='House Vote Data'!G107 -> 0.51397011 | K34: ='House Vote Data'!G108 -> 0.53791469 | L34: ='House Vote Data'!G109 -> 0.51130777 | M34: =E34+(1-D34) -> 0.81613429 | N34: =RANK(M34,$M$8:$M$96,1) -> 49
A35: Coopersburg | B35: Lehigh | C35: =SLOPE(I35:L35,$A$5:$D$5) -> 1.6267635 | D35: =RSQ(I35:L35,$A$5:$D$5) -> 0.93899657 | E35: =ABS(C35-1) -> 0.62676349 | F35: =AVERAGE(I35:L35) -> 0.49821301 | G35: =IF(N35<=30,"YES","") | I35: ='House Vote Data'!G110 -> 0.53493222 | J35: ='House Vote Data'!G111 -> 0.47090301 | K35: ='House Vote Data'!G112 -> 0.50943396 | L35: ='House Vote Data'!G113 -> 0.47758285 | M35: =E35+(1-D35) -> 0.68776692 | N35: =RANK(M35,$M$8:$M$96,1) -> 40
A36: Coplay | B36: Lehigh | C36: =SLOPE(I36:L36,$A$5:$D$5) -> 1.6230285 | D36: =RSQ(I36:L36,$A$5:$D$5) -> 0.97657547 | E36: =ABS(C36-1) -> 0.62302846 | F36: =AVERAGE(I36:L36) -> 0.52425916 | G36: =IF(N36<=30,"YES","") | I36: ='House Vote Data'!G114 -> 0.56170213 | J36: ='House Vote Data'!G115 -> 0.50228833 | K36: ='House Vote Data'!G116 -> 0.53276793 | L36: ='House Vote Data'!G117 -> 0.50027824 | M36: =E36+(1-D36) -> 0.64645299 | N36: =RANK(M36,$M$8:$M$96,1) -> 33
A37: Emmaus | B37: Lehigh | C37: =SLOPE(I37:L37,$A$5:$D$5) -> 0.73573786 | D37: =RSQ(I37:L37,$A$5:$D$5) -> 0.61211788 | E37: =ABS(C37-1) -> 0.26426214 | F37: =AVERAGE(I37:L37) -> 0.5418223 | G37: =IF(N37<=30,"YES","") | I37: ='House Vote Data'!G118 -> 0.55456824 | J37: ='House Vote Data'!G119 -> 0.52433936 | K37: ='House Vote Data'!G120 -> 0.55743509 | L37: ='House Vote Data'!G121 -> 0.53094651 | M37: =E37+(1-D37) -> 0.65214426 | N37: =RANK(M37,$M$8:$M$96,1) -> 34
A38: Fountain Hill | B38: Lehigh | C38: =SLOPE(I38:L38,$A$5:$D$5) -> 1.2070124 | D38: =RSQ(I38:L38,$A$5:$D$5) -> 0.73128408 | E38: =ABS(C38-1) -> 0.20701235 | F38: =AVERAGE(I38:L38) -> 0.67539829 | G38: =IF(N38<=30,"YES","") -> YES | I38: ='House Vote Data'!G122 -> 0.69935065 | J38: ='House Vote Data'!G123 -> 0.66771867 | K38: ='House Vote Data'!G124 -> 0.69076824 | L38: ='House Vote Data'!G125 -> 0.64375562 | M38: =E38+(1-D38) -> 0.47572827 | N38: =RANK(M38,$M$8:$M$96,1) -> 22
A39: Hanover | B39: Lehigh | C39: =SLOPE(I39:L39,$A$5:$D$5) -> 1.2133565 | D39: =RSQ(I39:L39,$A$5:$D$5) -> 0.67852465 | E39: =ABS(C39-1) -> 0.21335648 | F39: =AVERAGE(I39:L39) -> 0.5660929 | G39: =IF(N39<=30,"YES","") -> YES | I39: ='House Vote Data'!G126 -> 0.59756098 | J39: ='House Vote Data'!G127 -> 0.57122708 | K39: ='House Vote Data'!G128 -> 0.56102784 | L39: ='House Vote Data'!G129 -> 0.53455571 | M39: =E39+(1-D39) -> 0.53483184 | N39: =RANK(M39,$M$8:$M$96,1) -> 25
A40: Heidelberg | B40: Lehigh | C40: =SLOPE(I40:L40,$A$5:$D$5) -> 1.3633465 | D40: =RSQ(I40:L40,$A$5:$D$5) -> 0.99206466 | E40: =ABS(C40-1) -> 0.3633465 | F40: =AVERAGE(I40:L40) -> 0.32939124 | G40: =IF(N40<=30,"YES","") -> YES | I40: ='House Vote Data'!G130 -> 0.36244541 | J40: ='House Vote Data'!G131 -> 0.31014941 | K40: ='House Vote Data'!G132 -> 0.3325 | L40: ='House Vote Data'!G133 -> 0.31247014 | M40: =E40+(1-D40) -> 0.37128184 | N40: =RANK(M40,$M$8:$M$96,1) -> 14
A41: Lower Macungie | B41: Lehigh | C41: =SLOPE(I41:L41,$A$5:$D$5) -> 0.53130345 | D41: =RSQ(I41:L41,$A$5:$D$5) -> 0.4217749 | E41: =ABS(C41-1) -> 0.46869655 | F41: =AVERAGE(I41:L41) -> 0.50687503 | G41: =IF(N41<=30,"YES","") | I41: ='House Vote Data'!G134 -> 0.51384746 | J41: ='House Vote Data'!G135 -> 0.49414023 | K41: ='House Vote Data'!G136 -> 0.523914 | L41: ='House Vote Data'!G137 -> 0.49559842 | M41: =E41+(1-D41) -> 1.0469216 | N41: =RANK(M41,$M$8:$M$96,1) -> 65
A42: Lower Milford | B42: Lehigh | C42: =SLOPE(I42:L42,$A$5:$D$5) -> 0.63860889 | D42: =RSQ(I42:L42,$A$5:$D$5) -> 0.60873116 | E42: =ABS(C42-1) -> 0.36139111 | F42: =AVERAGE(I42:L42) -> 0.38515093 | G42: =IF(N42<=30,"YES","") | I42: ='House Vote Data'!G138 -> 0.39848812 | J42: ='House Vote Data'!G139 -> 0.36565978 | K42: ='House Vote Data'!G140 -> 0.39333642 | L42: ='House Vote Data'!G141 -> 0.38311941 | M42: =E42+(1-D42) -> 0.75265995 | N42: =RANK(M42,$M$8:$M$96,1) -> 43
A43: Lowhill | B43: Lehigh | C43: =SLOPE(I43:L43,$A$5:$D$5) -> 0.56462828 | D43: =RSQ(I43:L43,$A$5:$D$5) -> 0.73856125 | E43: =ABS(C43-1) -> 0.43537172 | F43: =AVERAGE(I43:L43) -> 0.36615963 | G43: =IF(N43<=30,"YES","") | I43: ='House Vote Data'!G142 -> 0.37671861 | J43: ='House Vote Data'!G143 -> 0.35819892 | K43: ='House Vote Data'!G144 -> 0.37551356 | L43: ='House Vote Data'!G145 -> 0.35420744 | M43: =E43+(1-D43) -> 0.69681047 | N43: =RANK(M43,$M$8:$M$96,1) -> 42
A44: Lynn | B44: Lehigh | C44: =SLOPE(I44:L44,$A$5:$D$5) -> 0.49048445 | D44: =RSQ(I44:L44,$A$5:$D$5) -> 0.71690444 | E44: =ABS(C44-1) -> 0.50951555 | F44: =AVERAGE(I44:L44) -> 0.32638322 | G44: =IF(N44<=30,"YES","") | I44: ='House Vote Data'!G146 -> 0.3356681 | J44: ='House Vote Data'!G147 -> 0.32179536 | K44: ='House Vote Data'!G148 -> 0.33395262 | L44: ='House Vote Data'!G149 -> 0.31411678 | M44: =E44+(1-D44) -> 0.79261111 | N44: =RANK(M44,$M$8:$M$96,1) -> 47
A45: Macungie | B45: Lehigh | C45: =SLOPE(I45:L45,$A$5:$D$5) -> 0.26981813 | D45: =RSQ(I45:L45,$A$5:$D$5) -> 0.17163844 | E45: =ABS(C45-1) -> 0.73018187 | F45: =AVERAGE(I45:L45) -> 0.54112577 | G45: =IF(N45<=30,"YES","") | I45: ='House Vote Data'!G150 -> 0.54196078 | J45: ='House Vote Data'!G151 -> 0.53688745 | K45: ='House Vote Data'!G152 -> 0.55649718 | L45: ='House Vote Data'!G153 -> 0.52915767 | M45: =E45+(1-D45) -> 1.5585434 | N45: =RANK(M45,$M$8:$M$96,1) -> 78
A46: North Whitehall | B46: Lehigh | C46: =SLOPE(I46:L46,$A$5:$D$5) -> 0.46932744 | D46: =RSQ(I46:L46,$A$5:$D$5) -> 0.58358613 | E46: =ABS(C46-1) -> 0.53067256 | F46: =AVERAGE(I46:L46) -> 0.41138663 | G46: =IF(N46<=30,"YES","") | I46: ='House Vote Data'!G154 -> 0.41936944 | J46: ='House Vote Data'!G155 -> 0.39963111 | K46: ='House Vote Data'!G156 -> 0.42179603 | L46: ='House Vote Data'!G157 -> 0.40474992 | M46: =E46+(1-D46) -> 0.94708643 | N46: =RANK(M46,$M$8:$M$96,1) -> 59
A47: Salisbury | B47: Lehigh | C47: =SLOPE(I47:L47,$A$5:$D$5) -> 0.41302443 | D47: =RSQ(I47:L47,$A$5:$D$5) -> 0.70352387 | E47: =ABS(C47-1) -> 0.58697557 | F47: =AVERAGE(I47:L47) -> 0.50114822 | G47: =IF(N47<=30,"YES","") | I47: ='House Vote Data'!G158 -> 0.50872344 | J47: ='House Vote Data'!G159 -> 0.49302496 | K47: ='House Vote Data'!G160 -> 0.50863693 | L47: ='House Vote Data'!G161 -> 0.49420754 | M47: =E47+(1-D47) -> 0.88345171 | N47: =RANK(M47,$M$8:$M$96,1) -> 54
A48: Slatington | B48: Lehigh | C48: =SLOPE(I48:L48,$A$5:$D$5) -> 1.6224806 | D48: =RSQ(I48:L48,$A$5:$D$5) -> 0.76843023 | E48: =ABS(C48-1) -> 0.62248059 | F48: =AVERAGE(I48:L48) -> 0.42932481 | G48: =IF(N48<=30,"YES","") | I48: ='House Vote Data'!G162 -> 0.46173689 | J48: ='House Vote Data'!G163 -> 0.3943068 | K48: ='House Vote Data'!G164 -> 0.45225759 | L48: ='House Vote Data'!G165 -> 0.40899796 | M48: =E48+(1-D48) -> 0.85405036 | N48: =RANK(M48,$M$8:$M$96,1) -> 52
A49: South Whitehall | B49: Lehigh | C49: =SLOPE(I49:L49,$A$5:$D$5) -> 0.88821938 | D49: =RSQ(I49:L49,$A$5:$D$5) -> 0.75855306 | E49: =ABS(C49-1) -> 0.11178062 | F49: =AVERAGE(I49:L49) -> 0.54908759 | G49: =IF(N49<=30,"YES","") -> YES | I49: ='House Vote Data'!G166 -> 0.56611664 | J49: ='House Vote Data'!G167 -> 0.53241776 | K49: ='House Vote Data'!G168 -> 0.56319794 | L49: ='House Vote Data'!G169 -> 0.53461802 | M49: =E49+(1-D49) -> 0.35322756 | N49: =RANK(M49,$M$8:$M$96,1) -> 12
A50: Upper Macungie | B50: Lehigh | C50: =SLOPE(I50:L50,$A$5:$D$5) -> 0.50707846 | D50: =RSQ(I50:L50,$A$5:$D$5) -> 0.70035355 | E50: =ABS(C50-1) -> 0.49292154 | F50: =AVERAGE(I50:L50) -> 0.52414956 | G50: =IF(N50<=30,"YES","") | I50: ='House Vote Data'!G170 -> 0.53332641 | J50: ='House Vote Data'!G171 -> 0.51668275 | K50: ='House Vote Data'!G172 -> 0.53337476 | L50: ='House Vote Data'!G173 -> 0.51321431 | M50: =E50+(1-D50) -> 0.79256799 | N50: =RANK(M50,$M$8:$M$96,1) -> 46
A51: Upper Milford | B51: Lehigh | C51: =SLOPE(I51:L51,$A$5:$D$5) -> 0.72976351 | D51: =RSQ(I51:L51,$A$5:$D$5) -> 0.79140389 | E51: =ABS(C51-1) -> 0.27023649 | F51: =AVERAGE(I51:L51) -> 0.44284261 | G51: =IF(N51<=30,"YES","") -> YES | I51: ='House Vote Data'!G174 -> 0.45724498 | J51: ='House Vote Data'!G175 -> 0.4292061 | K51: ='House Vote Data'!G176 -> 0.45336903 | L51: ='House Vote Data'!G177 -> 0.43155032 | M51: =E51+(1-D51) -> 0.4788326 | N51: =RANK(M51,$M$8:$M$96,1) -> 23
A52: Upper Saucon | B52: Lehigh | C52: =SLOPE(I52:L52,$A$5:$D$5) -> 0.40350522 | D52: =RSQ(I52:L52,$A$5:$D$5) -> 0.23116027 | E52: =ABS(C52-1) -> 0.59649478 | F52: =AVERAGE(I52:L52) -> 0.48718427 | G52: =IF(N52<=30,"YES","") | I52: ='House Vote Data'!G178 -> 0.49218329 | J52: ='House Vote Data'!G179 -> 0.46685404 | K52: ='House Vote Data'!G180 -> 0.50210826 | L52: ='House Vote Data'!G181 -> 0.4875915 | M52: =E52+(1-D52) -> 1.3653345 | N52: =RANK(M52,$M$8:$M$96,1) -> 72
A53: Washington | B53: Lehigh | C53: =SLOPE(I53:L53,$A$5:$D$5) -> 0.87995184 | D53: =RSQ(I53:L53,$A$5:$D$5) -> 0.78887991 | E53: =ABS(C53-1) -> 0.12004816 | F53: =AVERAGE(I53:L53) -> 0.33755597 | G53: =IF(N53<=30,"YES","") -> YES | I53: ='House Vote Data'!G182 -> 0.3546818 | J53: ='House Vote Data'!G183 -> 0.32318194 | K53: ='House Vote Data'!G184 -> 0.35063207 | L53: ='House Vote Data'!G185 -> 0.32172808 | M53: =E53+(1-D53) -> 0.33116825 | N53: =RANK(M53,$M$8:$M$96,1) -> 10
A54: Weisenberg | B54: Lehigh | C54: =SLOPE(I54:L54,$A$5:$D$5) -> 0.31089058 | D54: =RSQ(I54:L54,$A$5:$D$5) -> 0.17341788 | E54: =ABS(C54-1) -> 0.68910942 | F54: =AVERAGE(I54:L54) -> 0.34882781 | G54: =IF(N54<=30,"YES","") | I54: ='House Vote Data'!G186 -> 0.35113199 | J54: ='House Vote Data'!G187 -> 0.33230102 | K54: ='House Vote Data'!G188 -> 0.36441308 | L54: ='House Vote Data'!G189 -> 0.34746516 | M54: =E54+(1-D54) -> 1.5156915 | N54: =RANK(M54,$M$8:$M$96,1) -> 75
A55: Whitehall | B55: Lehigh | C55: =SLOPE(I55:L55,$A$5:$D$5) -> 1.1295605 | D55: =RSQ(I55:L55,$A$5:$D$5) -> 0.94592642 | E55: =ABS(C55-1) -> 0.12956047 | F55: =AVERAGE(I55:L55) -> 0.53338412 | G55: =IF(N55<=30,"YES","") -> YES | I55: ='House Vote Data'!G190 -> 0.56071236 | J55: ='House Vote Data'!G191 -> 0.52561844 | K55: ='House Vote Data'!G192 -> 0.53517295 | L55: ='House Vote Data'!G193 -> 0.51203273 | M55: =E55+(1-D55) -> 0.18363405 | N55: =RANK(M55,$M$8:$M$96,1) -> 5
A56: Eldred Township | B56: Monroe | C56: =SLOPE(I56:L56,$A$5:$D$5) -> 0.84183228 | D56: =RSQ(I56:L56,$A$5:$D$5) -> 0.46761027 | E56: =ABS(C56-1) -> 0.15816772 | F56: =AVERAGE(I56:L56) -> 0.31777222 | G56: =IF(N56<=30,"YES","") | I56: ='House Vote Data'!G194 -> 0.34303534 | J56: ='House Vote Data'!G195 -> 0.32811436 | K56: ='House Vote Data'!G196 -> 0.30464135 | L56: ='House Vote Data'!G197 -> 0.29529781 | M56: =E56+(1-D56) -> 0.69055745 | N56: =RANK(M56,$M$8:$M$96,1) -> 41
A57: Polk Township | B57: Monroe | C57: =SLOPE(I57:L57,$A$5:$D$5) -> 1.6172758 | D57: =RSQ(I57:L57,$A$5:$D$5) -> 0.67658592 | E57: =ABS(C57-1) -> 0.61727579 | F57: =AVERAGE(I57:L57) -> 0.35968504 | G57: =IF(N57<=30,"YES","") | I57: ='House Vote Data'!G198 -> 0.40685484 | J57: ='House Vote Data'!G199 -> 0.36389173 | K57: ='House Vote Data'!G200 -> 0.33976705 | L57: ='House Vote Data'!G201 -> 0.32822656 | M57: =E57+(1-D57) -> 0.94068987 | N57: =RANK(M57,$M$8:$M$96,1) -> 58
A58: Ross Township | B58: Monroe | C58: =SLOPE(I58:L58,$A$5:$D$5) -> 1.3426318 | D58: =RSQ(I58:L58,$A$5:$D$5) -> 0.43271665 | E58: =ABS(C58-1) -> 0.34263181 | F58: =AVERAGE(I58:L58) -> 0.37202199 | G58: =IF(N58<=30,"YES","") | I58: ='House Vote Data'!G202 -> 0.41600424 | J58: ='House Vote Data'!G203 -> 0.38714235 | K58: ='House Vote Data'!G204 -> 0.34172662 | L58: ='House Vote Data'!G205 -> 0.34321476 | M58: =E58+(1-D58) -> 0.90991516 | N58: =RANK(M58,$M$8:$M$96,1) -> 55
A59: Allen | B59: Northampton | C59: =SLOPE(I59:L59,$A$5:$D$5) -> 0.066967178 | D59: =RSQ(I59:L59,$A$5:$D$5) -> 0.012470405 | E59: =ABS(C59-1) -> 0.93303282 | F59: =AVERAGE(I59:L59) -> 0.43584256 | G59: =IF(N59<=30,"YES","") | I59: ='House Vote Data'!G206 -> 0.43155894 | J59: ='House Vote Data'!G207 -> 0.43210622 | K59: ='House Vote Data'!G208 -> 0.45153846 | L59: ='House Vote Data'!G209 -> 0.42816662 | M59: =E59+(1-D59) -> 1.9205624 | N59: =RANK(M59,$M$8:$M$96,1) -> 84
A60: Bangor | B60: Northampton | C60: =SLOPE(I60:L60,$A$5:$D$5) -> 1.5480716 | D60: =RSQ(I60:L60,$A$5:$D$5) -> 0.99566733 | E60: =ABS(C60-1) -> 0.54807162 | F60: =AVERAGE(I60:L60) -> 0.43610024 | G60: =IF(N60<=30,"YES","") -> YES | I60: ='House Vote Data'!G210 -> 0.47332883 | J60: ='House Vote Data'!G211 -> 0.41829215 | K60: ='House Vote Data'!G212 -> 0.43995172 | L60: ='House Vote Data'!G213 -> 0.41282824 | M60: =E60+(1-D60) -> 0.55240429 | N60: =RANK(M60,$M$8:$M$96,1) -> 27
A61: Bath | B61: Northampton | C61: =SLOPE(I61:L61,$A$5:$D$5) -> 0.41955127 | D61: =RSQ(I61:L61,$A$5:$D$5) -> 0.8241356 | E61: =ABS(C61-1) -> 0.58044873 | F61: =AVERAGE(I61:L61) -> 0.46319716 | G61: =IF(N61<=30,"YES","") | I61: ='House Vote Data'!G214 -> 0.4742268 | J61: ='House Vote Data'!G215 -> 0.4544741 | K61: ='House Vote Data'!G216 -> 0.46226415 | L61: ='House Vote Data'!G217 -> 0.46182357 | M61: =E61+(1-D61) -> 0.75631313 | N61: =RANK(M61,$M$8:$M$96,1) -> 44
A62: Bethlehem | B62: Northampton | C62: =SLOPE(I62:L62,$A$5:$D$5) -> 1.0959383 | D62: =RSQ(I62:L62,$A$5:$D$5) -> 0.99955138 | E62: =ABS(C62-1) -> 0.095938339 | F62: =AVERAGE(I62:L62) -> 0.68396922 | G62: =IF(N62<=30,"YES","") -> YES | I62: ='House Vote Data'!G218 -> 0.71082571 | J62: ='House Vote Data'!G219 -> 0.67122406 | K62: ='House Vote Data'!G220 -> 0.68542058 | L62: ='House Vote Data'!G221 -> 0.66840651 | M62: =E62+(1-D62) -> 0.096386957 | N62: =RANK(M62,$M$8:$M$96,1) -> 1
A63: Bethlehem Township | B63: Northampton | C63: =SLOPE(I63:L63,$A$5:$D$5) -> 0.31576078 | D63: =RSQ(I63:L63,$A$5:$D$5) -> 0.50760358 | E63: =ABS(C63-1) -> 0.68423922 | F63: =AVERAGE(I63:L63) -> 0.53862247 | G63: =IF(N63<=30,"YES","") | I63: ='House Vote Data'!G222 -> 0.54405308 | J63: ='House Vote Data'!G223 -> 0.52872223 | K63: ='House Vote Data'!G224 -> 0.54569958 | L63: ='House Vote Data'!G225 -> 0.53601497 | M63: =E63+(1-D63) -> 1.1766356 | N63: =RANK(M63,$M$8:$M$96,1) -> 69
A64: Bushkill | B64: Northampton | C64: =SLOPE(I64:L64,$A$5:$D$5) -> 0.32879911 | D64: =RSQ(I64:L64,$A$5:$D$5) -> 0.29224376 | E64: =ABS(C64-1) -> 0.67120089 | F64: =AVERAGE(I64:L64) -> 0.38505878 | G64: =IF(N64<=30,"YES","") | I64: ='House Vote Data'!G226 -> 0.38998007 | J64: ='House Vote Data'!G227 -> 0.36999814 | K64: ='House Vote Data'!G228 -> 0.39486247 | L64: ='House Vote Data'!G229 -> 0.38539446 | M64: =E64+(1-D64) -> 1.3789571 | N64: =RANK(M64,$M$8:$M$96,1) -> 74
A65: Chapman | B65: Northampton | C65: =SLOPE(I65:L65,$A$5:$D$5) -> 3.3634517 | D65: =RSQ(I65:L65,$A$5:$D$5) -> 0.98480859 | E65: =ABS(C65-1) -> 2.3634517 | F65: =AVERAGE(I65:L65) -> 0.36768057 | G65: =IF(N65<=30,"YES","") | I65: ='House Vote Data'!G230 -> 0.45454545 | J65: ='House Vote Data'!G231 -> 0.33050847 | K65: ='House Vote Data'!G232 -> 0.36046512 | L65: ='House Vote Data'!G233 -> 0.32520325 | M65: =E65+(1-D65) -> 2.3786431 | N65: =RANK(M65,$M$8:$M$96,1) -> 87
A66: East Allen | B66: Northampton | C66: =SLOPE(I66:L66,$A$5:$D$5) -> 0.1041515 | D66: =RSQ(I66:L66,$A$5:$D$5) -> 0.014898418 | E66: =ABS(C66-1) -> 0.8958485 | F66: =AVERAGE(I66:L66) -> 0.42466424 | G66: =IF(N66<=30,"YES","") | I66: ='House Vote Data'!G234 -> 0.42189854 | J66: ='House Vote Data'!G235 -> 0.40513505 | K66: ='House Vote Data'!G236 -> 0.44060389 | L66: ='House Vote Data'!G237 -> 0.43101946 | M66: =E66+(1-D66) -> 1.8809501 | N66: =RANK(M66,$M$8:$M$96,1) -> 82
A67: East Bangor | B67: Northampton | C67: =SLOPE(I67:L67,$A$5:$D$5) -> 0.40655199 | D67: =RSQ(I67:L67,$A$5:$D$5) -> 0.0450967 | E67: =ABS(C67-1) -> 0.59344801 | F67: =AVERAGE(I67:L67) -> 0.38164616 | G67: =IF(N67<=30,"YES","") | I67: ='House Vote Data'!G238 -> 0.39039039 | J67: ='House Vote Data'!G239 -> 0.33333333 | K67: ='House Vote Data'!G240 -> 0.39031339 | L67: ='House Vote Data'!G241 -> 0.41254753 | M67: =E67+(1-D67) -> 1.5483513 | N67: =RANK(M67,$M$8:$M$96,1) -> 77
A68: Easton | B68: Northampton | C68: =SLOPE(I68:L68,$A$5:$D$5) -> 1.6208228 | D68: =RSQ(I68:L68,$A$5:$D$5) -> 0.96081046 | E68: =ABS(C68-1) -> 0.62082277 | F68: =AVERAGE(I68:L68) -> 0.7248682 | G68: =IF(N68<=30,"YES","") | I68: ='House Vote Data'!G242 -> 0.76166817 | J68: ='House Vote Data'!G243 -> 0.70611067 | K68: ='House Vote Data'!G244 -> 0.734527 | L68: ='House Vote Data'!G245 -> 0.69716696 | M68: =E68+(1-D68) -> 0.66001231 | N68: =RANK(M68,$M$8:$M$96,1) -> 35
A69: Forks | B69: Northampton | C69: =SLOPE(I69:L69,$A$5:$D$5) -> 0.74164823 | D69: =RSQ(I69:L69,$A$5:$D$5) -> 0.96728962 | E69: =ABS(C69-1) -> 0.25835177 | F69: =AVERAGE(I69:L69) -> 0.52313977 | G69: =IF(N69<=30,"YES","") -> YES | I69: ='House Vote Data'!G246 -> 0.54162868 | J69: ='House Vote Data'!G247 -> 0.51131635 | K69: ='House Vote Data'!G248 -> 0.52367758 | L69: ='House Vote Data'!G249 -> 0.51593645 | M69: =E69+(1-D69) -> 0.29106215 | N69: =RANK(M69,$M$8:$M$96,1) -> 8
A70: Freemansburg | B70: Northampton | C70: =SLOPE(I70:L70,$A$5:$D$5) -> 1.3658873 | D70: =RSQ(I70:L70,$A$5:$D$5) -> 0.55171969 | E70: =ABS(C70-1) -> 0.36588728 | F70: =AVERAGE(I70:L70) -> 0.61916494 | G70: =IF(N70<=30,"YES","") | I70: ='House Vote Data'!G250 -> 0.66266667 | J70: ='House Vote Data'!G251 -> 0.62540717 | K70: ='House Vote Data'!G252 -> 0.59259259 | L70: ='House Vote Data'!G253 -> 0.59599332 | M70: =E70+(1-D70) -> 0.81416759 | N70: =RANK(M70,$M$8:$M$96,1) -> 48
A71: Glendon | B71: Northampton | C71: =SLOPE(I71:L71,$A$5:$D$5) -> 3.449541 | D71: =RSQ(I71:L71,$A$5:$D$5) -> 0.80055613 | E71: =ABS(C71-1) -> 2.449541 | F71: =AVERAGE(I71:L71) -> 0.54772518 | G71: =IF(N71<=30,"YES","") | I71: ='House Vote Data'!G254 -> 0.64864865 | J71: ='House Vote Data'!G255 -> 0.50248756 | K71: ='House Vote Data'!G256 -> 0.5106383 | L71: ='House Vote Data'!G257 -> 0.52912621 | M71: =E71+(1-D71) -> 2.6489849 | N71: =RANK(M71,$M$8:$M$96,1) -> 88
A72: Hanover | B72: Northampton | C72: =SLOPE(I72:L72,$A$5:$D$5) -> 0.042841958 | D72: =RSQ(I72:L72,$A$5:$D$5) -> 0.0086102752 | E72: =ABS(C72-1) -> 0.95715804 | F72: =AVERAGE(I72:L72) -> 0.54328283 | G72: =IF(N72<=30,"YES","") | I72: ='House Vote Data'!G258 -> 0.5408971 | J72: ='House Vote Data'!G259 -> 0.5337199 | K72: ='House Vote Data'!G260 -> 0.55323106 | L72: ='House Vote Data'!G261 -> 0.54528326 | M72: =E72+(1-D72) -> 1.9485478 | N72: =RANK(M72,$M$8:$M$96,1) -> 86
A73: Hellertown | B73: Northampton | C73: =SLOPE(I73:L73,$A$5:$D$5) -> 1.5359925 | D73: =RSQ(I73:L73,$A$5:$D$5) -> 0.98688296 | E73: =ABS(C73-1) -> 0.53599249 | F73: =AVERAGE(I73:L73) -> 0.52709244 | G73: =IF(N73<=30,"YES","") -> YES | I73: ='House Vote Data'!G262 -> 0.56329114 | J73: ='House Vote Data'!G263 -> 0.50583897 | K73: ='House Vote Data'!G264 -> 0.53322969 | L73: ='House Vote Data'!G265 -> 0.50600997 | M73: =E73+(1-D73) -> 0.54910953 | N73: =RANK(M73,$M$8:$M$96,1) -> 26
A74: Lehigh | B74: Northampton | C74: =SLOPE(I74:L74,$A$5:$D$5) -> 0.75422316 | D74: =RSQ(I74:L74,$A$5:$D$5) -> 0.91724161 | E74: =ABS(C74-1) -> 0.24577684 | F74: =AVERAGE(I74:L74) -> 0.34650802 | G74: =IF(N74<=30,"YES","") -> YES | I74: ='House Vote Data'!G266 -> 0.36297342 | J74: ='House Vote Data'!G267 -> 0.33416732 | K74: ='House Vote Data'!G268 -> 0.35311398 | L74: ='House Vote Data'!G269 -> 0.33577735 | M74: =E74+(1-D74) -> 0.32853524 | N74: =RANK(M74,$M$8:$M$96,1) -> 9
A75: Lower Mount Bethel | B75: Northampton | C75: =SLOPE(I75:L75,$A$5:$D$5) -> 1.9874478 | D75: =RSQ(I75:L75,$A$5:$D$5) -> 0.98739124 | E75: =ABS(C75-1) -> 0.98744777 | F75: =AVERAGE(I75:L75) -> 0.36246049 | G75: =IF(N75<=30,"YES","") | I75: ='House Vote Data'!G270 -> 0.41145833 | J75: ='House Vote Data'!G271 -> 0.33352501 | K75: ='House Vote Data'!G272 -> 0.365 | L75: ='House Vote Data'!G273 -> 0.33985862 | M75: =E75+(1-D75) -> 1.0000565 | N75: =RANK(M75,$M$8:$M$96,1) -> 64
A76: Lower Nazareth | B76: Northampton | C76: =SLOPE(I76:L76,$A$5:$D$5) -> 0.18754677 | D76: =RSQ(I76:L76,$A$5:$D$5) -> 0.078272612 | E76: =ABS(C76-1) -> 0.81245323 | F76: =AVERAGE(I76:L76) -> 0.439687 | G76: =IF(N76<=30,"YES","") | I76: ='House Vote Data'!G274 -> 0.44444444 | J76: ='House Vote Data'!G275 -> 0.42281728 | K76: ='House Vote Data'!G276 -> 0.44120032 | L76: ='House Vote Data'!G277 -> 0.45028597 | M76: =E76+(1-D76) -> 1.7341806 | N76: =RANK(M76,$M$8:$M$96,1) -> 81
A77: Lower Saucon | B77: Northampton | C77: =SLOPE(I77:L77,$A$5:$D$5) -> 0.53775233 | D77: =RSQ(I77:L77,$A$5:$D$5) -> 0.61810525 | E77: =ABS(C77-1) -> 0.46224767 | F77: =AVERAGE(I77:L77) -> 0.48209724 | G77: =IF(N77<=30,"YES","") | I77: ='House Vote Data'!G278 -> 0.49186677 | J77: ='House Vote Data'!G279 -> 0.46799056 | K77: ='House Vote Data'!G280 -> 0.49249199 | L77: ='House Vote Data'!G281 -> 0.47603966 | M77: =E77+(1-D77) -> 0.84414242 | N77: =RANK(M77,$M$8:$M$96,1) -> 50
A78: Moore | B78: Northampton | C78: =SLOPE(I78:L78,$A$5:$D$5) -> 0.73442669 | D78: =RSQ(I78:L78,$A$5:$D$5) -> 0.91347671 | E78: =ABS(C78-1) -> 0.26557331 | F78: =AVERAGE(I78:L78) -> 0.34270457 | G78: =IF(N78<=30,"YES","") -> YES | I78: ='House Vote Data'!G282 -> 0.35852911 | J78: ='House Vote Data'!G283 -> 0.33189283 | K78: ='House Vote Data'!G284 -> 0.34953704 | L78: ='House Vote Data'!G285 -> 0.33085931 | M78: =E78+(1-D78) -> 0.3520966 | N78: =RANK(M78,$M$8:$M$96,1) -> 11
A79: Nazareth | B79: Northampton | C79: =SLOPE(I79:L79,$A$5:$D$5) -> 1.2555529 | D79: =RSQ(I79:L79,$A$5:$D$5) -> 0.84086743 | E79: =ABS(C79-1) -> 0.25555286 | F79: =AVERAGE(I79:L79) -> 0.50381033 | G79: =IF(N79<=30,"YES","") -> YES | I79: ='House Vote Data'!G286 -> 0.53057385 | J79: ='House Vote Data'!G287 -> 0.47802374 | K79: ='House Vote Data'!G288 -> 0.51707317 | L79: ='House Vote Data'!G289 -> 0.48957055 | M79: =E79+(1-D79) -> 0.41468543 | N79: =RANK(M79,$M$8:$M$96,1) -> 17
A80: North Catasauqua | B80: Northampton | C80: =SLOPE(I80:L80,$A$5:$D$5) -> 0.82293987 | D80: =RSQ(I80:L80,$A$5:$D$5) -> 0.55685511 | E80: =ABS(C80-1) -> 0.17706013 | F80: =AVERAGE(I80:L80) -> 0.49083325 | G80: =IF(N80<=30,"YES","") | I80: ='House Vote Data'!G290 -> 0.50709555 | J80: ='House Vote Data'!G291 -> 0.46442186 | K80: ='House Vote Data'!G292 -> 0.50391236 | L80: ='House Vote Data'!G293 -> 0.48790323 | M80: =E80+(1-D80) -> 0.62020502 | N80: =RANK(M80,$M$8:$M$96,1) -> 31
A81: Northampton | B81: Northampton | C81: =SLOPE(I81:L81,$A$5:$D$5) -> 1.3501867 | D81: =RSQ(I81:L81,$A$5:$D$5) -> 0.71166177 | E81: =ABS(C81-1) -> 0.35018672 | F81: =AVERAGE(I81:L81) -> 0.47645933 | G81: =IF(N81<=30,"YES","") | I81: ='House Vote Data'!G294 -> 0.50243605 | J81: ='House Vote Data'!G295 -> 0.44526375 | K81: ='House Vote Data'!G296 -> 0.49834479 | L81: ='House Vote Data'!G297 -> 0.45979271 | M81: =E81+(1-D81) -> 0.63852495 | N81: =RANK(M81,$M$8:$M$96,1) -> 32
A82: Palmer | B82: Northampton | C82: =SLOPE(I82:L82,$A$5:$D$5) -> 0.91323262 | D82: =RSQ(I82:L82,$A$5:$D$5) -> 0.9376426 | E82: =ABS(C82-1) -> 0.086767377 | F82: =AVERAGE(I82:L82) -> 0.51874216 | G82: =IF(N82<=30,"YES","") -> YES | I82: ='House Vote Data'!G298 -> 0.53983594 | J82: ='House Vote Data'!G299 -> 0.50255102 | K82: ='House Vote Data'!G300 -> 0.52390187 | L82: ='House Vote Data'!G301 -> 0.5086798 | M82: =E82+(1-D82) -> 0.14912477 | N82: =RANK(M82,$M$8:$M$96,1) -> 4
A83: Pen Argyl | B83: Northampton | C83: =SLOPE(I83:L83,$A$5:$D$5) -> 0.96145218 | D83: =RSQ(I83:L83,$A$5:$D$5) -> 0.94127472 | E83: =ABS(C83-1) -> 0.038547823 | F83: =AVERAGE(I83:L83) -> 0.39187551 | G83: =IF(N83<=30,"YES","") -> YES | I83: ='House Vote Data'!G302 -> 0.41402908 | J83: ='House Vote Data'!G303 -> 0.38370119 | K83: ='House Vote Data'!G304 -> 0.39643134 | L83: ='House Vote Data'!G305 -> 0.37334041 | M83: =E83+(1-D83) -> 0.097273108 | N83: =RANK(M83,$M$8:$M$96,1) -> 2
A84: Plainfield | B84: Northampton | C84: =SLOPE(I84:L84,$A$5:$D$5) -> 1.3009584 | D84: =RSQ(I84:L84,$A$5:$D$5) -> 0.86709349 | E84: =ABS(C84-1) -> 0.30095841 | F84: =AVERAGE(I84:L84) -> 0.36195047 | G84: =IF(N84<=30,"YES","") -> YES | I84: ='House Vote Data'!G306 -> 0.39890067 | J84: ='House Vote Data'!G307 -> 0.35185185 | K84: ='House Vote Data'!G308 -> 0.35003253 | L84: ='House Vote Data'!G309 -> 0.34701683 | M84: =E84+(1-D84) -> 0.43386492 | N84: =RANK(M84,$M$8:$M$96,1) -> 18
A85: Portland | B85: Northampton | C85: =SLOPE(I85:L85,$A$5:$D$5) -> 0.85247816 | D85: =RSQ(I85:L85,$A$5:$D$5) -> 0.47505367 | E85: =ABS(C85-1) -> 0.14752184 | F85: =AVERAGE(I85:L85) -> 0.34696714 | G85: =IF(N85<=30,"YES","") | I85: ='House Vote Data'!G310 -> 0.37349398 | J85: ='House Vote Data'!G311 -> 0.32411067 | K85: ='House Vote Data'!G312 -> 0.33505155 | L85: ='House Vote Data'!G313 -> 0.35521236 | M85: =E85+(1-D85) -> 0.67246817 | N85: =RANK(M85,$M$8:$M$96,1) -> 39
A86: Roseto | B86: Northampton | C86: =SLOPE(I86:L86,$A$5:$D$5) -> 1.4363717 | D86: =RSQ(I86:L86,$A$5:$D$5) -> 0.99038167 | E86: =ABS(C86-1) -> 0.43637172 | F86: =AVERAGE(I86:L86) -> 0.38368871 | G86: =IF(N86<=30,"YES","") -> YES | I86: ='House Vote Data'!G314 -> 0.42041522 | J86: ='House Vote Data'!G315 -> 0.36696231 | K86: ='House Vote Data'!G316 -> 0.3816568 | L86: ='House Vote Data'!G317 -> 0.36572052 | M86: =E86+(1-D86) -> 0.44599006 | N86: =RANK(M86,$M$8:$M$96,1) -> 20
A87: Stockertown | B87: Northampton | C87: =SLOPE(I87:L87,$A$5:$D$5) -> 1.2185679 | D87: =RSQ(I87:L87,$A$5:$D$5) -> 0.94911768 | E87: =ABS(C87-1) -> 0.21856795 | F87: =AVERAGE(I87:L87) -> 0.41949564 | G87: =IF(N87<=30,"YES","") -> YES | I87: ='House Vote Data'!G318 -> 0.4522293 | J87: ='House Vote Data'!G319 -> 0.40769231 | K87: ='House Vote Data'!G320 -> 0.41343669 | L87: ='House Vote Data'!G321 -> 0.40462428 | M87: =E87+(1-D87) -> 0.26945027 | N87: =RANK(M87,$M$8:$M$96,1) -> 7
A88: Tatamy | B88: Northampton | C88: =SLOPE(I88:L88,$A$5:$D$5) -> 0.51841693 | D88: =RSQ(I88:L88,$A$5:$D$5) -> 0.48794796 | E88: =ABS(C88-1) -> 0.48158307 | F88: =AVERAGE(I88:L88) -> 0.42222401 | G88: =IF(N88<=30,"YES","") | I88: ='House Vote Data'!G322 -> 0.43146067 | J88: ='House Vote Data'!G323 -> 0.4047619 | K88: ='House Vote Data'!G324 -> 0.43315508 | L88: ='House Vote Data'!G325 -> 0.41951838 | M88: =E88+(1-D88) -> 0.99363512 | N88: =RANK(M88,$M$8:$M$96,1) -> 63
A89: Upper Mount Bethel | B89: Northampton | C89: =SLOPE(I89:L89,$A$5:$D$5) -> 1.2247696 | D89: =RSQ(I89:L89,$A$5:$D$5) -> 0.99487911 | E89: =ABS(C89-1) -> 0.22476964 | F89: =AVERAGE(I89:L89) -> 0.33042984 | G89: =IF(N89<=30,"YES","") -> YES | I89: ='House Vote Data'!G326 -> 0.36136024 | J89: ='House Vote Data'!G327 -> 0.31696429 | K89: ='House Vote Data'!G328 -> 0.3296 | L89: ='House Vote Data'!G329 -> 0.31379485 | M89: =E89+(1-D89) -> 0.22989052 | N89: =RANK(M89,$M$8:$M$96,1) -> 6
A90: Upper Nazareth | B90: Northampton | C90: =SLOPE(I90:L90,$A$5:$D$5) -> 0.76162736 | D90: =RSQ(I90:L90,$A$5:$D$5) -> 0.65876283 | E90: =ABS(C90-1) -> 0.23837264 | F90: =AVERAGE(I90:L90) -> 0.48520148 | G90: =IF(N90<=30,"YES","") -> YES | I90: ='House Vote Data'!G330 -> 0.49980182 | J90: ='House Vote Data'!G331 -> 0.46531646 | K90: ='House Vote Data'!G332 -> 0.49794499 | L90: ='House Vote Data'!G333 -> 0.47774264 | M90: =E90+(1-D90) -> 0.57960981 | N90: =RANK(M90,$M$8:$M$96,1) -> 28
A91: Walnutport | B91: Northampton | C91: =SLOPE(I91:L91,$A$5:$D$5) -> 0.9478602 | D91: =RSQ(I91:L91,$A$5:$D$5) -> 0.69410314 | E91: =ABS(C91-1) -> 0.052139798 | F91: =AVERAGE(I91:L91) -> 0.40366145 | G91: =IF(N91<=30,"YES","") -> YES | I91: ='House Vote Data'!G334 -> 0.42087542 | J91: ='House Vote Data'!G335 -> 0.3851626 | K91: ='House Vote Data'!G336 -> 0.42127072 | L91: ='House Vote Data'!G337 -> 0.38733706 | M91: =E91+(1-D91) -> 0.35803666 | N91: =RANK(M91,$M$8:$M$96,1) -> 13
A92: Washington | B92: Northampton | C92: =SLOPE(I92:L92,$A$5:$D$5) -> 1.3561933 | D92: =RSQ(I92:L92,$A$5:$D$5) -> 0.97464903 | E92: =ABS(C92-1) -> 0.35619329 | F92: =AVERAGE(I92:L92) -> 0.3547905 | G92: =IF(N92<=30,"YES","") -> YES | I92: ='House Vote Data'!G338 -> 0.38882922 | J92: ='House Vote Data'!G339 -> 0.34365634 | K92: ='House Vote Data'!G340 -> 0.3539823 | L92: ='House Vote Data'!G341 -> 0.33269415 | M92: =E92+(1-D92) -> 0.38154426 | N92: =RANK(M92,$M$8:$M$96,1) -> 16
A93: West Easton | B93: Northampton | C93: =SLOPE(I93:L93,$A$5:$D$5) -> 2.1146051 | D93: =RSQ(I93:L93,$A$5:$D$5) -> 0.79661038 | E93: =ABS(C93-1) -> 1.1146051 | F93: =AVERAGE(I93:L93) -> 0.4810991 | G93: =IF(N93<=30,"YES","") | I93: ='House Vote Data'!G342 -> 0.53521127 | J93: ='House Vote Data'!G343 -> 0.43304348 | K93: ='House Vote Data'!G344 -> 0.48067633 | L93: ='House Vote Data'!G345 -> 0.47546531 | M93: =E93+(1-D93) -> 1.3179947 | N93: =RANK(M93,$M$8:$M$96,1) -> 70
A94: Williams Township | B94: Northampton | C94: =SLOPE(I94:L94,$A$5:$D$5) -> 0.72197735 | D94: =RSQ(I94:L94,$A$5:$D$5) -> 0.90647964 | E94: =ABS(C94-1) -> 0.27802265 | F94: =AVERAGE(I94:L94) -> 0.43950513 | G94: =IF(N94<=30,"YES","") -> YES | I94: ='House Vote Data'!G346 -> 0.45795053 | J94: ='House Vote Data'!G347 -> 0.42619392 | K94: ='House Vote Data'!G348 -> 0.43908323 | L94: ='House Vote Data'!G349 -> 0.43479284 | M94: =E94+(1-D94) -> 0.37154301 | N94: =RANK(M94,$M$8:$M$96,1) -> 15
A95: Wilson | B95: Northampton | C95: =SLOPE(I95:L95,$A$5:$D$5) -> 1.3932874 | D95: =RSQ(I95:L95,$A$5:$D$5) -> 0.95549733 | E95: =ABS(C95-1) -> 0.39328738 | F95: =AVERAGE(I95:L95) -> 0.57494595 | G95: =IF(N95<=30,"YES","") -> YES | I95: ='House Vote Data'!G350 -> 0.60622265 | J95: ='House Vote Data'!G351 -> 0.55691769 | K95: ='House Vote Data'!G352 -> 0.58438727 | L95: ='House Vote Data'!G353 -> 0.55225619 | M95: =E95+(1-D95) -> 0.43779005 | N95: =RANK(M95,$M$8:$M$96,1) -> 19
A96: Wind Gap | B96: Northampton | C96: =SLOPE(I96:L96,$A$5:$D$5) -> 1.194191 | D96: =RSQ(I96:L96,$A$5:$D$5) -> 0.53237945 | E96: =ABS(C96-1) -> 0.19419105 | F96: =AVERAGE(I96:L96) -> 0.43019532 | G96: =IF(N96<=30,"YES","") | I96: ='House Vote Data'!G354 -> 0.45306633 | J96: ='House Vote Data'!G355 -> 0.39107005 | K96: ='House Vote Data'!G356 -> 0.45114155 | L96: ='House Vote Data'!G357 -> 0.42550336 | M96: =E96+(1-D96) -> 0.6618116 | N96: =RANK(M96,$M$8:$M$96,1) -> 37

Sheet Governor-House Correlation
A1: Correlation: Governor Race vs. House Race (Dem Vote Share)
A3: Municipality | B3: Year | C3: Governor Dem Share | D3: House Dem Share
A4: Banks Township | B4: 2018 | C4: ='House Vote Data'!K2 -> 0.45549738 | D4: ='House Vote Data'!G2 -> 0.41994751
A5: Beaver Meadows Borough | B5: 2018 | C5: ='House Vote Data'!K6 -> 0.4 | D5: ='House Vote Data'!G6 -> 0.33101045
A6: Bowmanstown Borough | B6: 2018 | C6: ='House Vote Data'!K10 -> 0.43060498 | D6: ='House Vote Data'!G10 -> 0.38596491
A7: East Penn Township | B7: 2018 | C7: ='House Vote Data'!K14 -> 0.39981949 | D7: ='House Vote Data'!G14 -> 0.33213321
A8: East Side Borough | B8: 2018 | C8: ='House Vote Data'!K18 -> 0.47368421 | D8: ='House Vote Data'!G18 -> 0.44155844
A9: Franklin Township | B9: 2018 | C9: ='House Vote Data'!K22 -> 0.35513447 | D9: ='House Vote Data'!G22 -> 0.32328106
A10: Jim Thorpe Borough | B10: 2018 | C10: ='House Vote Data'!K26 -> 0.52973268 | D10: ='House Vote Data'!G26 -> 0.49005911
A11: Kidder Township | B11: 2018 | C11: ='House Vote Data'!K30 -> 0.40079365 | D11: ='House Vote Data'!G30 -> 0.3503937
A12: Lansford Borough | B12: 2018 | C12: ='House Vote Data'!K34 -> 0.52908891 | D12: ='House Vote Data'!G34 -> 0.49349241
A13: Lausanne Township | B13: 2018 | C13: ='House Vote Data'!K38 -> 0.36263736 | D13: ='House Vote Data'!G38 -> 0.32954545
A14: Lehigh Township | B14: 2018 | C14: ='House Vote Data'!K42 -> 0.27777778 | D14: ='House Vote Data'!G42 -> 0.20098039
A15: Lehighton Borough | B15: 2018 | C15: ='House Vote Data'!K46 -> 0.50070225 | D15: ='House Vote Data'!G46 -> 0.46582985
A16: Lower Towamensing Township | B16: 2018 | C16: ='House Vote Data'!K50 -> 0.38919926 | D16: ='House Vote Data'!G50 -> 0.36948529
A17: Mahoning Township | B17: 2018 | C17: ='House Vote Data'!K54 -> 0.38466851 | D17: ='House Vote Data'!G54 -> 0.34693878
A18: Nesquehoning Borough | B18: 2018 | C18: ='House Vote Data'!K58 -> 0.51274788 | D18: ='House Vote Data'!G58 -> 0.47801147
A19: Packer Township | B19: 2018 | C19: ='House Vote Data'!K62 -> 0.26859504 | D19: ='House Vote Data'!G62 -> 0.22981366
A20: Palmerton Borough | B20: 2018 | C20: ='House Vote Data'!K66 -> 0.45443573 | D20: ='House Vote Data'!G66 -> 0.41261261
A21: Parryville Borough | B21: 2018 | C21: ='House Vote Data'!K70 -> 0.37575758 | D21: ='House Vote Data'!G70 -> 0.32121212
A22: Penn Forest Township | B22: 2018 | C22: ='House Vote Data'!K74 -> 0.44739851 | D22: ='House Vote Data'!G74 -> 0.41126521
A23: Summit Hill Borough | B23: 2018 | C23: ='House Vote Data'!K78 -> 0.52325581 | D23: ='House Vote Data'!G78 -> 0.50528169
A24: Towamensing Township | B24: 2018 | C24: ='House Vote Data'!K82 -> 0.37210648 | D24: ='House Vote Data'!G82 -> 0.35048599
A25: Weatherly Borough | B25: 2018 | C25: ='House Vote Data'!K86 -> 0.39229844 | D25: ='House Vote Data'!G86 -> 0.32231405
A26: Weissport Borough | B26: 2018 | C26: ='House Vote Data'!K90 -> 0.54639175 | D26: ='House Vote Data'!G90 -> 0.51020408
A27: Alburtis | B27: 2018 | C27: ='House Vote Data'!K94 -> 0.59314286 | D27: ='House Vote Data'!G94 -> 0.52790698
A28: Allentown | B28: 2018 | C28: ='House Vote Data'!K98 -> 0.76386975 | D28: ='House Vote Data'!G98 -> 0.73070433
A29: Bethlehem | B29: 2018 | C29: ='House Vote Data'!K102 -> 0.7040533 | D29: ='House Vote Data'!G102 -> 0.67142857
A30: Catasauqua | B30: 2018 | C30: ='House Vote Data'!K106 -> 0.63331666 | D30: ='House Vote Data'!G106 -> 0.58069459
A31: Coopersburg | B31: 2018 | C31: ='House Vote Data'!K110 -> 0.59127789 | D31: ='House Vote Data'!G110 -> 0.53493222
A32: Coplay | B32: 2018 | C32: ='House Vote Data'!K114 -> 0.60898502 | D32: ='House Vote Data'!G114 -> 0.56170213
A33: Emmaus | B33: 2018 | C33: ='House Vote Data'!K118 -> 0.60300718 | D33: ='House Vote Data'!G118 -> 0.55456824
A34: Fountain Hill | B34: 2018 | C34: ='House Vote Data'!K122 -> 0.72998729 | D34: ='House Vote Data'!G122 -> 0.69935065
A35: Hanover | B35: 2018 | C35: ='House Vote Data'!K126 -> 0.6395112 | D35: ='House Vote Data'!G126 -> 0.59756098
A36: Heidelberg | B36: 2018 | C36: ='House Vote Data'!K130 -> 0.42510699 | D36: ='House Vote Data'!G130 -> 0.36244541
A37: Lower Macungie | B37: 2018 | C37: ='House Vote Data'!K134 -> 0.56995726 | D37: ='House Vote Data'!G134 -> 0.51384746
A38: Lower Milford | B38: 2018 | C38: ='House Vote Data'!K138 -> 0.44681988 | D38: ='House Vote Data'!G138 -> 0.39848812
A39: Lowhill | B39: 2018 | C39: ='House Vote Data'!K142 -> 0.42128801 | D39: ='House Vote Data'!G142 -> 0.37671861
A40: Lynn | B40: 2018 | C40: ='House Vote Data'!K146 -> 0.3968 | D40: ='House Vote Data'!G146 -> 0.3356681
A41: Macungie | B41: 2018 | C41: ='House Vote Data'!K150 -> 0.60862866 | D41: ='House Vote Data'!G150 -> 0.54196078
A42: North Whitehall | B42: 2018 | C42: ='House Vote Data'!K154 -> 0.48785905 | D42: ='House Vote Data'!G154 -> 0.41936944
A43: Salisbury | B43: 2018 | C43: ='House Vote Data'!K158 -> 0.56331058 | D43: ='House Vote Data'!G158 -> 0.50872344
A44: Slatington | B44: 2018 | C44: ='House Vote Data'!K162 -> 0.50552251 | D44: ='House Vote Data'!G162 -> 0.46173689
A45: South Whitehall | B45: 2018 | C45: ='House Vote Data'!K166 -> 0.61738162 | D45: ='House Vote Data'!G166 -> 0.56611664
A46: Upper Macungie | B46: 2018 | C46: ='House Vote Data'!K170 -> 0.58372569 | D46: ='House Vote Data'!G170 -> 0.53332641
A47: Upper Milford | B47: 2018 | C47: ='House Vote Data'!K174 -> 0.5020386 | D47: ='House Vote Data'!G174 -> 0.45724498
A48: Upper Saucon | B48: 2018 | C48: ='House Vote Data'!K178 -> 0.54342629 | D48: ='House Vote Data'!G178 -> 0.49218329
A49: Washington | B49: 2018 | C49: ='House Vote Data'!K182 -> 0.42025518 | D49: ='House Vote Data'!G182 -> 0.3546818
A50: Weisenberg | B50: 2018 | C50: ='House Vote Data'!K186 -> 0.42514718 | D50: ='House Vote Data'!G186 -> 0.35113199
A51: Whitehall | B51: 2018 | C51: ='House Vote Data'!K190 -> 0.61659287 | D51: ='House Vote Data'!G190 -> 0.56071236
A52: Eldred Township | B52: 2018 | C52: ='House Vote Data'!K194 -> 0.39534884 | D52: ='House Vote Data'!G194 -> 0.34303534
A53: Polk Township | B53: 2018 | C53: ='House Vote Data'!K198 -> 0.43448276 | D53: ='House Vote Data'!G198 -> 0.40685484
A54: Ross Township | B54: 2018 | C54: ='House Vote Data'!K202 -> 0.45440334 | D54: ='House Vote Data'!G202 -> 0.41600424
A55: Allen | B55: 2018 | C55: ='House Vote Data'!K206 -> 0.49673507 | D55: ='House Vote Data'!G206 -> 0.43155894
A56: Bangor | B56: 2018 | C56: ='House Vote Data'!K210 -> 0.54070152 | D56: ='House Vote Data'!G210 -> 0.47332883
A57: Bath | B57: 2018 | C57: ='House Vote Data'!K214 -> 0.54476671 | D57: ='House Vote Data'!G214 -> 0.4742268
A58: Bethlehem | B58: 2018 | C58: ='House Vote Data'!K218 -> 0.73995967 | D58: ='House Vote Data'!G218 -> 0.71082571
A59: Bethlehem Township | B59: 2018 | C59: ='House Vote Data'!K222 -> 0.59187993 | D59: ='House Vote Data'!G222 -> 0.54405308
A60: Bushkill | B60: 2018 | C60: ='House Vote Data'!K226 -> 0.46562942 | D60: ='House Vote Data'!G226 -> 0.38998007
A61: Chapman | B61: 2018 | C61: ='House Vote Data'!K230 -> 0.4516129 | D61: ='House Vote Data'!G230 -> 0.45454545
A62: East Allen | B62: 2018 | C62: ='House Vote Data'!K234 -> 0.48215159 | D62: ='House Vote Data'!G234 -> 0.42189854
A63: East Bangor | B63: 2018 | C63: ='House Vote Data'!K238 -> 0.47230321 | D63: ='House Vote Data'!G238 -> 0.39039039
A64: Easton | B64: 2018 | C64: ='House Vote Data'!K242 -> 0.78218117 | D64: ='House Vote Data'!G242 -> 0.76166817
A65: Forks | B65: 2018 | C65: ='House Vote Data'!K246 -> 0.58304576 | D65: ='House Vote Data'!G246 -> 0.54162868
A66: Freemansburg | B66: 2018 | C66: ='House Vote Data'!K250 -> 0.69565217 | D66: ='House Vote Data'!G250 -> 0.66266667
A67: Glendon | B67: 2018 | C67: ='House Vote Data'!K254 -> 0.69565217 | D67: ='House Vote Data'!G254 -> 0.64864865
A68: Hanover | B68: 2018 | C68: ='House Vote Data'!K258 -> 0.58946646 | D68: ='House Vote Data'!G258 -> 0.5408971
A69: Hellertown | B69: 2018 | C69: ='House Vote Data'!K262 -> 0.59670965 | D69: ='House Vote Data'!G262 -> 0.56329114
A70: Lehigh | B70: 2018 | C70: ='House Vote Data'!K266 -> 0.42698192 | D70: ='House Vote Data'!G266 -> 0.36297342
A71: Lower Mount Bethel | B71: 2018 | C71: ='House Vote Data'!K270 -> 0.44140291 | D71: ='House Vote Data'!G270 -> 0.41145833
A72: Lower Nazareth | B72: 2018 | C72: ='House Vote Data'!K274 -> 0.50197368 | D72: ='House Vote Data'!G274 -> 0.44444444
A73: Lower Saucon | B73: 2018 | C73: ='House Vote Data'!K278 -> 0.54061252 | D73: ='House Vote Data'!G278 -> 0.49186677
A74: Moore | B74: 2018 | C74: ='House Vote Data'!K282 -> 0.42594921 | D74: ='House Vote Data'!G282 -> 0.35852911
A75: Nazareth | B75: 2018 | C75: ='House Vote Data'!K286 -> 0.58486239 | D75: ='House Vote Data'!G286 -> 0.53057385
A76: North Catasauqua | B76: 2018 | C76: ='House Vote Data'!K290 -> 0.56302521 | D76: ='House Vote Data'!G290 -> 0.50709555
A77: Northampton | B77: 2018 | C77: ='House Vote Data'!K294 -> 0.55417038 | D77: ='House Vote Data'!G294 -> 0.50243605
A78: Palmer | B78: 2018 | C78: ='House Vote Data'!K298 -> 0.58545213 | D78: ='House Vote Data'!G298 -> 0.53983594
A79: Pen Argyl | B79: 2018 | C79: ='House Vote Data'!K302 -> 0.50458716 | D79: ='House Vote Data'!G302 -> 0.41402908
A80: Plainfield | B80: 2018 | C80: ='House Vote Data'!K306 -> 0.44885496 | D80: ='House Vote Data'!G306 -> 0.39890067
A81: Portland | B81: 2018 | C81: ='House Vote Data'!K310 -> 0.40697674 | D81: ='House Vote Data'!G310 -> 0.37349398
A82: Roseto | B82: 2018 | C82: ='House Vote Data'!K314 -> 0.48713551 | D82: ='House Vote Data'!G314 -> 0.42041522
A83: Stockertown | B83: 2018 | C83: ='House Vote Data'!K318 -> 0.534375 | D83: ='House Vote Data'!G318 -> 0.4522293
A84: Tatamy | B84: 2018 | C84: ='House Vote Data'!K322 -> 0.51321586 | D84: ='House Vote Data'!G322 -> 0.43146067
A85: Upper Mount Bethel | B85: 2018 | C85: ='House Vote Data'!K326 -> 0.39815157 | D85: ='House Vote Data'!G326 -> 0.36136024
A86: Upper Nazareth | B86: 2018 | C86: ='House Vote Data'!K330 -> 0.56242752 | D86: ='House Vote Data'!G330 -> 0.49980182
A87: Walnutport | B87: 2018 | C87: ='House Vote Data'!K334 -> 0.5 | D87: ='House Vote Data'!G334 -> 0.42087542
A88: Washington | B88: 2018 | C88: ='House Vote Data'!K338 -> 0.44037657 | D88: ='House Vote Data'!G338 -> 0.38882922
A89: West Easton | B89: 2018 | C89: ='House Vote Data'!K342 -> 0.58807588 | D89: ='House Vote Data'!G342 -> 0.53521127
A90: Williams Township | B90: 2018 | C90: ='House Vote Data'!K346 -> 0.49464594 | D90: ='House Vote Data'!G346 -> 0.45795053
A91: Wilson | B91: 2018 | C91: ='House Vote Data'!K350 -> 0.64255117 | D91: ='House Vote Data'!G350 -> 0.60622265
A92: Wind Gap | B92: 2018 | C92: ='House Vote Data'!K354 -> 0.51393939 | D92: ='House Vote Data'!G354 -> 0.45306633
A93: Banks Township | B93: 2022 | C93: ='House Vote Data'!K4 -> 0.3994709 | D93: ='House Vote Data'!G4 -> 0.35492228
A94: Beaver Meadows Borough | B94: 2022 | C94: ='House Vote Data'!K8 -> 0.35526316 | D94: ='House Vote Data'!G8 -> 0.26751592
A95: Bowmanstown Borough | B95: 2022 | C95: ='House Vote Data'!K12 -> 0.42151163 | D95: ='House Vote Data'!G12 -> 0.3591954
A96: East Penn Township | B96: 2022 | C96: ='House Vote Data'!K16 -> 0.35105551 | D96: ='House Vote Data'!G16 -> 0.28681573
A97: East Side Borough | B97: 2022 | C97: ='House Vote Data'!K20 -> 0.42222222 | D97: ='House Vote Data'!G20 -> 0.35106383
A98: Franklin Township | B98: 2022 | C98: ='House Vote Data'!K24 -> 0.35564854 | D98: ='House Vote Data'!G24 -> 0.28600613
A99: Jim Thorpe Borough | B99: 2022 | C99: ='House Vote Data'!K28 -> 0.527394 | D99: ='House Vote Data'!G28 -> 0.45833333
A100: Kidder Township | B100: 2022 | C100: ='House Vote Data'!K32 -> 0.4185766 | D100: ='House Vote Data'!G32 -> 0.33094385
A101: Lansford Borough | B101: 2022 | C101: ='House Vote Data'!K36 -> 0.49349349 | D101: ='House Vote Data'!G36 -> 0.42
...

Sheet 2024 Backtest
A1: Backtest: Naive vs. Trend, Checked Against Real 2024 (Complete Data)
W2: 2018 | X2: 2020 | Y2: 2022
A3: Municipality | B3: Predicted Dem Share (Trend) | C3: Actual Dem Share | D3: Trend Error (pts) | E3: Naive (=2022) Share | F3: Naive Error (pts) | G3: Trend Winner Correct? | H3: Naive Winner Correct? | M3: (h) trend abs err | N3: (h) naive abs err | O3: Beta | P3: Beta-Adj Predicted Share | Q3: Beta-Adj Error (pts) | R3: Beta-Adj Winner Correct? | S3: (h) beta abs err | T3: (helper) district 2018-22 trend->2024 | U3: Reg. Predicted Share | V3: Reg. Error (pts) | W3: Reg. Winner Correct? | X3: (h) reg abs err
A4: Banks Township | B4: =MIN(1,MAX(0, SLOPE(I4:K4,{2018,2020,2022})*2024 + INTERCEPT(I4:K4,{2018,2020,2022}))) -> 0.30658478 | C4: ='House Vote Data'!G5 -> 0.38841202 | D4: =(B4-C4)*100 -> -8.1827236 | E4: =K4 -> 0.35492228 | F4: =(E4-C4)*100 -> -3.3489737 | G4: =IF(B4>0.5,"D","R")=IF(C4>0.5,"D","R") -> TRUE | H4: =IF(E4>0.5,"D","R")=IF(C4>0.5,"D","R") -> TRUE | I4: ='House Vote Data'!G2 -> 0.41994751 | J4: ='House Vote Data'!G3 -> 0.33996024 | K4: ='House Vote Data'!G4 -> 0.35492228 | M4: =ABS(D4) -> 8.1827236 | N4: =ABS(F4) -> 3.3489737 | O4: =SLOPE(I4:K4,$W$4:$Y$4) -> -0.0070251254 | P4: =MIN(1,MAX(0,K4+O4*($Z$4-$Y$4))) -> 0.34217727 | Q4: =(P4-C4)*100 -> -4.6234743 | R4: =IF(P4>0.5,"D","R")=IF(C4>0.5,"D","R") -> TRUE | S4: =ABS(Q4) -> 4.6234743 | U4: =MIN(1,MAX(0,(9.05022494236107+0.113115349224159*'Registration & ACS Data'!D5*100+11.7889818160387*'Registration & ACS Data'!E5+(-6.22406681530858)*1+0.775169323879817*(K4*100))/100)) -> 0.31908422 | V4: =(U4-C4)*100 -> -6.9327796 | W4: =IF(U4>0.5,"D","R")=IF(C4>0.5,"D","R") -> TRUE | X4: =ABS(V4) -> 6.9327796 | Y4: =SUMIF('House Vote Data'!$A:$A,2022,'House Vote Data'!$D:$D)/(SUMIF('House Vote Data'!$A:$A,2022,'House Vote Data'!$D:$D)+SUMIF('House Vote Data'!$A:$A,2022,'House Vote Data'!$E:$E)) -> 0.50983021 | Z4: =SLOPE(W4:Y4,W2:Y2)*2024+INTERCEPT(W4:Y4,W2:Y2) -> 2.3240335
A5: Beaver Meadows Borough | B5: =MIN(1,MAX(0, SLOPE(I5:K5,{2018,2020,2022})*2024 + INTERCEPT(I5:K5,{2018,2020,2022}))) -> 0.21872725 | C5: ='House Vote Data'!G9 -> 0.28229665 | D5: =(B5-C5)*100 -> -6.3569402 | E5: =K5 -> 0.26751592 | F5: =(E5-C5)*100 -> -1.4780727 | G5: =IF(B5>0.5,"D","R")=IF(C5>0.5,"D","R") -> TRUE | H5: =IF(E5>0.5,"D","R")=IF(C5>0.5,"D","R") -> TRUE | I5: ='House Vote Data'!G6 -> 0.33101045 | J5: ='House Vote Data'!G7 -> 0.24813896 | K5: ='House Vote Data'!G8 -> 0.26751592 | M5: =ABS(D5) -> 6.3569402 | N5: =ABS(F5) -> 1.4780727 | O5: =SLOPE(I5:K5,$W$4:$Y$4) -> -0.0076277745 | P5: =MIN(1,MAX(0,K5+O5*($Z$4-$Y$4))) -> 0.25367759 | Q5: =(P5-C5)*100 -> -2.8619061 | R5: =IF(P5>0.5,"D","R")=IF(C5>0.5,"D","R") -> TRUE | S5: =ABS(Q5) -> 2.8619061 | U5: =MIN(1,MAX(0,(9.05022494236107+0.113115349224159*'Registration & ACS Data'!D9*100+11.7889818160387*'Registration & ACS Data'!E9+(-6.22406681530858)*1+0.775169323879817*(K5*100))/100)) -> 0.22278668 | V5: =(U5-C5)*100 -> -5.9509975 | W5: =IF(U5>0.5,"D","R")=IF(C5>0.5,"D","R") -> TRUE | X5: =ABS(V5) -> 5.9509975
A6: Bowmanstown Borough | B6: =MIN(1,MAX(0, SLOPE(I6:K6,{2018,2020,2022})*2024 + INTERCEPT(I6:K6,{2018,2020,2022}))) -> 0.30806586 | C6: ='House Vote Data'!G13 -> 0.31718062 | D6: =(B6-C6)*100 -> -0.91147571 | E6: =K6 -> 0.3591954 | F6: =(E6-C6)*100 -> 4.2014786 | G6: =IF(B6>0.5,"D","R")=IF(C6>0.5,"D","R") -> TRUE | H6: =IF(E6>0.5,"D","R")=IF(C6>0.5,"D","R") -> TRUE | I6: ='House Vote Data'!G10 -> 0.38596491 | J6: ='House Vote Data'!G11 -> 0.25934579 | K6: ='House Vote Data'!G12 -> 0.3591954 | M6: =ABS(D6) -> 0.91147571 | N6: =ABS(F6) -> 4.2014786 | O6: =SLOPE(I6:K6,$W$4:$Y$4) -> -0.017986272 | P6: =MIN(1,MAX(0,K6+O6*($Z$4-$Y$4))) -> 0.32656465 | Q6: =(P6-C6)*100 -> 0.93840325 | R6: =IF(P6>0.5,"D","R")=IF(C6>0.5,"D","R") -> TRUE | S6: =ABS(Q6) -> 0.93840325 | U6: =MIN(1,MAX(0,(9.05022494236107+0.113115349224159*'Registration & ACS Data'!D13*100+11.7889818160387*'Registration & ACS Data'!E13+(-6.22406681530858)*1+0.775169323879817*(K6*100))/100)) -> 0.31367265 | V6: =(U6-C6)*100 -> -0.35079667 | W6: =IF(U6>0.5,"D","R")=IF(C6>0.5,"D","R") -> TRUE | X6: =ABS(V6) -> 0.35079667
A7: East Penn Township | B7: =MIN(1,MAX(0, SLOPE(I7:K7,{2018,2020,2022})*2024 + INTERCEPT(I7:K7,{2018,2020,2022}))) -> 0.24380138 | C7: ='House Vote Data'!G17 -> 0.25901833 | D7: =(B7-C7)*100 -> -1.5216955 | E7: =K7 -> 0.28681573 | F7: =(E7-C7)*100 -> 2.7797396 | G7: =IF(B7>0.5,"D","R")=IF(C7>0.5,"D","R") -> TRUE | H7: =IF(E7>0.5,"D","R")=IF(C7>0.5,"D","R") -> TRUE | I7: ='House Vote Data'!G14 -> 0.33213321 | J7: ='House Vote Data'!G15 -> 0.24840764 | K7: ='House Vote Data'!G16 -> 0.28681573 | M7: =ABS(D7) -> 1.5216955 | N7: =ABS(F7) -> 2.7797396 | O7: =SLOPE(I7:K7,$W$4:$Y$4) -> -0.0094038666 | P7: =MIN(1,MAX(0,K7+O7*($Z$4-$Y$4))) -> 0.2697552 | Q7: =(P7-C7)*100 -> 1.0736871 | R7: =IF(P7>0.5,"D","R")=IF(C7>0.5,"D","R") -> TRUE | S7: =ABS(Q7) -> 1.0736871 | U7: =MIN(1,MAX(0,(9.05022494236107+0.113115349224159*'Registration & ACS Data'!D17*100+11.7889818160387*'Registration & ACS Data'!E17+(-6.22406681530858)*1+0.775169323879817*(K7*100))/100)) -> 0.23340984 | V7: =(U7-C7)*100 -> -2.560849 | W7: =IF(U7>0.5,"D","R")=IF(C7>0.5,"D","R") -> TRUE | X7: =ABS(V7) -> 2.560849
