Workbook

Sheet Read Me
A1: PA-07 U.S. House Mail-Ballot Data — Combined Workbook
A4: Year | B4: Mail Requests | C4: Mail Returned | D4: Mail Recorded | E4: Dem. House Votes | F4: Rep. House Votes | G4: Dem. Candidate Mail Votes | H4: Rep. Candidate Mail Votes
A5: 2020 | B5: ='Master County Summary'!D8 -> 182782 | C5: ='Master County Summary'!F8 -> 162725 | D5: ='Master County Summary'!G8 -> n.a. | E5: ='Master County Summary'!K8 -> 195462 | F5: ='Master County Summary'!M8 -> 181368 | G5: ='Master County Summary'!R8 -> Not finalized | H5: ='Master County Summary'!S8 -> Not finalized
A6: 2022 | B6: ='Master County Summary'!D15 -> 87296 | C6: ='Master County Summary'!F15 -> 78087 | D6: ='Master County Summary'!G15 -> n.a. | E6: ='Master County Summary'!K15 -> 151364 | F6: ='Master County Summary'!M15 -> 145527 | G6: ='Master County Summary'!R15 -> 60736 | H6: ='Master County Summary'!S15 -> 16382
A7: 2024 | B7: ='Master County Summary'!D22 -> 142884 | C7: ='Master County Summary'!F22 -> 128928 | D7: ='Master County Summary'!G22 -> 127494 | E7: ='Master County Summary'!K22 -> 199626 | F7: ='Master County Summary'!M22 -> 203688 | G7: ='Master County Summary'!R22 -> 80909 | H7: ='Master County Summary'!S22 -> 44560

Sheet Master County Summary
A1: PA-07 U.S. House — Master County Summary
A2: All-method House vote totals are separate from candidate mail votes. Returned and recorded mail-ballot ratios are shown separately where available.
A4: Year | B4: County / PA-07 Portion | C4: Request Definition | D4: Mail Requests | E4: Ballots Issued | F4: Mail Returned | G4: Mail Recorded | H4: Returned / Requests | I4: Recorded / Requests | J4: Dem. Candidate | K4: Dem. Votes — All Methods | L4: Rep. Candidate | M4: Rep. Votes — All Methods | N4: Two-Party House Total | O4: Dem. Two-Party Share | P4: Returned / House Total | Q4: Recorded / House Total | R4: Dem. Candidate Mail Votes | S4: Rep. Candidate Mail Votes | T4: Two-Candidate Mail Total
A5: 2020 | B5: Lehigh | C5: All request records | D5: 87328 | E5: 86807 | F5: 77097 | G5: n.a. | H5: =IFERROR(F5/D5,"") -> 0.88284399 | I5: =IF(ISNUMBER(G5),IFERROR(G5/D5,""),"") | J5: Susan Wild | K5: 96835 | L5: Lisa Scheller | M5: 85219 | N5: =K5+M5 -> 182054 | O5: =IFERROR(K5/N5,"") -> 0.53190262 | P5: =IFERROR(F5/N5,"") -> 0.42348424 | Q5: =IF(ISNUMBER(G5),IFERROR(G5/N5,""),"") | R5: 56508 | S5: 19111 | T5: =IF(AND(ISNUMBER(R5),ISNUMBER(S5)),R5+S5,"") -> 75619
A6: 2020 | B6: Monroe — PA-07 portion | C6: All request records | D6: 12694 | E6: 12663 | F6: 11745 | G6: n.a. | H6: =IFERROR(F6/D6,"") -> 0.92524027 | I6: =IF(ISNUMBER(G6),IFERROR(G6/D6,""),"") | J6: Susan Wild | K6: 15527 | L6: Lisa Scheller | M6: 12527 | N6: =K6+M6 -> 28054 | O6: =IFERROR(K6/N6,"") -> 0.55346831 | P6: =IFERROR(F6/N6,"") -> 0.41865688 | Q6: =IF(ISNUMBER(G6),IFERROR(G6/N6,""),"") | R6: 8454 | S6: 2715 | T6: =IF(AND(ISNUMBER(R6),ISNUMBER(S6)),R6+S6,"") -> 11169
A7: 2020 | B7: Northampton | C7: All request records | D7: 82760 | E7: 82750 | F7: 73883 | G7: n.a. | H7: =IFERROR(F7/D7,"") -> 0.89273804 | I7: =IF(ISNUMBER(G7),IFERROR(G7/D7,""),"") | J7: Susan Wild | K7: 83100 | L7: Lisa Scheller | M7: 83622 | N7: =K7+M7 -> 166722 | O7: =IFERROR(K7/N7,"") -> 0.49843452 | P7: =IFERROR(F7/N7,"") -> 0.44315087 | Q7: =IF(ISNUMBER(G7),IFERROR(G7/N7,""),"") | R7: 52247 | S7: 20269 | T7: =IF(AND(ISNUMBER(R7),ISNUMBER(S7)),R7+S7,"") -> 72516
A8: 2020 | B8: PA-07 TOTAL | C8: All request records | D8: 182782 | E8: 182220 | F8: 162725 | G8: n.a. | H8: =IFERROR(F8/D8,"") -> 0.89026819 | I8: =IF(ISNUMBER(G8),IFERROR(G8/D8,""),"") | J8: Susan Wild | K8: 195462 | L8: Lisa Scheller | M8: 181368 | N8: =K8+M8 -> 376830 | O8: =IFERROR(K8/N8,"") -> 0.51870074 | P8: =IFERROR(F8/N8,"") -> 0.43182602 | Q8: =IF(ISNUMBER(G8),IFERROR(G8/N8,""),"") | R8: Not finalized | S8: Not finalized | T8: =IF(AND(ISNUMBER(R8),ISNUMBER(S8)),R8+S8,"")
A11: 2022 | B11: Carbon | C11: All request records | D11: 5313 | E11: 5284 | F11: 4813 | G11: n.a. | H11: =IFERROR(F11/D11,"") -> 0.90589121 | I11: =IF(ISNUMBER(G11),IFERROR(G11/D11,""),"") | J11: Susan Wild | K11: 9189 | L11: Lisa Scheller | M11: 16844 | N11: =K11+M11 -> 26033 | O11: =IFERROR(K11/N11,"") -> 0.35297507 | P11: =IFERROR(F11/N11,"") -> 0.18488073 | Q11: =IF(ISNUMBER(G11),IFERROR(G11/N11,""),"") | R11: 3296 | S11: 1449 | T11: =IF(AND(ISNUMBER(R11),ISNUMBER(S11)),R11+S11,"") -> 4745
A12: 2022 | B12: Lehigh | C12: All request records | D12: 40849 | E12: 40698 | F12: 35734 | G12: n.a. | H12: =IFERROR(F12/D12,"") -> 0.87478274 | I12: =IF(ISNUMBER(G12),IFERROR(G12/D12,""),"") | J12: Susan Wild | K12: 73756 | L12: Lisa Scheller | M12: 62343 | N12: =K12+M12 -> 136099 | O12: =IFERROR(K12/N12,"") -> 0.54192904 | P12: =IFERROR(F12/N12,"") -> 0.26255887 | Q12: =IF(ISNUMBER(G12),IFERROR(G12/N12,""),"") | R12: 28362 | S12: 6995 | T12: =IF(AND(ISNUMBER(R12),ISNUMBER(S12)),R12+S12,"") -> 35357
A13: 2022 | B13: Monroe — PA-07 portion | C13: All request records | D13: 1122 | E13: 1121 | F13: 1014 | G13: n.a. | H13: =IFERROR(F13/D13,"") -> 0.90374332 | I13: =IF(ISNUMBER(G13),IFERROR(G13/D13,""),"") | J13: Susan Wild | K13: 1762 | L13: Lisa Scheller | M13: 3540 | N13: =K13+M13 -> 5302 | O13: =IFERROR(K13/N13,"") -> 0.33232742 | P13: =IFERROR(F13/N13,"") -> 0.19124859 | Q13: =IF(ISNUMBER(G13),IFERROR(G13/N13,""),"") | R13: 726 | S13: 256 | T13: =IF(AND(ISNUMBER(R13),ISNUMBER(S13)),R13+S13,"") -> 982
A14: 2022 | B14: Northampton | C14: All request records | D14: 40012 | E14: 39922 | F14: 36526 | G14: n.a. | H14: =IFERROR(F14/D14,"") -> 0.91287614 | I14: =IF(ISNUMBER(G14),IFERROR(G14/D14,""),"") | J14: Susan Wild | K14: 66657 | L14: Lisa Scheller | M14: 62800 | N14: =K14+M14 -> 129457 | O14: =IFERROR(K14/N14,"") -> 0.51489684 | P14: =IFERROR(F14/N14,"") -> 0.28214774 | Q14: =IF(ISNUMBER(G14),IFERROR(G14/N14,""),"") | R14: 28352 | S14: 7682 | T14: =IF(AND(ISNUMBER(R14),ISNUMBER(S14)),R14+S14,"") -> 36034
A15: 2022 | B15: PA-07 TOTAL | C15: All request records | D15: 87296 | E15: 87025 | F15: 78087 | G15: n.a. | H15: =IFERROR(F15/D15,"") -> 0.89450834 | I15: =IF(ISNUMBER(G15),IFERROR(G15/D15,""),"") | J15: Susan Wild | K15: 151364 | L15: Lisa Scheller | M15: 145527 | N15: =K15+M15 -> 296891 | O15: =IFERROR(K15/N15,"") -> 0.50983021 | P15: =IFERROR(F15/N15,"") -> 0.26301572 | Q15: =IF(ISNUMBER(G15),IFERROR(G15/N15,""),"") | R15: 60736 | S15: 16382 | T15: =IF(AND(ISNUMBER(R15),ISNUMBER(S15)),R15+S15,"") -> 77118
A18: 2024 | B18: Carbon | C18: Approved requests | D18: 8705 | E18: 8641 | F18: 7349 | G18: 7313 | H18: =IFERROR(F18/D18,"") -> 0.84422746 | I18: =IF(ISNUMBER(G18),IFERROR(G18/D18,""),"") -> 0.8400919 | J18: Susan Wild | K18: 11614 | L18: Ryan Mackenzie | M18: 22813 | N18: =K18+M18 -> 34427 | O18: =IFERROR(K18/N18,"") -> 0.3373515 | P18: =IFERROR(F18/N18,"") -> 0.21346617 | Q18: =IF(ISNUMBER(G18),IFERROR(G18/N18,""),"") -> 0.21242048 | R18: 4022 | S18: 3130 | T18: =IF(AND(ISNUMBER(R18),ISNUMBER(S18)),R18+S18,"") -> 7152
A19: 2024 | B19: Lehigh | C19: Approved requests | D19: 65504 | E19: 65166 | F19: 58514 | G19: 57757 | H19: =IFERROR(F19/D19,"") -> 0.89328896 | I19: =IF(ISNUMBER(G19),IFERROR(G19/D19,""),"") -> 0.88173241 | J19: Susan Wild | K19: 98017 | L19: Ryan Mackenzie | M19: 89350 | N19: =K19+M19 -> 187367 | O19: =IFERROR(K19/N19,"") -> 0.52312841 | P19: =IFERROR(F19/N19,"") -> 0.31229619 | Q19: =IF(ISNUMBER(G19),IFERROR(G19/N19,""),"") -> 0.30825599 | R19: 37662 | S19: 19173 | T19: =IF(AND(ISNUMBER(R19),ISNUMBER(S19)),R19+S19,"") -> 56835
A20: 2024 | B20: Monroe — PA-07 portion | C20: Approved requests | D20: 2236 | E20: 2236 | F20: 2043 | G20: 2032 | H20: =IFERROR(F20/D20,"") -> 0.91368515 | I20: =IF(ISNUMBER(G20),IFERROR(G20/D20,""),"") -> 0.90876565 | J20: Susan Wild | K20: 2406 | L20: Ryan Mackenzie | M20: 5015 | N20: =K20+M20 -> 7421 | O20: =IFERROR(K20/N20,"") -> 0.32421507 | P20: =IFERROR(F20/N20,"") -> 0.27529982 | Q20: =IF(ISNUMBER(G20),IFERROR(G20/N20,""),"") -> 0.27381754 | R20: 1087 | S20: 908 | T20: =IF(AND(ISNUMBER(R20),ISNUMBER(S20)),R20+S20,"") -> 1995
A21: 2024 | B21: Northampton | C21: Approved requests | D21: 66439 | E21: 66098 | F21: 61022 | G21: 60392 | H21: =IFERROR(F21/D21,"") -> 0.91846656 | I21: =IF(ISNUMBER(G21),IFERROR(G21/D21,""),"") -> 0.90898418 | J21: Susan Wild | K21: 87589 | L21: Ryan Mackenzie | M21: 86510 | N21: =K21+M21 -> 174099 | O21: =IFERROR(K21/N21,"") -> 0.50309881 | P21: =IFERROR(F21/N21,"") -> 0.35050173 | Q21: =IF(ISNUMBER(G21),IFERROR(G21/N21,""),"") -> 0.3468831 | R21: 38138 | S21: 21349 | T21: =IF(AND(ISNUMBER(R21),ISNUMBER(S21)),R21+S21,"") -> 59487
A22: 2024 | B22: PA-07 TOTAL | C22: Approved requests | D22: 142884 | E22: 142141 | F22: 128928 | G22: 127494 | H22: =IFERROR(F22/D22,"") -> 0.90232636 | I22: =IF(ISNUMBER(G22),IFERROR(G22/D22,""),"") -> 0.89229025 | J22: Susan Wild | K22: 199626 | L22: Ryan Mackenzie | M22: 203688 | N22: =K22+M22 -> 403314 | O22: =IFERROR(K22/N22,"") -> 0.49496422 | P22: =IFERROR(F22/N22,"") -> 0.31967152 | Q22: =IF(ISNUMBER(G22),IFERROR(G22/N22,""),"") -> 0.31611598 | R22: 80909 | S22: 44560 | T22: =IF(AND(ISNUMBER(R22),ISNUMBER(S22)),R22+S22,"") -> 125469

Sheet Party Mail Ballots
A1: PA-07 Mail Ballots by Registered Party
A2: Registered party describes the voter registration in the request file. It does not identify which U.S. House candidate the voter selected.
A4: Year | B4: County / PA-07 Portion | C4: Registered Party | D4: Mail Requests | E4: Ballots Issued | F4: Mail Returned | G4: Mail Recorded | H4: Returned / Requests | I4: Recorded / Requests
A5: 2020 | B5: Lehigh | C5: Democratic | D5: 53589 | E5: 53299 | F5: 48487 | G5: n.a. | H5: 0.90479389
A6: 2020 | B6: Lehigh | C6: Republican | D6: 21386 | E6: 21243 | F6: 17863 | G6: n.a. | H6: 0.83526606
A7: 2020 | B7: Lehigh | C7: Other / No affiliation | D7: 12353 | E7: 12265 | F7: 10747 | G7: n.a. | H7: 0.8699911
A8: 2020 | B8: Monroe — PA-07 portion | C8: Democratic | D8: 8042 | E8: 8026 | F8: 7560 | G8: n.a. | H8: 0.94006466
A9: 2020 | B9: Monroe — PA-07 portion | C9: Republican | D9: 2766 | E9: 2758 | F9: 2487 | G9: n.a. | H9: 0.89913232
A10: 2020 | B10: Monroe — PA-07 portion | C10: Other / No affiliation | D10: 1886 | E10: 1879 | F10: 1698 | G10: n.a. | H10: 0.90031813
A11: 2020 | B11: Northampton | C11: Democratic | D11: 49522 | E11: 49518 | F11: 45426 | G11: n.a. | H11: 0.91728929
A12: 2020 | B12: Northampton | C12: Republican | D12: 20618 | E12: 20618 | F12: 17382 | G12: n.a. | H12: 0.84304976
A13: 2020 | B13: Northampton | C13: Other / No affiliation | D13: 12620 | E13: 12614 | F13: 11075 | G13: n.a. | H13: 0.87757528
A14: 2020 | B14: PA-07 TOTAL | C14: All parties | D14: 182782 | E14: 182220 | F14: 162725 | G14: n.a. | H14: 0.89026819
A17: 2022 | B17: Carbon | C17: Democratic | D17: 3393 | E17: 3374 | F17: 3089 | G17: n.a. | H17: 0.91040377
A18: 2022 | B18: Carbon | C18: Republican | D18: 1420 | E18: 1415 | F18: 1298 | G18: n.a. | H18: 0.91408451
... A29: 2022 | B29: PA-07 TOTAL | C29: All parties | D29: 87296 | E29: 87025 | F29: 78087 | G29: n.a. | H29: 0.89450834
A32: 2024 | B32: Carbon | C32: Democratic | D32: 4070 | E32: 4041 | F32: 3596 | G32: 3581 | H32: 0.88353808 | I32: 0.87985258
A33: 2024 | B33: Carbon | C33: Republican | D33: 3551 | E33: 3526 | F33: 2890 | G33: 2876 | H33: 0.81385525 | I33: 0.8099127
A34: 2024 | B34: Carbon | C34: Other / No affiliation | D34: 1084 | E34: 1074 | F34: 863 | G34: 856 | H34: 0.79612546 | I34: 0.7896679
A35: 2024 | B35: Lehigh | C35: Democratic | D35: 35142 | E35: 34938 | F35: 31806 | G35: 31432 | H35: 0.90507086 | I35: 0.89442832
A36: 2024 | B36: Lehigh | C36: Republican | D36: 20668 | E36: 20579 | F36: 18467 | G36: 18202 | H36: 0.89350687 | I36: 0.88068512
A37: 2024 | B37: Lehigh | C37: Other / No affiliation | D37: 9694 | E37: 9649 | F37: 8241 | G37: 8123 | H37: 0.85011347 | I37: 0.83794099
A38: 2024 | B38: Monroe — PA-07 portion | C38: Democratic | D38: 1012 | E38: 1012 | F38: 941 | G38: 939 | H38: 0.9298419 | I38: 0.92786561
A39: 2024 | B39: Monroe — PA-07 portion | C39: Republican | D39: 898 | E39: 898 | F39: 814 | G39: 809 | H39: 0.9064588 | I39: 0.90089087
A40: 2024 | B40: Monroe — PA-07 portion | C40: Other / No affiliation | D40: 326 | E40: 326 | F40: 288 | G40: 284 | H40: 0.88343558 | I40: 0.87116564
A41: 2024 | B41: Northampton | C41: Democratic | D41: 34817 | E41: 34608 | F41: 32178 | G41: 31892 | H41: 0.92420369 | I41: 0.91598932
A42: 2024 | B42: Northampton | C42: Republican | D42: 21308 | E42: 21214 | F42: 19625 | G42: 19402 | H42: 0.92101558 | I42: 0.91055003
A43: 2024 | B43: Northampton | C43: Other / No affiliation | D43: 10314 | E43: 10276 | F43: 9219 | G43: 9098 | H43: 0.894 | I43: 0.882
A44: 2024 | B44: PA-07 TOTAL | C44: All parties | D44: 142884 | E44: 142141 | F44: 128928 | G44: 127494 | H44: 0.902 | I44: 0.892

Sheet Candidate Mail Votes
A1: PA-07 U.S. House — Candidate Mail Votes
A2: These are U.S. House candidate votes reported in county mail categories. They are not ballot requests, return counts, or party-registration counts.
A4: Year | B4: County / PA-07 Portion | C4: Susan Wild (D) Mail Votes | D4: Republican Candidate | E4: Republican Mail Votes | F4: Two-Candidate Mail Total | G4: Status / Scope
A5: 2020 | B5: Lehigh | C5: 56508 | D5: Lisa Scheller | E5: 19111 | F5: 75619 | G5: With Segregated; reconciliation pending
A6: 2020 | B6: Monroe — PA-07 portion | C6: 8454 | D6: Lisa Scheller | E6: 2715 | F6: 11169 | G6: Mail-In/Absentee; military votes excluded
A7: 2020 | B7: Northampton | C7: 52247 | D7: Lisa Scheller | E7: 20269 | F7: 72516 | G7: Official report: Mail Votes
A8: 2020 | B8: PA-07 TOTAL | C8: Data wasn't finalized | D8: Lisa Scheller | E8: Data wasn't finalized | G8: Lehigh reconciliation remains unresolved
A11: 2022 | B11: Carbon | C11: 3296 | D11: Lisa Scheller | E11: 1449 | F11: 4745 | G11: County report: Mail-In
A12: 2022 | B12: Lehigh | C12: 28362 | D12: Lisa Scheller | E12: 6995 | F12: 35357 | G12: Official CSV: Mail Ballots Votes
A13: 2022 | B13: Monroe — PA-07 portion | C13: 726 | D13: Lisa Scheller | E13: 256 | F13: 982 | G13: Mail-In/Absentee; PA-07 portion only
A14: 2022 | B14: Northampton | C14: 28352 | D14: Lisa Scheller | E14: 7682 | F14: 36034 | G14: Official report: Mail Votes
A15: 2022 | B15: PA-07 TOTAL | C15: 60736 | D15: Lisa Scheller | E15: 16382 | F15: 77118 | G15: Two named candidates; excludes write-ins
A18: 2024 | B18: Carbon | C18: 4022 | D18: Ryan Mackenzie | E18: 3130 | F18: 7152 | G18: County report: Mail-In
A19: 2024 | B19: Lehigh | C19: 37662 | D19: Ryan Mackenzie | E19: 19173 | F19: 56835 | G19: Official CSV: Mail Ballots Votes
A20: 2024 | B20: Monroe — PA-07 portion | C20: 1087 | D20: Ryan Mackenzie | E20: 908 | F20: 1995 | G20: Mail-In/Absentee; PA-07 portion only
A21: 2024 | B21: Northampton | C21: 38138 | D21: Ryan Mackenzie | E21: 21349 | F21: 59487 | G21: Official report: Mail Votes
A22: 2024 | B22: PA-07 TOTAL | C22: 80909 | D22: Ryan Mackenzie | E22: 44560 | F22: 125469 | G22: Two named candidates; excludes write-ins

Sheet Notes for myself
A1: The Two Workbooks
A3: Area | B3: Workbook 1 | C3: Workbook 2 | D3: Combined Treatment
A4: County request / issued / returned data | B4: Yes | C4: Yes | D4: Kept once in Master County Summary.
A5: 2024 recorded-ballot counts | B5: Yes | C5: Yes | D5: Kept once; separate Recorded / Requests and Recorded / House ratios.
A6: All-method U.S. House candidate totals | B6: Yes | C6: Yes | D6: Kept once in Master County Summary.
A7: Party-level mail request / return breakdown | B7: No | C7: Yes | D7: Preserved in Party Mail Ballots.
A8: Actual U.S. House candidate mail votes | B8: No | C8: Yes | D8: Preserved in Candidate Mail Votes and linked into Master County Summary.
A9: Source codes and county report links | B9: Limited | C9: Yes | D9: Preserved in Sources & Notes.
A10: Year-by-year simplified presentation | B10: Yes | C10: No | D10: Replaced by one filterable Master County Summary plus yearly totals on Read Me.
A11: 2024 mail-share definition | B11: Returned ÷ House total | C11: Recorded ÷ House total | D11: Both are retained as separate columns.
A12: 2020 district candidate mail total | B12: Not included | C12: Not finalized | D12: Preserved as not finalized; county figures remain visible.
A14: Automated overlap check
A15: Shared county rows checked | B15: 11
A16: Requests/issued/returned/recorded + all-method House totals matched | B16: Yes
