Workbook

Sheet Scenario & Comparison
A1: PA-07 2026 House Forecast — Precinct Level: three forecasts compared
A2: Candidates: Brooks | Mackenzie | Change the yellow cell to set the district-wide Brooks share; all three forecasts and their district totals update.
A3: Forecasts A, B and C use different SHAP-based weightings of the same random-forest inputs (see How Forecasts Are Weighted). Error terms come from each forecast’s own 2024 backtest.
A5: SCENARIO
A6: District-wide Brooks share of the two-party vote (input) | C6: =AVERAGE(C10,C12) -> 0.52816948 | D6: ← default: average of the 2018 and 2022 midterms in today’s district
A8: Past House results in today’s district | C8: Democratic share | D8: Democratic votes | E8: Republican votes
A9: (certified precinct returns; Carbon and Polk 2018/2020 excluded — they voted in PA-09/PA-08)
A10: 2018 General | C10: =D10/(D10+E10) -> 0.54737325 | D10: 126510 | E10: 104612
A11: 2020 General | C11: =D11/(D11+E11) -> 0.51437081 | D11: 176154 | E11: 166311
A12: 2022 General | C12: =D12/(D12+E12) -> 0.50896572 | D12: 149243 | E12: 143985
A13: 2024 General | C13: =D13/(D13+E13) -> 0.49424813 | D13: 196561 | E13: 201136
A15: DISTRICT TOTALS BY FORECAST (live from each forecast tab)
A16: Forecast | B16: Weighting | C16: Brooks votes | D16: Mackenzie votes | E16: Total votes | F16: Brooks share | G16: Error term (± pts) | H16: Brooks share range | I16: Error term, Brooks votes (±)
A17: Forecast A | B17: Full random forest | C17: ='2026 Forecast A'!D8 -> 158256 | D17: ='2026 Forecast A'!E8 -> 141367 | E17: ='2026 Forecast A'!F8 -> 299623 | F17: ='2026 Forecast A'!G8 -> 0.52818375 | G17: ='2026 Forecast A'!J8 -> 2.2311014 | H17: =TEXT('2026 Forecast A'!K8,"0.0%")&" – "&TEXT('2026 Forecast A'!L8,"0.0%") -> 50.6% – 55.0% | I17: ='2026 Forecast A'!N8 -> 8118
A18: Forecast B | B18: SHAP-selected forest | C18: ='2026 Forecast B'!D8 -> 158252 | D18: ='2026 Forecast B'!E8 -> 141371 | E18: ='2026 Forecast B'!F8 -> 299623 | F18: ='2026 Forecast B'!G8 -> 0.5281704 | G18: ='2026 Forecast B'!J8 -> 2.2335886 | H18: =TEXT('2026 Forecast B'!K8,"0.0%")&" – "&TEXT('2026 Forecast B'!L8,"0.0%") -> 50.6% – 55.1% | I18: ='2026 Forecast B'!N8 -> 8124
A19: Forecast C | B19: SHAP family-reweighted forest | C19: ='2026 Forecast C'!D8 -> 158260 | D19: ='2026 Forecast C'!E8 -> 141363 | E19: ='2026 Forecast C'!F8 -> 299623 | F19: ='2026 Forecast C'!G8 -> 0.5281971 | G19: ='2026 Forecast C'!J8 -> 2.2330359 | H19: =TEXT('2026 Forecast C'!K8,"0.0%")&" – "&TEXT('2026 Forecast C'!L8,"0.0%") -> 50.6% – 55.1% | I19: ='2026 Forecast C'!N8 -> 8122
A21: ERROR TERMS — 2024 BACKTEST OF EACH FORECAST
A22: Forecast | B22: Rows scored | C22: Avg miss per row, Dem share (pts) | D22: RMS miss per row, Dem share (pts) | E22: District-wide miss (pts) | F22: Pattern RMS miss (pts) | G22: Total votes cast miss | H22: Avg miss per row, Dem votes | I22: Rows within 3 pts
A23: Forecast A | B23: ='2024 Backtest A'!F384 -> 342 | C23: ='2024 Backtest A'!F378 -> 2.7262324 | D23: ='2024 Backtest A'!F379 -> 3.3438536 | E23: ='2024 Backtest A'!F380 -> 2.2311014 | F23: ='2024 Backtest A'!F381 -> 2.1600589 | G23: ='2024 Backtest A'!F382 -> -0.029072653 | H23: ='2024 Backtest A'!F376 -> 34.152047 | I23: ='2024 Backtest A'!F383 -> 0.62573099
A24: Forecast B | B24: ='2024 Backtest B'!F384 -> 342 | C24: ='2024 Backtest B'!F378 -> 2.8516954 | D24: ='2024 Backtest B'!F379 -> 3.4437264 | E24: ='2024 Backtest B'!F380 -> 2.2335886 | F24: ='2024 Backtest B'!F381 -> 2.274836 | G24: ='2024 Backtest B'!F382 -> -0.029072653 | H24: ='2024 Backtest B'!F376 -> 36.687135 | I24: ='2024 Backtest B'!F383 -> 0.58479532
A25: Forecast C | B25: ='2024 Backtest C'!F384 -> 342 | C25: ='2024 Backtest C'!F378 -> 2.8113842 | D25: ='2024 Backtest C'!F379 -> 3.575552 | E25: ='2024 Backtest C'!F380 -> 2.2330359 | F25: ='2024 Backtest C'!F381 -> 2.4261515 | G25: ='2024 Backtest C'!F382 -> -0.029072653 | H25: ='2024 Backtest C'!F376 -> 34.769006 | I25: ='2024 Backtest C'!F383 -> 0.63157895
A26: District-wide miss is the same for all three because it comes from the level rule (last same-type election), not the forests. The pattern miss is what separates the forecasts; it sets each row’s error term.
A28: PRECINCT COMPARISON (Brooks share by forecast, live)
A29: County | B29: Municipality | C29: Precinct | D29: Forecast A | E29: Forecast B | F29: Forecast C | G29: Spread (max − min, pts) | H29: Error term A (± pts) | I29: Error term B (± pts) | J29: Error term C (± pts) | K29: Projected votes (A) | L29: Calls agree?
A30: ='2026 Forecast A'!A12 -> Carbon | B30: ='2026 Forecast A'!B12 -> BANKS TOWNSHIP | C30: ='2026 Forecast A'!C12 -> BANKS TOWNSHIP | D30: ='2026 Forecast A'!G12 -> 0.44300518 | E30: ='2026 Forecast B'!G12 -> 0.44559585 | F30: ='2026 Forecast C'!G12 -> 0.43782383 | G30: =(MAX(D30:F30)-MIN(D30:F30))*100 -> 0.77720207 | H30: ='2026 Forecast A'!J12 -> 3.0260856 | I30: ='2026 Forecast B'!J12 -> 2.8748004 | J30: ='2026 Forecast C'!J12 -> 3.4531761 | K30: ='2026 Forecast A'!F12 -> 386 | L30: =IF(OR(AND(D30>0.5,E30>0.5,F30>0.5),AND(D30<0.5,E30<0.5,F30<0.5)),"Yes","No — toss-up") -> Yes
A31: ='2026 Forecast A'!A13 -> Carbon | B31: ='2026 Forecast A'!B13 -> BEAVER MEADOWS BOROUGH | C31: ='2026 Forecast A'!C13 -> BEAVER MEADOWS BOROUGH | D31: ='2026 Forecast A'!G13 -> 0.32484076 | E31: ='2026 Forecast B'!G13 -> 0.33121019 | F31: ='2026 Forecast C'!G13 -> 0.31528662 | G31: =(MAX(D31:F31)-MIN(D31:F31))*100 -> 1.5923567 | H31: ='2026 Forecast A'!J13 -> 3.0260856 | I31: ='2026 Forecast B'!J13 -> 2.8748004 | J31: ='2026 Forecast C'!J13 -> 3.4531761 | K31: ='2026 Forecast A'!F13 -> 314 | L31: =IF(OR(AND(D31>0.5,E31>0.5,F31>0.5),AND(D31<0.5,E31<0.5,F31<0.5)),"Yes","No — toss-up") -> Yes
A32: ='2026 Forecast A'!A14 -> Carbon | B32: ='2026 Forecast A'!B14 -> BOWMANSTOWN BOROUGH | C32: ='2026 Forecast A'!C14 -> BOWMANSTOWN BOROUGH | D32: ='2026 Forecast A'!G14 -> 0.3591954 | E32: ='2026 Forecast B'!G14 -> 0.37356322 | F32: ='2026 Forecast C'!G14 -> 0.35344828 | G32: =(MAX(D32:F32)-MIN(D32:F32))*100 -> 2.0114943 | H32: ='2026 Forecast A'!J14 -> 3.0260856 | I32: ='2026 Forecast B'!J14 -> 2.8748004 | J32: ='2026 Forecast C'!J14 -> 3.4531761 | K32: ='2026 Forecast A'!F14 -> 348 | L32: =IF(OR(AND(D32>0.5,E32>0.5,F32>0.5),AND(D32<0.5,E32<0.5,F32<0.5)),"Yes","No — toss-up") -> Yes
A33: ='2026 Forecast A'!A15 -> Carbon | B33: ='2026 Forecast A'!B15 -> EAST PENN TOWNSHIP | C33: ='2026 Forecast A'!C15 -> EAST PENN TOWNSHIP-NORTH | D33: ='2026 Forecast A'!G15 -> 0.29083095 | E33: ='2026 Forecast B'!G15 -> 0.29799427 | F33: ='2026 Forecast C'!G15 -> 0.28223496 | G33: =(MAX(D33:F33)-MIN(D33:F33))*100 -> 1.5759312 | H33: ='2026 Forecast A'!J15 -> 3.0260856 | I33: ='2026 Forecast B'!J15 -> 2.8748004 | J33: ='2026 Forecast C'!J15 -> 3.4531761 | K33: ='2026 Forecast A'!F15 -> 698 | L33: =IF(OR(AND(D33>0.5,E33>0.5,F33>0.5),AND(D33<0.5,E33<0.5,F33<0.5)),"Yes","No — toss-up") -> Yes
A34: ='2026 Forecast A'!A16 -> Carbon | B34: ='2026 Forecast A'!B16 -> EAST PENN TOWNSHIP | C34: ='2026 Forecast A'!C16 -> EAST PENN TOWNSHIP-SOUTH | D34: ='2026 Forecast A'!G16 -> 0.32053422 | E34: ='2026 Forecast B'!G16 -> 0.32053422 | F34: ='2026 Forecast C'!G16 -> 0.31218698 | G34: =(MAX(D34:F34)-MIN(D34:F34))*100 -> 0.83472454 | H34: ='2026 Forecast A'!J16 -> 3.0260856 | I34: ='2026 Forecast B'!J16 -> 2.8748004 | J34: ='2026 Forecast C'!J16 -> 3.4531761 | K34: ='2026 Forecast A'!F16 -> 599 | L34: =IF(OR(AND(D34>0.5,E34>0.5,F34>0.5),AND(D34<0.5,E34<0.5,F34<0.5)),"Yes","No — toss-up") -> Yes
A35: ='2026 Forecast A'!A17 -> Carbon | B35: ='2026 Forecast A'!B17 -> EAST SIDE BOROUGH | C35: ='2026 Forecast A'!C17 -> EAST SIDE BOROUGH | D35: ='2026 Forecast A'!G17 -> 0.38297872 | E35: ='2026 Forecast B'!G17 -> 0.39361702 | F35: ='2026 Forecast C'!G17 -> 0.37234043 | G35: =(MAX(D35:F35)-MIN(D35:F35))*100 -> 2.1276596 | H35: ='2026 Forecast A'!J17 -> 3.0260856 | I35: ='2026 Forecast B'!J17 -> 2.8748004 | J35: ='2026 Forecast C'!J17 -> 3.4531761 | K35: ='2026 Forecast A'!F17 -> 94 | L35: =IF(OR(AND(D35>0.5,E35>0.5,F35>0.5),AND(D35<0.5,E35<0.5,F35<0.5)),"Yes","No — toss-up") -> Yes
A36: ='2026 Forecast A'!A18 -> Carbon | B36: ='2026 Forecast A'!B18 -> FRANKLIN TOWNSHIP | C36: ='2026 Forecast A'!C18 -> FRANKLIN TOWNSHIP-HARRITY | D36: ='2026 Forecast A'!G18 -> 0.32300358 | E36: ='2026 Forecast B'!G18 -> 0.32300358 | F36: ='2026 Forecast C'!G18 -> 0.31346841 | G36: =(MAX(D36:F36)-MIN(D36:F36))*100 -> 0.95351609 | H36: ='2026 Forecast A'!J18 -> 1.8085538 | I36: ='2026 Forecast B'!J18 -> 1.924721 | J36: ='2026 Forecast C'!J18 -> 2.0502504 | K36: ='2026 Forecast A'!F18 -> 839 | L36: =IF(OR(AND(D36>0.5,E36>0.5,F36>0.5),AND(D36<0.5,E36<0.5,F36<0.5)),"Yes","No — toss-up") -> Yes
A37: ='2026 Forecast A'!A19 -> Carbon | B37: ='2026 Forecast A'!B19 -> FRANKLIN TOWNSHIP | C37: ='2026 Forecast A'!C19 -> FRANKLIN TOWNSHIP-IND DIST | D37: ='2026 Forecast A'!G19 -> 0.31277533 | E37: ='2026 Forecast B'!G19 -> 0.31938326 | F37: ='2026 Forecast C'!G19 -> 0.30396476 | G37: =(MAX(D37:F37)-MIN(D37:F37))*100 -> 1.5418502 | H37: ='2026 Forecast A'!J19 -> 3.0260856 | I37: ='2026 Forecast B'!J19 -> 2.8748004 | J37: ='2026 Forecast C'!J19 -> 3.4531761 | K37: ='2026 Forecast A'!F19 -> 454 | L37: =IF(OR(AND(D37>0.5,E37>0.5,F37>0.5),AND(D37<0.5,E37<0.5,F37<0.5)),"Yes","No — toss-up") -> Yes
A38: ='2026 Forecast A'!A20 -> Carbon | B38: ='2026 Forecast A'!B20 -> FRANKLIN TOWNSHIP | C38: ='2026 Forecast A'!C20 -> FRANKLIN TOWNSHIP-LONG RUN | D38: ='2026 Forecast A'!G20 -> 0.3112782 | E38: ='2026 Forecast B'!G20 -> 0.3112782 | F38: ='2026 Forecast C'!G20 -> 0.30225564 | G38: =(MAX(D38:F38)-MIN(D38:F38))*100 -> 0.90225564 | H38: ='2026 Forecast A'!J20 -> 3.0260856 | I38: ='2026 Forecast B'!J20 -> 2.8748004 | J38: ='2026 Forecast C'!J20 -> 3.4531761 | K38: ='2026 Forecast A'!F20 -> 665 | L38: =IF(OR(AND(D38>0.5,E38>0.5,F38>0.5),AND(D38<0.5,E38<0.5,F38<0.5)),"Yes","No — toss-up") -> Yes
A39: ='2026 Forecast A'!A21 -> Carbon | B39: ='2026 Forecast A'!B21 -> JIM THORPE BOROUGH | C39: ='2026 Forecast A'!C21 -> JIM THORPE BOROUGH-1ST | D39: ='2026 Forecast A'!G21 -> 0.49090909 | E39: ='2026 Forecast B'!G21 -> 0.5 | F39: ='2026 Forecast C'!G21 -> 0.48863636 | G39: =(MAX(D39:F39)-MIN(D39:F39))*100 -> 1.1363636 | H39: ='2026 Forecast A'!J21 -> 3.0260856 | I39: ='2026 Forecast B'!J21 -> 2.8748004 | J39: ='2026 Forecast C'!J21 -> 3.4531761 | K39: ='2026 Forecast A'!F21 -> 440 | L39: =IF(OR(AND(D39>0.5,E39>0.5,F39>0.5),AND(D39<0.5,E39<0.5,F39<0.5)),"Yes","No — toss-up") -> No — toss-up
A40: ='2026 Forecast A'!A22 -> Carbon | B40: ='2026 Forecast A'!B22 -> JIM THORPE BOROUGH | C40: ='2026 Forecast A'!C22 -> JIM THORPE BOROUGH-2ND | D40: ='2026 Forecast A'!G22 -> 0.47138047 | E40: ='2026 Forecast B'!G22 -> 0.49158249 | F40: ='2026 Forecast C'!G22 -> 0.47138047 | G40: =(MAX(D40:F40)-MIN(D40:F40))*100 -> 2.020202 | H40: ='2026 Forecast A'!J22 -> 3.0260856 | I40: ='2026 Forecast B'!J22 -> 2.8748004 | J40: ='2026 Forecast C'!J22 -> 3.4531761 | K40: ='2026 Forecast A'!F22 -> 297 | L40: =IF(OR(AND(D40>0.5,E40>0.5,F40>0.5),AND(D40<0.5,E40<0.5,F40<0.5)),"Yes","No — toss-up") -> Yes
A41: ='2026 Forecast A'!A23 -> Carbon | B41: ='2026 Forecast A'!B23 -> JIM THORPE BOROUGH | C41: ='2026 Forecast A'!C23 -> JIM THORPE BOROUGH-3RD | D41: ='2026 Forecast A'!G23 -> 0.4272 | E41: ='2026 Forecast B'!G23 -> 0.432 | F41: ='2026 Forecast C'!G23 -> 0.4224 | G41: =(MAX(D41:F41)-MIN(D41:F41))*100 -> 0.96 | H41: ='2026 Forecast A'!J23 -> 3.0260856 | I41: ='2026 Forecast B'!J23 -> 2.8748004 | J41: ='2026 Forecast C'!J23 -> 3.4531761 | K41: ='2026 Forecast A'!F23 -> 625 | L41: =IF(OR(AND(D41>0.5,E41>0.5,F41>0.5),AND(D41<0.5,E41<0.5,F41<0.5)),"Yes","No — toss-up") -> Yes
... A399: ='2026 Forecast A'!A381 -> Northampton | B399: ='2026 Forecast A'!B381 -> WIND GAP | C399: ='2026 Forecast A'!C381 -> WIND GAP | D399: ='2026 Forecast A'!G381 -> 0.47671233 | E399: ='2026 Forecast B'!G381 -> 0.47488584 | F399: ='2026 Forecast C'!G381 -> 0.47579909 | G399: =(MAX(D399:F399)-MIN(D399:F399))*100 -> 0.1826484 | H399: ='2026 Forecast A'!J381 -> 1.8085538 | I399: ='2026 Forecast B'!J381 -> 1.924721 | J399: ='2026 Forecast C'!J381 -> 2.0502504 | K399: ='2026 Forecast A'!F381 -> 1095 | L399: =IF(OR(AND(D399>0.5,E399>0.5,F399>0.5),AND(D399<0.5,E399<0.5,F399<0.5)),"Yes","No — toss-up") -> Yes

Sheet 2026 Forecast A
A1: PA-07 2026 House Forecast — Precinct-Level Predictions (Forecast A: full random forest)
A2: Candidates: Brooks | Mackenzie | District totals (yellow) are formulas over the precinct rows.
A3: Brooks and Mackenzie votes are formulas: 2022 House votes cast × forecast Brooks share (turnout held at 2022 levels). Change the district scenario on the Scenario & Comparison tab. Error terms come from this forecast’s 2024 backtest.
A4: Model / scenario | B4: Random forest on results only — Forecast A (Full random forest), precinct model; turnout = 2022 | C4: As-of date | D4: 46300 | E4: Prepared by | F4: Max | G4: Version | H4: v1.0
A5: District Brooks share (scenario) | B5: ='Scenario & Comparison'!$C$6 -> 0.52816948 | C5: Uniform shift applied | D5: =B5-SUMPRODUCT(P12:P381,Q12:Q381)/SUM(Q12:Q381)/100 -> 0.5265672 | E5: 2024 backtest district miss (pts) | F5: 2.2311014
A6: DISTRICT TOTALS (auto-sum — do not type over)
A7: Geography | B7: (muni) | C7: (precinct) | D7: Brooks votes | E7: Mackenzie votes | F7: Total votes | G7: Brooks share | H7: Mackenzie share | I7: Notes | J7: Error term: Brooks share (± pts) | K7: Brooks share, low | L7: Brooks share, high | M7: Error term: votes cast (± votes) | N7: Error term: Brooks votes (± votes)
A8: PA-07 District | B8: (all precincts) | D8: =SUM(D12:D381) -> 158256 | E8: =SUM(E12:E381) -> 141367 | F8: =D8+E8 -> 299623 | G8: =IF(F8=0,"",D8/F8) -> 0.52818375 | H8: =IF(F8=0,"",E8/F8) -> 0.47181625 | I8: Headline forecast for the briefing | J8: 2.2311014 | K8: =G8-J8/100 -> 0.50587274 | L8: =G8+J8/100 -> 0.55049476 | M8: =ROUND(F8*0.0291,0) -> 8719 | N8: =ROUND(SQRT((F8*J8/100)^2+(G8*M8)^2),0) -> 8118
A9: Discussion prompt: Precinct and municipal district totals use the same scenario share, so their Brooks share matches by design; vote totals differ slightly because 2022 votes were re-allocated where precinct lines changed.
A10: PRECINCT DETAIL | P10: MODEL INPUTS (from the random forests — do not edit)
A11: County | B11: Municipality | C11: Precinct | D11: Brooks votes | E11: Mackenzie votes | F11: Total votes | G11: Brooks share | H11: Mackenzie share | I11: Notes / source method | J11: Error term: Brooks share (± pts) | K11: Brooks share, low | L11: Brooks share, high | M11: Error term: votes cast (± votes) | N11: Error term: Brooks votes (± votes) | P11: Model lean vs district (pts) | Q11: Votes cast (= 2022 House votes) | R11: Forecast Brooks share (unrounded) | S11: Votes error term (% of votes) | T11: Size group (backtest error band)
A12: Carbon | B12: BANKS TOWNSHIP | C12: BANKS TOWNSHIP | D12: =ROUND(Q12*R12,0) -> 171 | E12: =ROUND(Q12,0)-D12 -> 215 | F12: =IF(COUNTA(D12:E12)=0,"",SUM(D12:E12)) -> 386 | G12: =IF(OR(F12="",F12=0),"",D12/F12) -> 0.44300518 | H12: =IF(OR(F12="",F12=0),"",E12/F12) -> 0.55699482 | I12: random forest | J12: 3.0260856 | K12: =IF(G12="","",MAX(0,G12-J12/100)) -> 0.41274433 | L12: =IF(G12="","",MIN(1,G12+J12/100)) -> 0.47326604 | M12: =ROUND(Q12*S12,0) -> 24 | N12: =ROUND(SQRT((F12*J12/100)^2+(G12*M12)^2),0) -> 16 | P12: -8.3120668 | Q12: 386 | R12: =MAX(0,MIN(1,P12/100+$D$5)) -> 0.44344653 | S12: 0.061040569 | T12: Small
A13: Carbon | B13: BEAVER MEADOWS BOROUGH | C13: BEAVER MEADOWS BOROUGH | D13: =ROUND(Q13*R13,0) -> 102 | E13: =ROUND(Q13,0)-D13 -> 212 | F13: =IF(COUNTA(D13:E13)=0,"",SUM(D13:E13)) -> 314 | G13: =IF(OR(F13="",F13=0),"",D13/F13) -> 0.32484076 | H13: =IF(OR(F13="",F13=0),"",E13/F13) -> 0.67515924 | I13: random forest | J13: 3.0260856 | K13: =IF(G13="","",MAX(0,G13-J13/100)) -> 0.29457991 | L13: =IF(G13="","",MIN(1,G13+J13/100)) -> 0.35510162 | M13: =ROUND(Q13*S13,0) -> 19 | N13: =ROUND(SQRT((F13*J13/100)^2+(G13*M13)^2),0) -> 11 | P13: -20.225366 | Q13: 314 | R13: =MAX(0,MIN(1,P13/100+$D$5)) -> 0.32431355 | S13: 0.061040569 | T13: Small
A14: Carbon | B14: BOWMANSTOWN BOROUGH | C14: BOWMANSTOWN BOROUGH | D14: =ROUND(Q14*R14,0) -> 125 | E14: =ROUND(Q14,0)-D14 -> 223 | F14: =IF(COUNTA(D14:E14)=0,"",SUM(D14:E14)) -> 348 | G14: =IF(OR(F14="",F14=0),"",D14/F14) -> 0.3591954 | H14: =IF(OR(F14="",F14=0),"",E14/F14) -> 0.6408046 | I14: random forest | J14: 3.0260856 | K14: =IF(G14="","",MAX(0,G14-J14/100)) -> 0.32893455 | L14: =IF(G14="","",MIN(1,G14+J14/100)) -> 0.38945626 | M14: =ROUND(Q14*S14,0) -> 21 | N14: =ROUND(SQRT((F14*J14/100)^2+(G14*M14)^2),0) -> 13 | P14: -16.727513 | Q14: 348 | R14: =MAX(0,MIN(1,P14/100+$D$5)) -> 0.35929207 | S14: 0.061040569 | T14: Small
A15: Carbon | B15: EAST PENN TOWNSHIP | C15: EAST PENN TOWNSHIP-NORTH | D15: =ROUND(Q15*R15,0) -> 203 | E15: =ROUND(Q15,0)-D15 -> 495 | F15: =IF(COUNTA(D15:E15)=0,"",SUM(D15:E15)) -> 698 | G15: =IF(OR(F15="",F15=0),"",D15/F15) -> 0.29083095 | H15: =IF(OR(F15="",F15=0),"",E15/F15) -> 0.70916905 | I15: random forest | J15: 3.0260856 | K15: =IF(G15="","",MAX(0,G15-J15/100)) -> 0.26057009 | L15: =IF(G15="","",MIN(1,G15+J15/100)) -> 0.3210918 | M15: =ROUND(Q15*S15,0) -> 43 | N15: =ROUND(SQRT((F15*J15/100)^2+(G15*M15)^2),0) -> 25 | P15: -23.506514 | Q15: 698 | R15: =MAX(0,MIN(1,P15/100+$D$5)) -> 0.29150207 | S15: 0.061040569 | T15: Small
A16: Carbon | B16: EAST PENN TOWNSHIP | C16: EAST PENN TOWNSHIP-SOUTH | D16: =ROUND(Q16*R16,0) -> 192 | E16: =ROUND(Q16,0)-D16 -> 407 | F16: =IF(COUNTA(D16:E16)=0,"",SUM(D16:E16)) -> 599 | G16: =IF(OR(F16="",F16=0),"",D16/F16) -> 0.32053422 | H16: =IF(OR(F16="",F16=0),"",E16/F16) -> 0.67946578 | I16: random forest | J16: 3.0260856 | K16: =IF(G16="","",MAX(0,G16-J16/100)) -> 0.29027337 | L16: =IF(G16="","",MIN(1,G16+J16/100)) -> 0.35079508 | M16: =ROUND(Q16*S16,0) -> 37 | N16: =ROUND(SQRT((F16*J16/100)^2+(G16*M16)^2),0) -> 22 | P16: -20.528255 | Q16: 599 | R16: =MAX(0,MIN(1,P16/100+$D$5)) -> 0.32128465 | S16: 0.061040569 | T16: Small
A17: Carbon | B17: EAST SIDE BOROUGH | C17: EAST SIDE BOROUGH | D17: =ROUND(Q17*R17,0) -> 36 | E17: =ROUND(Q17,0)-D17 -> 58 | F17: =IF(COUNTA(D17:E17)=0,"",SUM(D17:E17)) -> 94 | G17: =IF(OR(F17="",F17=0),"",D17/F17) -> 0.38297872 | H17: =IF(OR(F17="",F17=0),"",E17/F17) -> 0.61702128 | I17: random forest | J17: 3.0260856 | K17: =IF(G17="","",MAX(0,G17-J17/100)) -> 0.35271787 | L17: =IF(G17="","",MIN(1,G17+J17/100)) -> 0.41323958 | M17: =ROUND(Q17*S17,0) -> 6 | N17: =ROUND(SQRT((F17*J17/100)^2+(G17*M17)^2),0) -> 4 | P17: -14.667941 | Q17: 94 | R17: =MAX(0,MIN(1,P17/100+$D$5)) -> 0.37988779 | S17: 0.061040569 | T17: Small
A18: Carbon | B18: FRANKLIN TOWNSHIP | C18: FRANKLIN TOWNSHIP-HARRITY | D18: =ROUND(Q18*R18,0) -> 271 | E18: =ROUND(Q18,0)-D18 -> 568 | F18: =IF(COUNTA(D18:E18)=0,"",SUM(D18:E18)) -> 839 | G18: =IF(OR(F18="",F18=0),"",D18/F18) -> 0.32300358 | H18: =IF(OR(F18="",F18=0),"",E18/F18) -> 0.67699642 | I18: random forest | J18: 1.8085538 | K18: =IF(G18="","",MAX(0,G18-J18/100)) -> 0.30491804 | L18: =IF(G18="","",MIN(1,G18+J18/100)) -> 0.34108911 | M18: =ROUND(Q18*S18,0) -> 42 | N18: =ROUND(SQRT((F18*J18/100)^2+(G18*M18)^2),0) -> 20 | P18: -20.377608 | Q18: 839 | R18: =MAX(0,MIN(1,P18/100+$D$5)) -> 0.32279112 | S18: 0.050032131 | T18: Medium
A19: Carbon | B19: FRANKLIN TOWNSHIP | C19: FRANKLIN TOWNSHIP-IND DIST | D19: =ROUND(Q19*R19,0) -> 142 | E19: =ROUND(Q19,0)-D19 -> 312 | F19: =IF(COUNTA(D19:E19)=0,"",SUM(D19:E19)) -> 454 | G19: =IF(OR(F19="",F19=0),"",D19/F19) -> 0.31277533 | H19: =IF(OR(F19="",F19=0),"",E19/F19) -> 0.68722467 | I19: random forest | J19: 3.0260856 | K19: =IF(G19="","",MAX(0,G19-J19/100)) -> 0.28251447 | L19: =IF(G19="","",MIN(1,G19+J19/100)) -> 0.34303619 | M19: =ROUND(Q19*S19,0) -> 28 | N19: =ROUND(SQRT((F19*J19/100)^2+(G19*M19)^2),0) -> 16 | P19: -21.320992 | Q19: 454 | R19: =MAX(0,MIN(1,P19/100+$D$5)) -> 0.31335728 | S19: 0.061040569 | T19: Small
A20: Carbon | B20: FRANKLIN TOWNSHIP | C20: FRANKLIN TOWNSHIP-LONG RUN | D20: =ROUND(Q20*R20,0) -> 207 | E20: =ROUND(Q20,0)-D20 -> 458 | F20: =IF(COUNTA(D20:E20)=0,"",SUM(D20:E20)) -> 665 | G20: =IF(OR(F20="",F20=0),"",D20/F20) -> 0.3112782 | H20: =IF(OR(F20="",F20=0),"",E20/F20) -> 0.6887218 | I20: random forest | J20: 3.0260856 | K20: =IF(G20="","",MAX(0,G20-J20/100)) -> 0.28101734 | L20: =IF(G20="","",MIN(1,G20+J20/100)) -> 0.34153905 | M20: =ROUND(Q20*S20,0) -> 41 | N20: =ROUND(SQRT((F20*J20/100)^2+(G20*M20)^2),0) -> 24 | P20: -21.529878 | Q20: 665 | R20: =MAX(0,MIN(1,P20/100+$D$5)) -> 0.31126842 | S20: 0.061040569 | T20: Small
A21: Carbon | B21: JIM THORPE BOROUGH | C21: JIM THORPE BOROUGH-1ST | D21: =ROUND(Q21*R21,0) -> 216 | E21: =ROUND(Q21,0)-D21 -> 224 | F21: =IF(COUNTA(D21:E21)=0,"",SUM(D21:E21)) -> 440 | G21: =IF(OR(F21="",F21=0),"",D21/F21) -> 0.49090909 | H21: =IF(OR(F21="",F21=0),"",E21/F21) -> 0.50909091 | I21: random forest | J21: 3.0260856 | K21: =IF(G21="","",MAX(0,G21-J21/100)) -> 0.46064824 | L21: =IF(G21="","",MIN(1,G21+J21/100)) -> 0.52116995 | M21: =ROUND(Q21*S21,0) -> 27 | N21: =ROUND(SQRT((F21*J21/100)^2+(G21*M21)^2),0) -> 19 | P21: -3.6144659 | Q21: 440 | R21: =MAX(0,MIN(1,P21/100+$D$5)) -> 0.49042254 | S21: 0.061040569 | T21: Small
A22: Carbon | B22: JIM THORPE BOROUGH | C22: JIM THORPE BOROUGH-2ND | D22: =ROUND(Q22*R22,0) -> 140 | E22: =ROUND(Q22,0)-D22 -> 157 | F22: =IF(COUNTA(D22:E22)=0,"",SUM(D22:E22)) -> 297 | G22: =IF(OR(F22="",F22=0),"",D22/F22) -> 0.47138047 | H22: =IF(OR(F22="",F22=0),"",E22/F22) -> 0.52861953 | I22: random forest | J22: 3.0260856 | K22: =IF(G22="","",MAX(0,G22-J22/100)) -> 0.44111962 | L22: =IF(G22="","",MIN(1,G22+J22/100)) -> 0.50164133 | M22: =ROUND(Q22*S22,0) -> 18 | N22: =ROUND(SQRT((F22*J22/100)^2+(G22*M22)^2),0) -> 12 | P22: -5.491426 | Q22: 297 | R22: =MAX(0,MIN(1,P22/100+$D$5)) -> 0.47165294 | S22: 0.061040569 | T22: Small
A23: Carbon | B23: JIM THORPE BOROUGH | C23: JIM THORPE BOROUGH-3RD | D23: =ROUND(Q23*R23,0) -> 267 | E23: =ROUND(Q23,0)-D23 -> 358 | F23: =IF(COUNTA(D23:E23)=0,"",SUM(D23:E23)) -> 625 | G23: =IF(OR(F23="",F23=0),"",D23/F23) -> 0.4272 | H23: =IF(OR(F23="",F23=0),"",E23/F23) -> 0.5728 | I23: random forest | J23: 3.0260856 | K23: =IF(G23="","",MAX(0,G23-J23/100)) -> 0.39693914 | L23: =IF(G23="","",MIN(1,G23+J23/100)) -> 0.45746086 | M23: =ROUND(Q23*S23,0) -> 38 | N23: =ROUND(SQRT((F23*J23/100)^2+(G23*M23)^2),0) -> 25 | P23: -9.9574664 | Q23: 625 | R23: =MAX(0,MIN(1,P23/100+$D$5)) -> 0.42699254 | S23: 0.061040569 | T23: Small
... A381: Northampton | B381: WIND GAP | C381: WIND GAP | D381: =ROUND(Q381*R381,0) -> 522 | E381: =ROUND(Q381,0)-D381 -> 573 | F381: =IF(COUNTA(D381:E381)=0,"",SUM(D381:E381)) -> 1095 | G381: =IF(OR(F381="",F381=0),"",D381/F381) -> 0.47671233 | H381: =IF(OR(F381="",F381=0),"",E381/F381) -> 0.52328767 | I381: random forest | J381: 1.8085538 | K381: =IF(G381="","",MAX(0,G381-J381/100)) -> 0.45862679 | L381: =IF(G381="","",MIN(1,G381+J381/100)) -> 0.49479787 | M381: =ROUND(Q381*S381,0) -> 55 | N381: =ROUND(SQRT((F381*J381/100)^2+(G381*M381)^2),0) -> 33 | P381: -4.9958289 | Q381: 1095 | R381: =MAX(0,MIN(1,P381/100+$D$5)) -> 0.47660891 | S381: 0.050032131 | T381: Medium

Sheet 2026 Forecast B
A1: PA-07 2026 House Forecast — Precinct-Level Predictions (Forecast B: shap-selected forest)
A2: Candidates: Brooks | Mackenzie | District totals (yellow) are formulas over the precinct rows.
A3: Brooks and Mackenzie votes are formulas: 2022 House votes cast × forecast Brooks share (turnout held at 2022 levels). Change the district scenario on the Scenario & Comparison tab. Error terms come from this forecast’s 2024 backtest.
A4: Model / scenario | B4: Random forest on results only — Forecast B (SHAP-selected forest), precinct model; turnout = 2022 | C4: As-of date | D4: 46300 | E4: Prepared by | F4: Max | G4: Version | H4: v1.0
A5: District Brooks share (scenario) | B5: ='Scenario & Comparison'!$C$6 -> 0.52816948 | C5: Uniform shift applied | D5: =B5-SUMPRODUCT(P12:P381,Q12:Q381)/SUM(Q12:Q381)/100 -> 0.53575636 | E5: 2024 backtest district miss (pts) | F5: 2.2335886
A6: DISTRICT TOTALS (auto-sum — do not type over)
A7: Geography | B7: (muni) | C7: (precinct) | D7: Brooks votes | E7: Mackenzie votes | F7: Total votes | G7: Brooks share | H7: Mackenzie share | I7: Notes | J7: Error term: Brooks share (± pts) | K7: Brooks share, low | L7: Brooks share, high | M7: Error term: votes cast (± votes) | N7: Error term: Brooks votes (± votes)
A8: PA-07 District | B8: (all precincts) | D8: =SUM(D12:D381) -> 158252 | E8: =SUM(E12:E381) -> 141371 | F8: =D8+E8 -> 299623 | G8: =IF(F8=0,"",D8/F8) -> 0.5281704 | H8: =IF(F8=0,"",E8/F8) -> 0.4718296 | I8: Headline forecast for the briefing | J8: 2.2335886 | K8: =G8-J8/100 -> 0.50583451 | L8: =G8+J8/100 -> 0.55050629 | M8: =ROUND(F8*0.0291,0) -> 8719 | N8: =ROUND(SQRT((F8*J8/100)^2+(G8*M8)^2),0) -> 8124
A9: Discussion prompt: Precinct and municipal district totals use the same scenario share, so their Brooks share matches by design; vote totals differ slightly because 2022 votes were re-allocated where precinct lines changed.
A10: PRECINCT DETAIL | P10: MODEL INPUTS (from the random forests — do not edit)
A11: County | B11: Municipality | C11: Precinct | D11: Brooks votes | E11: Mackenzie votes | F11: Total votes | G11: Brooks share | H11: Mackenzie share | I11: Notes / source method | J11: Error term: Brooks share (± pts) | K11: Brooks share, low | L11: Brooks share, high | M11: Error term: votes cast (± votes) | N11: Error term: Brooks votes (± votes) | P11: Model lean vs district (pts) | Q11: Votes cast (= 2022 House votes) | R11: Forecast Brooks share (unrounded) | S11: Votes error term (% of votes) | T11: Size group (backtest error band)
A12: Carbon | B12: BANKS TOWNSHIP | C12: BANKS TOWNSHIP | D12: =ROUND(Q12*R12,0) -> 172 | E12: =ROUND(Q12,0)-D12 -> 214 | F12: =IF(COUNTA(D12:E12)=0,"",SUM(D12:E12)) -> 386 | G12: =IF(OR(F12="",F12=0),"",D12/F12) -> 0.44559585 | H12: =IF(OR(F12="",F12=0),"",E12/F12) -> 0.55440415 | I12: random forest | J12: 2.8748004 | K12: =IF(G12="","",MAX(0,G12-J12/100)) -> 0.41684785 | L12: =IF(G12="","",MIN(1,G12+J12/100)) -> 0.47434386 | M12: =ROUND(Q12*S12,0) -> 24 | N12: =ROUND(SQRT((F12*J12/100)^2+(G12*M12)^2),0) -> 15 | P12: -9.0537482 | Q12: 386 | R12: =MAX(0,MIN(1,P12/100+$D$5)) -> 0.44521888 | S12: 0.061040569 | T12: Small
A13: Carbon | B13: BEAVER MEADOWS BOROUGH | C13: BEAVER MEADOWS BOROUGH | D13: =ROUND(Q13*R13,0) -> 104 | E13: =ROUND(Q13,0)-D13 -> 210 | F13: =IF(COUNTA(D13:E13)=0,"",SUM(D13:E13)) -> 314 | G13: =IF(OR(F13="",F13=0),"",D13/F13) -> 0.33121019 | H13: =IF(OR(F13="",F13=0),"",E13/F13) -> 0.66878981 | I13: random forest | J13: 2.8748004 | K13: =IF(G13="","",MAX(0,G13-J13/100)) -> 0.30246219 | L13: =IF(G13="","",MIN(1,G13+J13/100)) -> 0.3599582 | M13: =ROUND(Q13*S13,0) -> 19 | N13: =ROUND(SQRT((F13*J13/100)^2+(G13*M13)^2),0) -> 11 | P13: -20.36251 | Q13: 314 | R13: =MAX(0,MIN(1,P13/100+$D$5)) -> 0.33213126 | S13: 0.061040569 | T13: Small
A14: Carbon | B14: BOWMANSTOWN BOROUGH | C14: BOWMANSTOWN BOROUGH | D14: =ROUND(Q14*R14,0) -> 130 | E14: =ROUND(Q14,0)-D14 -> 218 | F14: =IF(COUNTA(D14:E14)=0,"",SUM(D14:E14)) -> 348 | G14: =IF(OR(F14="",F14=0),"",D14/F14) -> 0.37356322 | H14: =IF(OR(F14="",F14=0),"",E14/F14) -> 0.62643678 | I14: random forest | J14: 2.8748004 | K14: =IF(G14="","",MAX(0,G14-J14/100)) -> 0.34481521 | L14: =IF(G14="","",MIN(1,G14+J14/100)) -> 0.40231122 | M14: =ROUND(Q14*S14,0) -> 21 | N14: =ROUND(SQRT((F14*J14/100)^2+(G14*M14)^2),0) -> 13 | P14: -16.116993 | Q14: 348 | R14: =MAX(0,MIN(1,P14/100+$D$5)) -> 0.37458644 | S14: 0.061040569 | T14: Small
A15: Carbon | B15: EAST PENN TOWNSHIP | C15: EAST PENN TOWNSHIP-NORTH | D15: =ROUND(Q15*R15,0) -> 208 | E15: =ROUND(Q15,0)-D15 -> 490 | F15: =IF(COUNTA(D15:E15)=0,"",SUM(D15:E15)) -> 698 | G15: =IF(OR(F15="",F15=0),"",D15/F15) -> 0.29799427 | H15: =IF(OR(F15="",F15=0),"",E15/F15) -> 0.70200573 | I15: random forest | J15: 2.8748004 | K15: =IF(G15="","",MAX(0,G15-J15/100)) -> 0.26924627 | L15: =IF(G15="","",MIN(1,G15+J15/100)) -> 0.32674227 | M15: =ROUND(Q15*S15,0) -> 43 | N15: =ROUND(SQRT((F15*J15/100)^2+(G15*M15)^2),0) -> 24 | P15: -23.742058 | Q15: 698 | R15: =MAX(0,MIN(1,P15/100+$D$5)) -> 0.29833578 | S15: 0.061040569 | T15: Small
A16: Carbon | B16: EAST PENN TOWNSHIP | C16: EAST PENN TOWNSHIP-SOUTH | D16: =ROUND(Q16*R16,0) -> 192 | E16: =ROUND(Q16,0)-D16 -> 407 | F16: =IF(COUNTA(D16:E16)=0,"",SUM(D16:E16)) -> 599 | G16: =IF(OR(F16="",F16=0),"",D16/F16) -> 0.32053422 | H16: =IF(OR(F16="",F16=0),"",E16/F16) -> 0.67946578 | I16: random forest | J16: 2.8748004 | K16: =IF(G16="","",MAX(0,G16-J16/100)) -> 0.29178622 | L16: =IF(G16="","",MIN(1,G16+J16/100)) -> 0.34928223 | M16: =ROUND(Q16*S16,0) -> 37 | N16: =ROUND(SQRT((F16*J16/100)^2+(G16*M16)^2),0) -> 21 | P16: -21.553933 | Q16: 599 | R16: =MAX(0,MIN(1,P16/100+$D$5)) -> 0.32021703 | S16: 0.061040569 | T16: Small
A17: Carbon | B17: EAST SIDE BOROUGH | C17: EAST SIDE BOROUGH | D17: =ROUND(Q17*R17,0) -> 37 | E17: =ROUND(Q17,0)-D17 -> 57 | F17: =IF(COUNTA(D17:E17)=0,"",SUM(D17:E17)) -> 94 | G17: =IF(OR(F17="",F17=0),"",D17/F17) -> 0.39361702 | H17: =IF(OR(F17="",F17=0),"",E17/F17) -> 0.60638298 | I17: random forest | J17: 2.8748004 | K17: =IF(G17="","",MAX(0,G17-J17/100)) -> 0.36486902 | L17: =IF(G17="","",MIN(1,G17+J17/100)) -> 0.42236503 | M17: =ROUND(Q17*S17,0) -> 6 | N17: =ROUND(SQRT((F17*J17/100)^2+(G17*M17)^2),0) -> 4 | P17: -14.644744 | Q17: 94 | R17: =MAX(0,MIN(1,P17/100+$D$5)) -> 0.38930892 | S17: 0.061040569 | T17: Small
A18: Carbon | B18: FRANKLIN TOWNSHIP | C18: FRANKLIN TOWNSHIP-HARRITY | D18: =ROUND(Q18*R18,0) -> 271 | E18: =ROUND(Q18,0)-D18 -> 568 | F18: =IF(COUNTA(D18:E18)=0,"",SUM(D18:E18)) -> 839 | G18: =IF(OR(F18="",F18=0),"",D18/F18) -> 0.32300358 | H18: =IF(OR(F18="",F18=0),"",E18/F18) -> 0.67699642 | I18: random forest | J18: 1.924721 | K18: =IF(G18="","",MAX(0,G18-J18/100)) -> 0.30375637 | L18: =IF(G18="","",MIN(1,G18+J18/100)) -> 0.34225079 | M18: =ROUND(Q18*S18,0) -> 42 | N18: =ROUND(SQRT((F18*J18/100)^2+(G18*M18)^2),0) -> 21 | P18: -21.271718 | Q18: 839 | R18: =MAX(0,MIN(1,P18/100+$D$5)) -> 0.32303918 | S18: 0.050032131 | T18: Medium
A19: Carbon | B19: FRANKLIN TOWNSHIP | C19: FRANKLIN TOWNSHIP-IND DIST | D19: =ROUND(Q19*R19,0) -> 145 | E19: =ROUND(Q19,0)-D19 -> 309 | F19: =IF(COUNTA(D19:E19)=0,"",SUM(D19:E19)) -> 454 | G19: =IF(OR(F19="",F19=0),"",D19/F19) -> 0.31938326 | H19: =IF(OR(F19="",F19=0),"",E19/F19) -> 0.68061674 | I19: random forest | J19: 2.8748004 | K19: =IF(G19="","",MAX(0,G19-J19/100)) -> 0.29063526 | L19: =IF(G19="","",MIN(1,G19+J19/100)) -> 0.34813126 | M19: =ROUND(Q19*S19,0) -> 28 | N19: =ROUND(SQRT((F19*J19/100)^2+(G19*M19)^2),0) -> 16 | P19: -21.572129 | Q19: 454 | R19: =MAX(0,MIN(1,P19/100+$D$5)) -> 0.32003507 | S19: 0.061040569 | T19: Small
A20: Carbon | B20: FRANKLIN TOWNSHIP | C20: FRANKLIN TOWNSHIP-LONG RUN | D20: =ROUND(Q20*R20,0) -> 207 | E20: =ROUND(Q20,0)-D20 -> 458 | F20: =IF(COUNTA(D20:E20)=0,"",SUM(D20:E20)) -> 665 | G20: =IF(OR(F20="",F20=0),"",D20/F20) -> 0.3112782 | H20: =IF(OR(F20="",F20=0),"",E20/F20) -> 0.6887218 | I20: random forest | J20: 2.8748004 | K20: =IF(G20="","",MAX(0,G20-J20/100)) -> 0.28253019 | L20: =IF(G20="","",MIN(1,G20+J20/100)) -> 0.3400262 | M20: =ROUND(Q20*S20,0) -> 41 | N20: =ROUND(SQRT((F20*J20/100)^2+(G20*M20)^2),0) -> 23 | P20: -22.407704 | Q20: 665 | R20: =MAX(0,MIN(1,P20/100+$D$5)) -> 0.31167932 | S20: 0.061040569 | T20: Small
A21: Carbon | B21: JIM THORPE BOROUGH | C21: JIM THORPE BOROUGH-1ST | D21: =ROUND(Q21*R21,0) -> 220 | E21: =ROUND(Q21,0)-D21 -> 220 | F21: =IF(COUNTA(D21:E21)=0,"",SUM(D21:E21)) -> 440 | G21: =IF(OR(F21="",F21=0),"",D21/F21) -> 0.5 | H21: =IF(OR(F21="",F21=0),"",E21/F21) -> 0.5 | I21: random forest | J21: 2.8748004 | K21: =IF(G21="","",MAX(0,G21-J21/100)) -> 0.471252 | L21: =IF(G21="","",MIN(1,G21+J21/100)) -> 0.528748 | M21: =ROUND(Q21*S21,0) -> 27 | N21: =ROUND(SQRT((F21*J21/100)^2+(G21*M21)^2),0) -> 19 | P21: -3.6000118 | Q21: 440 | R21: =MAX(0,MIN(1,P21/100+$D$5)) -> 0.49975624 | S21: 0.061040569 | T21: Small
A22: Carbon | B22: JIM THORPE BOROUGH | C22: JIM THORPE BOROUGH-2ND | D22: =ROUND(Q22*R22,0) -> 146 | E22: =ROUND(Q22,0)-D22 -> 151 | F22: =IF(COUNTA(D22:E22)=0,"",SUM(D22:E22)) -> 297 | G22: =IF(OR(F22="",F22=0),"",D22/F22) -> 0.49158249 | H22: =IF(OR(F22="",F22=0),"",E22/F22) -> 0.50841751 | I22: random forest | J22: 2.8748004 | K22: =IF(G22="","",MAX(0,G22-J22/100)) -> 0.46283449 | L22: =IF(G22="","",MIN(1,G22+J22/100)) -> 0.5203305 | M22: =ROUND(Q22*S22,0) -> 18 | N22: =ROUND(SQRT((F22*J22/100)^2+(G22*M22)^2),0) -> 12 | P22: -4.288818 | Q22: 297 | R22: =MAX(0,MIN(1,P22/100+$D$5)) -> 0.49286818 | S22: 0.061040569 | T22: Small
A23: Carbon | B23: JIM THORPE BOROUGH | C23: JIM THORPE BOROUGH-3RD | D23: =ROUND(Q23*R23,0) -> 270 | E23: =ROUND(Q23,0)-D23 -> 355 | F23: =IF(COUNTA(D23:E23)=0,"",SUM(D23:E23)) -> 625 | G23: =IF(OR(F23="",F23=0),"",D23/F23) -> 0.432 | H23: =IF(OR(F23="",F23=0),"",E23/F23) -> 0.568 | I23: random forest | J23: 2.8748004 | K23: =IF(G23="","",MAX(0,G23-J23/100)) -> 0.403252 | L23: =IF(G23="","",MIN(1,G23+J23/100)) -> 0.460748 | M23: =ROUND(Q23*S23,0) -> 38 | N23: =ROUND(SQRT((F23*J23/100)^2+(G23*M23)^2),0) -> 24 | P23: -10.416499 | Q23: 625 | R23: =MAX(0,MIN(1,P23/100+$D$5)) -> 0.43159137 | S23: 0.061040569 | T23: Small
... A381: Northampton | B381: WIND GAP | C381: WIND GAP | D381: =ROUND(Q381*R381,0) -> 520 | E381: =ROUND(Q381,0)-D381 -> 575 | F381: =IF(COUNTA(D381:E381)=0,"",SUM(D381:E381)) -> 1095 | G381: =IF(OR(F381="",F381=0),"",D381/F381) -> 0.47488584 | H381: =IF(OR(F381="",F381=0),"",E381/F381) -> 0.52511416 | I381: random forest | J381: 1.924721 | K381: =IF(G381="","",MAX(0,G381-J381/100)) -> 0.45563863 | L381: =IF(G381="","",MIN(1,G381+J381/100)) -> 0.49413305 | M381: =ROUND(Q381*S381,0) -> 55 | N381: =ROUND(SQRT((F381*J381/100)^2+(G381*M381)^2),0) -> 34 | P381: -6.1239684 | Q381: 1095 | R381: =MAX(0,MIN(1,P381/100+$D$5)) -> 0.47451668 | S381: 0.050032131 | T381: Medium

Sheet 2026 Forecast C
A1: PA-07 2026 House Forecast — Precinct-Level Predictions (Forecast C: shap family-reweighted forest)
A2: Candidates: Brooks | Mackenzie | District totals (yellow) are formulas over the precinct rows.
A3: Brooks and Mackenzie votes are formulas: 2022 House votes cast × forecast Brooks share (turnout held at 2022 levels). Change the district scenario on the Scenario & Comparison tab. Error terms come from this forecast’s 2024 backtest.
A4: Model / scenario | B4: Random forest on results only — Forecast C (SHAP family-reweighted forest), precinct model; turnout = 2022 | C4: As-of date | D4: 46300 | E4: Prepared by | F4: Max | G4: Version | H4: v1.0
A5: District Brooks share (scenario) | B5: ='Scenario & Comparison'!$C$6 -> 0.52816948 | C5: Uniform shift applied | D5: =B5-SUMPRODUCT(P12:P381,Q12:Q381)/SUM(Q12:Q381)/100 -> 0.52521844 | E5: 2024 backtest district miss (pts) | F5: 2.2330359
A6: DISTRICT TOTALS (auto-sum — do not type over)
A7: Geography | B7: (muni) | C7: (precinct) | D7: Brooks votes | E7: Mackenzie votes | F7: Total votes | G7: Brooks share | H7: Mackenzie share | I7: Notes | J7: Error term: Brooks share (± pts) | K7: Brooks share, low | L7: Brooks share, high | M7: Error term: votes cast (± votes) | N7: Error term: Brooks votes (± votes)
A8: PA-07 District | B8: (all precincts) | D8: =SUM(D12:D381) -> 158260 | E8: =SUM(E12:E381) -> 141363 | F8: =D8+E8 -> 299623 | G8: =IF(F8=0,"",D8/F8) -> 0.5281971 | H8: =IF(F8=0,"",E8/F8) -> 0.4718029 | I8: Headline forecast for the briefing | J8: 2.2330359 | K8: =G8-J8/100 -> 0.50586674 | L8: =G8+J8/100 -> 0.55052746 | M8: =ROUND(F8*0.0291,0) -> 8719 | N8: =ROUND(SQRT((F8*J8/100)^2+(G8*M8)^2),0) -> 8122
A9: Discussion prompt: Precinct and municipal district totals use the same scenario share, so their Brooks share matches by design; vote totals differ slightly because 2022 votes were re-allocated where precinct lines changed.
A10: PRECINCT DETAIL | P10: MODEL INPUTS (from the random forests — do not edit)
A11: County | B11: Municipality | C11: Precinct | D11: Brooks votes | E11: Mackenzie votes | F11: Total votes | G11: Brooks share | H11: Mackenzie share | I11: Notes / source method | J11: Error term: Brooks share (± pts) | K11: Brooks share, low | L11: Brooks share, high | M11: Error term: votes cast (± votes) | N11: Error term: Brooks votes (± votes) | P11: Model lean vs district (pts) | Q11: Votes cast (= 2022 House votes) | R11: Forecast Brooks share (unrounded) | S11: Votes error term (% of votes) | T11: Size group (backtest error band)
A12: Carbon | B12: BANKS TOWNSHIP | C12: BANKS TOWNSHIP | D12: =ROUND(Q12*R12,0) -> 169 | E12: =ROUND(Q12,0)-D12 -> 217 | F12: =IF(COUNTA(D12:E12)=0,"",SUM(D12:E12)) -> 386 | G12: =IF(OR(F12="",F12=0),"",D12/F12) -> 0.43782383 | H12: =IF(OR(F12="",F12=0),"",E12/F12) -> 0.56217617 | I12: random forest | J12: 3.4531761 | K12: =IF(G12="","",MAX(0,G12-J12/100)) -> 0.40329207 | L12: =IF(G12="","",MIN(1,G12+J12/100)) -> 0.4723556 | M12: =ROUND(Q12*S12,0) -> 24 | N12: =ROUND(SQRT((F12*J12/100)^2+(G12*M12)^2),0) -> 17 | P12: -8.8015271 | Q12: 386 | R12: =MAX(0,MIN(1,P12/100+$D$5)) -> 0.43720317 | S12: 0.061040569 | T12: Small
A13: Carbon | B13: BEAVER MEADOWS BOROUGH | C13: BEAVER MEADOWS BOROUGH | D13: =ROUND(Q13*R13,0) -> 99 | E13: =ROUND(Q13,0)-D13 -> 215 | F13: =IF(COUNTA(D13:E13)=0,"",SUM(D13:E13)) -> 314 | G13: =IF(OR(F13="",F13=0),"",D13/F13) -> 0.31528662 | H13: =IF(OR(F13="",F13=0),"",E13/F13) -> 0.68471338 | I13: random forest | J13: 3.4531761 | K13: =IF(G13="","",MAX(0,G13-J13/100)) -> 0.28075486 | L13: =IF(G13="","",MIN(1,G13+J13/100)) -> 0.34981839 | M13: =ROUND(Q13*S13,0) -> 19 | N13: =ROUND(SQRT((F13*J13/100)^2+(G13*M13)^2),0) -> 12 | P13: -21.059919 | Q13: 314 | R13: =MAX(0,MIN(1,P13/100+$D$5)) -> 0.31461925 | S13: 0.061040569 | T13: Small
A14: Carbon | B14: BOWMANSTOWN BOROUGH | C14: BOWMANSTOWN BOROUGH | D14: =ROUND(Q14*R14,0) -> 123 | E14: =ROUND(Q14,0)-D14 -> 225 | F14: =IF(COUNTA(D14:E14)=0,"",SUM(D14:E14)) -> 348 | G14: =IF(OR(F14="",F14=0),"",D14/F14) -> 0.35344828 | H14: =IF(OR(F14="",F14=0),"",E14/F14) -> 0.64655172 | I14: random forest | J14: 3.4531761 | K14: =IF(G14="","",MAX(0,G14-J14/100)) -> 0.31891651 | L14: =IF(G14="","",MIN(1,G14+J14/100)) -> 0.38798004 | M14: =ROUND(Q14*S14,0) -> 21 | N14: =ROUND(SQRT((F14*J14/100)^2+(G14*M14)^2),0) -> 14 | P14: -17.216509 | Q14: 348 | R14: =MAX(0,MIN(1,P14/100+$D$5)) -> 0.35305335 | S14: 0.061040569 | T14: Small
A15: Carbon | B15: EAST PENN TOWNSHIP | C15: EAST PENN TOWNSHIP-NORTH | D15: =ROUND(Q15*R15,0) -> 197 | E15: =ROUND(Q15,0)-D15 -> 501 | F15: =IF(COUNTA(D15:E15)=0,"",SUM(D15:E15)) -> 698 | G15: =IF(OR(F15="",F15=0),"",D15/F15) -> 0.28223496 | H15: =IF(OR(F15="",F15=0),"",E15/F15) -> 0.71776504 | I15: random forest | J15: 3.4531761 | K15: =IF(G15="","",MAX(0,G15-J15/100)) -> 0.2477032 | L15: =IF(G15="","",MIN(1,G15+J15/100)) -> 0.31676672 | M15: =ROUND(Q15*S15,0) -> 43 | N15: =ROUND(SQRT((F15*J15/100)^2+(G15*M15)^2),0) -> 27 | P15: -24.369799 | Q15: 698 | R15: =MAX(0,MIN(1,P15/100+$D$5)) -> 0.28152045 | S15: 0.061040569 | T15: Small
A16: Carbon | B16: EAST PENN TOWNSHIP | C16: EAST PENN TOWNSHIP-SOUTH | D16: =ROUND(Q16*R16,0) -> 187 | E16: =ROUND(Q16,0)-D16 -> 412 | F16: =IF(COUNTA(D16:E16)=0,"",SUM(D16:E16)) -> 599 | G16: =IF(OR(F16="",F16=0),"",D16/F16) -> 0.31218698 | H16: =IF(OR(F16="",F16=0),"",E16/F16) -> 0.68781302 | I16: random forest | J16: 3.4531761 | K16: =IF(G16="","",MAX(0,G16-J16/100)) -> 0.27765522 | L16: =IF(G16="","",MIN(1,G16+J16/100)) -> 0.34671874 | M16: =ROUND(Q16*S16,0) -> 37 | N16: =ROUND(SQRT((F16*J16/100)^2+(G16*M16)^2),0) -> 24 | P16: -21.361117 | Q16: 599 | R16: =MAX(0,MIN(1,P16/100+$D$5)) -> 0.31160727 | S16: 0.061040569 | T16: Small
A17: Carbon | B17: EAST SIDE BOROUGH | C17: EAST SIDE BOROUGH | D17: =ROUND(Q17*R17,0) -> 35 | E17: =ROUND(Q17,0)-D17 -> 59 | F17: =IF(COUNTA(D17:E17)=0,"",SUM(D17:E17)) -> 94 | G17: =IF(OR(F17="",F17=0),"",D17/F17) -> 0.37234043 | H17: =IF(OR(F17="",F17=0),"",E17/F17) -> 0.62765957 | I17: random forest | J17: 3.4531761 | K17: =IF(G17="","",MAX(0,G17-J17/100)) -> 0.33780866 | L17: =IF(G17="","",MIN(1,G17+J17/100)) -> 0.40687219 | M17: =ROUND(Q17*S17,0) -> 6 | N17: =ROUND(SQRT((F17*J17/100)^2+(G17*M17)^2),0) -> 4 | P17: -15.019764 | Q17: 94 | R17: =MAX(0,MIN(1,P17/100+$D$5)) -> 0.3750208 | S17: 0.061040569 | T17: Small
A18: Carbon | B18: FRANKLIN TOWNSHIP | C18: FRANKLIN TOWNSHIP-HARRITY | D18: =ROUND(Q18*R18,0) -> 263 | E18: =ROUND(Q18,0)-D18 -> 576 | F18: =IF(COUNTA(D18:E18)=0,"",SUM(D18:E18)) -> 839 | G18: =IF(OR(F18="",F18=0),"",D18/F18) -> 0.31346841 | H18: =IF(OR(F18="",F18=0),"",E18/F18) -> 0.68653159 | I18: random forest | J18: 2.0502504 | K18: =IF(G18="","",MAX(0,G18-J18/100)) -> 0.29296591 | L18: =IF(G18="","",MIN(1,G18+J18/100)) -> 0.33397092 | M18: =ROUND(Q18*S18,0) -> 42 | N18: =ROUND(SQRT((F18*J18/100)^2+(G18*M18)^2),0) -> 22 | P18: -21.14341 | Q18: 839 | R18: =MAX(0,MIN(1,P18/100+$D$5)) -> 0.31378434 | S18: 0.050032131 | T18: Medium
A19: Carbon | B19: FRANKLIN TOWNSHIP | C19: FRANKLIN TOWNSHIP-IND DIST | D19: =ROUND(Q19*R19,0) -> 138 | E19: =ROUND(Q19,0)-D19 -> 316 | F19: =IF(COUNTA(D19:E19)=0,"",SUM(D19:E19)) -> 454 | G19: =IF(OR(F19="",F19=0),"",D19/F19) -> 0.30396476 | H19: =IF(OR(F19="",F19=0),"",E19/F19) -> 0.69603524 | I19: random forest | J19: 3.4531761 | K19: =IF(G19="","",MAX(0,G19-J19/100)) -> 0.269433 | L19: =IF(G19="","",MIN(1,G19+J19/100)) -> 0.33849652 | M19: =ROUND(Q19*S19,0) -> 28 | N19: =ROUND(SQRT((F19*J19/100)^2+(G19*M19)^2),0) -> 18 | P19: -22.22272 | Q19: 454 | R19: =MAX(0,MIN(1,P19/100+$D$5)) -> 0.30299125 | S19: 0.061040569 | T19: Small
A20: Carbon | B20: FRANKLIN TOWNSHIP | C20: FRANKLIN TOWNSHIP-LONG RUN | D20: =ROUND(Q20*R20,0) -> 201 | E20: =ROUND(Q20,0)-D20 -> 464 | F20: =IF(COUNTA(D20:E20)=0,"",SUM(D20:E20)) -> 665 | G20: =IF(OR(F20="",F20=0),"",D20/F20) -> 0.30225564 | H20: =IF(OR(F20="",F20=0),"",E20/F20) -> 0.69774436 | I20: random forest | J20: 3.4531761 | K20: =IF(G20="","",MAX(0,G20-J20/100)) -> 0.26772388 | L20: =IF(G20="","",MIN(1,G20+J20/100)) -> 0.3367874 | M20: =ROUND(Q20*S20,0) -> 41 | N20: =ROUND(SQRT((F20*J20/100)^2+(G20*M20)^2),0) -> 26 | P20: -22.35058 | Q20: 665 | R20: =MAX(0,MIN(1,P20/100+$D$5)) -> 0.30171265 | S20: 0.061040569 | T20: Small
A21: Carbon | B21: JIM THORPE BOROUGH | C21: JIM THORPE BOROUGH-1ST | D21: =ROUND(Q21*R21,0) -> 215 | E21: =ROUND(Q21,0)-D21 -> 225 | F21: =IF(COUNTA(D21:E21)=0,"",SUM(D21:E21)) -> 440 | G21: =IF(OR(F21="",F21=0),"",D21/F21) -> 0.48863636 | H21: =IF(OR(F21="",F21=0),"",E21/F21) -> 0.51136364 | I21: random forest | J21: 3.4531761 | K21: =IF(G21="","",MAX(0,G21-J21/100)) -> 0.4541046 | L21: =IF(G21="","",MIN(1,G21+J21/100)) -> 0.52316812 | M21: =ROUND(Q21*S21,0) -> 27 | N21: =ROUND(SQRT((F21*J21/100)^2+(G21*M21)^2),0) -> 20 | P21: -3.6413148 | Q21: 440 | R21: =MAX(0,MIN(1,P21/100+$D$5)) -> 0.4888053 | S21: 0.061040569 | T21: Small
A22: Carbon | B22: JIM THORPE BOROUGH | C22: JIM THORPE BOROUGH-2ND | D22: =ROUND(Q22*R22,0) -> 140 | E22: =ROUND(Q22,0)-D22 -> 157 | F22: =IF(COUNTA(D22:E22)=0,"",SUM(D22:E22)) -> 297 | G22: =IF(OR(F22="",F22=0),"",D22/F22) -> 0.47138047 | H22: =IF(OR(F22="",F22=0),"",E22/F22) -> 0.52861953 | I22: random forest | J22: 3.4531761 | K22: =IF(G22="","",MAX(0,G22-J22/100)) -> 0.43684871 | L22: =IF(G22="","",MIN(1,G22+J22/100)) -> 0.50591223 | M22: =ROUND(Q22*S22,0) -> 18 | N22: =ROUND(SQRT((F22*J22/100)^2+(G22*M22)^2),0) -> 13 | P22: -5.4457467 | Q22: 297 | R22: =MAX(0,MIN(1,P22/100+$D$5)) -> 0.47076098 | S22: 0.061040569 | T22: Small
A23: Carbon | B23: JIM THORPE BOROUGH | C23: JIM THORPE BOROUGH-3RD | D23: =ROUND(Q23*R23,0) -> 264 | E23: =ROUND(Q23,0)-D23 -> 361 | F23: =IF(COUNTA(D23:E23)=0,"",SUM(D23:E23)) -> 625 | G23: =IF(OR(F23="",F23=0),"",D23/F23) -> 0.4224 | H23: =IF(OR(F23="",F23=0),"",E23/F23) -> 0.5776 | I23: random forest | J23: 3.4531761 | K23: =IF(G23="","",MAX(0,G23-J23/100)) -> 0.38786824 | L23: =IF(G23="","",MIN(1,G23+J23/100)) -> 0.45693176 | M23: =ROUND(Q23*S23,0) -> 38 | N23: =ROUND(SQRT((F23*J23/100)^2+(G23*M23)^2),0) -> 27 | P23: -10.238546 | Q23: 625 | R23: =MAX(0,MIN(1,P23/100+$D$5)) -> 0.42283299 | S23: 0.061040569 | T23: Small
... A381: Northampton | B381: WIND GAP | C381: WIND GAP | D381: =ROUND(Q381*R381,0) -> 521 | E381: =ROUND(Q381,0)-D381 -> 574 | F381: =IF(COUNTA(D381:E381)=0,"",SUM(D381:E381)) -> 1095 | G381: =IF(OR(F381="",F381=0),"",D381/F381) -> 0.47579909 | H381: =IF(OR(F381="",F381=0),"",E381/F381) -> 0.52420091 | I381: random forest | J381: 2.0502504 | K381: =IF(G381="","",MAX(0,G381-J381/100)) -> 0.45529658 | L381: =IF(G381="","",MIN(1,G381+J381/100)) -> 0.49630159 | M381: =ROUND(Q381*S381,0) -> 55 | N381: =ROUND(SQRT((F381*J381/100)^2+(G381*M381)^2),0) -> 34 | P381: -4.9390023 | Q381: 1095 | R381: =MAX(0,MIN(1,P381/100+$D$5)) -> 0.47582842 | S381: 0.050032131 | T381: Medium

Sheet How Forecasts Are Weighted
A1: How the three precinct-level forecasts weigh their inputs (SHAP) — results-only random forests, turnout held at 2022
A3: Forecast A — Full random forest.
A4: Every candidate input goes into one random forest that forecasts each place’s Democratic share relative to the district. Nothing is weighted by hand: each input’s weight is whatever the forest learned, and SHAP measures it afterwards. This is the reference forecast.
A5: Forecast B — SHAP-selected forest.
A6: Uses SHAP to decide which inputs stay. An input is kept only if (1) its mean |SHAP| beat all 10 random columns in at least 18 of 20 refits and (2) it carried at least 2% of the forest’s SHAP total in Forecast A. The forest is refit on the survivors, so weight that was spread thinly over weak inputs is concentrated on the strong ones.
A7: Forecast C — SHAP family-reweighted forest.
A8: Uses SHAP to re-weight Forecast A. Each forecast = starting value + sum of SHAP values; Forecast C multiplies each input family’s SHAP sum by a family weight, chosen by how well it predicts elections the forest did not see (out-of-fold SHAP, leave-one-election-out, fitted within each election). Families under 3% of SHAP are held at ×1; others are limited to ×0.5–×2, a guard given only three training elections.
A9: Turnout (all three).
A10: No turnout model. Every precinct/municipality casts the same number of House votes as in 2022, so the three forecasts differ only in their results model.
A12: Family weights in each forecast (share of SHAP value in votes, 2026 forecast rows)
A13: Input family | B13: Forecast A | C13: Forecast B | D13: Forecast C | E13: Forecast C family weight (×) | F13: C weight used in 2024 backtest (×) | G13: Read
A14: Election type | B14: 0.0037806522 | C14: 0 | D14: 0.0036742793 | E14: 1 | F14: 1 | G14: unchanged (or held at ×1, under 3% of SHAP)
A15: Geography & municipal context | B15: 0.018896003 | C15: 0 | D15: 0.018364343 | E15: 1 | F15: 1 | G15: unchanged (or held at ×1, under 3% of SHAP)
A16: Historical voter data | B16: 0.73601388 | C16: 0.68324545 | D16: 0.77357931 | E16: 1.0814673 | F16: 0.97814171 | G16: amplified
A17: Voter registration data | B17: 0.24130946 | C17: 0.31675455 | D17: 0.20438207 | E17: 0.87149117 | F17: 1.2435075 | G17: damped
A18: Out-of-fold fit of the family weights: pattern error 2.59 → 2.55 pts after re-weighting.
A20: Forecast B — which inputs survived the SHAP selection
A21: Input | B21: Beat random columns (of 20) | C21: Share of forest SHAP in A | D21: Kept in B?
A22: Precinct House lean, last election (t−2) | B22: 20 | C22: 0.29575643 | D22: Yes
A23: Electorate last election: R % of ballots | B23: 20 | C23: 0.19404728 | D23: Yes
A24: Municipality House lean, last election (t−2) | B24: 20 | C24: 0.13112478 | D24: Yes
A25: State registration: R % (as of election) | B25: 20 | C25: 0.11105602 | D25: Yes
A26: Precinct House lean, last same-type election (t−4) | B26: 20 | C26: 0.078463649 | D26: Yes
A27: State registration: D % (as of election) | B27: 20 | C27: 0.072851368 | D27: Yes
A28: State registration: change in D−R margin since t−2 | B28: 20 | C28: 0.01772911 | D28: No
A29: Precinct vs. its municipality, last election (pts) | B29: 20 | C29: 0.013984863 | D29: No
A30: Mail use last election: R voters | B30: 20 | C30: 0.01392582 | D30: No
A31: Turnout last election: R registrants | B31: 20 | C31: 0.00909359 | D31: No
A32: Voter-file party switch gap (today’s R % − state R %) | B32: 20 | C32: 0.0086844797 | D32: No
A33: Mail use last election: D voters | B33: 20 | C33: 0.008026408 | D33: No
... A44: County: Lehigh | B44: 1 | C44: 0.00098970801 | D44: No

Sheet Feature Ranking A
A1: Rank | B1: Feature | C1: Input family | D1: Share of model | E1: Share within its family | F1: SHAP value in votes | G1: Used to forecast | H1: Significance test result | I1: Variable (short name)
A2: 1 | B2: Democratic percent of the two-party House vote, 2024 (certified precinct results), above or below the district average | C2: Historical voter data | D2: 0.28226256 | E2: 0.38350168 | F2: 51.68654 | G2: Democratic percent of the two-party vote | H2: Beat all 10 random comparison columns in 20 of 20 refits in the Democratic percent forest. | I2: Precinct House lean, last election (t−2)
A3: 2 | B3: Registered Republicans as a percent of everyone who voted, 2024 (voter file) | C3: Historical voter data | D3: 0.19158016 | E3: 0.26029423 | F3: 35.081224 | G3: Democratic percent of the two-party vote | H3: Beat all 10 random comparison columns in 20 of 20 refits in the Democratic percent forest. | I3: Electorate last election: R % of ballots
A4: 3 | B4: Democratic percent of the two-party House vote in the precinct’s whole municipality, 2024, above or below the district average | C4: Historical voter data | D4: 0.12941417 | E4: 0.17583116 | F4: 23.697691 | G4: Democratic percent of the two-party vote | H4: Beat all 10 random comparison columns in 20 of 20 refits in the Democratic percent forest. | I4: Municipality House lean, last election (t−2)
A5: 4 | B5: Registered Republicans as a percent of all registered voters, 2026 primary rolls (Department of State) | C5: Voter registration data | D5: 0.11185254 | E5: 0.46352324 | F5: 20.481891 | G5: Democratic percent of the two-party vote | H5: Beat all 10 random comparison columns in 20 of 20 refits in the Democratic percent forest. | I5: State registration: R % (as of election)
A6: 5 | B6: Democratic percent of the two-party House vote, 2022 — the last midterm (certified precinct results), above or below the district average | C6: Historical voter data | D6: 0.080907352 | E6: 0.10992639 | F6: 14.815359 | G6: Democratic percent of the two-party vote | H6: Beat all 10 random comparison columns in 20 of 20 refits in the Democratic percent forest. | I6: Precinct House lean, last same-type election (t−4)
A7: 6 | B7: Registered Democrats as a percent of all registered voters, 2026 primary rolls (Department of State) | C7: Voter registration data | D7: 0.075747965 | E7: 0.31390383 | F7: 13.870597 | G7: Democratic percent of the two-party vote | H7: Beat all 10 random comparison columns in 20 of 20 refits in the Democratic percent forest. | I7: State registration: D % (as of election)
A8: 7 | B8: Change in registered Democrats minus Republicans (percent of registered) from the 2024 general to the 2026 primary (Department of State) | C8: Voter registration data | D8: 0.020998379 | E8: 0.087018462 | F8: 3.8451205 | G8: Democratic percent of the two-party vote | H8: Beat all 10 random comparison columns in 20 of 20 refits in the Democratic percent forest. | I8: State registration: change in D−R margin since t−2
A9: 8 | B9: Percent of Republican voters who voted by mail, 2024 (voter file) | C9: Historical voter data | D9: 0.016421563 | E9: 0.022311486 | F9: 3.0070364 | G9: Democratic percent of the two-party vote | H9: Beat all 10 random comparison columns in 20 of 20 refits in the Democratic percent forest. | I9: Mail use last election: R voters
A10: 9 | B10: Precinct’s 2024 House Democratic percent minus its municipality’s, in points | C10: Geography & municipal context | D10: 0.014306653 | E10: 0.75712586 | F10: 2.6197644 | G10: Democratic percent of the two-party vote | H10: Beat all 10 random comparison columns in 20 of 20 refits in the Democratic percent forest. | I10: Precinct vs. its municipality, last election (pts)
A11: 10 | B11: Percent of registered Republicans who voted, 2024 (voter file) | C11: Historical voter data | D11: 0.011021175 | E11: 0.01497414 | F11: 2.0181437 | G11: Democratic percent of the two-party vote | H11: Beat all 10 random comparison columns in 20 of 20 refits in the Democratic percent forest. | I11: Turnout last election: R registrants
A12: 11 | B12: Republican percent of registered voters in the 2026 voter file minus the Republican percent on the 2026 state rolls (a party-switching signal) | C12: Voter registration data | D12: 0.0097053693 | E12: 0.040219597 | F12: 1.7771998 | G12: Democratic percent of the two-party vote | H12: Beat all 10 random comparison columns in 20 of 20 refits in the Democratic percent forest. | I12: Voter-file party switch gap (today’s R % − state R %)
A13: 12 | B13: Percent of Democratic voters who voted by mail, 2024 (voter file) | C13: Historical voter data | D13: 0.0096390316 | E13: 0.013096263 | F13: 1.7650524 | G13: Democratic percent of the two-party vote | H13: Beat all 10 random comparison columns in 20 of 20 refits in the Democratic percent forest. | I13: Mail use last election: D voters
... A24: 23 | B24: Precinct is in Lehigh County (1/0) | C24: Geography & municipal context | D24: 0.0010032928 | E24: 0.053095501 | F24: 0.18371807 | G24: Democratic percent of the two-party vote | H24: Beat all 10 random comparison columns in 1 of 20 refits in the Democratic percent forest. | I24: County: Lehigh
B26: Historical voter data, total | C26: Historical voter data | D26: =SUMIF(C2:C24,"Historical voter data",D2:D24) -> 0.73601388 | F26: =SUMIF(C2:C24,"Historical voter data",F2:F24) -> 134.77526
B27: Voter registration data, total | C27: Voter registration data | D27: =SUMIF(C2:C24,"Voter registration data",D2:D24) -> 0.24130946 | F27: =SUMIF(C2:C24,"Voter registration data",F2:F24) -> 44.18741
B28: Geography & municipal context, total | C28: Geography & municipal context | D28: =SUMIF(C2:C24,"Geography & municipal context",D2:D24) -> 0.018896003 | F28: =SUMIF(C2:C24,"Geography & municipal context",F2:F24) -> 3.4601438
B29: Election type, total | C29: Election type | D29: =SUMIF(C2:C24,"Election type",D2:D24) -> 0.0037806522 | F29: =SUMIF(C2:C24,"Election type",F2:F24) -> 0.69229455
B30: All features, total | D30: =SUM(D2:D24) -> 1 | F30: =SUM(F2:F24) -> 183.11511
B32: Notes
B33: How to read this table. Each row is one input that this forecast uses. Rows are ranked by SHAP value in votes on the 2026 forecast rows.
B34: SHAP value: for one place, the number of votes that one input added to or took away from that place’s forecast, measured from the model’s starting value, which is the average forecast over the places and years it was trained on (SHAP stands for SHapley Additive exPlanations). Values are exact TreeSHAP over every tree.
B35: SHAP value in votes is the average, over the 370 precincts, of the votes the input added to or took away from the forecast, ignoring whether it added or took away. Brooks votes and Mackenzie votes are counted together (an input that moves 10 votes from Mackenzie to Brooks counts as 20). Votes cast are fixed at 2022 levels, so every vote an input moves is a shift between the two candidates.
B36: Share of model is the input’s SHAP value in votes divided by the total for all inputs. Share within its family divides by the total for its own family instead.
B37: What the model forecasts. One random forest forecasts each place’s Democratic percent of the two-party House vote, measured above or below the district average for that election (so it learns the pattern, not the year’s overall level). Turnout is not modeled: each place casts the same number of House votes as in 2022 (the last midterm). Brooks share = the forecast pattern plus one uniform shift that makes the district total equal the scenario on the Scenario & Comparison tab.
B38: Forecast A weighting: none imposed. Each input’s weight is exactly what the full forest learned; the SHAP values show it after the fact.
B39: How the inputs were tested. Each forest of Forecast A was refit 20 times with a different random seed, each time with 10 extra columns of random numbers added (5 that change from row to row and 5 that keep one value for each place in every year). The significance column counts the refits in which the input’s average absolute SHAP value on the 2026 forecast rows was larger than that of every random column.
B40: Settings: max_features=0.33, min_samples_leaf=1, 500 trees, trained on 977 precinct-elections (2020–2024).
B41: Historical voter data: past election results (any race) and past turnout (how many voted, which registered parties voted, mail use). Voter registration data: who is on the roll and with which party, the number registered, age and sex make-up, and change in registration. Geography & municipal context: county and the precinct’s municipality. Election type: midterm or presidential year.

Sheet Feature Ranking B
A1: Rank | B1: Feature | C1: Input family | D1: Share of model | E1: Share within its family | F1: SHAP value in votes | G1: Used to forecast | H1: Significance test result | I1: Variable (short name)
A2: 1 | B2: Democratic percent of the two-party House vote, 2024 (certified precinct results), above or below the district average | C2: Historical voter data | D2: 0.1781813 | E2: 0.26078666 | F2: 28.467639 | G2: Democratic percent of the two-party vote | H2: Beat all 10 random comparison columns in 20 of 20 refits in the Democratic percent forest. | I2: Precinct House lean, last election (t−2)
A3: 2 | B3: Democratic percent of the two-party House vote, 2022 — the last midterm (certified precinct results), above or below the district average | C3: Historical voter data | D3: 0.17086588 | E3: 0.2500798 | F3: 27.29887 | G3: Democratic percent of the two-party vote | H3: Beat all 10 random comparison columns in 20 of 20 refits in the Democratic percent forest. | I3: Precinct House lean, last same-type election (t−4)
A4: 3 | B4: Registered Republicans as a percent of everyone who voted, 2024 (voter file) | C4: Historical voter data | D4: 0.16852111 | E4: 0.24664798 | F4: 26.924251 | G4: Democratic percent of the two-party vote | H4: Beat all 10 random comparison columns in 20 of 20 refits in the Democratic percent forest. | I4: Electorate last election: R % of ballots
A5: 4 | B5: Democratic percent of the two-party House vote in the precinct’s whole municipality, 2024, above or below the district average | C5: Historical voter data | D5: 0.16567715 | E5: 0.24248556 | F5: 26.469878 | G5: Democratic percent of the two-party vote | H5: Beat all 10 random comparison columns in 20 of 20 refits in the Democratic percent forest. | I5: Municipality House lean, last election (t−2)
A6: 5 | B6: Registered Republicans as a percent of all registered voters, 2026 primary rolls (Department of State) | C6: Voter registration data | D6: 0.16274973 | E6: 0.5138039 | F6: 26.002169 | G6: Democratic percent of the two-party vote | H6: Beat all 10 random comparison columns in 20 of 20 refits in the Democratic percent forest. | I6: State registration: R % (as of election)
A7: 6 | B7: Registered Democrats as a percent of all registered voters, 2026 primary rolls (Department of State) | C7: Voter registration data | D7: 0.15400483 | E7: 0.4861961 | F7: 24.605016 | G7: Democratic percent of the two-party vote | H7: Beat all 10 random comparison columns in 20 of 20 refits in the Democratic percent forest. | I7: State registration: D % (as of election)
B9: Historical voter data, total | C9: Historical voter data | D9: =SUMIF(C2:C7,"Historical voter data",D2:D7) -> 0.68324545 | F9: =SUMIF(C2:C7,"Historical voter data",F2:F7) -> 109.16064
B10: Voter registration data, total | C10: Voter registration data | D10: =SUMIF(C2:C7,"Voter registration data",D2:D7) -> 0.31675455 | F10: =SUMIF(C2:C7,"Voter registration data",F2:F7) -> 50.607185
B11: All features, total | D11: =SUM(D2:D7) -> 1 | F11: =SUM(F2:F7) -> 159.76782
B13: Notes
B14: How to read this table. Each row is one input that this forecast uses. Rows are ranked by SHAP value in votes on the 2026 forecast rows.
B15: SHAP value: for one place, the number of votes that one input added to or took away from that place’s forecast, measured from the model’s starting value, which is the average forecast over the places and years it was trained on (SHAP stands for SHapley Additive exPlanations). Values are exact TreeSHAP over every tree.
B16: SHAP value in votes is the average, over the 370 precincts, of the votes the input added to or took away from the forecast, ignoring whether it added or took away. Brooks votes and Mackenzie votes are counted together (an input that moves 10 votes from Mackenzie to Brooks counts as 20). Votes cast are fixed at 2022 levels, so every vote an input moves is a shift between the two candidates.
B17: Share of model is the input’s SHAP value in votes divided by the total for all inputs. Share within its family divides by the total for its own family instead.
B18: What the model forecasts. One random forest forecasts each place’s Democratic percent of the two-party House vote, measured above or below the district average for that election (so it learns the pattern, not the year’s overall level). Turnout is not modeled: each place casts the same number of House votes as in 2022 (the last midterm). Brooks share = the forecast pattern plus one uniform shift that makes the district total equal the scenario on the Scenario & Comparison tab.
B19: Forecast B weighting: SHAP-selected. Only inputs that beat all 10 random columns in at least 18 of 20 refits AND held at least 2% of their forest’s SHAP total in Forecast A were kept; the forests were then refit (settings re-tuned) on those inputs alone, so the SHAP weight that the dropped inputs carried is redistributed among the survivors.
B20: How the inputs were tested. Each forest of Forecast A was refit 20 times with a different random seed, each time with 10 extra columns of random numbers added (5 that change from row to row and 5 that keep one value for each place in every year). The significance column counts the refits in which the input’s average absolute SHAP value on the 2026 forecast rows was larger than that of every random column.
B21: Settings: max_features=0.33, min_samples_leaf=3, 500 trees, trained on 977 precinct-elections (2020–2024).
B22: Historical voter data: past election results (any race) and past turnout (how many voted, which registered parties voted, mail use). Voter registration data: who is on the roll and with which party, the number registered, age and sex make-up, and change in registration. Geography & municipal context: county and the precinct’s municipality. Election type: midterm or presidential year.

Sheet Feature Ranking C
A1: Rank | B1: Feature | C1: Input family | D1: Share of model | E1: Share within its family | F1: SHAP value in votes | G1: Used to forecast | H1: Significance test result | I1: Variable (short name)
A2: 1 | B2: Democratic percent of the two-party House vote, 2024 (certified precinct results), above or below the district average | C2: Historical voter data | D2: 0.29666896 | E2: 0.38350168 | F2: 55.897304 | G2: Democratic percent of the two-party vote | H2: Beat all 10 random comparison columns in 20 of 20 refits in the Democratic percent forest. | I2: Precinct House lean, last election (t−2)
A3: 2 | B3: Registered Republicans as a percent of everyone who voted, 2024 (voter file) | C3: Historical voter data | D3: 0.20135823 | E3: 0.26029423 | F3: 37.939197 | G3: Democratic percent of the two-party vote | H3: Beat all 10 random comparison columns in 20 of 20 refits in the Democratic percent forest. | I3: Electorate last election: R % of ballots
A4: 3 | B4: Democratic percent of the two-party House vote in the precinct’s whole municipality, 2024, above or below the district average | C4: Historical voter data | D4: 0.13601935 | E4: 0.17583116 | F4: 25.628278 | G4: Democratic percent of the two-party vote | H4: Beat all 10 random comparison columns in 20 of 20 refits in the Democratic percent forest. | I4: Municipality House lean, last election (t−2)
A5: 4 | B5: Registered Republicans as a percent of all registered voters, 2026 primary rolls (Department of State) | C5: Voter registration data | D5: 0.094735837 | E5: 0.46352324 | F5: 17.849787 | G5: Democratic percent of the two-party vote | H5: Beat all 10 random comparison columns in 20 of 20 refits in the Democratic percent forest. | I5: State registration: R % (as of election)
A6: 5 | B6: Democratic percent of the two-party House vote, 2022 — the last midterm (certified precinct results), above or below the district average | C6: Historical voter data | D6: 0.085036785 | E6: 0.10992639 | F6: 16.022327 | G6: Democratic percent of the two-party vote | H6: Beat all 10 random comparison columns in 20 of 20 refits in the Democratic percent forest. | I6: Precinct House lean, last same-type election (t−4)
A7: 6 | B7: Registered Democrats as a percent of all registered voters, 2026 primary rolls (Department of State) | C7: Voter registration data | D7: 0.064156314 | E7: 0.31390383 | F7: 12.088103 | G7: Democratic percent of the two-party vote | H7: Beat all 10 random comparison columns in 20 of 20 refits in the Democratic percent forest. | I7: State registration: D % (as of election)
A8: 7 | B8: Change in registered Democrats minus Republicans (percent of registered) from the 2024 general to the 2026 primary (Department of State) | C8: Voter registration data | D8: 0.017785013 | E8: 0.087018462 | F8: 3.3509885 | G8: Democratic percent of the two-party vote | H8: Beat all 10 random comparison columns in 20 of 20 refits in the Democratic percent forest. | I8: State registration: change in D−R margin since t−2
A9: 8 | B9: Percent of Republican voters who voted by mail, 2024 (voter file) | C9: Historical voter data | D9: 0.017259704 | E9: 0.022311486 | F9: 3.2520116 | G9: Democratic percent of the two-party vote | H9: Beat all 10 random comparison columns in 20 of 20 refits in the Democratic percent forest. | I9: Mail use last election: R voters
A10: 9 | B10: Precinct’s 2024 House Democratic percent minus its municipality’s, in points | C10: Geography & municipal context | D10: 0.013904119 | E10: 0.75712586 | F10: 2.6197644 | G10: Democratic percent of the two-party vote | H10: Beat all 10 random comparison columns in 20 of 20 refits in the Democratic percent forest. | I10: Precinct vs. its municipality, last election (pts)
A11: 10 | B11: Percent of registered Republicans who voted, 2024 (voter file) | C11: Historical voter data | D11: 0.011583685 | E11: 0.01497414 | F11: 2.1825564 | G11: Democratic percent of the two-party vote | H11: Beat all 10 random comparison columns in 20 of 20 refits in the Democratic percent forest. | I11: Turnout last election: R registrants
A12: 11 | B12: Percent of Democratic voters who voted by mail, 2024 (voter file) | C12: Historical voter data | D12: 0.010130998 | E12: 0.013096263 | F12: 1.9088465 | G12: Democratic percent of the two-party vote | H12: Beat all 10 random comparison columns in 20 of 20 refits in the Democratic percent forest. | I12: Mail use last election: D voters
A13: 12 | B13: Ballots cast as a percent of registered voters, 2024 (Department of State) | C13: Historical voter data | D13: 0.0085834878 | E13: 0.011095808 | F13: 1.6172701 | G13: Democratic percent of the two-party vote | H13: Beat all 10 random comparison columns in 20 of 20 refits in the Democratic percent forest. | I13: Turnout last election (state)
... A24: 23 | B24: Precinct is in Lehigh County (1/0) | C24: Geography & municipal context | D24: 0.00097506401 | E24: 0.053095501 | F24: 0.18371807 | G24: Democratic percent of the two-party vote | H24: Beat all 10 random comparison columns in 1 of 20 refits in the Democratic percent forest. | I24: County: Lehigh
B26: Historical voter data, total | C26: Historical voter data | D26: =SUMIF(C2:C24,"Historical voter data",D2:D24) -> 0.77357931 | F26: =SUMIF(C2:C24,"Historical voter data",F2:F24) -> 145.75504
B27: Voter registration data, total | C27: Voter registration data | D27: =SUMIF(C2:C24,"Voter registration data",D2:D24) -> 0.20438207 | F27: =SUMIF(C2:C24,"Voter registration data",F2:F24) -> 38.508937
B28: Geography & municipal context, total | C28: Geography & municipal context | D28: =SUMIF(C2:C24,"Geography & municipal context",D2:D24) -> 0.018364343 | F28: =SUMIF(C2:C24,"Geography & municipal context",F2:F24) -> 3.4601438
B29: Election type, total | C29: Election type | D29: =SUMIF(C2:C24,"Election type",D2:D24) -> 0.0036742793 | F29: =SUMIF(C2:C24,"Election type",F2:F24) -> 0.69229455
B30: All features, total | D30: =SUM(D2:D24) -> 1 | F30: =SUM(F2:F24) -> 188.41642
B32: Notes
B33: How to read this table. Each row is one input that this forecast uses. Rows are ranked by SHAP value in votes on the 2026 forecast rows.
B34: SHAP value: for one place, the number of votes that one input added to or took away from that place’s forecast, measured from the model’s starting value, which is the average forecast over the places and years it was trained on (SHAP stands for SHapley Additive exPlanations). Values are exact TreeSHAP over every tree.
B35: SHAP value in votes is the average, over the 370 precincts, of the votes the input added to or took away from the forecast, ignoring whether it added or took away. Brooks votes and Mackenzie votes are counted together (an input that moves 10 votes from Mackenzie to Brooks counts as 20). Votes cast are fixed at 2022 levels, so every vote an input moves is a shift between the two candidates.
B36: Share of model is the input’s SHAP value in votes divided by the total for all inputs. Share within its family divides by the total for its own family instead.
B37: What the model forecasts. One random forest forecasts each place’s Democratic percent of the two-party House vote, measured above or below the district average for that election (so it learns the pattern, not the year’s overall level). Turnout is not modeled: each place casts the same number of House votes as in 2022 (the last midterm). Brooks share = the forecast pattern plus one uniform shift that makes the district total equal the scenario on the Scenario & Comparison tab.
B38: Forecast C weighting: SHAP family re-weighting. Forecast A’s forests are kept, but each input family’s SHAP contribution is multiplied by a family weight fitted to out-of-sample accuracy: Election type ×1.00; Geography & municipal context ×1.00; Historical voter data ×1.08; Voter registration data ×0.87. The forecast is the forest’s starting value plus the re-weighted SHAP values, so the SHAP values in this table are already re-weighted.
B39: How the inputs were tested. Each forest of Forecast A was refit 20 times with a different random seed, each time with 10 extra columns of random numbers added (5 that change from row to row and 5 that keep one value for each place in every year). The significance column counts the refits in which the input’s average absolute SHAP value on the 2026 forecast rows was larger than that of every random column.
B40: Settings: max_features=0.33, min_samples_leaf=1, 500 trees, trained on 977 precinct-elections (2020–2024).
B41: Historical voter data: past election results (any race) and past turnout (how many voted, which registered parties voted, mail use). Voter registration data: who is on the roll and with which party, the number registered, age and sex make-up, and change in registration. Geography & municipal context: county and the precinct’s municipality. Election type: midterm or presidential year.

Sheet 2024 Backtest A
A1: County | B1: Municipality | C1: Precinct | D1: Predicted Democratic (Wild) votes | E1: Actual Democratic votes | F1: Error, Democratic votes (predicted minus actual) | G1: Predicted Republican (Mackenzie) votes | H1: Actual Republican votes | I1: Error, Republican votes (predicted minus actual) | J1: Predicted Democratic share of the two-party vote | K1: Actual Democratic share of the two-party vote | L1: Error in Democratic share, percentage points (predicted minus actual) | M1: Note
A2: Carbon | B2: BANKS TOWNSHIP | C2: BANKS TOWNSHIP | D2: 198 | E2: 181 | F2: =IF(E2="","",D2-E2) -> 17 | G2: 305 | H2: 284 | I2: =IF(H2="","",G2-H2) -> 21 | J2: =IF(OR(D2="",D2+G2=0),"",D2/(D2+G2)) -> 0.39363817 | K2: =IF(E2="","",E2/(E2+H2)) -> 0.38924731 | L2: =IF(OR(K2="",J2=""),"",(J2-K2)*100) -> 0.43908591
A3: Carbon | B3: BEAVER MEADOWS BOROUGH | C3: BEAVER MEADOWS BOROUGH | D3: 115 | E3: 118 | F3: =IF(E3="","",D3-E3) -> -3 | G3: 288 | H3: 298 | I3: =IF(H3="","",G3-H3) -> -10 | J3: =IF(OR(D3="",D3+G3=0),"",D3/(D3+G3)) -> 0.2853598 | K3: =IF(E3="","",E3/(E3+H3)) -> 0.28365385 | L3: =IF(OR(K3="",J3=""),"",(J3-K3)*100) -> 0.17059553
A4: Carbon | B4: BOWMANSTOWN BOROUGH | C4: BOWMANSTOWN BOROUGH | D4: 153 | E4: 143 | F4: =IF(E4="","",D4-E4) -> 10 | G4: 275 | H4: 309 | I4: =IF(H4="","",G4-H4) -> -34 | J4: =IF(OR(D4="",D4+G4=0),"",D4/(D4+G4)) -> 0.35747664 | K4: =IF(E4="","",E4/(E4+H4)) -> 0.31637168 | L4: =IF(OR(K4="",J4=""),"",(J4-K4)*100) -> 4.1104954
A5: Carbon | B5: EAST PENN TOWNSHIP | C5: EAST PENN TOWNSHIP-NORTH | D5: 229 | E5: 202 | F5: =IF(E5="","",D5-E5) -> 27 | G5: 558 | H5: 640 | I5: =IF(H5="","",G5-H5) -> -82 | J5: =IF(OR(D5="",D5+G5=0),"",D5/(D5+G5)) -> 0.2909784 | K5: =IF(E5="","",E5/(E5+H5)) -> 0.23990499 | L5: =IF(OR(K5="",J5=""),"",(J5-K5)*100) -> 5.1073411
A6: Carbon | B6: EAST PENN TOWNSHIP | C6: EAST PENN TOWNSHIP-SOUTH | D6: 238 | E6: 232 | F6: =IF(E6="","",D6-E6) -> 6 | G6: 545 | H6: 603 | I6: =IF(H6="","",G6-H6) -> -58 | J6: =IF(OR(D6="",D6+G6=0),"",D6/(D6+G6)) -> 0.30395913 | K6: =IF(E6="","",E6/(E6+H6)) -> 0.27784431 | L6: =IF(OR(K6="",J6=""),"",(J6-K6)*100) -> 2.611482
A7: Carbon | B7: EAST SIDE BOROUGH | C7: EAST SIDE BOROUGH | D7: 46 | E7: 38 | F7: =IF(E7="","",D7-E7) -> 8 | G7: 75 | H7: 78 | I7: =IF(H7="","",G7-H7) -> -3 | J7: =IF(OR(D7="",D7+G7=0),"",D7/(D7+G7)) -> 0.38016529 | K7: =IF(E7="","",E7/(E7+H7)) -> 0.32758621 | L7: =IF(OR(K7="",J7=""),"",(J7-K7)*100) -> 5.2579082
A8: Carbon | B8: FRANKLIN TOWNSHIP | C8: FRANKLIN TOWNSHIP-HARRITY | D8: 314 | E8: 301 | F8: =IF(E8="","",D8-E8) -> 13 | G8: 707 | H8: 760 | I8: =IF(H8="","",G8-H8) -> -53 | J8: =IF(OR(D8="",D8+G8=0),"",D8/(D8+G8)) -> 0.30754163 | K8: =IF(E8="","",E8/(E8+H8)) -> 0.28369463 | L8: =IF(OR(K8="",J8=""),"",(J8-K8)*100) -> 2.3846998
A9: Carbon | B9: FRANKLIN TOWNSHIP | C9: FRANKLIN TOWNSHIP-IND DIST | D9: 184 | E9: 164 | F9: =IF(E9="","",D9-E9) -> 20 | G9: 422 | H9: 450 | I9: =IF(H9="","",G9-H9) -> -28 | J9: =IF(OR(D9="",D9+G9=0),"",D9/(D9+G9)) -> 0.30363036 | K9: =IF(E9="","",E9/(E9+H9)) -> 0.26710098 | L9: =IF(OR(K9="",J9=""),"",(J9-K9)*100) -> 3.6529386
A10: Carbon | B10: FRANKLIN TOWNSHIP | C10: FRANKLIN TOWNSHIP-LONG RUN | D10: 241 | E10: 235 | F10: =IF(E10="","",D10-E10) -> 6 | G10: 591 | H10: 626 | I10: =IF(H10="","",G10-H10) -> -35 | J10: =IF(OR(D10="",D10+G10=0),"",D10/(D10+G10)) -> 0.28966346 | K10: =IF(E10="","",E10/(E10+H10)) -> 0.27293844 | L10: =IF(OR(K10="",J10=""),"",(J10-K10)*100) -> 1.6725018
A11: Carbon | B11: JIM THORPE BOROUGH | C11: JIM THORPE BOROUGH-1ST | D11: 262 | E11: 229 | F11: =IF(E11="","",D11-E11) -> 33 | G11: 282 | H11: 297 | I11: =IF(H11="","",G11-H11) -> -15 | J11: =IF(OR(D11="",D11+G11=0),"",D11/(D11+G11)) -> 0.48161765 | K11: =IF(E11="","",E11/(E11+H11)) -> 0.43536122 | L11: =IF(OR(K11="",J11=""),"",(J11-K11)*100) -> 4.625643
A12: Carbon | B12: JIM THORPE BOROUGH | C12: JIM THORPE BOROUGH-2ND | D12: 179 | E12: 163 | F12: =IF(E12="","",D12-E12) -> 16 | G12: 211 | H12: 226 | I12: =IF(H12="","",G12-H12) -> -15 | J12: =IF(OR(D12="",D12+G12=0),"",D12/(D12+G12)) -> 0.45897436 | K12: =IF(E12="","",E12/(E12+H12)) -> 0.41902314 | L12: =IF(OR(K12="",J12=""),"",(J12-K12)*100) -> 3.9951223
A13: Carbon | B13: JIM THORPE BOROUGH | C13: JIM THORPE BOROUGH-3RD | D13: 302 | E13: 286 | F13: =IF(E13="","",D13-E13) -> 16 | G13: 425 | H13: 464 | I13: =IF(H13="","",G13-H13) -> -39 | J13: =IF(OR(D13="",D13+G13=0),"",D13/(D13+G13)) -> 0.41540578 | K13: =IF(E13="","",E13/(E13+H13)) -> 0.38133333 | L13: =IF(OR(K13="",J13=""),"",(J13-K13)*100) -> 3.4072444
... A83: Lehigh | B83: ALLENTOWN | C83: ALLENTOWN 17TH WARD 3RD DIST | D83: 496 | E83: 502 | F83: =IF(E83="","",D83-E83) -> -6 | G83: 295 | H83: 283 | I83: =IF(H83="","",G83-H83) -> 12 | J83: =IF(OR(D83="",D83+G83=0),"",D83/(D83+G83)) -> 0.62705436 | K83: =IF(E83="","",E83/(E83+H83)) -> 0.63949045 | L83: =IF(OR(K83="",J83=""),"",(J83-K83)*100) -> -1.2436084
A84: Lehigh | B84: ALLENTOWN | C84: ALLENTOWN 17TH WARD 4TH DIST | D84: 351 | F84: =IF(E84="","",D84-E84) | G84: 241 | I84: =IF(H84="","",G84-H84) | J84: =IF(OR(D84="",D84+G84=0),"",D84/(D84+G84)) -> 0.59290541 | K84: =IF(E84="","",E84/(E84+H84)) | L84: =IF(OR(K84="",J84=""),"",(J84-K84)*100) | M84: No comparable 2024 result
A85: Lehigh | B85: ALLENTOWN | C85: ALLENTOWN 17TH WD 4TH DT PARK | D85: 949 | F85: =IF(E85="","",D85-E85) | G85: 659 | I85: =IF(H85="","",G85-H85) | J85: =IF(OR(D85="",D85+G85=0),"",D85/(D85+G85)) -> 0.59017413 | K85: =IF(E85="","",E85/(E85+H85)) | L85: =IF(OR(K85="",J85=""),"",(J85-K85)*100) | M85: No comparable 2024 result
A86: Lehigh | B86: ALLENTOWN | C86: ALLENTOWN 18TH WARD 1ST DIST | D86: 516 | E86: 488 | F86: =IF(E86="","",D86-E86) -> 28 | G86: 236 | H86: 252 | I86: =IF(H86="","",G86-H86) -> -16 | J86: =IF(OR(D86="",D86+G86=0),"",D86/(D86+G86)) -> 0.68617021 | K86: =IF(E86="","",E86/(E86+H86)) -> 0.65945946 | L86: =IF(OR(K86="",J86=""),"",(J86-K86)*100) -> 2.6710753
A87: Lehigh | B87: ALLENTOWN | C87: ALLENTOWN 18TH WARD 2ND DIST | D87: 614 | E87: 601 | F87: =IF(E87="","",D87-E87) -> 13 | G87: 375 | H87: 394 | I87: =IF(H87="","",G87-H87) -> -19 | J87: =IF(OR(D87="",D87+G87=0),"",D87/(D87+G87)) -> 0.62082912 | K87: =IF(E87="","",E87/(E87+H87)) -> 0.6040201 | L87: =IF(OR(K87="",J87=""),"",(J87-K87)*100) -> 1.680902
A88: Lehigh | B88: ALLENTOWN | C88: ALLENTOWN 18TH WD 2ND DT PARK | D88: 18 | F88: =IF(E88="","",D88-E88) | G88: 14 | I88: =IF(H88="","",G88-H88) | J88: =IF(OR(D88="",D88+G88=0),"",D88/(D88+G88)) -> 0.5625 | K88: =IF(E88="","",E88/(E88+H88)) | L88: =IF(OR(K88="",J88=""),"",(J88-K88)*100) | M88: No comparable 2024 result
A89: Lehigh | B89: ALLENTOWN | C89: ALLENTOWN 19TH WARD 1ST DIST | D89: 343 | E89: 330 | F89: =IF(E89="","",D89-E89) -> 13 | G89: 240 | H89: 270 | I89: =IF(H89="","",G89-H89) -> -30 | J89: =IF(OR(D89="",D89+G89=0),"",D89/(D89+G89)) -> 0.58833619 | K89: =IF(E89="","",E89/(E89+H89)) -> 0.55 | L89: =IF(OR(K89="",J89=""),"",(J89-K89)*100) -> 3.8336192
A90: Lehigh | B90: ALLENTOWN | C90: ALLENTOWN 19TH WARD 2ND DIST | D90: 682 | E90: 591 | F90: =IF(E90="","",D90-E90) -> 91 | G90: 285 | H90: 333 | I90: =IF(H90="","",G90-H90) -> -48 | J90: =IF(OR(D90="",D90+G90=0),"",D90/(D90+G90)) -> 0.70527404 | K90: =IF(E90="","",E90/(E90+H90)) -> 0.63961039 | L90: =IF(OR(K90="",J90=""),"",(J90-K90)*100) -> 6.5663654
A91: Lehigh | B91: ALLENTOWN | C91: ALLENTOWN 19TH WARD 3RD DIST | D91: 353 | E91: 347 | F91: =IF(E91="","",D91-E91) -> 6 | G91: 241 | H91: 243 | I91: =IF(H91="","",G91-H91) -> -2 | J91: =IF(OR(D91="",D91+G91=0),"",D91/(D91+G91)) -> 0.59427609 | K91: =IF(E91="","",E91/(E91+H91)) -> 0.58813559 | L91: =IF(OR(K91="",J91=""),"",(J91-K91)*100) -> 0.61405011
A92: Lehigh | B92: ALLENTOWN | C92: ALLENTOWN 19TH WARD 4TH DIST | D92: 532 | E92: 440 | F92: =IF(E92="","",D92-E92) -> 92 | G92: 231 | H92: 259 | I92: =IF(H92="","",G92-H92) -> -28 | J92: =IF(OR(D92="",D92+G92=0),"",D92/(D92+G92)) -> 0.69724771 | K92: =IF(E92="","",E92/(E92+H92)) -> 0.62947067 | L92: =IF(OR(K92="",J92=""),"",(J92-K92)*100) -> 6.7777034
A93: Lehigh | B93: ALLENTOWN | C93: ALLENTOWN 19TH WARD 5TH DIST | D93: 552 | E93: 553 | F93: =IF(E93="","",D93-E93) -> -1 | G93: 374 | H93: 367 | I93: =IF(H93="","",G93-H93) -> 7 | J93: =IF(OR(D93="",D93+G93=0),"",D93/(D93+G93)) -> 0.59611231 | K93: =IF(E93="","",E93/(E93+H93)) -> 0.60108696 | L93: =IF(OR(K93="",J93=""),"",(J93-K93)*100) -> -0.49746455
A94: Lehigh | B94: ALLENTOWN | C94: ALLENTOWN 19TH WARD 5TH DT SAL | D94: 1 | F94: =IF(E94="","",D94-E94) | G94: 2 | I94: =IF(H94="","",G94-H94) | J94: =IF(OR(D94="",D94+G94=0),"",D94/(D94+G94)) -> 0.33333333 | K94: =IF(E94="","",E94/(E94+H94)) | L94: =IF(OR(K94="",J94=""),"",(J94-K94)*100) | M94: No comparable 2024 result
A95: Lehigh | B95: ALLENTOWN | C95: ALLENTOWN 19TH WARD 6TH DIST | D95: 881 | E95: 821 | F95: =IF(E95="","",D95-E95) -> 60 | G95: 495 | H95: 504 | I95: =IF(H95="","",G95-H95) -> -9 | J95: =IF(OR(D95="",D95+G95=0),"",D95/(D95+G95)) -> 0.64026163 | K95: =IF(E95="","",E95/(E95+H95)) -> 0.61962264 | L95: =IF(OR(K95="",J95=""),"",(J95-K95)*100) -> 2.0638986
A96: Lehigh | B96: ALLENTOWN | C96: ALLENTOWN 1ST WARD | D96: 516 | E96: 487 | F96: =IF(E96="","",D96-E96) -> 29 | G96: 143 | H96: 191 | I96: =IF(H96="","",G96-H96) -> -48 | J96: =IF(OR(D96="",D96+G96=0),"",D96/(D96+G96)) -> 0.78300455 | K96: =IF(E96="","",E96/(E96+H96)) -> 0.71828909 | L96: =IF(OR(K96="",J96=""),"",(J96-K96)*100) -> 6.4715467
A97: Lehigh | B97: ALLENTOWN | C97: ALLENTOWN 2ND WARD | D97: 456 | E97: 418 | F97: =IF(E97="","",D97-E97) -> 38 | G97: 140 | H97: 181 | I97: =IF(H97="","",G97-H97) -> -41 | J97: =IF(OR(D97="",D97+G97=0),"",D97/(D97+G97)) -> 0.76510067 | K97: =IF(E97="","",E97/(E97+H97)) -> 0.69782972 | L97: =IF(OR(K97="",J97=""),"",(J97-K97)*100) -> 6.7270955
A98: Lehigh | B98: ALLENTOWN | C98: ALLENTOWN 3RD WARD | D98: 539 | E98: 677 | F98: =IF(E98="","",D98-E98) -> -138 | G98: 156 | H98: 264 | I98: =IF(H98="","",G98-H98) -> -108 | J98: =IF(OR(D98="",D98+G98=0),"",D98/(D98+G98)) -> 0.77553957 | K98: =IF(E98="","",E98/(E98+H98)) -> 0.7194474 | L98: =IF(OR(K98="",J98=""),"",(J98-K98)*100) -> 5.6092172
A99: Lehigh | B99: ALLENTOWN | C99: ALLENTOWN 4TH WARD | D99: 310 | E99: 283 | F99: =IF(E99="","",D99-E99) -> 27 | G99: 108 | H99: 138 | I99: =IF(H99="","",G99-H99) -> -30 | J99: =IF(OR(D99="",D99+G99=0),"",D99/(D99+G99)) -> 0.74162679 | K99: =IF(E99="","",E99/(E99+H99)) -> 0.67220903 | L99: =IF(OR(K99="",J99=""),"",(J99-K99)*100) -> 6.9417768
A100: Lehigh | B100: ALLENTOWN | C100: ALLENTOWN 5TH WARD | D100: 422 | E100: 447 | F100: =IF(E100="","",D100-E100) -> -25 | G100: 118 | H100: 152 | I100: =IF(H100="","",G100-H100) -> -34 | J100: =IF(OR(D100="",D100+G100=0),"",D100/(D100+G100)) -> 0.78148148 | K100: =IF(E100="","",E100/(E100+H100)) -> 0.74624374 | L100: =IF(OR(K100="",J100=""),"",(J100-K100)*100) -> 3.5237742
A101: Lehigh | B101: ALLENTOWN | C101: ALLENTOWN 6TH WARD 1ST DIST | D101: 250 | E101: 179 | F101: =IF(E101="","",D101-E101) -> 71 | G101: 80 | H101: 112 | I101: =IF(H101="","",G101-H101) -> -32 | J101: =IF(OR(D101="",D101+G101=0),"",D101/(D101+G101)) -> 0.75757576 | K101: =IF(E101="","",E101/(E101+H101)) -> 0.61512027 | L101: =IF(OR(K101="",J101=""),"",(J101-K101)*100) -> 14.245548
A102: Lehigh | B102: ALLENTOWN | C102: ALLENTOWN 6TH WARD 2ND DIST | D102: 395 | E102: 357 | F102: =IF(E102="","",D102-E102) -> 38 | G102: 159 | H102: 225 | I102: =IF(H102="","",G102-H102) -> -66 | J102: =IF(OR(D102="",D102+G102=0),"",D102/(D102+G102)) -> 0.71299639 | K102: =IF(E102="","",E102/(E102+H102)) -> 0.61340206 | L102: =IF(OR(K102="",J102=""),"",(J102-K102)*100) -> 9.9594328
A103: Lehigh | B103: ALLENTOWN | C103: ALLENTOWN 7TH WARD | D103: 621 | E103: 520 | F103: =IF(E103="","",D103-E103) -> 101 | G103: 191 | H103: 193 | I103: =IF(H103="","",G103-H103) -> -2 | J103: =IF(OR(D103="",D103+G103=0),"",D103/(D103+G103)) -> 0.76477833 | K103: =IF(E103="","",E103/(E103+H103)) -> 0.72931276 | L103: =IF(OR(K103="",J103=""),"",(J103-K103)*100) -> 3.5465562
A104: Lehigh | B104: ALLENTOWN | C104: ALLENTOWN 8TH WARD 1ST DIST | D104: 236 | E104: 218 | F104: =IF(E104="","",D104-E104) -> 18 | G104: 70 | H104: 86 | I104: =IF(H104="","",G104-H104) -> -16 | J104: =IF(OR(D104="",D104+G104=0),"",D104/(D104+G104)) -> 0.77124183 | K104: =IF(E104="","",E104/(E104+H104)) -> 0.71710526 | L104: =IF(OR(K104="",J104=""),"",(J104-K104)*100) -> 5.4136567
A105: Lehigh | B105: ALLENTOWN | C105: ALLENTOWN 8TH WARD 2ND DIST | D105: 292 | E105: 262 | F105: =IF(E105="","",D105-E105) -> 30 | G105: 83 | H105: 109 | I105: =IF(H105="","",G105-H105) -> -26 | J105: =IF(OR(D105="",D105+G105=0),"",D105/(D105+G105)) -> 0.77866667 | K105: =IF(E105="","",E105/(E105+H105)) -> 0.70619946 | L105: =IF(OR(K105="",J105=""),"",(J105-K105)*100) -> 7.2467206
A106: Lehigh | B106: ALLENTOWN | C106: ALLENTOWN 8TH WARD 3RD DIST | D106: 480 | E106: 424 | F106: =IF(E106="","",D106-E106) -> 56 | G106: 141 | H106: 151 | I106: =IF(H106="","",G106-H106) -> -10 | J106: =IF(OR(D106="",D106+G106=0),"",D106/(D106+G106)) -> 0.77294686 | K106: =IF(E106="","",E106/(E106+H106)) -> 0.7373913 | L106: =IF(OR(K106="",J106=""),"",(J106-K106)*100) -> 3.5555556
... A218: Northampton | B218: ALLEN | C218: ALLEN TWSP - SOUTH | D218: 837 | E218: 824 | F218: =IF(E218="","",D218-E218) -> 13 | G218: 838 | H218: 1009 | I218: =IF(H218="","",G218-H218) -> -171 | J218: =IF(OR(D218="",D218+G218=0),"",D218/(D218+G218)) -> 0.49970149 | K218: =IF(E218="","",E218/(E218+H218)) -> 0.44953628 | L218: =IF(OR(K218="",J218=""),"",(J218-K218)*100) -> 5.0165213
A219: Northampton | B219: BANGOR | C219: BANGOR BORO NORTH | D219: 487 | F219: =IF(E219="","",D219-E219) | G219: 639 | I219: =IF(H219="","",G219-H219) | J219: =IF(OR(D219="",D219+G219=0),"",D219/(D219+G219)) -> 0.43250444 | K219: =IF(E219="","",E219/(E219+H219)) | L219: =IF(OR(K219="",J219=""),"",(J219-K219)*100) | M219: No comparable 2024 result
A220: Northampton | B220: BANGOR | C220: BANGOR BORO SOUTH | D220: 517 | F220: =IF(E220="","",D220-E220) | G220: 664 | I220: =IF(H220="","",G220-H220) | J220: =IF(OR(D220="",D220+G220=0),"",D220/(D220+G220)) -> 0.43776461 | K220: =IF(E220="","",E220/(E220+H220)) | L220: =IF(OR(K220="",J220=""),"",(J220-K220)*100) | M220: No comparable 2024 result
A221: Northampton | B221: BATH | C221: BATH BORO | D221: 601 | E221: 623 | F221: =IF(E221="","",D221-E221) -> -22 | G221: 673 | H221: 726 | I221: =IF(H221="","",G221-H221) -> -53 | J221: =IF(OR(D221="",D221+G221=0),"",D221/(D221+G221)) -> 0.47174254 | K221: =IF(E221="","",E221/(E221+H221)) -> 0.46182357 | L221: =IF(OR(K221="",J221=""),"",(J221-K221)*100) -> 0.99189702
A222: Northampton | B222: BETHLEHEM | C222: BETHLEHEM 14TH WARD 1ST DISTRICT | D222: 704 | E222: 775 | F222: =IF(E222="","",D222-E222) -> -71 | G222: 430 | H222: 447 | I222: =IF(H222="","",G222-H222) -> -17 | J222: =IF(OR(D222="",D222+G222=0),"",D222/(D222+G222)) -> 0.62081129 | K222: =IF(E222="","",E222/(E222+H222)) -> 0.63420622 | L222: =IF(OR(K222="",J222=""),"",(J222-K222)*100) -> -1.3394932
A223: Northampton | B223: BETHLEHEM | C223: BETHLEHEM 14TH WARD 2ND DISTRICT | D223: 990 | E223: 982 | F223: =IF(E223="","",D223-E223) -> 8 | G223: 629 | H223: 684 | I223: =IF(H223="","",G223-H223) -> -55 | J223: =IF(OR(D223="",D223+G223=0),"",D223/(D223+G223)) -> 0.61148857 | K223: =IF(E223="","",E223/(E223+H223)) -> 0.58943577 | L223: =IF(OR(K223="",J223=""),"",(J223-K223)*100) -> 2.2052799
A224: Northampton | B224: BETHLEHEM | C224: BETHLEHEM 14TH WARD 3RD DISTRICT | D224: 778 | E224: 750 | F224: =IF(E224="","",D224-E224) -> 28 | G224: 398 | H224: 421 | I224: =IF(H224="","",G224-H224) -> -23 | J224: =IF(OR(D224="",D224+G224=0),"",D224/(D224+G224)) -> 0.66156463 | K224: =IF(E224="","",E224/(E224+H224)) -> 0.64047822 | L224: =IF(OR(K224="",J224=""),"",(J224-K224)*100) -> 2.1086402
A225: Northampton | B225: BETHLEHEM | C225: BETHLEHEM 14TH WARD 4TH DISTRICT | D225: 606 | E225: 592 | F225: =IF(E225="","",D225-E225) -> 14 | G225: 344 | H225: 337 | I225: =IF(H225="","",G225-H225) -> 7 | J225: =IF(OR(D225="",D225+G225=0),"",D225/(D225+G225)) -> 0.63789474 | K225: =IF(E225="","",E225/(E225+H225)) -> 0.63724435 | L225: =IF(OR(K225="",J225=""),"",(J225-K225)*100) -> 0.065038808
A226: Northampton | B226: BETHLEHEM | C226: BETHLEHEM 14TH WARD 5TH DISTRICT | D226: 799 | E226: 740 | F226: =IF(E226="","",D226-E226) -> 59 | G226: 510 | H226: 506 | I226: =IF(H226="","",G226-H226) -> 4 | J226: =IF(OR(D226="",D226+G226=0),"",D226/(D226+G226)) -> 0.61038961 | K226: =IF(E226="","",E226/(E226+H226)) -> 0.59390048 | L226: =IF(OR(K226="",J226=""),"",(J226-K226)*100) -> 1.6489129
A227: Northampton | B227: BETHLEHEM | C227: BETHLEHEM 14TH WARD 6TH DISTRICT | D227: 1091 | E227: 1037 | F227: =IF(E227="","",D227-E227) -> 54 | G227: 611 | H227: 623 | I227: =IF(H227="","",G227-H227) -> -12 | J227: =IF(OR(D227="",D227+G227=0),"",D227/(D227+G227)) -> 0.64101058 | K227: =IF(E227="","",E227/(E227+H227)) -> 0.6246988 | L227: =IF(OR(K227="",J227=""),"",(J227-K227)*100) -> 1.6311781
A228: Northampton | B228: BETHLEHEM | C228: BETHLEHEM 14TH WARD 7TH DISTRICT | D228: 705 | E228: 681 | F228: =IF(E228="","",D228-E228) -> 24 | G228: 487 | H228: 513 | I228: =IF(H228="","",G228-H228) -> -26 | J228: =IF(OR(D228="",D228+G228=0),"",D228/(D228+G228)) -> 0.59144295 | K228: =IF(E228="","",E228/(E228+H228)) -> 0.57035176 | L228: =IF(OR(K228="",J228=""),"",(J228-K228)*100) -> 2.1091194
A229: Northampton | B229: BETHLEHEM | C229: BETHLEHEM 14TH WARD 8TH DISTRICT | D229: 555 | E229: 529 | F229: =IF(E229="","",D229-E229) -> 26 | G229: 314 | H229: 293 | I229: =IF(H229="","",G229-H229) -> 21 | J229: =IF(OR(D229="",D229+G229=0),"",D229/(D229+G229)) -> 0.63866513 | K229: =IF(E229="","",E229/(E229+H229)) -> 0.64355231 | L229: =IF(OR(K229="",J229=""),"",(J229-K229)*100) -> -0.48871791
A230: Northampton | B230: BETHLEHEM | C230: BETHLEHEM 15TH WARD 1ST DISTRICT | D230: 689 | E230: 767 | F230: =IF(E230="","",D230-E230) -> -78 | G230: 322 | H230: 384 | I230: =IF(H230="","",G230-H230) -> -62 | J230: =IF(OR(D230="",D230+G230=0),"",D230/(D230+G230)) -> 0.68150346 | K230: =IF(E230="","",E230/(E230+H230)) -> 0.66637706 | L230: =IF(OR(K230="",J230=""),"",(J230-K230)*100) -> 1.5126398
A231: Northampton | B231: BETHLEHEM | C231: BETHLEHEM 15TH WARD 2ND DISTRICT | D231: 921 | E231: 906 | F231: =IF(E231="","",D231-E231) -> 15 | G231: 540 | H231: 586 | I231: =IF(H231="","",G231-H231) -> -46 | J231: =IF(OR(D231="",D231+G231=0),"",D231/(D231+G231)) -> 0.63039014 | K231: =IF(E231="","",E231/(E231+H231)) -> 0.60723861 | L231: =IF(OR(K231="",J231=""),"",(J231-K231)*100) -> 2.3151538
A232: Northampton | B232: BETHLEHEM | C232: BETHLEHEM 15TH WARD 3RD DISTRICT | D232: 893 | E232: 954 | F232: =IF(E232="","",D232-E232) -> -61 | G232: 379 | H232: 416 | I232: =IF(H232="","",G232-H232) -> -37 | J232: =IF(OR(D232="",D232+G232=0),"",D232/(D232+G232)) -> 0.70204403 | K232: =IF(E232="","",E232/(E232+H232)) -> 0.69635036 | L232: =IF(OR(K232="",J232=""),"",(J232-K232)*100) -> 0.56936602
... A244: Northampton | B244: BETHLEHEM | C244: BETHLEHEM 9TH WARD EAST | D244: 746 | E244: 711 | F244: =IF(E244="","",D244-E244) -> 35 | G244: 303 | H244: 341 | I244: =IF(H244="","",G244-H244) -> -38 | J244: =IF(OR(D244="",D244+G244=0),"",D244/(D244+G244)) -> 0.71115348 | K244: =IF(E244="","",E244/(E244+H244)) -> 0.67585551 | L244: =IF(OR(K244="",J244=""),"",(J244-K244)*100) -> 3.5297966
A245: Northampton | B245: BETHLEHEM | C245: BETHLEHEM 9TH WARD WEST | D245: 636 | F245: =IF(E245="","",D245-E245) | G245: 332 | I245: =IF(H245="","",G245-H245) | J245: =IF(OR(D245="",D245+G245=0),"",D245/(D245+G245)) -> 0.65702479 | K245: =IF(E245="","",E245/(E245+H245)) | L245: =IF(OR(K245="",J245=""),"",(J245-K245)*100) | M245: No comparable 2024 result
A246: Northampton | B246: BETHLEHEM TOWNSHIP | C246: BETHLEHEM TWSP 1ST WARD 1ST DISTRICT | D246: 475 | E246: 466 | F246: =IF(E246="","",D246-E246) -> 9 | G246: 405 | H246: 405 | I246: =IF(H246="","",G246-H246) -> 0 | J246: =IF(OR(D246="",D246+G246=0),"",D246/(D246+G246)) -> 0.53977273 | K246: =IF(E246="","",E246/(E246+H246)) -> 0.53501722 | L246: =IF(OR(K246="",J246=""),"",(J246-K246)*100) -> 0.47555057
A247: Northampton | B247: BETHLEHEM TOWNSHIP | C247: BETHLEHEM TWSP 1ST WARD 2ND DISTRICT | D247: 585 | E247: 552 | F247: =IF(E247="","",D247-E247) -> 33 | G247: 499 | H247: 506 | I247: =IF(H247="","",G247-H247) -> -7 | J247: =IF(OR(D247="",D247+G247=0),"",D247/(D247+G247)) -> 0.5396679 | K247: =IF(E247="","",E247/(E247+H247)) -> 0.52173913 | L247: =IF(OR(K247="",J247=""),"",(J247-K247)*100) -> 1.7928766
A248: Northampton | B248: BETHLEHEM TOWNSHIP | C248: BETHLEHEM TWSP 1ST WARD 3RD DISTRICT | D248: 569 | E248: 722 | F248: =IF(E248="","",D248-E248) -> -153 | G248: 446 | H248: 596 | I248: =IF(H248="","",G248-H248) -> -150 | J248: =IF(OR(D248="",D248+G248=0),"",D248/(D248+G248)) -> 0.56059113 | K248: =IF(E248="","",E248/(E248+H248)) -> 0.5477997 | L248: =IF(OR(K248="",J248=""),"",(J248-K248)*100) -> 1.2791436
A249: Northampton | B249: BETHLEHEM TOWNSHIP | C249: BETHLEHEM TWSP 1ST WARD 4TH DISTRICT | D249: 314 | E249: 339 | F249: =IF(E249="","",D249-E249) -> -25 | G249: 305 | H249: 338 | I249: =IF(H249="","",G249-H249) -> -33 | J249: =IF(OR(D249="",D249+G249=0),"",D249/(D249+G249)) -> 0.50726979 | K249: =IF(E249="","",E249/(E249+H249)) -> 0.50073855 | L249: =IF(OR(K249="",J249=""),"",(J249-K249)*100) -> 0.65312375
A250: Northampton | B250: BETHLEHEM TOWNSHIP | C250: BETHLEHEM TWSP 2ND WARD 1ST DISTRICT | D250: 584 | E250: 579 | F250: =IF(E250="","",D250-E250) -> 5 | G250: 459 | H250: 482 | I250: =IF(H250="","",G250-H250) -> -23 | J250: =IF(OR(D250="",D250+G250=0),"",D250/(D250+G250)) -> 0.5599233 | K250: =IF(E250="","",E250/(E250+H250)) -> 0.54571159 | L250: =IF(OR(K250="",J250=""),"",(J250-K250)*100) -> 1.4211705
A251: Northampton | B251: BETHLEHEM TOWNSHIP | C251: BETHLEHEM TWSP 2ND WARD 2ND DISTRICT | D251: 561 | E251: 562 | F251: =IF(E251="","",D251-E251) -> -1 | G251: 487 | H251: 525 | I251: =IF(H251="","",G251-H251) -> -38 | J251: =IF(OR(D251="",D251+G251=0),"",D251/(D251+G251)) -> 0.53530534 | K251: =IF(E251="","",E251/(E251+H251)) -> 0.51701932 | L251: =IF(OR(K251="",J251=""),"",(J251-K251)*100) -> 1.8286024
A252: Northampton | B252: BETHLEHEM TOWNSHIP | C252: BETHLEHEM TWSP 2ND WARD 3RD DISTRICT | D252: 353 | E252: 337 | F252: =IF(E252="","",D252-E252) -> 16 | G252: 278 | H252: 296 | I252: =IF(H252="","",G252-H252) -> -18 | J252: =IF(OR(D252="",D252+G252=0),"",D252/(D252+G252)) -> 0.55942948 | K252: =IF(E252="","",E252/(E252+H252)) -> 0.53238547 | L252: =IF(OR(K252="",J252=""),"",(J252-K252)*100) -> 2.7044011
A253: Northampton | B253: BETHLEHEM TOWNSHIP | C253: BETHLEHEM TWSP 2ND WARD 4TH DISTRICT | D253: 458 | E253: 517 | F253: =IF(E253="","",D253-E253) -> -59 | G253: 322 | H253: 388 | I253: =IF(H253="","",G253-H253) -> -66 | J253: =IF(OR(D253="",D253+G253=0),"",D253/(D253+G253)) -> 0.58717949 | K253: =IF(E253="","",E253/(E253+H253)) -> 0.57127072 | L253: =IF(OR(K253="",J253=""),"",(J253-K253)*100) -> 1.5908769
A254: Northampton | B254: BETHLEHEM TOWNSHIP | C254: BETHLEHEM TWSP 3RD WARD 1ST DISTRICT | D254: 324 | E254: 329 | F254: =IF(E254="","",D254-E254) -> -5 | G254: 220 | H254: 217 | I254: =IF(H254="","",G254-H254) -> 3 | J254: =IF(OR(D254="",D254+G254=0),"",D254/(D254+G254)) -> 0.59558824 | K254: =IF(E254="","",E254/(E254+H254)) -> 0.6025641 | L254: =IF(OR(K254="",J254=""),"",(J254-K254)*100) -> -0.69758673
A255: Northampton | B255: BETHLEHEM TOWNSHIP | C255: BETHLEHEM TWSP 3RD WARD 2ND DISTRICT | D255: 359 | E255: 352 | F255: =IF(E255="","",D255-E255) -> 7 | G255: 338 | H255: 326 | I255: =IF(H255="","",G255-H255) -> 12 | J255: =IF(OR(D255="",D255+G255=0),"",D255/(D255+G255)) -> 0.51506456 | K255: =IF(E255="","",E255/(E255+H255)) -> 0.51917404 | L255: =IF(OR(K255="",J255=""),"",(J255-K255)*100) -> -0.41094789
A256: Northampton | B256: BETHLEHEM TOWNSHIP | C256: BETHLEHEM TWSP 3RD WARD 3RD DISTRICT | D256: 453 | E256: 420 | F256: =IF(E256="","",D256-E256) -> 33 | G256: 373 | H256: 378 | I256: =IF(H256="","",G256-H256) -> -5 | J256: =IF(OR(D256="",D256+G256=0),"",D256/(D256+G256)) -> 0.54842615 | K256: =IF(E256="","",E256/(E256+H256)) -> 0.52631579 | L256: =IF(OR(K256="",J256=""),"",(J256-K256)*100) -> 2.2110361
A257: Northampton | B257: BETHLEHEM TOWNSHIP | C257: BETHLEHEM TWSP 3RD WARD 4TH DISTRICT | D257: 455 | E257: 522 | F257: =IF(E257="","",D257-E257) -> -67 | G257: 331 | H257: 400 | I257: =IF(H257="","",G257-H257) -> -69 | J257: =IF(OR(D257="",D257+G257=0),"",D257/(D257+G257)) -> 0.57888041 | K257: =IF(E257="","",E257/(E257+H257)) -> 0.56616052 | L257: =IF(OR(K257="",J257=""),"",(J257-K257)*100) -> 1.2719887
... A269: Northampton | B269: EAST BANGOR | C269: EAST BANGOR | D269: 200 | E269: 217 | F269: =IF(E269="","",D269-E269) -> -17 | G269: 298 | H269: 309 | I269: =IF(H269="","",G269-H269) -> -11 | J269: =IF(OR(D269="",D269+G269=0),"",D269/(D269+G269)) -> 0.40160643 | K269: =IF(E269="","",E269/(E269+H269)) -> 0.41254753 | L269: =IF(OR(K269="",J269=""),"",(J269-K269)*100) -> -1.0941103
A270: Northampton | B270: EASTON | C270: EASTON 10TH WARD | D270: 724 | F270: =IF(E270="","",D270-E270) | G270: 373 | I270: =IF(H270="","",G270-H270) | J270: =IF(OR(D270="",D270+G270=0),"",D270/(D270+G270)) -> 0.65998177 | K270: =IF(E270="","",E270/(E270+H270)) | L270: =IF(OR(K270="",J270=""),"",(J270-K270)*100) | M270: No comparable 2024 result
A271: Northampton | B271: EASTON | C271: EASTON 11TH WARD | D271: 498 | F271: =IF(E271="","",D271-E271) | G271: 202 | I271: =IF(H271="","",G271-H271) | J271: =IF(OR(D271="",D271+G271=0),"",D271/(D271+G271)) -> 0.71142857 | K271: =IF(E271="","",E271/(E271+H271)) | L271: =IF(OR(K271="",J271=""),"",(J271-K271)*100) | M271: No comparable 2024 result
A272: Northampton | B272: EASTON | C272: EASTON 2ND WARD | D272: 460 | E272: 492 | F272: =IF(E272="","",D272-E272) -> -32 | G272: 156 | H272: 197 | I272: =IF(H272="","",G272-H272) -> -41 | J272: =IF(OR(D272="",D272+G272=0),"",D272/(D272+G272)) -> 0.74675325 | K272: =IF(E272="","",E272/(E272+H272)) -> 0.71407837 | L272: =IF(OR(K272="",J272=""),"",(J272-K272)*100) -> 3.2674872
A273: Northampton | B273: EASTON | C273: EASTON 3RD WARD 2ND DISTRICT | D273: 756 | E273: 743 | F273: =IF(E273="","",D273-E273) -> 13 | G273: 274 | H273: 265 | I273: =IF(H273="","",G273-H273) -> 9 | J273: =IF(OR(D273="",D273+G273=0),"",D273/(D273+G273)) -> 0.73398058 | K273: =IF(E273="","",E273/(E273+H273)) -> 0.73710317 | L273: =IF(OR(K273="",J273=""),"",(J273-K273)*100) -> -0.31225921
A274: Northampton | B274: EASTON | C274: EASTON 3RD WARD 3RD DISTRICT | D274: 449 | E274: 1109 | F274: =IF(E274="","",D274-E274) -> -660 | G274: 110 | H274: 290 | I274: =IF(H274="","",G274-H274) -> -180 | J274: =IF(OR(D274="",D274+G274=0),"",D274/(D274+G274)) -> 0.80322004 | K274: =IF(E274="","",E274/(E274+H274)) -> 0.79270908 | L274: =IF(OR(K274="",J274=""),"",(J274-K274)*100) -> 1.0510958
A275: Northampton | B275: EASTON | C275: EASTON 3RD WARD 4TH DISTRICT | D275: 592 | E275: 566 | F275: =IF(E275="","",D275-E275) -> 26 | G275: 226 | H275: 257 | I275: =IF(H275="","",G275-H275) -> -31 | J275: =IF(OR(D275="",D275+G275=0),"",D275/(D275+G275)) -> 0.72371638 | K275: =IF(E275="","",E275/(E275+H275)) -> 0.68772783 | L275: =IF(OR(K275="",J275=""),"",(J275-K275)*100) -> 3.5988556
A276: Northampton | B276: EASTON | C276: EASTON 4TH WARD | D276: 558 | E276: 517 | F276: =IF(E276="","",D276-E276) -> 41 | G276: 251 | H276: 265 | I276: =IF(H276="","",G276-H276) -> -14 | J276: =IF(OR(D276="",D276+G276=0),"",D276/(D276+G276)) -> 0.68974042 | K276: =IF(E276="","",E276/(E276+H276)) -> 0.66112532 | L276: =IF(OR(K276="",J276=""),"",(J276-K276)*100) -> 2.8615101
A277: Northampton | B277: EASTON | C277: EASTON 5TH WARD | D277: 236 | E277: 233 | F277: =IF(E277="","",D277-E277) -> 3 | G277: 92 | H277: 84 | I277: =IF(H277="","",G277-H277) -> 8 | J277: =IF(OR(D277="",D277+G277=0),"",D277/(D277+G277)) -> 0.7195122 | K277: =IF(E277="","",E277/(E277+H277)) -> 0.73501577 | L277: =IF(OR(K277="",J277=""),"",(J277-K277)*100) -> -1.5503578
A278: Northampton | B278: EASTON | C278: EASTON 6TH WARD | D278: 390 | E278: 391 | F278: =IF(E278="","",D278-E278) -> -1 | G278: 128 | H278: 126 | I278: =IF(H278="","",G278-H278) -> 2 | J278: =IF(OR(D278="",D278+G278=0),"",D278/(D278+G278)) -> 0.75289575 | K278: =IF(E278="","",E278/(E278+H278)) -> 0.75628627 | L278: =IF(OR(K278="",J278=""),"",(J278-K278)*100) -> -0.3390514
A279: Northampton | B279: EASTON | C279: EASTON 7TH WARD | D279: 426 | E279: 381 | F279: =IF(E279="","",D279-E279) -> 45 | G279: 146 | H279: 184 | I279: =IF(H279="","",G279-H279) -> -38 | J279: =IF(OR(D279="",D279+G279=0),"",D279/(D279+G279)) -> 0.74475524 | K279: =IF(E279="","",E279/(E279+H279)) -> 0.67433628 | L279: =IF(OR(K279="",J279=""),"",(J279-K279)*100) -> 7.0418962
A280: Northampton | B280: EASTON | C280: EASTON 8TH WARD | D280: 772 | F280: =IF(E280="","",D280-E280) | G280: 405 | I280: =IF(H280="","",G280-H280) | J280: =IF(OR(D280="",D280+G280=0),"",D280/(D280+G280)) -> 0.65590484 | K280: =IF(E280="","",E280/(E280+H280)) | L280: =IF(OR(K280="",J280=""),"",(J280-K280)*100) | M280: No comparable 2024 result
A281: Northampton | B281: EASTON | C281: EASTON 9TH WARD | D281: 970 | E281: 912 | F281: =IF(E281="","",D281-E281) -> 58 | G281: 408 | H281: 445 | I281: =IF(H281="","",G281-H281) -> -37 | J281: =IF(OR(D281="",D281+G281=0),"",D281/(D281+G281)) -> 0.70391872 | K281: =IF(E281="","",E281/(E281+H281)) -> 0.67207074 | L281: =IF(OR(K281="",J281=""),"",(J281-K281)*100) -> 3.1847978
A282: Northampton | B282: FORKS | C282: FORKS TWSP EAST | D282: 1377 | F282: =IF(E282="","",D282-E282) | G282: 1260 | I282: =IF(H282="","",G282-H282) | J282: =IF(OR(D282="",D282+G282=0),"",D282/(D282+G282)) -> 0.5221843 | K282: =IF(E282="","",E282/(E282+H282)) | L282: =IF(OR(K282="",J282=""),"",(J282-K282)*100) | M282: No comparable 2024 result
A283: Northampton | B283: FORKS | C283: FORKS TWSP NORTH | D283: 652 | F283: =IF(E283="","",D283-E283) | G283: 600 | I283: =IF(H283="","",G283-H283) | J283: =IF(OR(D283="",D283+G283=0),"",D283/(D283+G283)) -> 0.52076677 | K283: =IF(E283="","",E283/(E283+H283)) | L283: =IF(OR(K283="",J283=""),"",(J283-K283)*100) | M283: No comparable 2024 result
A284: Northampton | B284: FORKS | C284: FORKS TWSP NORTHWEST | D284: 796 | F284: =IF(E284="","",D284-E284) | G284: 677 | I284: =IF(H284="","",G284-H284) | J284: =IF(OR(D284="",D284+G284=0),"",D284/(D284+G284)) -> 0.54039375 | K284: =IF(E284="","",E284/(E284+H284)) | L284: =IF(OR(K284="",J284=""),"",(J284-K284)*100) | M284: No comparable 2024 result
A285: Northampton | B285: FORKS | C285: FORKS TWSP SOUTH | D285: 743 | F285: =IF(E285="","",D285-E285) | G285: 645 | I285: =IF(H285="","",G285-H285) | J285: =IF(OR(D285="",D285+G285=0),"",D285/(D285+G285)) -> 0.53530259 | K285: =IF(E285="","",E285/(E285+H285)) | L285: =IF(OR(K285="",J285=""),"",(J285-K285)*100) | M285: No comparable 2024 result
A286: Northampton | B286: FORKS | C286: FORKS TWSP SOUTHEAST | D286: 996 | E286: 975 | F286: =IF(E286="","",D286-E286) -> 21 | G286: 840 | H286: 935 | I286: =IF(H286="","",G286-H286) -> -95 | J286: =IF(OR(D286="",D286+G286=0),"",D286/(D286+G286)) -> 0.54248366 | K286: =IF(E286="","",E286/(E286+H286)) -> 0.5104712 | L286: =IF(OR(K286="",J286=""),"",(J286-K286)*100) -> 3.2012456
A287: Northampton | B287: FORKS | C287: FORKS TWSP SOUTHWEST | D287: 797 | F287: =IF(E287="","",D287-E287) | G287: 725 | I287: =IF(H287="","",G287-H287) | J287: =IF(OR(D287="",D287+G287=0),"",D287/(D287+G287)) -> 0.52365309 | K287: =IF(E287="","",E287/(E287+H287)) | L287: =IF(OR(K287="",J287=""),"",(J287-K287)*100) | M287: No comparable 2024 result
A288: Northampton | B288: FORKS | C288: FORKS TWSP WEST | D288: 676 | F288: =IF(E288="","",D288-E288) | G288: 688 | I288: =IF(H288="","",G288-H288) | J288: =IF(OR(D288="",D288+G288=0),"",D288/(D288+G288)) -> 0.49560117 | K288: =IF(E288="","",E288/(E288+H288)) | L288: =IF(OR(K288="",J288=""),"",(J288-K288)*100) | M288: No comparable 2024 result
A289: Northampton | B289: FREEMANSBURG | C289: FREEMANSBURG | D289: 749 | E289: 714 | F289: =IF(E289="","",D289-E289) -> 35 | G289: 479 | H289: 484 | I289: =IF(H289="","",G289-H289) -> -5 | J289: =IF(OR(D289="",D289+G289=0),"",D289/(D289+G289)) -> 0.60993485 | K289: =IF(E289="","",E289/(E289+H289)) -> 0.59599332 | L289: =IF(OR(K289="",J289=""),"",(J289-K289)*100) -> 1.3941531
A290: Northampton | B290: GLENDON | C290: GLENDON | D290: 102 | E290: 109 | F290: =IF(E290="","",D290-E290) -> -7 | G290: 99 | H290: 97 | I290: =IF(H290="","",G290-H290) -> 2 | J290: =IF(OR(D290="",D290+G290=0),"",D290/(D290+G290)) -> 0.50746269 | K290: =IF(E290="","",E290/(E290+H290)) -> 0.52912621 | L290: =IF(OR(K290="",J290=""),"",(J290-K290)*100) -> -2.1663527
A291: Northampton | B291: HANOVER | C291: HANOVER #1 | D291: 956 | E291: 955 | F291: =IF(E291="","",D291-E291) -> 1 | G291: 687 | H291: 692 | I291: =IF(H291="","",G291-H291) -> -5 | J291: =IF(OR(D291="",D291+G291=0),"",D291/(D291+G291)) -> 0.58186245 | K291: =IF(E291="","",E291/(E291+H291)) -> 0.57984214 | L291: =IF(OR(K291="",J291=""),"",(J291-K291)*100) -> 0.20203095
A292: Northampton | B292: HANOVER | C292: HANOVER #2 | D292: 922 | E292: 910 | F292: =IF(E292="","",D292-E292) -> 12 | G292: 750 | H292: 742 | I292: =IF(H292="","",G292-H292) -> 8 | J292: =IF(OR(D292="",D292+G292=0),"",D292/(D292+G292)) -> 0.55143541 | K292: =IF(E292="","",E292/(E292+H292)) -> 0.55084746 | L292: =IF(OR(K292="",J292=""),"",(J292-K292)*100) -> 0.058794907
A293: Northampton | B293: HANOVER | C293: HANOVER #3 | D293: 450 | E293: 446 | F293: =IF(E293="","",D293-E293) -> 4 | G293: 397 | H293: 410 | I293: =IF(H293="","",G293-H293) -> -13 | J293: =IF(OR(D293="",D293+G293=0),"",D293/(D293+G293)) -> 0.53128689 | K293: =IF(E293="","",E293/(E293+H293)) -> 0.52102804 | L293: =IF(OR(K293="",J293=""),"",(J293-K293)*100) -> 1.0258858
A294: Northampton | B294: HANOVER | C294: HANOVER #4 | D294: 765 | E294: 744 | F294: =IF(E294="","",D294-E294) -> 21 | G294: 668 | H294: 678 | I294: =IF(H294="","",G294-H294) -> -10 | J294: =IF(OR(D294="",D294+G294=0),"",D294/(D294+G294)) -> 0.53384508 | K294: =IF(E294="","",E294/(E294+H294)) -> 0.52320675 | L294: =IF(OR(K294="",J294=""),"",(J294-K294)*100) -> 1.0638329
A295: Northampton | B295: HANOVER | C295: HANOVER #5 | D295: 772 | E295: 775 | F295: =IF(E295="","",D295-E295) -> -3 | G295: 587 | H295: 645 | I295: =IF(H295="","",G295-H295) -> -58 | J295: =IF(OR(D295="",D295+G295=0),"",D295/(D295+G295)) -> 0.56806475 | K295: =IF(E295="","",E295/(E295+H295)) -> 0.54577465 | L295: =IF(OR(K295="",J295=""),"",(J295-K295)*100) -> 2.2290106
A296: Northampton | B296: HANOVER | C296: HANOVER #6 | D296: 528 | E296: 511 | F296: =IF(E296="","",D296-E296) -> 17 | G296: 451 | H296: 453 | I296: =IF(H296="","",G296-H296) -> -2 | J296: =IF(OR(D296="",D296+G296=0),"",D296/(D296+G296)) -> 0.53932584 | K296: =IF(E296="","",E296/(E296+H296)) -> 0.53008299 | L296: =IF(OR(K296="",J296=""),"",(J296-K296)*100) -> 0.92428551
A297: Northampton | B297: HELLERTOWN | C297: HELLERTOWN BORO 1ST WARD | D297: 569 | E297: 553 | F297: =IF(E297="","",D297-E297) -> 16 | G297: 555 | H297: 581 | I297: =IF(H297="","",G297-H297) -> -26 | J297: =IF(OR(D297="",D297+G297=0),"",D297/(D297+G297)) -> 0.50622776 | K297: =IF(E297="","",E297/(E297+H297)) -> 0.48765432 | L297: =IF(OR(K297="",J297=""),"",(J297-K297)*100) -> 1.8573437
A298: Northampton | B298: HELLERTOWN | C298: HELLERTOWN BORO 2ND WARD | D298: 463 | E298: 473 | F298: =IF(E298="","",D298-E298) -> -10 | G298: 402 | H298: 465 | I298: =IF(H298="","",G298-H298) -> -63 | J298: =IF(OR(D298="",D298+G298=0),"",D298/(D298+G298)) -> 0.53526012 | K298: =IF(E298="","",E298/(E298+H298)) -> 0.50426439 | L298: =IF(OR(K298="",J298=""),"",(J298-K298)*100) -> 3.0995723
A299: Northampton | B299: HELLERTOWN | C299: HELLERTOWN BORO 3RD WARD | D299: 700 | E299: 700 | F299: =IF(E299="","",D299-E299) -> 0 | G299: 565 | H299: 639 | I299: =IF(H299="","",G299-H299) -> -74 | J299: =IF(OR(D299="",D299+G299=0),"",D299/(D299+G299)) -> 0.55335968 | K299: =IF(E299="","",E299/(E299+H299)) -> 0.52277819 | L299: =IF(OR(K299="",J299=""),"",(J299-K299)*100) -> 3.0581491
A300: Northampton | B300: LEHIGH | C300: LEHIGH TWSP - CENTRAL | D300: 567 | E300: 546 | F300: =IF(E300="","",D300-E300) -> 21 | G300: 1012 | H300: 1089 | I300: =IF(H300="","",G300-H300) -> -77 | J300: =IF(OR(D300="",D300+G300=0),"",D300/(D300+G300)) -> 0.35908803 | K300: =IF(E300="","",E300/(E300+H300)) -> 0.33394495 | L300: =IF(OR(K300="",J300=""),"",(J300-K300)*100) -> 2.5143076
... A306: Northampton | B306: LOWER MOUNT BETHEL | C306: LOWER MT BETHEL - UPPER | D306: 380 | E306: 361 | F306: =IF(E306="","",D306-E306) -> 19 | G306: 693 | H306: 775 | I306: =IF(H306="","",G306-H306) -> -82 | J306: =IF(OR(D306="",D306+G306=0),"",D306/(D306+G306)) -> 0.35414725 | K306: =IF(E306="","",E306/(E306+H306)) -> 0.31778169 | L306: =IF(OR(K306="",J306=""),"",(J306-K306)*100) -> 3.6365561
A307: Northampton | B307: LOWER NAZARETH | C307: LOWER NAZARETH EAST | D307: 261 | F307: =IF(E307="","",D307-E307) | G307: 330 | I307: =IF(H307="","",G307-H307) | J307: =IF(OR(D307="",D307+G307=0),"",D307/(D307+G307)) -> 0.44162437 | K307: =IF(E307="","",E307/(E307+H307)) | L307: =IF(OR(K307="",J307=""),"",(J307-K307)*100) | M307: No comparable 2024 result
...

Sheet 2024 Backtest B
A1: County | B1: Municipality | C1: Precinct | D1: Predicted Democratic (Wild) votes | E1: Actual Democratic votes | F1: Error, Democratic votes (predicted minus actual) | G1: Predicted Republican (Mackenzie) votes | H1: Actual Republican votes | I1: Error, Republican votes (predicted minus actual) | J1: Predicted Democratic share of the two-party vote | K1: Actual Democratic share of the two-party vote | L1: Error in Democratic share, percentage points (predicted minus actual) | M1: Note
A2: Carbon | B2: BANKS TOWNSHIP | C2: BANKS TOWNSHIP | D2: 205 | E2: 181 | F2: =IF(E2="","",D2-E2) -> 24 | G2: 298 | H2: 284 | I2: =IF(H2="","",G2-H2) -> 14 | J2: =IF(OR(D2="",D2+G2=0),"",D2/(D2+G2)) -> 0.40755467 | K2: =IF(E2="","",E2/(E2+H2)) -> 0.38924731 | L2: =IF(OR(K2="",J2=""),"",(J2-K2)*100) -> 1.830736
A3: Carbon | B3: BEAVER MEADOWS BOROUGH | C3: BEAVER MEADOWS BOROUGH | D3: 116 | E3: 118 | F3: =IF(E3="","",D3-E3) -> -2 | G3: 287 | H3: 298 | I3: =IF(H3="","",G3-H3) -> -11 | J3: =IF(OR(D3="",D3+G3=0),"",D3/(D3+G3)) -> 0.28784119 | K3: =IF(E3="","",E3/(E3+H3)) -> 0.28365385 | L3: =IF(OR(K3="",J3=""),"",(J3-K3)*100) -> 0.41873449
A4: Carbon | B4: BOWMANSTOWN BOROUGH | C4: BOWMANSTOWN BOROUGH | D4: 151 | E4: 143 | F4: =IF(E4="","",D4-E4) -> 8 | G4: 277 | H4: 309 | I4: =IF(H4="","",G4-H4) -> -32 | J4: =IF(OR(D4="",D4+G4=0),"",D4/(D4+G4)) -> 0.35280374 | K4: =IF(E4="","",E4/(E4+H4)) -> 0.31637168 | L4: =IF(OR(K4="",J4=""),"",(J4-K4)*100) -> 3.6432057
A5: Carbon | B5: EAST PENN TOWNSHIP | C5: EAST PENN TOWNSHIP-NORTH | D5: 218 | E5: 202 | F5: =IF(E5="","",D5-E5) -> 16 | G5: 569 | H5: 640 | I5: =IF(H5="","",G5-H5) -> -71 | J5: =IF(OR(D5="",D5+G5=0),"",D5/(D5+G5)) -> 0.27700127 | K5: =IF(E5="","",E5/(E5+H5)) -> 0.23990499 | L5: =IF(OR(K5="",J5=""),"",(J5-K5)*100) -> 3.7096283
A6: Carbon | B6: EAST PENN TOWNSHIP | C6: EAST PENN TOWNSHIP-SOUTH | D6: 231 | E6: 232 | F6: =IF(E6="","",D6-E6) -> -1 | G6: 552 | H6: 603 | I6: =IF(H6="","",G6-H6) -> -51 | J6: =IF(OR(D6="",D6+G6=0),"",D6/(D6+G6)) -> 0.29501916 | K6: =IF(E6="","",E6/(E6+H6)) -> 0.27784431 | L6: =IF(OR(K6="",J6=""),"",(J6-K6)*100) -> 1.7174846
A7: Carbon | B7: EAST SIDE BOROUGH | C7: EAST SIDE BOROUGH | D7: 48 | E7: 38 | F7: =IF(E7="","",D7-E7) -> 10 | G7: 73 | H7: 78 | I7: =IF(H7="","",G7-H7) -> -5 | J7: =IF(OR(D7="",D7+G7=0),"",D7/(D7+G7)) -> 0.39669421 | K7: =IF(E7="","",E7/(E7+H7)) -> 0.32758621 | L7: =IF(OR(K7="",J7=""),"",(J7-K7)*100) -> 6.9108008
A8: Carbon | B8: FRANKLIN TOWNSHIP | C8: FRANKLIN TOWNSHIP-HARRITY | D8: 306 | E8: 301 | F8: =IF(E8="","",D8-E8) -> 5 | G8: 715 | H8: 760 | I8: =IF(H8="","",G8-H8) -> -45 | J8: =IF(OR(D8="",D8+G8=0),"",D8/(D8+G8)) -> 0.29970617 | K8: =IF(E8="","",E8/(E8+H8)) -> 0.28369463 | L8: =IF(OR(K8="",J8=""),"",(J8-K8)*100) -> 1.6011543
A9: Carbon | B9: FRANKLIN TOWNSHIP | C9: FRANKLIN TOWNSHIP-IND DIST | D9: 179 | E9: 164 | F9: =IF(E9="","",D9-E9) -> 15 | G9: 427 | H9: 450 | I9: =IF(H9="","",G9-H9) -> -23 | J9: =IF(OR(D9="",D9+G9=0),"",D9/(D9+G9)) -> 0.29537954 | K9: =IF(E9="","",E9/(E9+H9)) -> 0.26710098 | L9: =IF(OR(K9="",J9=""),"",(J9-K9)*100) -> 2.8278561
A10: Carbon | B10: FRANKLIN TOWNSHIP | C10: FRANKLIN TOWNSHIP-LONG RUN | D10: 229 | E10: 235 | F10: =IF(E10="","",D10-E10) -> -6 | G10: 603 | H10: 626 | I10: =IF(H10="","",G10-H10) -> -23 | J10: =IF(OR(D10="",D10+G10=0),"",D10/(D10+G10)) -> 0.27524038 | K10: =IF(E10="","",E10/(E10+H10)) -> 0.27293844 | L10: =IF(OR(K10="",J10=""),"",(J10-K10)*100) -> 0.23019409
A11: Carbon | B11: JIM THORPE BOROUGH | C11: JIM THORPE BOROUGH-1ST | D11: 261 | E11: 229 | F11: =IF(E11="","",D11-E11) -> 32 | G11: 283 | H11: 297 | I11: =IF(H11="","",G11-H11) -> -14 | J11: =IF(OR(D11="",D11+G11=0),"",D11/(D11+G11)) -> 0.47977941 | K11: =IF(E11="","",E11/(E11+H11)) -> 0.43536122 | L11: =IF(OR(K11="",J11=""),"",(J11-K11)*100) -> 4.4418195
A12: Carbon | B12: JIM THORPE BOROUGH | C12: JIM THORPE BOROUGH-2ND | D12: 183 | E12: 163 | F12: =IF(E12="","",D12-E12) -> 20 | G12: 207 | H12: 226 | I12: =IF(H12="","",G12-H12) -> -19 | J12: =IF(OR(D12="",D12+G12=0),"",D12/(D12+G12)) -> 0.46923077 | K12: =IF(E12="","",E12/(E12+H12)) -> 0.41902314 | L12: =IF(OR(K12="",J12=""),"",(J12-K12)*100) -> 5.0207633
A13: Carbon | B13: JIM THORPE BOROUGH | C13: JIM THORPE BOROUGH-3RD | D13: 305 | E13: 286 | F13: =IF(E13="","",D13-E13) -> 19 | G13: 422 | H13: 464 | I13: =IF(H13="","",G13-H13) -> -42 | J13: =IF(OR(D13="",D13+G13=0),"",D13/(D13+G13)) -> 0.41953232 | K13: =IF(E13="","",E13/(E13+H13)) -> 0.38133333 | L13: =IF(OR(K13="",J13=""),"",(J13-K13)*100) -> 3.8198991
... A83: Lehigh | B83: ALLENTOWN | C83: ALLENTOWN 17TH WARD 3RD DIST | D83: 488 | E83: 502 | F83: =IF(E83="","",D83-E83) -> -14 | G83: 303 | H83: 283 | I83: =IF(H83="","",G83-H83) -> 20 | J83: =IF(OR(D83="",D83+G83=0),"",D83/(D83+G83)) -> 0.61694058 | K83: =IF(E83="","",E83/(E83+H83)) -> 0.63949045 | L83: =IF(OR(K83="",J83=""),"",(J83-K83)*100) -> -2.2549864
A84: Lehigh | B84: ALLENTOWN | C84: ALLENTOWN 17TH WARD 4TH DIST | D84: 354 | F84: =IF(E84="","",D84-E84) | G84: 238 | I84: =IF(H84="","",G84-H84) | J84: =IF(OR(D84="",D84+G84=0),"",D84/(D84+G84)) -> 0.59797297 | K84: =IF(E84="","",E84/(E84+H84)) | L84: =IF(OR(K84="",J84=""),"",(J84-K84)*100) | M84: No comparable 2024 result
A85: Lehigh | B85: ALLENTOWN | C85: ALLENTOWN 17TH WD 4TH DT PARK | D85: 971 | F85: =IF(E85="","",D85-E85) | G85: 637 | I85: =IF(H85="","",G85-H85) | J85: =IF(OR(D85="",D85+G85=0),"",D85/(D85+G85)) -> 0.60385572 | K85: =IF(E85="","",E85/(E85+H85)) | L85: =IF(OR(K85="",J85=""),"",(J85-K85)*100) | M85: No comparable 2024 result
A86: Lehigh | B86: ALLENTOWN | C86: ALLENTOWN 18TH WARD 1ST DIST | D86: 508 | E86: 488 | F86: =IF(E86="","",D86-E86) -> 20 | G86: 244 | H86: 252 | I86: =IF(H86="","",G86-H86) -> -8 | J86: =IF(OR(D86="",D86+G86=0),"",D86/(D86+G86)) -> 0.67553191 | K86: =IF(E86="","",E86/(E86+H86)) -> 0.65945946 | L86: =IF(OR(K86="",J86=""),"",(J86-K86)*100) -> 1.6072455
A87: Lehigh | B87: ALLENTOWN | C87: ALLENTOWN 18TH WARD 2ND DIST | D87: 606 | E87: 601 | F87: =IF(E87="","",D87-E87) -> 5 | G87: 383 | H87: 394 | I87: =IF(H87="","",G87-H87) -> -11 | J87: =IF(OR(D87="",D87+G87=0),"",D87/(D87+G87)) -> 0.61274014 | K87: =IF(E87="","",E87/(E87+H87)) -> 0.6040201 | L87: =IF(OR(K87="",J87=""),"",(J87-K87)*100) -> 0.87200411
A88: Lehigh | B88: ALLENTOWN | C88: ALLENTOWN 18TH WD 2ND DT PARK | D88: 18 | F88: =IF(E88="","",D88-E88) | G88: 14 | I88: =IF(H88="","",G88-H88) | J88: =IF(OR(D88="",D88+G88=0),"",D88/(D88+G88)) -> 0.5625 | K88: =IF(E88="","",E88/(E88+H88)) | L88: =IF(OR(K88="",J88=""),"",(J88-K88)*100) | M88: No comparable 2024 result
A89: Lehigh | B89: ALLENTOWN | C89: ALLENTOWN 19TH WARD 1ST DIST | D89: 354 | E89: 330 | F89: =IF(E89="","",D89-E89) -> 24 | G89: 229 | H89: 270 | I89: =IF(H89="","",G89-H89) -> -41 | J89: =IF(OR(D89="",D89+G89=0),"",D89/(D89+G89)) -> 0.60720412 | K89: =IF(E89="","",E89/(E89+H89)) -> 0.55 | L89: =IF(OR(K89="",J89=""),"",(J89-K89)*100) -> 5.7204117
A90: Lehigh | B90: ALLENTOWN | C90: ALLENTOWN 19TH WARD 2ND DIST | D90: 680 | E90: 591 | F90: =IF(E90="","",D90-E90) -> 89 | G90: 287 | H90: 333 | I90: =IF(H90="","",G90-H90) -> -46 | J90: =IF(OR(D90="",D90+G90=0),"",D90/(D90+G90)) -> 0.70320579 | K90: =IF(E90="","",E90/(E90+H90)) -> 0.63961039 | L90: =IF(OR(K90="",J90=""),"",(J90-K90)*100) -> 6.3595401
A91: Lehigh | B91: ALLENTOWN | C91: ALLENTOWN 19TH WARD 3RD DIST | D91: 359 | E91: 347 | F91: =IF(E91="","",D91-E91) -> 12 | G91: 235 | H91: 243 | I91: =IF(H91="","",G91-H91) -> -8 | J91: =IF(OR(D91="",D91+G91=0),"",D91/(D91+G91)) -> 0.6043771 | K91: =IF(E91="","",E91/(E91+H91)) -> 0.58813559 | L91: =IF(OR(K91="",J91=""),"",(J91-K91)*100) -> 1.6241511
A92: Lehigh | B92: ALLENTOWN | C92: ALLENTOWN 19TH WARD 4TH DIST | D92: 526 | E92: 440 | F92: =IF(E92="","",D92-E92) -> 86 | G92: 237 | H92: 259 | I92: =IF(H92="","",G92-H92) -> -22 | J92: =IF(OR(D92="",D92+G92=0),"",D92/(D92+G92)) -> 0.68938401 | K92: =IF(E92="","",E92/(E92+H92)) -> 0.62947067 | L92: =IF(OR(K92="",J92=""),"",(J92-K92)*100) -> 5.9913338
A93: Lehigh | B93: ALLENTOWN | C93: ALLENTOWN 19TH WARD 5TH DIST | D93: 558 | E93: 553 | F93: =IF(E93="","",D93-E93) -> 5 | G93: 368 | H93: 367 | I93: =IF(H93="","",G93-H93) -> 1 | J93: =IF(OR(D93="",D93+G93=0),"",D93/(D93+G93)) -> 0.60259179 | K93: =IF(E93="","",E93/(E93+H93)) -> 0.60108696 | L93: =IF(OR(K93="",J93=""),"",(J93-K93)*100) -> 0.15048361
A94: Lehigh | B94: ALLENTOWN | C94: ALLENTOWN 19TH WARD 5TH DT SAL | D94: 1 | F94: =IF(E94="","",D94-E94) | G94: 2 | I94: =IF(H94="","",G94-H94) | J94: =IF(OR(D94="",D94+G94=0),"",D94/(D94+G94)) -> 0.33333333 | K94: =IF(E94="","",E94/(E94+H94)) | L94: =IF(OR(K94="",J94=""),"",(J94-K94)*100) | M94: No comparable 2024 result
A95: Lehigh | B95: ALLENTOWN | C95: ALLENTOWN 19TH WARD 6TH DIST | D95: 889 | E95: 821 | F95: =IF(E95="","",D95-E95) -> 68 | G95: 487 | H95: 504 | I95: =IF(H95="","",G95-H95) -> -17 | J95: =IF(OR(D95="",D95+G95=0),"",D95/(D95+G95)) -> 0.64607558 | K95: =IF(E95="","",E95/(E95+H95)) -> 0.61962264 | L95: =IF(OR(K95="",J95=""),"",(J95-K95)*100) -> 2.645294
A96: Lehigh | B96: ALLENTOWN | C96: ALLENTOWN 1ST WARD | D96: 514 | E96: 487 | F96: =IF(E96="","",D96-E96) -> 27 | G96: 145 | H96: 191 | I96: =IF(H96="","",G96-H96) -> -46 | J96: =IF(OR(D96="",D96+G96=0),"",D96/(D96+G96)) -> 0.77996965 | K96: =IF(E96="","",E96/(E96+H96)) -> 0.71828909 | L96: =IF(OR(K96="",J96=""),"",(J96-K96)*100) -> 6.1680565
A97: Lehigh | B97: ALLENTOWN | C97: ALLENTOWN 2ND WARD | D97: 441 | E97: 418 | F97: =IF(E97="","",D97-E97) -> 23 | G97: 155 | H97: 181 | I97: =IF(H97="","",G97-H97) -> -26 | J97: =IF(OR(D97="",D97+G97=0),"",D97/(D97+G97)) -> 0.73993289 | K97: =IF(E97="","",E97/(E97+H97)) -> 0.69782972 | L97: =IF(OR(K97="",J97=""),"",(J97-K97)*100) -> 4.210317
A98: Lehigh | B98: ALLENTOWN | C98: ALLENTOWN 3RD WARD | D98: 524 | E98: 677 | F98: =IF(E98="","",D98-E98) -> -153 | G98: 171 | H98: 264 | I98: =IF(H98="","",G98-H98) -> -93 | J98: =IF(OR(D98="",D98+G98=0),"",D98/(D98+G98)) -> 0.75395683 | K98: =IF(E98="","",E98/(E98+H98)) -> 0.7194474 | L98: =IF(OR(K98="",J98=""),"",(J98-K98)*100) -> 3.4509438
A99: Lehigh | B99: ALLENTOWN | C99: ALLENTOWN 4TH WARD | D99: 306 | E99: 283 | F99: =IF(E99="","",D99-E99) -> 23 | G99: 112 | H99: 138 | I99: =IF(H99="","",G99-H99) -> -26 | J99: =IF(OR(D99="",D99+G99=0),"",D99/(D99+G99)) -> 0.73205742 | K99: =IF(E99="","",E99/(E99+H99)) -> 0.67220903 | L99: =IF(OR(K99="",J99=""),"",(J99-K99)*100) -> 5.984839
A100: Lehigh | B100: ALLENTOWN | C100: ALLENTOWN 5TH WARD | D100: 417 | E100: 447 | F100: =IF(E100="","",D100-E100) -> -30 | G100: 123 | H100: 152 | I100: =IF(H100="","",G100-H100) -> -29 | J100: =IF(OR(D100="",D100+G100=0),"",D100/(D100+G100)) -> 0.77222222 | K100: =IF(E100="","",E100/(E100+H100)) -> 0.74624374 | L100: =IF(OR(K100="",J100=""),"",(J100-K100)*100) -> 2.5978483
A101: Lehigh | B101: ALLENTOWN | C101: ALLENTOWN 6TH WARD 1ST DIST | D101: 245 | E101: 179 | F101: =IF(E101="","",D101-E101) -> 66 | G101: 85 | H101: 112 | I101: =IF(H101="","",G101-H101) -> -27 | J101: =IF(OR(D101="",D101+G101=0),"",D101/(D101+G101)) -> 0.74242424 | K101: =IF(E101="","",E101/(E101+H101)) -> 0.61512027 | L101: =IF(OR(K101="",J101=""),"",(J101-K101)*100) -> 12.730397
A102: Lehigh | B102: ALLENTOWN | C102: ALLENTOWN 6TH WARD 2ND DIST | D102: 393 | E102: 357 | F102: =IF(E102="","",D102-E102) -> 36 | G102: 161 | H102: 225 | I102: =IF(H102="","",G102-H102) -> -64 | J102: =IF(OR(D102="",D102+G102=0),"",D102/(D102+G102)) -> 0.70938628 | K102: =IF(E102="","",E102/(E102+H102)) -> 0.61340206 | L102: =IF(OR(K102="",J102=""),"",(J102-K102)*100) -> 9.598422
A103: Lehigh | B103: ALLENTOWN | C103: ALLENTOWN 7TH WARD | D103: 613 | E103: 520 | F103: =IF(E103="","",D103-E103) -> 93 | G103: 199 | H103: 193 | I103: =IF(H103="","",G103-H103) -> 6 | J103: =IF(OR(D103="",D103+G103=0),"",D103/(D103+G103)) -> 0.75492611 | K103: =IF(E103="","",E103/(E103+H103)) -> 0.72931276 | L103: =IF(OR(K103="",J103=""),"",(J103-K103)*100) -> 2.5613345
A104: Lehigh | B104: ALLENTOWN | C104: ALLENTOWN 8TH WARD 1ST DIST | D104: 232 | E104: 218 | F104: =IF(E104="","",D104-E104) -> 14 | G104: 74 | H104: 86 | I104: =IF(H104="","",G104-H104) -> -12 | J104: =IF(OR(D104="",D104+G104=0),"",D104/(D104+G104)) -> 0.75816993 | K104: =IF(E104="","",E104/(E104+H104)) -> 0.71710526 | L104: =IF(OR(K104="",J104=""),"",(J104-K104)*100) -> 4.1064671
A105: Lehigh | B105: ALLENTOWN | C105: ALLENTOWN 8TH WARD 2ND DIST | D105: 290 | E105: 262 | F105: =IF(E105="","",D105-E105) -> 28 | G105: 85 | H105: 109 | I105: =IF(H105="","",G105-H105) -> -24 | J105: =IF(OR(D105="",D105+G105=0),"",D105/(D105+G105)) -> 0.77333333 | K105: =IF(E105="","",E105/(E105+H105)) -> 0.70619946 | L105: =IF(OR(K105="",J105=""),"",(J105-K105)*100) -> 6.7133872
A106: Lehigh | B106: ALLENTOWN | C106: ALLENTOWN 8TH WARD 3RD DIST | D106: 477 | E106: 424 | F106: =IF(E106="","",D106-E106) -> 53 | G106: 144 | H106: 151 | I106: =IF(H106="","",G106-H106) -> -7 | J106: =IF(OR(D106="",D106+G106=0),"",D106/(D106+G106)) -> 0.76811594 | K106: =IF(E106="","",E106/(E106+H106)) -> 0.7373913 | L106: =IF(OR(K106="",J106=""),"",(J106-K106)*100) -> 3.0724638
... A218: Northampton | B218: ALLEN | C218: ALLEN TWSP - SOUTH | D218: 858 | E218: 824 | F218: =IF(E218="","",D218-E218) -> 34 | G218: 817 | H218: 1009 | I218: =IF(H218="","",G218-H218) -> -192 | J218: =IF(OR(D218="",D218+G218=0),"",D218/(D218+G218)) -> 0.51223881 | K218: =IF(E218="","",E218/(E218+H218)) -> 0.44953628 | L218: =IF(OR(K218="",J218=""),"",(J218-K218)*100) -> 6.2702527
A219: Northampton | B219: BANGOR | C219: BANGOR BORO NORTH | D219: 475 | F219: =IF(E219="","",D219-E219) | G219: 651 | I219: =IF(H219="","",G219-H219) | J219: =IF(OR(D219="",D219+G219=0),"",D219/(D219+G219)) -> 0.42184725 | K219: =IF(E219="","",E219/(E219+H219)) | L219: =IF(OR(K219="",J219=""),"",(J219-K219)*100) | M219: No comparable 2024 result
A220: Northampton | B220: BANGOR | C220: BANGOR BORO SOUTH | D220: 528 | F220: =IF(E220="","",D220-E220) | G220: 653 | I220: =IF(H220="","",G220-H220) | J220: =IF(OR(D220="",D220+G220=0),"",D220/(D220+G220)) -> 0.44707875 | K220: =IF(E220="","",E220/(E220+H220)) | L220: =IF(OR(K220="",J220=""),"",(J220-K220)*100) | M220: No comparable 2024 result
A221: Northampton | B221: BATH | C221: BATH BORO | D221: 624 | E221: 623 | F221: =IF(E221="","",D221-E221) -> 1 | G221: 650 | H221: 726 | I221: =IF(H221="","",G221-H221) -> -76 | J221: =IF(OR(D221="",D221+G221=0),"",D221/(D221+G221)) -> 0.48979592 | K221: =IF(E221="","",E221/(E221+H221)) -> 0.46182357 | L221: =IF(OR(K221="",J221=""),"",(J221-K221)*100) -> 2.7972345
A222: Northampton | B222: BETHLEHEM | C222: BETHLEHEM 14TH WARD 1ST DISTRICT | D222: 708 | E222: 775 | F222: =IF(E222="","",D222-E222) -> -67 | G222: 426 | H222: 447 | I222: =IF(H222="","",G222-H222) -> -21 | J222: =IF(OR(D222="",D222+G222=0),"",D222/(D222+G222)) -> 0.62433862 | K222: =IF(E222="","",E222/(E222+H222)) -> 0.63420622 | L222: =IF(OR(K222="",J222=""),"",(J222-K222)*100) -> -0.9867595
A223: Northampton | B223: BETHLEHEM | C223: BETHLEHEM 14TH WARD 2ND DISTRICT | D223: 982 | E223: 982 | F223: =IF(E223="","",D223-E223) -> 0 | G223: 637 | H223: 684 | I223: =IF(H223="","",G223-H223) -> -47 | J223: =IF(OR(D223="",D223+G223=0),"",D223/(D223+G223)) -> 0.60654725 | K223: =IF(E223="","",E223/(E223+H223)) -> 0.58943577 | L223: =IF(OR(K223="",J223=""),"",(J223-K223)*100) -> 1.7111477
A224: Northampton | B224: BETHLEHEM | C224: BETHLEHEM 14TH WARD 3RD DISTRICT | D224: 774 | E224: 750 | F224: =IF(E224="","",D224-E224) -> 24 | G224: 402 | H224: 421 | I224: =IF(H224="","",G224-H224) -> -19 | J224: =IF(OR(D224="",D224+G224=0),"",D224/(D224+G224)) -> 0.65816327 | K224: =IF(E224="","",E224/(E224+H224)) -> 0.64047822 | L224: =IF(OR(K224="",J224=""),"",(J224-K224)*100) -> 1.7685042
A225: Northampton | B225: BETHLEHEM | C225: BETHLEHEM 14TH WARD 4TH DISTRICT | D225: 615 | E225: 592 | F225: =IF(E225="","",D225-E225) -> 23 | G225: 335 | H225: 337 | I225: =IF(H225="","",G225-H225) -> -2 | J225: =IF(OR(D225="",D225+G225=0),"",D225/(D225+G225)) -> 0.64736842 | K225: =IF(E225="","",E225/(E225+H225)) -> 0.63724435 | L225: =IF(OR(K225="",J225=""),"",(J225-K225)*100) -> 1.0124072
A226: Northampton | B226: BETHLEHEM | C226: BETHLEHEM 14TH WARD 5TH DISTRICT | D226: 818 | E226: 740 | F226: =IF(E226="","",D226-E226) -> 78 | G226: 491 | H226: 506 | I226: =IF(H226="","",G226-H226) -> -15 | J226: =IF(OR(D226="",D226+G226=0),"",D226/(D226+G226)) -> 0.62490451 | K226: =IF(E226="","",E226/(E226+H226)) -> 0.59390048 | L226: =IF(OR(K226="",J226=""),"",(J226-K226)*100) -> 3.1004026
A227: Northampton | B227: BETHLEHEM | C227: BETHLEHEM 14TH WARD 6TH DISTRICT | D227: 1098 | E227: 1037 | F227: =IF(E227="","",D227-E227) -> 61 | G227: 604 | H227: 623 | I227: =IF(H227="","",G227-H227) -> -19 | J227: =IF(OR(D227="",D227+G227=0),"",D227/(D227+G227)) -> 0.64512338 | K227: =IF(E227="","",E227/(E227+H227)) -> 0.6246988 | L227: =IF(OR(K227="",J227=""),"",(J227-K227)*100) -> 2.0424589
A228: Northampton | B228: BETHLEHEM | C228: BETHLEHEM 14TH WARD 7TH DISTRICT | D228: 713 | E228: 681 | F228: =IF(E228="","",D228-E228) -> 32 | G228: 479 | H228: 513 | I228: =IF(H228="","",G228-H228) -> -34 | J228: =IF(OR(D228="",D228+G228=0),"",D228/(D228+G228)) -> 0.59815436 | K228: =IF(E228="","",E228/(E228+H228)) -> 0.57035176 | L228: =IF(OR(K228="",J228=""),"",(J228-K228)*100) -> 2.7802604
A229: Northampton | B229: BETHLEHEM | C229: BETHLEHEM 14TH WARD 8TH DISTRICT | D229: 557 | E229: 529 | F229: =IF(E229="","",D229-E229) -> 28 | G229: 312 | H229: 293 | I229: =IF(H229="","",G229-H229) -> 19 | J229: =IF(OR(D229="",D229+G229=0),"",D229/(D229+G229)) -> 0.64096663 | K229: =IF(E229="","",E229/(E229+H229)) -> 0.64355231 | L229: =IF(OR(K229="",J229=""),"",(J229-K229)*100) -> -0.25856831
A230: Northampton | B230: BETHLEHEM | C230: BETHLEHEM 15TH WARD 1ST DISTRICT | D230: 691 | E230: 767 | F230: =IF(E230="","",D230-E230) -> -76 | G230: 320 | H230: 384 | I230: =IF(H230="","",G230-H230) -> -64 | J230: =IF(OR(D230="",D230+G230=0),"",D230/(D230+G230)) -> 0.6834817 | K230: =IF(E230="","",E230/(E230+H230)) -> 0.66637706 | L230: =IF(OR(K230="",J230=""),"",(J230-K230)*100) -> 1.7104638
A231: Northampton | B231: BETHLEHEM | C231: BETHLEHEM 15TH WARD 2ND DISTRICT | D231: 933 | E231: 906 | F231: =IF(E231="","",D231-E231) -> 27 | G231: 528 | H231: 586 | I231: =IF(H231="","",G231-H231) -> -58 | J231: =IF(OR(D231="",D231+G231=0),"",D231/(D231+G231)) -> 0.6386037 | K231: =IF(E231="","",E231/(E231+H231)) -> 0.60723861 | L231: =IF(OR(K231="",J231=""),"",(J231-K231)*100) -> 3.136509
A232: Northampton | B232: BETHLEHEM | C232: BETHLEHEM 15TH WARD 3RD DISTRICT | D232: 903 | E232: 954 | F232: =IF(E232="","",D232-E232) -> -51 | G232: 369 | H232: 416 | I232: =IF(H232="","",G232-H232) -> -47 | J232: =IF(OR(D232="",D232+G232=0),"",D232/(D232+G232)) -> 0.70990566 | K232: =IF(E232="","",E232/(E232+H232)) -> 0.69635036 | L232: =IF(OR(K232="",J232=""),"",(J232-K232)*100) -> 1.3555295
... A244: Northampton | B244: BETHLEHEM | C244: BETHLEHEM 9TH WARD EAST | D244: 738 | E244: 711 | F244: =IF(E244="","",D244-E244) -> 27 | G244: 311 | H244: 341 | I244: =IF(H244="","",G244-H244) -> -30 | J244: =IF(OR(D244="",D244+G244=0),"",D244/(D244+G244)) -> 0.70352717 | K244: =IF(E244="","",E244/(E244+H244)) -> 0.67585551 | L244: =IF(OR(K244="",J244=""),"",(J244-K244)*100) -> 2.7671655
A245: Northampton | B245: BETHLEHEM | C245: BETHLEHEM 9TH WARD WEST | D245: 635 | F245: =IF(E245="","",D245-E245) | G245: 333 | I245: =IF(H245="","",G245-H245) | J245: =IF(OR(D245="",D245+G245=0),"",D245/(D245+G245)) -> 0.65599174 | K245: =IF(E245="","",E245/(E245+H245)) | L245: =IF(OR(K245="",J245=""),"",(J245-K245)*100) | M245: No comparable 2024 result
A246: Northampton | B246: BETHLEHEM TOWNSHIP | C246: BETHLEHEM TWSP 1ST WARD 1ST DISTRICT | D246: 479 | E246: 466 | F246: =IF(E246="","",D246-E246) -> 13 | G246: 401 | H246: 405 | I246: =IF(H246="","",G246-H246) -> -4 | J246: =IF(OR(D246="",D246+G246=0),"",D246/(D246+G246)) -> 0.54431818 | K246: =IF(E246="","",E246/(E246+H246)) -> 0.53501722 | L246: =IF(OR(K246="",J246=""),"",(J246-K246)*100) -> 0.93009602
A247: Northampton | B247: BETHLEHEM TOWNSHIP | C247: BETHLEHEM TWSP 1ST WARD 2ND DISTRICT | D247: 588 | E247: 552 | F247: =IF(E247="","",D247-E247) -> 36 | G247: 496 | H247: 506 | I247: =IF(H247="","",G247-H247) -> -10 | J247: =IF(OR(D247="",D247+G247=0),"",D247/(D247+G247)) -> 0.54243542 | K247: =IF(E247="","",E247/(E247+H247)) -> 0.52173913 | L247: =IF(OR(K247="",J247=""),"",(J247-K247)*100) -> 2.0696294
A248: Northampton | B248: BETHLEHEM TOWNSHIP | C248: BETHLEHEM TWSP 1ST WARD 3RD DISTRICT | D248: 570 | E248: 722 | F248: =IF(E248="","",D248-E248) -> -152 | G248: 445 | H248: 596 | I248: =IF(H248="","",G248-H248) -> -151 | J248: =IF(OR(D248="",D248+G248=0),"",D248/(D248+G248)) -> 0.56157635 | K248: =IF(E248="","",E248/(E248+H248)) -> 0.5477997 | L248: =IF(OR(K248="",J248=""),"",(J248-K248)*100) -> 1.3776658
A249: Northampton | B249: BETHLEHEM TOWNSHIP | C249: BETHLEHEM TWSP 1ST WARD 4TH DISTRICT | D249: 316 | E249: 339 | F249: =IF(E249="","",D249-E249) -> -23 | G249: 303 | H249: 338 | I249: =IF(H249="","",G249-H249) -> -35 | J249: =IF(OR(D249="",D249+G249=0),"",D249/(D249+G249)) -> 0.51050081 | K249: =IF(E249="","",E249/(E249+H249)) -> 0.50073855 | L249: =IF(OR(K249="",J249=""),"",(J249-K249)*100) -> 0.97622553
A250: Northampton | B250: BETHLEHEM TOWNSHIP | C250: BETHLEHEM TWSP 2ND WARD 1ST DISTRICT | D250: 600 | E250: 579 | F250: =IF(E250="","",D250-E250) -> 21 | G250: 443 | H250: 482 | I250: =IF(H250="","",G250-H250) -> -39 | J250: =IF(OR(D250="",D250+G250=0),"",D250/(D250+G250)) -> 0.57526366 | K250: =IF(E250="","",E250/(E250+H250)) -> 0.54571159 | L250: =IF(OR(K250="",J250=""),"",(J250-K250)*100) -> 2.955207
A251: Northampton | B251: BETHLEHEM TOWNSHIP | C251: BETHLEHEM TWSP 2ND WARD 2ND DISTRICT | D251: 581 | E251: 562 | F251: =IF(E251="","",D251-E251) -> 19 | G251: 467 | H251: 525 | I251: =IF(H251="","",G251-H251) -> -58 | J251: =IF(OR(D251="",D251+G251=0),"",D251/(D251+G251)) -> 0.55438931 | K251: =IF(E251="","",E251/(E251+H251)) -> 0.51701932 | L251: =IF(OR(K251="",J251=""),"",(J251-K251)*100) -> 3.7369994
A252: Northampton | B252: BETHLEHEM TOWNSHIP | C252: BETHLEHEM TWSP 2ND WARD 3RD DISTRICT | D252: 360 | E252: 337 | F252: =IF(E252="","",D252-E252) -> 23 | G252: 271 | H252: 296 | I252: =IF(H252="","",G252-H252) -> -25 | J252: =IF(OR(D252="",D252+G252=0),"",D252/(D252+G252)) -> 0.57052298 | K252: =IF(E252="","",E252/(E252+H252)) -> 0.53238547 | L252: =IF(OR(K252="",J252=""),"",(J252-K252)*100) -> 3.8137513
A253: Northampton | B253: BETHLEHEM TOWNSHIP | C253: BETHLEHEM TWSP 2ND WARD 4TH DISTRICT | D253: 460 | E253: 517 | F253: =IF(E253="","",D253-E253) -> -57 | G253: 320 | H253: 388 | I253: =IF(H253="","",G253-H253) -> -68 | J253: =IF(OR(D253="",D253+G253=0),"",D253/(D253+G253)) -> 0.58974359 | K253: =IF(E253="","",E253/(E253+H253)) -> 0.57127072 | L253: =IF(OR(K253="",J253=""),"",(J253-K253)*100) -> 1.8472872
A254: Northampton | B254: BETHLEHEM TOWNSHIP | C254: BETHLEHEM TWSP 3RD WARD 1ST DISTRICT | D254: 324 | E254: 329 | F254: =IF(E254="","",D254-E254) -> -5 | G254: 220 | H254: 217 | I254: =IF(H254="","",G254-H254) -> 3 | J254: =IF(OR(D254="",D254+G254=0),"",D254/(D254+G254)) -> 0.59558824 | K254: =IF(E254="","",E254/(E254+H254)) -> 0.6025641 | L254: =IF(OR(K254="",J254=""),"",(J254-K254)*100) -> -0.69758673
A255: Northampton | B255: BETHLEHEM TOWNSHIP | C255: BETHLEHEM TWSP 3RD WARD 2ND DISTRICT | D255: 366 | E255: 352 | F255: =IF(E255="","",D255-E255) -> 14 | G255: 331 | H255: 326 | I255: =IF(H255="","",G255-H255) -> 5 | J255: =IF(OR(D255="",D255+G255=0),"",D255/(D255+G255)) -> 0.5251076 | K255: =IF(E255="","",E255/(E255+H255)) -> 0.51917404 | L255: =IF(OR(K255="",J255=""),"",(J255-K255)*100) -> 0.59335627
A256: Northampton | B256: BETHLEHEM TOWNSHIP | C256: BETHLEHEM TWSP 3RD WARD 3RD DISTRICT | D256: 458 | E256: 420 | F256: =IF(E256="","",D256-E256) -> 38 | G256: 368 | H256: 378 | I256: =IF(H256="","",G256-H256) -> -10 | J256: =IF(OR(D256="",D256+G256=0),"",D256/(D256+G256)) -> 0.55447942 | K256: =IF(E256="","",E256/(E256+H256)) -> 0.52631579 | L256: =IF(OR(K256="",J256=""),"",(J256-K256)*100) -> 2.8163629
A257: Northampton | B257: BETHLEHEM TOWNSHIP | C257: BETHLEHEM TWSP 3RD WARD 4TH DISTRICT | D257: 452 | E257: 522 | F257: =IF(E257="","",D257-E257) -> -70 | G257: 334 | H257: 400 | I257: =IF(H257="","",G257-H257) -> -66 | J257: =IF(OR(D257="",D257+G257=0),"",D257/(D257+G257)) -> 0.57506361 | K257: =IF(E257="","",E257/(E257+H257)) -> 0.56616052 | L257: =IF(OR(K257="",J257=""),"",(J257-K257)*100) -> 0.89030926
... A269: Northampton | B269: EAST BANGOR | C269: EAST BANGOR | D269: 195 | E269: 217 | F269: =IF(E269="","",D269-E269) -> -22 | G269: 303 | H269: 309 | I269: =IF(H269="","",G269-H269) -> -6 | J269: =IF(OR(D269="",D269+G269=0),"",D269/(D269+G269)) -> 0.39156627 | K269: =IF(E269="","",E269/(E269+H269)) -> 0.41254753 | L269: =IF(OR(K269="",J269=""),"",(J269-K269)*100) -> -2.0981263
A270: Northampton | B270: EASTON | C270: EASTON 10TH WARD | D270: 725 | F270: =IF(E270="","",D270-E270) | G270: 372 | I270: =IF(H270="","",G270-H270) | J270: =IF(OR(D270="",D270+G270=0),"",D270/(D270+G270)) -> 0.66089335 | K270: =IF(E270="","",E270/(E270+H270)) | L270: =IF(OR(K270="",J270=""),"",(J270-K270)*100) | M270: No comparable 2024 result
A271: Northampton | B271: EASTON | C271: EASTON 11TH WARD | D271: 501 | F271: =IF(E271="","",D271-E271) | G271: 199 | I271: =IF(H271="","",G271-H271) | J271: =IF(OR(D271="",D271+G271=0),"",D271/(D271+G271)) -> 0.71571429 | K271: =IF(E271="","",E271/(E271+H271)) | L271: =IF(OR(K271="",J271=""),"",(J271-K271)*100) | M271: No comparable 2024 result
A272: Northampton | B272: EASTON | C272: EASTON 2ND WARD | D272: 454 | E272: 492 | F272: =IF(E272="","",D272-E272) -> -38 | G272: 162 | H272: 197 | I272: =IF(H272="","",G272-H272) -> -35 | J272: =IF(OR(D272="",D272+G272=0),"",D272/(D272+G272)) -> 0.73701299 | K272: =IF(E272="","",E272/(E272+H272)) -> 0.71407837 | L272: =IF(OR(K272="",J272=""),"",(J272-K272)*100) -> 2.2934613
A273: Northampton | B273: EASTON | C273: EASTON 3RD WARD 2ND DISTRICT | D273: 755 | E273: 743 | F273: =IF(E273="","",D273-E273) -> 12 | G273: 275 | H273: 265 | I273: =IF(H273="","",G273-H273) -> 10 | J273: =IF(OR(D273="",D273+G273=0),"",D273/(D273+G273)) -> 0.73300971 | K273: =IF(E273="","",E273/(E273+H273)) -> 0.73710317 | L273: =IF(OR(K273="",J273=""),"",(J273-K273)*100) -> -0.40934659
A274: Northampton | B274: EASTON | C274: EASTON 3RD WARD 3RD DISTRICT | D274: 434 | E274: 1109 | F274: =IF(E274="","",D274-E274) -> -675 | G274: 125 | H274: 290 | I274: =IF(H274="","",G274-H274) -> -165 | J274: =IF(OR(D274="",D274+G274=0),"",D274/(D274+G274)) -> 0.7763864 | K274: =IF(E274="","",E274/(E274+H274)) -> 0.79270908 | L274: =IF(OR(K274="",J274=""),"",(J274-K274)*100) -> -1.6322674
A275: Northampton | B275: EASTON | C275: EASTON 3RD WARD 4TH DISTRICT | D275: 592 | E275: 566 | F275: =IF(E275="","",D275-E275) -> 26 | G275: 226 | H275: 257 | I275: =IF(H275="","",G275-H275) -> -31 | J275: =IF(OR(D275="",D275+G275=0),"",D275/(D275+G275)) -> 0.72371638 | K275: =IF(E275="","",E275/(E275+H275)) -> 0.68772783 | L275: =IF(OR(K275="",J275=""),"",(J275-K275)*100) -> 3.5988556
A276: Northampton | B276: EASTON | C276: EASTON 4TH WARD | D276: 555 | E276: 517 | F276: =IF(E276="","",D276-E276) -> 38 | G276: 254 | H276: 265 | I276: =IF(H276="","",G276-H276) -> -11 | J276: =IF(OR(D276="",D276+G276=0),"",D276/(D276+G276)) -> 0.68603214 | K276: =IF(E276="","",E276/(E276+H276)) -> 0.66112532 | L276: =IF(OR(K276="",J276=""),"",(J276-K276)*100) -> 2.4906819
A277: Northampton | B277: EASTON | C277: EASTON 5TH WARD | D277: 239 | E277: 233 | F277: =IF(E277="","",D277-E277) -> 6 | G277: 89 | H277: 84 | I277: =IF(H277="","",G277-H277) -> 5 | J277: =IF(OR(D277="",D277+G277=0),"",D277/(D277+G277)) -> 0.72865854 | K277: =IF(E277="","",E277/(E277+H277)) -> 0.73501577 | L277: =IF(OR(K277="",J277=""),"",(J277-K277)*100) -> -0.63572363
A278: Northampton | B278: EASTON | C278: EASTON 6TH WARD | D278: 388 | E278: 391 | F278: =IF(E278="","",D278-E278) -> -3 | G278: 130 | H278: 126 | I278: =IF(H278="","",G278-H278) -> 4 | J278: =IF(OR(D278="",D278+G278=0),"",D278/(D278+G278)) -> 0.74903475 | K278: =IF(E278="","",E278/(E278+H278)) -> 0.75628627 | L278: =IF(OR(K278="",J278=""),"",(J278-K278)*100) -> -0.72515179
A279: Northampton | B279: EASTON | C279: EASTON 7TH WARD | D279: 420 | E279: 381 | F279: =IF(E279="","",D279-E279) -> 39 | G279: 152 | H279: 184 | I279: =IF(H279="","",G279-H279) -> -32 | J279: =IF(OR(D279="",D279+G279=0),"",D279/(D279+G279)) -> 0.73426573 | K279: =IF(E279="","",E279/(E279+H279)) -> 0.67433628 | L279: =IF(OR(K279="",J279=""),"",(J279-K279)*100) -> 5.9929451
A280: Northampton | B280: EASTON | C280: EASTON 8TH WARD | D280: 761 | F280: =IF(E280="","",D280-E280) | G280: 416 | I280: =IF(H280="","",G280-H280) | J280: =IF(OR(D280="",D280+G280=0),"",D280/(D280+G280)) -> 0.64655905 | K280: =IF(E280="","",E280/(E280+H280)) | L280: =IF(OR(K280="",J280=""),"",(J280-K280)*100) | M280: No comparable 2024 result
A281: Northampton | B281: EASTON | C281: EASTON 9TH WARD | D281: 996 | E281: 912 | F281: =IF(E281="","",D281-E281) -> 84 | G281: 382 | H281: 445 | I281: =IF(H281="","",G281-H281) -> -63 | J281: =IF(OR(D281="",D281+G281=0),"",D281/(D281+G281)) -> 0.72278665 | K281: =IF(E281="","",E281/(E281+H281)) -> 0.67207074 | L281: =IF(OR(K281="",J281=""),"",(J281-K281)*100) -> 5.0715903
A282: Northampton | B282: FORKS | C282: FORKS TWSP EAST | D282: 1385 | F282: =IF(E282="","",D282-E282) | G282: 1252 | I282: =IF(H282="","",G282-H282) | J282: =IF(OR(D282="",D282+G282=0),"",D282/(D282+G282)) -> 0.52521805 | K282: =IF(E282="","",E282/(E282+H282)) | L282: =IF(OR(K282="",J282=""),"",(J282-K282)*100) | M282: No comparable 2024 result
A283: Northampton | B283: FORKS | C283: FORKS TWSP NORTH | D283: 647 | F283: =IF(E283="","",D283-E283) | G283: 605 | I283: =IF(H283="","",G283-H283) | J283: =IF(OR(D283="",D283+G283=0),"",D283/(D283+G283)) -> 0.51677316 | K283: =IF(E283="","",E283/(E283+H283)) | L283: =IF(OR(K283="",J283=""),"",(J283-K283)*100) | M283: No comparable 2024 result
A284: Northampton | B284: FORKS | C284: FORKS TWSP NORTHWEST | D284: 769 | F284: =IF(E284="","",D284-E284) | G284: 704 | I284: =IF(H284="","",G284-H284) | J284: =IF(OR(D284="",D284+G284=0),"",D284/(D284+G284)) -> 0.52206382 | K284: =IF(E284="","",E284/(E284+H284)) | L284: =IF(OR(K284="",J284=""),"",(J284-K284)*100) | M284: No comparable 2024 result
A285: Northampton | B285: FORKS | C285: FORKS TWSP SOUTH | D285: 740 | F285: =IF(E285="","",D285-E285) | G285: 648 | I285: =IF(H285="","",G285-H285) | J285: =IF(OR(D285="",D285+G285=0),"",D285/(D285+G285)) -> 0.53314121 | K285: =IF(E285="","",E285/(E285+H285)) | L285: =IF(OR(K285="",J285=""),"",(J285-K285)*100) | M285: No comparable 2024 result
A286: Northampton | B286: FORKS | C286: FORKS TWSP SOUTHEAST | D286: 1013 | E286: 975 | F286: =IF(E286="","",D286-E286) -> 38 | G286: 823 | H286: 935 | I286: =IF(H286="","",G286-H286) -> -112 | J286: =IF(OR(D286="",D286+G286=0),"",D286/(D286+G286)) -> 0.55174292 | K286: =IF(E286="","",E286/(E286+H286)) -> 0.5104712 | L286: =IF(OR(K286="",J286=""),"",(J286-K286)*100) -> 4.1271715
A287: Northampton | B287: FORKS | C287: FORKS TWSP SOUTHWEST | D287: 793 | F287: =IF(E287="","",D287-E287) | G287: 729 | I287: =IF(H287="","",G287-H287) | J287: =IF(OR(D287="",D287+G287=0),"",D287/(D287+G287)) -> 0.52102497 | K287: =IF(E287="","",E287/(E287+H287)) | L287: =IF(OR(K287="",J287=""),"",(J287-K287)*100) | M287: No comparable 2024 result
A288: Northampton | B288: FORKS | C288: FORKS TWSP WEST | D288: 669 | F288: =IF(E288="","",D288-E288) | G288: 695 | I288: =IF(H288="","",G288-H288) | J288: =IF(OR(D288="",D288+G288=0),"",D288/(D288+G288)) -> 0.49046921 | K288: =IF(E288="","",E288/(E288+H288)) | L288: =IF(OR(K288="",J288=""),"",(J288-K288)*100) | M288: No comparable 2024 result
A289: Northampton | B289: FREEMANSBURG | C289: FREEMANSBURG | D289: 754 | E289: 714 | F289: =IF(E289="","",D289-E289) -> 40 | G289: 474 | H289: 484 | I289: =IF(H289="","",G289-H289) -> -10 | J289: =IF(OR(D289="",D289+G289=0),"",D289/(D289+G289)) -> 0.61400651 | K289: =IF(E289="","",E289/(E289+H289)) -> 0.59599332 | L289: =IF(OR(K289="",J289=""),"",(J289-K289)*100) -> 1.8013192
A290: Northampton | B290: GLENDON | C290: GLENDON | D290: 107 | E290: 109 | F290: =IF(E290="","",D290-E290) -> -2 | G290: 94 | H290: 97 | I290: =IF(H290="","",G290-H290) -> -3 | J290: =IF(OR(D290="",D290+G290=0),"",D290/(D290+G290)) -> 0.53233831 | K290: =IF(E290="","",E290/(E290+H290)) -> 0.52912621 | L290: =IF(OR(K290="",J290=""),"",(J290-K290)*100) -> 0.32120949
A291: Northampton | B291: HANOVER | C291: HANOVER #1 | D291: 946 | E291: 955 | F291: =IF(E291="","",D291-E291) -> -9 | G291: 697 | H291: 692 | I291: =IF(H291="","",G291-H291) -> 5 | J291: =IF(OR(D291="",D291+G291=0),"",D291/(D291+G291)) -> 0.57577602 | K291: =IF(E291="","",E291/(E291+H291)) -> 0.57984214 | L291: =IF(OR(K291="",J291=""),"",(J291-K291)*100) -> -0.40661177
A292: Northampton | B292: HANOVER | C292: HANOVER #2 | D292: 932 | E292: 910 | F292: =IF(E292="","",D292-E292) -> 22 | G292: 740 | H292: 742 | I292: =IF(H292="","",G292-H292) -> -2 | J292: =IF(OR(D292="",D292+G292=0),"",D292/(D292+G292)) -> 0.55741627 | K292: =IF(E292="","",E292/(E292+H292)) -> 0.55084746 | L292: =IF(OR(K292="",J292=""),"",(J292-K292)*100) -> 0.65688103
A293: Northampton | B293: HANOVER | C293: HANOVER #3 | D293: 454 | E293: 446 | F293: =IF(E293="","",D293-E293) -> 8 | G293: 393 | H293: 410 | I293: =IF(H293="","",G293-H293) -> -17 | J293: =IF(OR(D293="",D293+G293=0),"",D293/(D293+G293)) -> 0.53600945 | K293: =IF(E293="","",E293/(E293+H293)) -> 0.52102804 | L293: =IF(OR(K293="",J293=""),"",(J293-K293)*100) -> 1.4981408
A294: Northampton | B294: HANOVER | C294: HANOVER #4 | D294: 771 | E294: 744 | F294: =IF(E294="","",D294-E294) -> 27 | G294: 662 | H294: 678 | I294: =IF(H294="","",G294-H294) -> -16 | J294: =IF(OR(D294="",D294+G294=0),"",D294/(D294+G294)) -> 0.5380321 | K294: =IF(E294="","",E294/(E294+H294)) -> 0.52320675 | L294: =IF(OR(K294="",J294=""),"",(J294-K294)*100) -> 1.4825349
A295: Northampton | B295: HANOVER | C295: HANOVER #5 | D295: 766 | E295: 775 | F295: =IF(E295="","",D295-E295) -> -9 | G295: 593 | H295: 645 | I295: =IF(H295="","",G295-H295) -> -52 | J295: =IF(OR(D295="",D295+G295=0),"",D295/(D295+G295)) -> 0.56364974 | K295: =IF(E295="","",E295/(E295+H295)) -> 0.54577465 | L295: =IF(OR(K295="",J295=""),"",(J295-K295)*100) -> 1.7875095
A296: Northampton | B296: HANOVER | C296: HANOVER #6 | D296: 532 | E296: 511 | F296: =IF(E296="","",D296-E296) -> 21 | G296: 447 | H296: 453 | I296: =IF(H296="","",G296-H296) -> -6 | J296: =IF(OR(D296="",D296+G296=0),"",D296/(D296+G296)) -> 0.54341164 | K296: =IF(E296="","",E296/(E296+H296)) -> 0.53008299 | L296: =IF(OR(K296="",J296=""),"",(J296-K296)*100) -> 1.3328657
A297: Northampton | B297: HELLERTOWN | C297: HELLERTOWN BORO 1ST WARD | D297: 590 | E297: 553 | F297: =IF(E297="","",D297-E297) -> 37 | G297: 534 | H297: 581 | I297: =IF(H297="","",G297-H297) -> -47 | J297: =IF(OR(D297="",D297+G297=0),"",D297/(D297+G297)) -> 0.52491103 | K297: =IF(E297="","",E297/(E297+H297)) -> 0.48765432 | L297: =IF(OR(K297="",J297=""),"",(J297-K297)*100) -> 3.7256711
A298: Northampton | B298: HELLERTOWN | C298: HELLERTOWN BORO 2ND WARD | D298: 474 | E298: 473 | F298: =IF(E298="","",D298-E298) -> 1 | G298: 391 | H298: 465 | I298: =IF(H298="","",G298-H298) -> -74 | J298: =IF(OR(D298="",D298+G298=0),"",D298/(D298+G298)) -> 0.54797688 | K298: =IF(E298="","",E298/(E298+H298)) -> 0.50426439 | L298: =IF(OR(K298="",J298=""),"",(J298-K298)*100) -> 4.3712486
A299: Northampton | B299: HELLERTOWN | C299: HELLERTOWN BORO 3RD WARD | D299: 704 | E299: 700 | F299: =IF(E299="","",D299-E299) -> 4 | G299: 561 | H299: 639 | I299: =IF(H299="","",G299-H299) -> -78 | J299: =IF(OR(D299="",D299+G299=0),"",D299/(D299+G299)) -> 0.55652174 | K299: =IF(E299="","",E299/(E299+H299)) -> 0.52277819 | L299: =IF(OR(K299="",J299=""),"",(J299-K299)*100) -> 3.3743546
A300: Northampton | B300: LEHIGH | C300: LEHIGH TWSP - CENTRAL | D300: 569 | E300: 546 | F300: =IF(E300="","",D300-E300) -> 23 | G300: 1010 | H300: 1089 | I300: =IF(H300="","",G300-H300) -> -79 | J300: =IF(OR(D300="",D300+G300=0),"",D300/(D300+G300)) -> 0.36035465 | K300: =IF(E300="","",E300/(E300+H300)) -> 0.33394495 | L300: =IF(OR(K300="",J300=""),"",(J300-K300)*100) -> 2.6409701
... A306: Northampton | B306: LOWER MOUNT BETHEL | C306: LOWER MT BETHEL - UPPER | D306: 378 | E306: 361 | F306: =IF(E306="","",D306-E306) -> 17 | G306: 695 | H306: 775 | I306: =IF(H306="","",G306-H306) -> -80 | J306: =IF(OR(D306="",D306+G306=0),"",D306/(D306+G306)) -> 0.35228332 | K306: =IF(E306="","",E306/(E306+H306)) -> 0.31778169 | L306: =IF(OR(K306="",J306=""),"",(J306-K306)*100) -> 3.4501628
A307: Northampton | B307: LOWER NAZARETH | C307: LOWER NAZARETH EAST | D307: 252 | F307: =IF(E307="","",D307-E307) | G307: 339 | I307: =IF(H307="","",G307-H307) | J307: =IF(OR(D307="",D307+G307=0),"",D307/(D307+G307)) -> 0.42639594 | K307: =IF(E307="","",E307/(E307+H307)) | L307: =IF(OR(K307="",J307=""),"",(J307-K307)*100) | M307: No comparable 2024 result
...

Sheet 2024 Backtest C
A1: County | B1: Municipality | C1: Precinct | D1: Predicted Democratic (Wild) votes | E1: Actual Democratic votes | F1: Error, Democratic votes (predicted minus actual) | G1: Predicted Republican (Mackenzie) votes | H1: Actual Republican votes | I1: Error, Republican votes (predicted minus actual) | J1: Predicted Democratic share of the two-party vote | K1: Actual Democratic share of the two-party vote | L1: Error in Democratic share, percentage points (predicted minus actual) | M1: Note
A2: Carbon | B2: BANKS TOWNSHIP | C2: BANKS TOWNSHIP | D2: 198 | E2: 181 | F2: =IF(E2="","",D2-E2) -> 17 | G2: 305 | H2: 284 | I2: =IF(H2="","",G2-H2) -> 21 | J2: =IF(OR(D2="",D2+G2=0),"",D2/(D2+G2)) -> 0.39363817 | K2: =IF(E2="","",E2/(E2+H2)) -> 0.38924731 | L2: =IF(OR(K2="",J2=""),"",(J2-K2)*100) -> 0.43908591
A3: Carbon | B3: BEAVER MEADOWS BOROUGH | C3: BEAVER MEADOWS BOROUGH | D3: 113 | E3: 118 | F3: =IF(E3="","",D3-E3) -> -5 | G3: 290 | H3: 298 | I3: =IF(H3="","",G3-H3) -> -8 | J3: =IF(OR(D3="",D3+G3=0),"",D3/(D3+G3)) -> 0.28039702 | K3: =IF(E3="","",E3/(E3+H3)) -> 0.28365385 | L3: =IF(OR(K3="",J3=""),"",(J3-K3)*100) -> -0.32568238
A4: Carbon | B4: BOWMANSTOWN BOROUGH | C4: BOWMANSTOWN BOROUGH | D4: 151 | E4: 143 | F4: =IF(E4="","",D4-E4) -> 8 | G4: 277 | H4: 309 | I4: =IF(H4="","",G4-H4) -> -32 | J4: =IF(OR(D4="",D4+G4=0),"",D4/(D4+G4)) -> 0.35280374 | K4: =IF(E4="","",E4/(E4+H4)) -> 0.31637168 | L4: =IF(OR(K4="",J4=""),"",(J4-K4)*100) -> 3.6432057
A5: Carbon | B5: EAST PENN TOWNSHIP | C5: EAST PENN TOWNSHIP-NORTH | D5: 224 | E5: 202 | F5: =IF(E5="","",D5-E5) -> 22 | G5: 563 | H5: 640 | I5: =IF(H5="","",G5-H5) -> -77 | J5: =IF(OR(D5="",D5+G5=0),"",D5/(D5+G5)) -> 0.28462516 | K5: =IF(E5="","",E5/(E5+H5)) -> 0.23990499 | L5: =IF(OR(K5="",J5=""),"",(J5-K5)*100) -> 4.4720171
A6: Carbon | B6: EAST PENN TOWNSHIP | C6: EAST PENN TOWNSHIP-SOUTH | D6: 233 | E6: 232 | F6: =IF(E6="","",D6-E6) -> 1 | G6: 550 | H6: 603 | I6: =IF(H6="","",G6-H6) -> -53 | J6: =IF(OR(D6="",D6+G6=0),"",D6/(D6+G6)) -> 0.29757344 | K6: =IF(E6="","",E6/(E6+H6)) -> 0.27784431 | L6: =IF(OR(K6="",J6=""),"",(J6-K6)*100) -> 1.9729124
A7: Carbon | B7: EAST SIDE BOROUGH | C7: EAST SIDE BOROUGH | D7: 45 | E7: 38 | F7: =IF(E7="","",D7-E7) -> 7 | G7: 76 | H7: 78 | I7: =IF(H7="","",G7-H7) -> -2 | J7: =IF(OR(D7="",D7+G7=0),"",D7/(D7+G7)) -> 0.37190083 | K7: =IF(E7="","",E7/(E7+H7)) -> 0.32758621 | L7: =IF(OR(K7="",J7=""),"",(J7-K7)*100) -> 4.431462
A8: Carbon | B8: FRANKLIN TOWNSHIP | C8: FRANKLIN TOWNSHIP-HARRITY | D8: 308 | E8: 301 | F8: =IF(E8="","",D8-E8) -> 7 | G8: 713 | H8: 760 | I8: =IF(H8="","",G8-H8) -> -47 | J8: =IF(OR(D8="",D8+G8=0),"",D8/(D8+G8)) -> 0.30166503 | K8: =IF(E8="","",E8/(E8+H8)) -> 0.28369463 | L8: =IF(OR(K8="",J8=""),"",(J8-K8)*100) -> 1.7970407
A9: Carbon | B9: FRANKLIN TOWNSHIP | C9: FRANKLIN TOWNSHIP-IND DIST | D9: 181 | E9: 164 | F9: =IF(E9="","",D9-E9) -> 17 | G9: 425 | H9: 450 | I9: =IF(H9="","",G9-H9) -> -25 | J9: =IF(OR(D9="",D9+G9=0),"",D9/(D9+G9)) -> 0.29867987 | K9: =IF(E9="","",E9/(E9+H9)) -> 0.26710098 | L9: =IF(OR(K9="",J9=""),"",(J9-K9)*100) -> 3.1578891
A10: Carbon | B10: FRANKLIN TOWNSHIP | C10: FRANKLIN TOWNSHIP-LONG RUN | D10: 236 | E10: 235 | F10: =IF(E10="","",D10-E10) -> 1 | G10: 596 | H10: 626 | I10: =IF(H10="","",G10-H10) -> -30 | J10: =IF(OR(D10="",D10+G10=0),"",D10/(D10+G10)) -> 0.28365385 | K10: =IF(E10="","",E10/(E10+H10)) -> 0.27293844 | L10: =IF(OR(K10="",J10=""),"",(J10-K10)*100) -> 1.0715402
A11: Carbon | B11: JIM THORPE BOROUGH | C11: JIM THORPE BOROUGH-1ST | D11: 262 | E11: 229 | F11: =IF(E11="","",D11-E11) -> 33 | G11: 282 | H11: 297 | I11: =IF(H11="","",G11-H11) -> -15 | J11: =IF(OR(D11="",D11+G11=0),"",D11/(D11+G11)) -> 0.48161765 | K11: =IF(E11="","",E11/(E11+H11)) -> 0.43536122 | L11: =IF(OR(K11="",J11=""),"",(J11-K11)*100) -> 4.625643
A12: Carbon | B12: JIM THORPE BOROUGH | C12: JIM THORPE BOROUGH-2ND | D12: 178 | E12: 163 | F12: =IF(E12="","",D12-E12) -> 15 | G12: 212 | H12: 226 | I12: =IF(H12="","",G12-H12) -> -14 | J12: =IF(OR(D12="",D12+G12=0),"",D12/(D12+G12)) -> 0.45641026 | K12: =IF(E12="","",E12/(E12+H12)) -> 0.41902314 | L12: =IF(OR(K12="",J12=""),"",(J12-K12)*100) -> 3.738712
A13: Carbon | B13: JIM THORPE BOROUGH | C13: JIM THORPE BOROUGH-3RD | D13: 298 | E13: 286 | F13: =IF(E13="","",D13-E13) -> 12 | G13: 429 | H13: 464 | I13: =IF(H13="","",G13-H13) -> -35 | J13: =IF(OR(D13="",D13+G13=0),"",D13/(D13+G13)) -> 0.40990371 | K13: =IF(E13="","",E13/(E13+H13)) -> 0.38133333 | L13: =IF(OR(K13="",J13=""),"",(J13-K13)*100) -> 2.8570381
... A83: Lehigh | B83: ALLENTOWN | C83: ALLENTOWN 17TH WARD 3RD DIST | D83: 496 | E83: 502 | F83: =IF(E83="","",D83-E83) -> -6 | G83: 295 | H83: 283 | I83: =IF(H83="","",G83-H83) -> 12 | J83: =IF(OR(D83="",D83+G83=0),"",D83/(D83+G83)) -> 0.62705436 | K83: =IF(E83="","",E83/(E83+H83)) -> 0.63949045 | L83: =IF(OR(K83="",J83=""),"",(J83-K83)*100) -> -1.2436084
A84: Lehigh | B84: ALLENTOWN | C84: ALLENTOWN 17TH WARD 4TH DIST | D84: 350 | F84: =IF(E84="","",D84-E84) | G84: 242 | I84: =IF(H84="","",G84-H84) | J84: =IF(OR(D84="",D84+G84=0),"",D84/(D84+G84)) -> 0.59121622 | K84: =IF(E84="","",E84/(E84+H84)) | L84: =IF(OR(K84="",J84=""),"",(J84-K84)*100) | M84: No comparable 2024 result
A85: Lehigh | B85: ALLENTOWN | C85: ALLENTOWN 17TH WD 4TH DT PARK | D85: 956 | F85: =IF(E85="","",D85-E85) | G85: 652 | I85: =IF(H85="","",G85-H85) | J85: =IF(OR(D85="",D85+G85=0),"",D85/(D85+G85)) -> 0.59452736 | K85: =IF(E85="","",E85/(E85+H85)) | L85: =IF(OR(K85="",J85=""),"",(J85-K85)*100) | M85: No comparable 2024 result
A86: Lehigh | B86: ALLENTOWN | C86: ALLENTOWN 18TH WARD 1ST DIST | D86: 521 | E86: 488 | F86: =IF(E86="","",D86-E86) -> 33 | G86: 231 | H86: 252 | I86: =IF(H86="","",G86-H86) -> -21 | J86: =IF(OR(D86="",D86+G86=0),"",D86/(D86+G86)) -> 0.69281915 | K86: =IF(E86="","",E86/(E86+H86)) -> 0.65945946 | L86: =IF(OR(K86="",J86=""),"",(J86-K86)*100) -> 3.3359689
A87: Lehigh | B87: ALLENTOWN | C87: ALLENTOWN 18TH WARD 2ND DIST | D87: 619 | E87: 601 | F87: =IF(E87="","",D87-E87) -> 18 | G87: 370 | H87: 394 | I87: =IF(H87="","",G87-H87) -> -24 | J87: =IF(OR(D87="",D87+G87=0),"",D87/(D87+G87)) -> 0.62588473 | K87: =IF(E87="","",E87/(E87+H87)) -> 0.6040201 | L87: =IF(OR(K87="",J87=""),"",(J87-K87)*100) -> 2.1864632
A88: Lehigh | B88: ALLENTOWN | C88: ALLENTOWN 18TH WD 2ND DT PARK | D88: 18 | F88: =IF(E88="","",D88-E88) | G88: 14 | I88: =IF(H88="","",G88-H88) | J88: =IF(OR(D88="",D88+G88=0),"",D88/(D88+G88)) -> 0.5625 | K88: =IF(E88="","",E88/(E88+H88)) | L88: =IF(OR(K88="",J88=""),"",(J88-K88)*100) | M88: No comparable 2024 result
A89: Lehigh | B89: ALLENTOWN | C89: ALLENTOWN 19TH WARD 1ST DIST | D89: 344 | E89: 330 | F89: =IF(E89="","",D89-E89) -> 14 | G89: 239 | H89: 270 | I89: =IF(H89="","",G89-H89) -> -31 | J89: =IF(OR(D89="",D89+G89=0),"",D89/(D89+G89)) -> 0.59005146 | K89: =IF(E89="","",E89/(E89+H89)) -> 0.55 | L89: =IF(OR(K89="",J89=""),"",(J89-K89)*100) -> 4.0051458
A90: Lehigh | B90: ALLENTOWN | C90: ALLENTOWN 19TH WARD 2ND DIST | D90: 693 | E90: 591 | F90: =IF(E90="","",D90-E90) -> 102 | G90: 274 | H90: 333 | I90: =IF(H90="","",G90-H90) -> -59 | J90: =IF(OR(D90="",D90+G90=0),"",D90/(D90+G90)) -> 0.71664943 | K90: =IF(E90="","",E90/(E90+H90)) -> 0.63961039 | L90: =IF(OR(K90="",J90=""),"",(J90-K90)*100) -> 7.7039042
A91: Lehigh | B91: ALLENTOWN | C91: ALLENTOWN 19TH WARD 3RD DIST | D91: 354 | E91: 347 | F91: =IF(E91="","",D91-E91) -> 7 | G91: 240 | H91: 243 | I91: =IF(H91="","",G91-H91) -> -3 | J91: =IF(OR(D91="",D91+G91=0),"",D91/(D91+G91)) -> 0.5959596 | K91: =IF(E91="","",E91/(E91+H91)) -> 0.58813559 | L91: =IF(OR(K91="",J91=""),"",(J91-K91)*100) -> 0.78240027
A92: Lehigh | B92: ALLENTOWN | C92: ALLENTOWN 19TH WARD 4TH DIST | D92: 540 | E92: 440 | F92: =IF(E92="","",D92-E92) -> 100 | G92: 223 | H92: 259 | I92: =IF(H92="","",G92-H92) -> -36 | J92: =IF(OR(D92="",D92+G92=0),"",D92/(D92+G92)) -> 0.70773263 | K92: =IF(E92="","",E92/(E92+H92)) -> 0.62947067 | L92: =IF(OR(K92="",J92=""),"",(J92-K92)*100) -> 7.8261962
A93: Lehigh | B93: ALLENTOWN | C93: ALLENTOWN 19TH WARD 5TH DIST | D93: 557 | E93: 553 | F93: =IF(E93="","",D93-E93) -> 4 | G93: 369 | H93: 367 | I93: =IF(H93="","",G93-H93) -> 2 | J93: =IF(OR(D93="",D93+G93=0),"",D93/(D93+G93)) -> 0.60151188 | K93: =IF(E93="","",E93/(E93+H93)) -> 0.60108696 | L93: =IF(OR(K93="",J93=""),"",(J93-K93)*100) -> 0.042492253
A94: Lehigh | B94: ALLENTOWN | C94: ALLENTOWN 19TH WARD 5TH DT SAL | D94: 1 | F94: =IF(E94="","",D94-E94) | G94: 2 | I94: =IF(H94="","",G94-H94) | J94: =IF(OR(D94="",D94+G94=0),"",D94/(D94+G94)) -> 0.33333333 | K94: =IF(E94="","",E94/(E94+H94)) | L94: =IF(OR(K94="",J94=""),"",(J94-K94)*100) | M94: No comparable 2024 result
A95: Lehigh | B95: ALLENTOWN | C95: ALLENTOWN 19TH WARD 6TH DIST | D95: 893 | E95: 821 | F95: =IF(E95="","",D95-E95) -> 72 | G95: 483 | H95: 504 | I95: =IF(H95="","",G95-H95) -> -21 | J95: =IF(OR(D95="",D95+G95=0),"",D95/(D95+G95)) -> 0.64898256 | K95: =IF(E95="","",E95/(E95+H95)) -> 0.61962264 | L95: =IF(OR(K95="",J95=""),"",(J95-K95)*100) -> 2.9359917
A96: Lehigh | B96: ALLENTOWN | C96: ALLENTOWN 1ST WARD | D96: 527 | E96: 487 | F96: =IF(E96="","",D96-E96) -> 40 | G96: 132 | H96: 191 | I96: =IF(H96="","",G96-H96) -> -59 | J96: =IF(OR(D96="",D96+G96=0),"",D96/(D96+G96)) -> 0.79969651 | K96: =IF(E96="","",E96/(E96+H96)) -> 0.71828909 | L96: =IF(OR(K96="",J96=""),"",(J96-K96)*100) -> 8.1407424
A97: Lehigh | B97: ALLENTOWN | C97: ALLENTOWN 2ND WARD | D97: 464 | E97: 418 | F97: =IF(E97="","",D97-E97) -> 46 | G97: 132 | H97: 181 | I97: =IF(H97="","",G97-H97) -> -49 | J97: =IF(OR(D97="",D97+G97=0),"",D97/(D97+G97)) -> 0.77852349 | K97: =IF(E97="","",E97/(E97+H97)) -> 0.69782972 | L97: =IF(OR(K97="",J97=""),"",(J97-K97)*100) -> 8.0693774
A98: Lehigh | B98: ALLENTOWN | C98: ALLENTOWN 3RD WARD | D98: 550 | E98: 677 | F98: =IF(E98="","",D98-E98) -> -127 | G98: 145 | H98: 264 | I98: =IF(H98="","",G98-H98) -> -119 | J98: =IF(OR(D98="",D98+G98=0),"",D98/(D98+G98)) -> 0.79136691 | K98: =IF(E98="","",E98/(E98+H98)) -> 0.7194474 | L98: =IF(OR(K98="",J98=""),"",(J98-K98)*100) -> 7.191951
A99: Lehigh | B99: ALLENTOWN | C99: ALLENTOWN 4TH WARD | D99: 316 | E99: 283 | F99: =IF(E99="","",D99-E99) -> 33 | G99: 102 | H99: 138 | I99: =IF(H99="","",G99-H99) -> -36 | J99: =IF(OR(D99="",D99+G99=0),"",D99/(D99+G99)) -> 0.75598086 | K99: =IF(E99="","",E99/(E99+H99)) -> 0.67220903 | L99: =IF(OR(K99="",J99=""),"",(J99-K99)*100) -> 8.3771835
A100: Lehigh | B100: ALLENTOWN | C100: ALLENTOWN 5TH WARD | D100: 431 | E100: 447 | F100: =IF(E100="","",D100-E100) -> -16 | G100: 109 | H100: 152 | I100: =IF(H100="","",G100-H100) -> -43 | J100: =IF(OR(D100="",D100+G100=0),"",D100/(D100+G100)) -> 0.79814815 | K100: =IF(E100="","",E100/(E100+H100)) -> 0.74624374 | L100: =IF(OR(K100="",J100=""),"",(J100-K100)*100) -> 5.1904409
A101: Lehigh | B101: ALLENTOWN | C101: ALLENTOWN 6TH WARD 1ST DIST | D101: 254 | E101: 179 | F101: =IF(E101="","",D101-E101) -> 75 | G101: 76 | H101: 112 | I101: =IF(H101="","",G101-H101) -> -36 | J101: =IF(OR(D101="",D101+G101=0),"",D101/(D101+G101)) -> 0.76969697 | K101: =IF(E101="","",E101/(E101+H101)) -> 0.61512027 | L101: =IF(OR(K101="",J101=""),"",(J101-K101)*100) -> 15.457669
A102: Lehigh | B102: ALLENTOWN | C102: ALLENTOWN 6TH WARD 2ND DIST | D102: 401 | E102: 357 | F102: =IF(E102="","",D102-E102) -> 44 | G102: 153 | H102: 225 | I102: =IF(H102="","",G102-H102) -> -72 | J102: =IF(OR(D102="",D102+G102=0),"",D102/(D102+G102)) -> 0.72382671 | K102: =IF(E102="","",E102/(E102+H102)) -> 0.61340206 | L102: =IF(OR(K102="",J102=""),"",(J102-K102)*100) -> 11.042465
A103: Lehigh | B103: ALLENTOWN | C103: ALLENTOWN 7TH WARD | D103: 633 | E103: 520 | F103: =IF(E103="","",D103-E103) -> 113 | G103: 179 | H103: 193 | I103: =IF(H103="","",G103-H103) -> -14 | J103: =IF(OR(D103="",D103+G103=0),"",D103/(D103+G103)) -> 0.77955665 | K103: =IF(E103="","",E103/(E103+H103)) -> 0.72931276 | L103: =IF(OR(K103="",J103=""),"",(J103-K103)*100) -> 5.0243887
A104: Lehigh | B104: ALLENTOWN | C104: ALLENTOWN 8TH WARD 1ST DIST | D104: 241 | E104: 218 | F104: =IF(E104="","",D104-E104) -> 23 | G104: 65 | H104: 86 | I104: =IF(H104="","",G104-H104) -> -21 | J104: =IF(OR(D104="",D104+G104=0),"",D104/(D104+G104)) -> 0.7875817 | K104: =IF(E104="","",E104/(E104+H104)) -> 0.71710526 | L104: =IF(OR(K104="",J104=""),"",(J104-K104)*100) -> 7.0476436
A105: Lehigh | B105: ALLENTOWN | C105: ALLENTOWN 8TH WARD 2ND DIST | D105: 298 | E105: 262 | F105: =IF(E105="","",D105-E105) -> 36 | G105: 77 | H105: 109 | I105: =IF(H105="","",G105-H105) -> -32 | J105: =IF(OR(D105="",D105+G105=0),"",D105/(D105+G105)) -> 0.79466667 | K105: =IF(E105="","",E105/(E105+H105)) -> 0.70619946 | L105: =IF(OR(K105="",J105=""),"",(J105-K105)*100) -> 8.8467206
A106: Lehigh | B106: ALLENTOWN | C106: ALLENTOWN 8TH WARD 3RD DIST | D106: 489 | E106: 424 | F106: =IF(E106="","",D106-E106) -> 65 | G106: 132 | H106: 151 | I106: =IF(H106="","",G106-H106) -> -19 | J106: =IF(OR(D106="",D106+G106=0),"",D106/(D106+G106)) -> 0.78743961 | K106: =IF(E106="","",E106/(E106+H106)) -> 0.7373913 | L106: =IF(OR(K106="",J106=""),"",(J106-K106)*100) -> 5.0048309
... A218: Northampton | B218: ALLEN | C218: ALLEN TWSP - SOUTH | D218: 834 | E218: 824 | F218: =IF(E218="","",D218-E218) -> 10 | G218: 841 | H218: 1009 | I218: =IF(H218="","",G218-H218) -> -168 | J218: =IF(OR(D218="",D218+G218=0),"",D218/(D218+G218)) -> 0.49791045 | K218: =IF(E218="","",E218/(E218+H218)) -> 0.44953628 | L218: =IF(OR(K218="",J218=""),"",(J218-K218)*100) -> 4.8374168
A219: Northampton | B219: BANGOR | C219: BANGOR BORO NORTH | D219: 482 | F219: =IF(E219="","",D219-E219) | G219: 644 | I219: =IF(H219="","",G219-H219) | J219: =IF(OR(D219="",D219+G219=0),"",D219/(D219+G219)) -> 0.42806394 | K219: =IF(E219="","",E219/(E219+H219)) | L219: =IF(OR(K219="",J219=""),"",(J219-K219)*100) | M219: No comparable 2024 result
A220: Northampton | B220: BANGOR | C220: BANGOR BORO SOUTH | D220: 509 | F220: =IF(E220="","",D220-E220) | G220: 672 | I220: =IF(H220="","",G220-H220) | J220: =IF(OR(D220="",D220+G220=0),"",D220/(D220+G220)) -> 0.43099069 | K220: =IF(E220="","",E220/(E220+H220)) | L220: =IF(OR(K220="",J220=""),"",(J220-K220)*100) | M220: No comparable 2024 result
A221: Northampton | B221: BATH | C221: BATH BORO | D221: 599 | E221: 623 | F221: =IF(E221="","",D221-E221) -> -24 | G221: 675 | H221: 726 | I221: =IF(H221="","",G221-H221) -> -51 | J221: =IF(OR(D221="",D221+G221=0),"",D221/(D221+G221)) -> 0.47017268 | K221: =IF(E221="","",E221/(E221+H221)) -> 0.46182357 | L221: =IF(OR(K221="",J221=""),"",(J221-K221)*100) -> 0.83491114
A222: Northampton | B222: BETHLEHEM | C222: BETHLEHEM 14TH WARD 1ST DISTRICT | D222: 710 | E222: 775 | F222: =IF(E222="","",D222-E222) -> -65 | G222: 424 | H222: 447 | I222: =IF(H222="","",G222-H222) -> -23 | J222: =IF(OR(D222="",D222+G222=0),"",D222/(D222+G222)) -> 0.62610229 | K222: =IF(E222="","",E222/(E222+H222)) -> 0.63420622 | L222: =IF(OR(K222="",J222=""),"",(J222-K222)*100) -> -0.81039265
A223: Northampton | B223: BETHLEHEM | C223: BETHLEHEM 14TH WARD 2ND DISTRICT | D223: 988 | E223: 982 | F223: =IF(E223="","",D223-E223) -> 6 | G223: 631 | H223: 684 | I223: =IF(H223="","",G223-H223) -> -53 | J223: =IF(OR(D223="",D223+G223=0),"",D223/(D223+G223)) -> 0.61025324 | K223: =IF(E223="","",E223/(E223+H223)) -> 0.58943577 | L223: =IF(OR(K223="",J223=""),"",(J223-K223)*100) -> 2.0817468
A224: Northampton | B224: BETHLEHEM | C224: BETHLEHEM 14TH WARD 3RD DISTRICT | D224: 785 | E224: 750 | F224: =IF(E224="","",D224-E224) -> 35 | G224: 391 | H224: 421 | I224: =IF(H224="","",G224-H224) -> -30 | J224: =IF(OR(D224="",D224+G224=0),"",D224/(D224+G224)) -> 0.66751701 | K224: =IF(E224="","",E224/(E224+H224)) -> 0.64047822 | L224: =IF(OR(K224="",J224=""),"",(J224-K224)*100) -> 2.7038783
A225: Northampton | B225: BETHLEHEM | C225: BETHLEHEM 14TH WARD 4TH DISTRICT | D225: 611 | E225: 592 | F225: =IF(E225="","",D225-E225) -> 19 | G225: 339 | H225: 337 | I225: =IF(H225="","",G225-H225) -> 2 | J225: =IF(OR(D225="",D225+G225=0),"",D225/(D225+G225)) -> 0.64315789 | K225: =IF(E225="","",E225/(E225+H225)) -> 0.63724435 | L225: =IF(OR(K225="",J225=""),"",(J225-K225)*100) -> 0.5913546
A226: Northampton | B226: BETHLEHEM | C226: BETHLEHEM 14TH WARD 5TH DISTRICT | D226: 804 | E226: 740 | F226: =IF(E226="","",D226-E226) -> 64 | G226: 505 | H226: 506 | I226: =IF(H226="","",G226-H226) -> -1 | J226: =IF(OR(D226="",D226+G226=0),"",D226/(D226+G226)) -> 0.61420932 | K226: =IF(E226="","",E226/(E226+H226)) -> 0.59390048 | L226: =IF(OR(K226="",J226=""),"",(J226-K226)*100) -> 2.0308839
A227: Northampton | B227: BETHLEHEM | C227: BETHLEHEM 14TH WARD 6TH DISTRICT | D227: 1099 | E227: 1037 | F227: =IF(E227="","",D227-E227) -> 62 | G227: 603 | H227: 623 | I227: =IF(H227="","",G227-H227) -> -20 | J227: =IF(OR(D227="",D227+G227=0),"",D227/(D227+G227)) -> 0.64571093 | K227: =IF(E227="","",E227/(E227+H227)) -> 0.6246988 | L227: =IF(OR(K227="",J227=""),"",(J227-K227)*100) -> 2.1012133
A228: Northampton | B228: BETHLEHEM | C228: BETHLEHEM 14TH WARD 7TH DISTRICT | D228: 701 | E228: 681 | F228: =IF(E228="","",D228-E228) -> 20 | G228: 491 | H228: 513 | I228: =IF(H228="","",G228-H228) -> -22 | J228: =IF(OR(D228="",D228+G228=0),"",D228/(D228+G228)) -> 0.58808725 | K228: =IF(E228="","",E228/(E228+H228)) -> 0.57035176 | L228: =IF(OR(K228="",J228=""),"",(J228-K228)*100) -> 1.773549
A229: Northampton | B229: BETHLEHEM | C229: BETHLEHEM 14TH WARD 8TH DISTRICT | D229: 558 | E229: 529 | F229: =IF(E229="","",D229-E229) -> 29 | G229: 311 | H229: 293 | I229: =IF(H229="","",G229-H229) -> 18 | J229: =IF(OR(D229="",D229+G229=0),"",D229/(D229+G229)) -> 0.64211738 | K229: =IF(E229="","",E229/(E229+H229)) -> 0.64355231 | L229: =IF(OR(K229="",J229=""),"",(J229-K229)*100) -> -0.14349351
A230: Northampton | B230: BETHLEHEM | C230: BETHLEHEM 15TH WARD 1ST DISTRICT | D230: 697 | E230: 767 | F230: =IF(E230="","",D230-E230) -> -70 | G230: 314 | H230: 384 | I230: =IF(H230="","",G230-H230) -> -70 | J230: =IF(OR(D230="",D230+G230=0),"",D230/(D230+G230)) -> 0.68941642 | K230: =IF(E230="","",E230/(E230+H230)) -> 0.66637706 | L230: =IF(OR(K230="",J230=""),"",(J230-K230)*100) -> 2.3039356
A231: Northampton | B231: BETHLEHEM | C231: BETHLEHEM 15TH WARD 2ND DISTRICT | D231: 930 | E231: 906 | F231: =IF(E231="","",D231-E231) -> 24 | G231: 531 | H231: 586 | I231: =IF(H231="","",G231-H231) -> -55 | J231: =IF(OR(D231="",D231+G231=0),"",D231/(D231+G231)) -> 0.63655031 | K231: =IF(E231="","",E231/(E231+H231)) -> 0.60723861 | L231: =IF(OR(K231="",J231=""),"",(J231-K231)*100) -> 2.9311702
A232: Northampton | B232: BETHLEHEM | C232: BETHLEHEM 15TH WARD 3RD DISTRICT | D232: 906 | E232: 954 | F232: =IF(E232="","",D232-E232) -> -48 | G232: 366 | H232: 416 | I232: =IF(H232="","",G232-H232) -> -50 | J232: =IF(OR(D232="",D232+G232=0),"",D232/(D232+G232)) -> 0.71226415 | K232: =IF(E232="","",E232/(E232+H232)) -> 0.69635036 | L232: =IF(OR(K232="",J232=""),"",(J232-K232)*100) -> 1.5913786
... A244: Northampton | B244: BETHLEHEM | C244: BETHLEHEM 9TH WARD EAST | D244: 758 | E244: 711 | F244: =IF(E244="","",D244-E244) -> 47 | G244: 291 | H244: 341 | I244: =IF(H244="","",G244-H244) -> -50 | J244: =IF(OR(D244="",D244+G244=0),"",D244/(D244+G244)) -> 0.72259295 | K244: =IF(E244="","",E244/(E244+H244)) -> 0.67585551 | L244: =IF(OR(K244="",J244=""),"",(J244-K244)*100) -> 4.6737432
A245: Northampton | B245: BETHLEHEM | C245: BETHLEHEM 9TH WARD WEST | D245: 651 | F245: =IF(E245="","",D245-E245) | G245: 317 | I245: =IF(H245="","",G245-H245) | J245: =IF(OR(D245="",D245+G245=0),"",D245/(D245+G245)) -> 0.67252066 | K245: =IF(E245="","",E245/(E245+H245)) | L245: =IF(OR(K245="",J245=""),"",(J245-K245)*100) | M245: No comparable 2024 result
A246: Northampton | B246: BETHLEHEM TOWNSHIP | C246: BETHLEHEM TWSP 1ST WARD 1ST DISTRICT | D246: 476 | E246: 466 | F246: =IF(E246="","",D246-E246) -> 10 | G246: 404 | H246: 405 | I246: =IF(H246="","",G246-H246) -> -1 | J246: =IF(OR(D246="",D246+G246=0),"",D246/(D246+G246)) -> 0.54090909 | K246: =IF(E246="","",E246/(E246+H246)) -> 0.53501722 | L246: =IF(OR(K246="",J246=""),"",(J246-K246)*100) -> 0.58918693
A247: Northampton | B247: BETHLEHEM TOWNSHIP | C247: BETHLEHEM TWSP 1ST WARD 2ND DISTRICT | D247: 586 | E247: 552 | F247: =IF(E247="","",D247-E247) -> 34 | G247: 498 | H247: 506 | I247: =IF(H247="","",G247-H247) -> -8 | J247: =IF(OR(D247="",D247+G247=0),"",D247/(D247+G247)) -> 0.54059041 | K247: =IF(E247="","",E247/(E247+H247)) -> 0.52173913 | L247: =IF(OR(K247="",J247=""),"",(J247-K247)*100) -> 1.8851275
A248: Northampton | B248: BETHLEHEM TOWNSHIP | C248: BETHLEHEM TWSP 1ST WARD 3RD DISTRICT | D248: 566 | E248: 722 | F248: =IF(E248="","",D248-E248) -> -156 | G248: 449 | H248: 596 | I248: =IF(H248="","",G248-H248) -> -147 | J248: =IF(OR(D248="",D248+G248=0),"",D248/(D248+G248)) -> 0.55763547 | K248: =IF(E248="","",E248/(E248+H248)) -> 0.5477997 | L248: =IF(OR(K248="",J248=""),"",(J248-K248)*100) -> 0.98357715
A249: Northampton | B249: BETHLEHEM TOWNSHIP | C249: BETHLEHEM TWSP 1ST WARD 4TH DISTRICT | D249: 314 | E249: 339 | F249: =IF(E249="","",D249-E249) -> -25 | G249: 305 | H249: 338 | I249: =IF(H249="","",G249-H249) -> -33 | J249: =IF(OR(D249="",D249+G249=0),"",D249/(D249+G249)) -> 0.50726979 | K249: =IF(E249="","",E249/(E249+H249)) -> 0.50073855 | L249: =IF(OR(K249="",J249=""),"",(J249-K249)*100) -> 0.65312375
A250: Northampton | B250: BETHLEHEM TOWNSHIP | C250: BETHLEHEM TWSP 2ND WARD 1ST DISTRICT | D250: 580 | E250: 579 | F250: =IF(E250="","",D250-E250) -> 1 | G250: 463 | H250: 482 | I250: =IF(H250="","",G250-H250) -> -19 | J250: =IF(OR(D250="",D250+G250=0),"",D250/(D250+G250)) -> 0.55608821 | K250: =IF(E250="","",E250/(E250+H250)) -> 0.54571159 | L250: =IF(OR(K250="",J250=""),"",(J250-K250)*100) -> 1.0376614
A251: Northampton | B251: BETHLEHEM TOWNSHIP | C251: BETHLEHEM TWSP 2ND WARD 2ND DISTRICT | D251: 558 | E251: 562 | F251: =IF(E251="","",D251-E251) -> -4 | G251: 490 | H251: 525 | I251: =IF(H251="","",G251-H251) -> -35 | J251: =IF(OR(D251="",D251+G251=0),"",D251/(D251+G251)) -> 0.53244275 | K251: =IF(E251="","",E251/(E251+H251)) -> 0.51701932 | L251: =IF(OR(K251="",J251=""),"",(J251-K251)*100) -> 1.5423429
A252: Northampton | B252: BETHLEHEM TOWNSHIP | C252: BETHLEHEM TWSP 2ND WARD 3RD DISTRICT | D252: 351 | E252: 337 | F252: =IF(E252="","",D252-E252) -> 14 | G252: 280 | H252: 296 | I252: =IF(H252="","",G252-H252) -> -16 | J252: =IF(OR(D252="",D252+G252=0),"",D252/(D252+G252)) -> 0.5562599 | K252: =IF(E252="","",E252/(E252+H252)) -> 0.53238547 | L252: =IF(OR(K252="",J252=""),"",(J252-K252)*100) -> 2.3874439
A253: Northampton | B253: BETHLEHEM TOWNSHIP | C253: BETHLEHEM TWSP 2ND WARD 4TH DISTRICT | D253: 457 | E253: 517 | F253: =IF(E253="","",D253-E253) -> -60 | G253: 323 | H253: 388 | I253: =IF(H253="","",G253-H253) -> -65 | J253: =IF(OR(D253="",D253+G253=0),"",D253/(D253+G253)) -> 0.58589744 | K253: =IF(E253="","",E253/(E253+H253)) -> 0.57127072 | L253: =IF(OR(K253="",J253=""),"",(J253-K253)*100) -> 1.4626718
A254: Northampton | B254: BETHLEHEM TOWNSHIP | C254: BETHLEHEM TWSP 3RD WARD 1ST DISTRICT | D254: 324 | E254: 329 | F254: =IF(E254="","",D254-E254) -> -5 | G254: 220 | H254: 217 | I254: =IF(H254="","",G254-H254) -> 3 | J254: =IF(OR(D254="",D254+G254=0),"",D254/(D254+G254)) -> 0.59558824 | K254: =IF(E254="","",E254/(E254+H254)) -> 0.6025641 | L254: =IF(OR(K254="",J254=""),"",(J254-K254)*100) -> -0.69758673
A255: Northampton | B255: BETHLEHEM TOWNSHIP | C255: BETHLEHEM TWSP 3RD WARD 2ND DISTRICT | D255: 359 | E255: 352 | F255: =IF(E255="","",D255-E255) -> 7 | G255: 338 | H255: 326 | I255: =IF(H255="","",G255-H255) -> 12 | J255: =IF(OR(D255="",D255+G255=0),"",D255/(D255+G255)) -> 0.51506456 | K255: =IF(E255="","",E255/(E255+H255)) -> 0.51917404 | L255: =IF(OR(K255="",J255=""),"",(J255-K255)*100) -> -0.41094789
A256: Northampton | B256: BETHLEHEM TOWNSHIP | C256: BETHLEHEM TWSP 3RD WARD 3RD DISTRICT | D256: 453 | E256: 420 | F256: =IF(E256="","",D256-E256) -> 33 | G256: 373 | H256: 378 | I256: =IF(H256="","",G256-H256) -> -5 | J256: =IF(OR(D256="",D256+G256=0),"",D256/(D256+G256)) -> 0.54842615 | K256: =IF(E256="","",E256/(E256+H256)) -> 0.52631579 | L256: =IF(OR(K256="",J256=""),"",(J256-K256)*100) -> 2.2110361
A257: Northampton | B257: BETHLEHEM TOWNSHIP | C257: BETHLEHEM TWSP 3RD WARD 4TH DISTRICT | D257: 455 | E257: 522 | F257: =IF(E257="","",D257-E257) -> -67 | G257: 331 | H257: 400 | I257: =IF(H257="","",G257-H257) -> -69 | J257: =IF(OR(D257="",D257+G257=0),"",D257/(D257+G257)) -> 0.57888041 | K257: =IF(E257="","",E257/(E257+H257)) -> 0.56616052 | L257: =IF(OR(K257="",J257=""),"",(J257-K257)*100) -> 1.2719887
... A269: Northampton | B269: EAST BANGOR | C269: EAST BANGOR | D269: 199 | E269: 217 | F269: =IF(E269="","",D269-E269) -> -18 | G269: 299 | H269: 309 | I269: =IF(H269="","",G269-H269) -> -10 | J269: =IF(OR(D269="",D269+G269=0),"",D269/(D269+G269)) -> 0.39959839 | K269: =IF(E269="","",E269/(E269+H269)) -> 0.41254753 | L269: =IF(OR(K269="",J269=""),"",(J269-K269)*100) -> -1.2949135
A270: Northampton | B270: EASTON | C270: EASTON 10TH WARD | D270: 741 | F270: =IF(E270="","",D270-E270) | G270: 356 | I270: =IF(H270="","",G270-H270) | J270: =IF(OR(D270="",D270+G270=0),"",D270/(D270+G270)) -> 0.67547858 | K270: =IF(E270="","",E270/(E270+H270)) | L270: =IF(OR(K270="",J270=""),"",(J270-K270)*100) | M270: No comparable 2024 result
A271: Northampton | B271: EASTON | C271: EASTON 11TH WARD | D271: 505 | F271: =IF(E271="","",D271-E271) | G271: 195 | I271: =IF(H271="","",G271-H271) | J271: =IF(OR(D271="",D271+G271=0),"",D271/(D271+G271)) -> 0.72142857 | K271: =IF(E271="","",E271/(E271+H271)) | L271: =IF(OR(K271="",J271=""),"",(J271-K271)*100) | M271: No comparable 2024 result
A272: Northampton | B272: EASTON | C272: EASTON 2ND WARD | D272: 469 | E272: 492 | F272: =IF(E272="","",D272-E272) -> -23 | G272: 147 | H272: 197 | I272: =IF(H272="","",G272-H272) -> -50 | J272: =IF(OR(D272="",D272+G272=0),"",D272/(D272+G272)) -> 0.76136364 | K272: =IF(E272="","",E272/(E272+H272)) -> 0.71407837 | L272: =IF(OR(K272="",J272=""),"",(J272-K272)*100) -> 4.7285262
A273: Northampton | B273: EASTON | C273: EASTON 3RD WARD 2ND DISTRICT | D273: 766 | E273: 743 | F273: =IF(E273="","",D273-E273) -> 23 | G273: 264 | H273: 265 | I273: =IF(H273="","",G273-H273) -> -1 | J273: =IF(OR(D273="",D273+G273=0),"",D273/(D273+G273)) -> 0.74368932 | K273: =IF(E273="","",E273/(E273+H273)) -> 0.73710317 | L273: =IF(OR(K273="",J273=""),"",(J273-K273)*100) -> 0.65861458
A274: Northampton | B274: EASTON | C274: EASTON 3RD WARD 3RD DISTRICT | D274: 460 | E274: 1109 | F274: =IF(E274="","",D274-E274) -> -649 | G274: 99 | H274: 290 | I274: =IF(H274="","",G274-H274) -> -191 | J274: =IF(OR(D274="",D274+G274=0),"",D274/(D274+G274)) -> 0.82289803 | K274: =IF(E274="","",E274/(E274+H274)) -> 0.79270908 | L274: =IF(OR(K274="",J274=""),"",(J274-K274)*100) -> 3.0188954
A275: Northampton | B275: EASTON | C275: EASTON 3RD WARD 4TH DISTRICT | D275: 601 | E275: 566 | F275: =IF(E275="","",D275-E275) -> 35 | G275: 217 | H275: 257 | I275: =IF(H275="","",G275-H275) -> -40 | J275: =IF(OR(D275="",D275+G275=0),"",D275/(D275+G275)) -> 0.73471883 | K275: =IF(E275="","",E275/(E275+H275)) -> 0.68772783 | L275: =IF(OR(K275="",J275=""),"",(J275-K275)*100) -> 4.6991001
A276: Northampton | B276: EASTON | C276: EASTON 4TH WARD | D276: 566 | E276: 517 | F276: =IF(E276="","",D276-E276) -> 49 | G276: 243 | H276: 265 | I276: =IF(H276="","",G276-H276) -> -22 | J276: =IF(OR(D276="",D276+G276=0),"",D276/(D276+G276)) -> 0.69962917 | K276: =IF(E276="","",E276/(E276+H276)) -> 0.66112532 | L276: =IF(OR(K276="",J276=""),"",(J276-K276)*100) -> 3.8503852
A277: Northampton | B277: EASTON | C277: EASTON 5TH WARD | D277: 239 | E277: 233 | F277: =IF(E277="","",D277-E277) -> 6 | G277: 89 | H277: 84 | I277: =IF(H277="","",G277-H277) -> 5 | J277: =IF(OR(D277="",D277+G277=0),"",D277/(D277+G277)) -> 0.72865854 | K277: =IF(E277="","",E277/(E277+H277)) -> 0.73501577 | L277: =IF(OR(K277="",J277=""),"",(J277-K277)*100) -> -0.63572363
A278: Northampton | B278: EASTON | C278: EASTON 6TH WARD | D278: 399 | E278: 391 | F278: =IF(E278="","",D278-E278) -> 8 | G278: 119 | H278: 126 | I278: =IF(H278="","",G278-H278) -> -7 | J278: =IF(OR(D278="",D278+G278=0),"",D278/(D278+G278)) -> 0.77027027 | K278: =IF(E278="","",E278/(E278+H278)) -> 0.75628627 | L278: =IF(OR(K278="",J278=""),"",(J278-K278)*100) -> 1.3984003
A279: Northampton | B279: EASTON | C279: EASTON 7TH WARD | D279: 433 | E279: 381 | F279: =IF(E279="","",D279-E279) -> 52 | G279: 139 | H279: 184 | I279: =IF(H279="","",G279-H279) -> -45 | J279: =IF(OR(D279="",D279+G279=0),"",D279/(D279+G279)) -> 0.75699301 | K279: =IF(E279="","",E279/(E279+H279)) -> 0.67433628 | L279: =IF(OR(K279="",J279=""),"",(J279-K279)*100) -> 8.2656724
A280: Northampton | B280: EASTON | C280: EASTON 8TH WARD | D280: 788 | F280: =IF(E280="","",D280-E280) | G280: 389 | I280: =IF(H280="","",G280-H280) | J280: =IF(OR(D280="",D280+G280=0),"",D280/(D280+G280)) -> 0.66949873 | K280: =IF(E280="","",E280/(E280+H280)) | L280: =IF(OR(K280="",J280=""),"",(J280-K280)*100) | M280: No comparable 2024 result
A281: Northampton | B281: EASTON | C281: EASTON 9TH WARD | D281: 984 | E281: 912 | F281: =IF(E281="","",D281-E281) -> 72 | G281: 394 | H281: 445 | I281: =IF(H281="","",G281-H281) -> -51 | J281: =IF(OR(D281="",D281+G281=0),"",D281/(D281+G281)) -> 0.71407837 | K281: =IF(E281="","",E281/(E281+H281)) -> 0.67207074 | L281: =IF(OR(K281="",J281=""),"",(J281-K281)*100) -> 4.200763
A282: Northampton | B282: FORKS | C282: FORKS TWSP EAST | D282: 1376 | F282: =IF(E282="","",D282-E282) | G282: 1261 | I282: =IF(H282="","",G282-H282) | J282: =IF(OR(D282="",D282+G282=0),"",D282/(D282+G282)) -> 0.52180508 | K282: =IF(E282="","",E282/(E282+H282)) | L282: =IF(OR(K282="",J282=""),"",(J282-K282)*100) | M282: No comparable 2024 result
A283: Northampton | B283: FORKS | C283: FORKS TWSP NORTH | D283: 660 | F283: =IF(E283="","",D283-E283) | G283: 592 | I283: =IF(H283="","",G283-H283) | J283: =IF(OR(D283="",D283+G283=0),"",D283/(D283+G283)) -> 0.52715655 | K283: =IF(E283="","",E283/(E283+H283)) | L283: =IF(OR(K283="",J283=""),"",(J283-K283)*100) | M283: No comparable 2024 result
A284: Northampton | B284: FORKS | C284: FORKS TWSP NORTHWEST | D284: 794 | F284: =IF(E284="","",D284-E284) | G284: 679 | I284: =IF(H284="","",G284-H284) | J284: =IF(OR(D284="",D284+G284=0),"",D284/(D284+G284)) -> 0.53903598 | K284: =IF(E284="","",E284/(E284+H284)) | L284: =IF(OR(K284="",J284=""),"",(J284-K284)*100) | M284: No comparable 2024 result
A285: Northampton | B285: FORKS | C285: FORKS TWSP SOUTH | D285: 752 | F285: =IF(E285="","",D285-E285) | G285: 636 | I285: =IF(H285="","",G285-H285) | J285: =IF(OR(D285="",D285+G285=0),"",D285/(D285+G285)) -> 0.54178674 | K285: =IF(E285="","",E285/(E285+H285)) | L285: =IF(OR(K285="",J285=""),"",(J285-K285)*100) | M285: No comparable 2024 result
A286: Northampton | B286: FORKS | C286: FORKS TWSP SOUTHEAST | D286: 995 | E286: 975 | F286: =IF(E286="","",D286-E286) -> 20 | G286: 841 | H286: 935 | I286: =IF(H286="","",G286-H286) -> -94 | J286: =IF(OR(D286="",D286+G286=0),"",D286/(D286+G286)) -> 0.541939 | K286: =IF(E286="","",E286/(E286+H286)) -> 0.5104712 | L286: =IF(OR(K286="",J286=""),"",(J286-K286)*100) -> 3.1467794
A287: Northampton | B287: FORKS | C287: FORKS TWSP SOUTHWEST | D287: 807 | F287: =IF(E287="","",D287-E287) | G287: 715 | I287: =IF(H287="","",G287-H287) | J287: =IF(OR(D287="",D287+G287=0),"",D287/(D287+G287)) -> 0.53022339 | K287: =IF(E287="","",E287/(E287+H287)) | L287: =IF(OR(K287="",J287=""),"",(J287-K287)*100) | M287: No comparable 2024 result
A288: Northampton | B288: FORKS | C288: FORKS TWSP WEST | D288: 675 | F288: =IF(E288="","",D288-E288) | G288: 689 | I288: =IF(H288="","",G288-H288) | J288: =IF(OR(D288="",D288+G288=0),"",D288/(D288+G288)) -> 0.49486804 | K288: =IF(E288="","",E288/(E288+H288)) | L288: =IF(OR(K288="",J288=""),"",(J288-K288)*100) | M288: No comparable 2024 result
A289: Northampton | B289: FREEMANSBURG | C289: FREEMANSBURG | D289: 759 | E289: 714 | F289: =IF(E289="","",D289-E289) -> 45 | G289: 469 | H289: 484 | I289: =IF(H289="","",G289-H289) -> -15 | J289: =IF(OR(D289="",D289+G289=0),"",D289/(D289+G289)) -> 0.61807818 | K289: =IF(E289="","",E289/(E289+H289)) -> 0.59599332 | L289: =IF(OR(K289="",J289=""),"",(J289-K289)*100) -> 2.2084854
A290: Northampton | B290: GLENDON | C290: GLENDON | D290: 102 | E290: 109 | F290: =IF(E290="","",D290-E290) -> -7 | G290: 99 | H290: 97 | I290: =IF(H290="","",G290-H290) -> 2 | J290: =IF(OR(D290="",D290+G290=0),"",D290/(D290+G290)) -> 0.50746269 | K290: =IF(E290="","",E290/(E290+H290)) -> 0.52912621 | L290: =IF(OR(K290="",J290=""),"",(J290-K290)*100) -> -2.1663527
A291: Northampton | B291: HANOVER | C291: HANOVER #1 | D291: 951 | E291: 955 | F291: =IF(E291="","",D291-E291) -> -4 | G291: 692 | H291: 692 | I291: =IF(H291="","",G291-H291) -> 0 | J291: =IF(OR(D291="",D291+G291=0),"",D291/(D291+G291)) -> 0.57881923 | K291: =IF(E291="","",E291/(E291+H291)) -> 0.57984214 | L291: =IF(OR(K291="",J291=""),"",(J291-K291)*100) -> -0.10229041
A292: Northampton | B292: HANOVER | C292: HANOVER #2 | D292: 923 | E292: 910 | F292: =IF(E292="","",D292-E292) -> 13 | G292: 749 | H292: 742 | I292: =IF(H292="","",G292-H292) -> 7 | J292: =IF(OR(D292="",D292+G292=0),"",D292/(D292+G292)) -> 0.55203349 | K292: =IF(E292="","",E292/(E292+H292)) -> 0.55084746 | L292: =IF(OR(K292="",J292=""),"",(J292-K292)*100) -> 0.11860352
A293: Northampton | B293: HANOVER | C293: HANOVER #3 | D293: 450 | E293: 446 | F293: =IF(E293="","",D293-E293) -> 4 | G293: 397 | H293: 410 | I293: =IF(H293="","",G293-H293) -> -13 | J293: =IF(OR(D293="",D293+G293=0),"",D293/(D293+G293)) -> 0.53128689 | K293: =IF(E293="","",E293/(E293+H293)) -> 0.52102804 | L293: =IF(OR(K293="",J293=""),"",(J293-K293)*100) -> 1.0258858
A294: Northampton | B294: HANOVER | C294: HANOVER #4 | D294: 765 | E294: 744 | F294: =IF(E294="","",D294-E294) -> 21 | G294: 668 | H294: 678 | I294: =IF(H294="","",G294-H294) -> -10 | J294: =IF(OR(D294="",D294+G294=0),"",D294/(D294+G294)) -> 0.53384508 | K294: =IF(E294="","",E294/(E294+H294)) -> 0.52320675 | L294: =IF(OR(K294="",J294=""),"",(J294-K294)*100) -> 1.0638329
A295: Northampton | B295: HANOVER | C295: HANOVER #5 | D295: 768 | E295: 775 | F295: =IF(E295="","",D295-E295) -> -7 | G295: 591 | H295: 645 | I295: =IF(H295="","",G295-H295) -> -54 | J295: =IF(OR(D295="",D295+G295=0),"",D295/(D295+G295)) -> 0.56512141 | K295: =IF(E295="","",E295/(E295+H295)) -> 0.54577465 | L295: =IF(OR(K295="",J295=""),"",(J295-K295)*100) -> 1.9346765
A296: Northampton | B296: HANOVER | C296: HANOVER #6 | D296: 528 | E296: 511 | F296: =IF(E296="","",D296-E296) -> 17 | G296: 451 | H296: 453 | I296: =IF(H296="","",G296-H296) -> -2 | J296: =IF(OR(D296="",D296+G296=0),"",D296/(D296+G296)) -> 0.53932584 | K296: =IF(E296="","",E296/(E296+H296)) -> 0.53008299 | L296: =IF(OR(K296="",J296=""),"",(J296-K296)*100) -> 0.92428551
A297: Northampton | B297: HELLERTOWN | C297: HELLERTOWN BORO 1ST WARD | D297: 570 | E297: 553 | F297: =IF(E297="","",D297-E297) -> 17 | G297: 554 | H297: 581 | I297: =IF(H297="","",G297-H297) -> -27 | J297: =IF(OR(D297="",D297+G297=0),"",D297/(D297+G297)) -> 0.50711744 | K297: =IF(E297="","",E297/(E297+H297)) -> 0.48765432 | L297: =IF(OR(K297="",J297=""),"",(J297-K297)*100) -> 1.9463117
A298: Northampton | B298: HELLERTOWN | C298: HELLERTOWN BORO 2ND WARD | D298: 464 | E298: 473 | F298: =IF(E298="","",D298-E298) -> -9 | G298: 401 | H298: 465 | I298: =IF(H298="","",G298-H298) -> -64 | J298: =IF(OR(D298="",D298+G298=0),"",D298/(D298+G298)) -> 0.53641618 | K298: =IF(E298="","",E298/(E298+H298)) -> 0.50426439 | L298: =IF(OR(K298="",J298=""),"",(J298-K298)*100) -> 3.2151793
A299: Northampton | B299: HELLERTOWN | C299: HELLERTOWN BORO 3RD WARD | D299: 697 | E299: 700 | F299: =IF(E299="","",D299-E299) -> -3 | G299: 568 | H299: 639 | I299: =IF(H299="","",G299-H299) -> -71 | J299: =IF(OR(D299="",D299+G299=0),"",D299/(D299+G299)) -> 0.55098814 | K299: =IF(E299="","",E299/(E299+H299)) -> 0.52277819 | L299: =IF(OR(K299="",J299=""),"",(J299-K299)*100) -> 2.820995
A300: Northampton | B300: LEHIGH | C300: LEHIGH TWSP - CENTRAL | D300: 559 | E300: 546 | F300: =IF(E300="","",D300-E300) -> 13 | G300: 1020 | H300: 1089 | I300: =IF(H300="","",G300-H300) -> -69 | J300: =IF(OR(D300="",D300+G300=0),"",D300/(D300+G300)) -> 0.35402153 | K300: =IF(E300="","",E300/(E300+H300)) -> 0.33394495 | L300: =IF(OR(K300="",J300=""),"",(J300-K300)*100) -> 2.0076578
... A306: Northampton | B306: LOWER MOUNT BETHEL | C306: LOWER MT BETHEL - UPPER | D306: 373 | E306: 361 | F306: =IF(E306="","",D306-E306) -> 12 | G306: 700 | H306: 775 | I306: =IF(H306="","",G306-H306) -> -75 | J306: =IF(OR(D306="",D306+G306=0),"",D306/(D306+G306)) -> 0.34762349 | K306: =IF(E306="","",E306/(E306+H306)) -> 0.31778169 | L306: =IF(OR(K306="",J306=""),"",(J306-K306)*100) -> 2.9841795
A307: Northampton | B307: LOWER NAZARETH | C307: LOWER NAZARETH EAST | D307: 257 | F307: =IF(E307="","",D307-E307) | G307: 334 | I307: =IF(H307="","",G307-H307) | J307: =IF(OR(D307="",D307+G307=0),"",D307/(D307+G307)) -> 0.43485618 | K307: =IF(E307="","",E307/(E307+H307)) | L307: =IF(OR(K307="",J307=""),"",(J307-K307)*100) | M307: No comparable 2024 result
...

Sheet Method & Caveats
A1: Data
A2: Source: PA07_Precinct_Data.xlsx (Results Consolidated, Precinct Consolidated, Precinct Summary). No ACS/household data. The baseline forecast file supplied was used for layout only; none of its numbers are used.
A3: Training: 2020, 2022 and 2024 general elections (2018 provides history only). Rows where the House race was not PA-07 (Carbon and Polk in 2018/2020) are not used as targets.
A4: Precinct results are used only where the certified House votes line up with the number of people in today’s precinct who voted that year (within 0.6–1.6× of the district norm); about 4–5% of precinct-years fail and are excluded (re-drawn or re-paired codes). For precincts without a comparable 2022 result, 2022 votes cast are the municipality’s 2022 House votes divided among its precincts by how many people in each voted in 2022.
A5: State registration (Precinct Summary) was linked to voter-file precinct codes through identical certified D and R vote counts; 368 of 370 precincts link.
A7: Forecasting
A8: Each forecast = one random forest on results only (500 trees, settings tuned by leave-one-election-out cross-validation): each place’s Democratic share above/below the district average. Turnout is not modeled — votes cast = the place’s 2022 House votes. Brooks votes = 2022 votes × (forecast pattern + one uniform shift to the scenario district share).
A9: SHAP: exact path-dependent TreeSHAP (Lundberg, Erion & Lee 2018) over every tree — the algorithm behind shap.TreeExplainer. The shap package is blocked in this environment, so it was implemented in C; it matches brute-force Shapley values to ~1e-15, and base + ΣSHAP equals every forest prediction.
A11: Error terms
A12: Row error term (± pts) = root-mean-square miss of that forecast’s 2024 backtest for rows of similar size (thirds by votes cast), after removing the district-wide miss. Votes-cast error term = how far 2024 votes cast in places of similar size were from their 2020 votes (the analogue of assuming 2026 = 2022). Brooks-votes error term combines the two. Low/high columns are ±1 error term (roughly a 68% range if errors are normal).
A13: District error term = the size of the district-wide miss in the backtest when the district share was set by the default rule (last same-type election). That miss was about 2 points in 2024. It is the main source of uncertainty and is driven by the national environment and candidates, which none of the forests model.
A15: Caveats
... A18: • Toss-up calls (where A, B and C disagree, or a row’s low–high range spans 50%) should be read as ranges, not calls.
