Workbook

Sheet Scenario & Comparison
A1: PA-07 2026 House Forecast — Precinct Level: three results-only random-forest forecasts (fixed baseline)
A2: Candidates: Brooks | Mackenzie | The two yellow cells set the district-wide Brooks share and votes cast; all three forecasts update.
A3: A, B and C weight the same random-forest inputs differently using SHAP (see How Forecasts Are Weighted). Each is backtested on 2024, 2022 and 2020 with its own weights; those misses are the error terms.
A5: SCENARIO INPUTS (defaults are built from the tables below; type over them to run another scenario)
A6: District-wide Brooks share of the two-party vote (input) | C6: =C21 -> 0.49330923 | D6: ← default: feeder-rule baseline (row 21) — 67% 2022 + 33% 2024, adjusted for the registration shift
A7: Turnout multiplier (input; 1.00 = each place keeps its 2022 turnout rate) | C7: 1 | D7: ← votes cast = 2022 turnout rate × 2026 registered voters × this multiplier (row 27)
A9: HOW THE DEFAULTS ARE BUILT (today’s map applied to every year — all municipalities and precincts, as if the district had always included them)
A10: Election | C10: Democratic share | D10: Democratic votes | E10: Republican votes | F10: Registered (state rolls) | G10: Dem share of two-party registration
A11: 2018 General | C11: =D11/(D11+E11) -> 0.53271241 | D11: 138964.36 | E11: 121897.52 | F11: 487006 | G11: 0.56754738
A12: 2020 General | C12: =D12/(D12+E12) -> 0.49604501 | D12: 191745.71 | E12: 194803.3 | F12: 524392 | G12: 0.5561199
A13: 2022 General | C13: =D13/(D13+E13) -> 0.50878429 | D13: 150244 | E13: 145056 | F13: 517457 | G13: 0.54638851
A14: 2024 General | C14: =D14/(D14+E14) -> 0.4940398 | D14: 197775 | E14: 202547 | F14: 542756 | G14: 0.52629318
A15: 2026 Primary rolls | F15: 536459 | G15: 0.5205639
A16: Source: certified precinct House returns and Department of State registration (PA07_Precinct_Data.xlsx). 2018/2020 count Carbon (then PA-09) and Polk (then PA-08) as district results and include an estimate for Ross One, so every year covers the same territory as 2026.
A18: Feeder-weighted Democratic share: 67% × 2022 + 33% × 2024 | C18: =0.67*C13+0.33*C14 -> 0.50391861
A19: Change in Dem share of two-party registration since the feeder elections (pts) | C19: =(G15-(0.67*G13+0.33*G14))*100 -> -1.9193149
A20: Registration-to-vote link (k), measured on precinct changes 2018→2020, 2020→2022, 2022→2024 | C20: 0.55276914 | D20: Within-district slope: precincts whose registration moved 1 pt toward a party moved about this many pts in vote share (national swing removed).
A21: Feeder-rule baseline for 2026 = row 18 + k × row 19 | C21: =C18+C20*C19/100 -> 0.49330923
A22: For comparison — pure feeder share with no registration adjustment (row 18) | C22: =C18 -> 0.50391861
A23: 2022 turnout in today’s district (House votes ÷ registered voters) | C23: 0.57163979
A24: 2026 registered voters (state rolls, summed over precincts) | C24: 538613.35
A25: District check: 2022 turnout × 2026 registered | C25: =C23*C24 -> 307892.82
A26: Rule applied precinct by precinct (each place’s own 2022 turnout × its 2026 registered) and summed | C26: 307102.91 | D26: Each place uses its own 2022 turnout rate, so the summed total differs slightly from the district-level check. Registration: Department of State rolls (2026 primary).
A27: Votes cast used in the forecasts (row 26 × turnout multiplier) | C27: =C26*C7 -> 307102.91
A29: DISTRICT TOTALS BY FORECAST, WITH ERROR TERMS (live from each forecast tab)
A30: Forecast | B30: Weighting | C30: Brooks votes | D30: Mackenzie votes | E30: Total votes | F30: Brooks share | G30: Error term, share (± pts) | H30: Brooks share, 95% range | I30: Error term, votes cast (±) | J30: Error term, Brooks votes (±)
A31: Forecast A | B31: Full random forest | C31: ='2026 Forecast A'!D8 -> 151504 | D31: ='2026 Forecast A'!E8 -> 155596 | E31: ='2026 Forecast A'!F8 -> 307100 | F31: ='2026 Forecast A'!G8 -> 0.49333768 | G31: ='2026 Forecast A'!L8 -> 2.1254091 | H31: =TEXT('2026 Forecast A'!M8,"0.0%")&" – "&TEXT('2026 Forecast A'!N8,"0.0%") -> 45.2% – 53.5% | I31: ='2026 Forecast A'!O8 -> 11264 | J31: ='2026 Forecast A'!P8 -> 8572
A32: Forecast B | B32: SHAP-selected forest | C32: ='2026 Forecast B'!D8 -> 151496 | D32: ='2026 Forecast B'!E8 -> 155604 | E32: ='2026 Forecast B'!F8 -> 307100 | F32: ='2026 Forecast B'!G8 -> 0.49331162 | G32: ='2026 Forecast B'!L8 -> 2.1257089 | H32: =TEXT('2026 Forecast B'!M8,"0.0%")&" – "&TEXT('2026 Forecast B'!N8,"0.0%") -> 45.2% – 53.5% | I32: ='2026 Forecast B'!O8 -> 11264 | J32: ='2026 Forecast B'!P8 -> 8573
A33: Forecast C | B33: SHAP family-reweighted forest | C33: ='2026 Forecast C'!D8 -> 151497 | D33: ='2026 Forecast C'!E8 -> 155603 | E33: ='2026 Forecast C'!F8 -> 307100 | F33: ='2026 Forecast C'!G8 -> 0.49331488 | G33: ='2026 Forecast C'!L8 -> 2.1253506 | H33: =TEXT('2026 Forecast C'!M8,"0.0%")&" – "&TEXT('2026 Forecast C'!N8,"0.0%") -> 45.2% – 53.5% | I33: ='2026 Forecast C'!O8 -> 11264 | J33: ='2026 Forecast C'!P8 -> 8572
A34: District error terms = root-mean-square of the district-wide misses in the 2020, 2022 and 2024 backtests. Place pattern error terms come from the 2022 and 2024 forward backtests.
A36: BACKTESTS FOR EVERY YEAR, WITH ERROR TERMS (same weights as the forecasts; live from each backtest tab)
A37: Forecast | B37: Backtest | C37: District Dem share miss (pts) | D37: Dem votes miss | E37: Rep votes miss | F37: Votes cast miss | G37: Pattern RMS miss per row (pts) | H37: RMS miss per row (pts) | I37: Avg error term set beforehand (± pts) | J37: Actual inside ±1 error term | K37: Actual inside 95% range | L37: Rows within 3 pts
A38: Forecast A | B38: 2024 — forward backtest | C38: ='Backtest 2024 A'!F375 -> 0.080012066 | D38: ='Backtest 2024 A'!F377 -> -0.0036293361 | E38: ='Backtest 2024 A'!F378 -> -0.006813725 | F38: ='Backtest 2024 A'!F379 -> -0.0052450157 | G38: ='Backtest 2024 A'!F376 -> 2.3748436 | H38: ='Backtest 2024 A'!F374 -> 2.3846922 | I38: ='Backtest 2024 A'!F380 -> 3.7849421 | J38: ='Backtest 2024 A'!F381 -> 0.91036415 | K38: ='Backtest 2024 A'!F382 -> 0.99439776 | L38: ='Backtest 2024 A'!F383 -> 0.8627451
A39: Forecast B | B39: 2024 — forward backtest | C39: ='Backtest 2024 B'!F375 -> 0.083312246 | D39: ='Backtest 2024 B'!F377 -> -0.0035626958 | E39: ='Backtest 2024 B'!F378 -> -0.006878428 | F39: ='Backtest 2024 B'!F379 -> -0.0052450157 | G39: ='Backtest 2024 B'!F376 -> 2.1971151 | H39: ='Backtest 2024 B'!F374 -> 2.20691 | I39: ='Backtest 2024 B'!F380 -> 3.7572326 | J39: ='Backtest 2024 B'!F381 -> 0.93557423 | K39: ='Backtest 2024 B'!F382 -> 0.99439776 | L39: ='Backtest 2024 B'!F383 -> 0.86554622
A40: Forecast C | B40: 2024 — forward backtest | C40: ='Backtest 2024 C'!F375 -> 0.080519786 | D40: ='Backtest 2024 C'!F377 -> -0.0036190837 | E40: ='Backtest 2024 C'!F378 -> -0.0068236793 | F40: ='Backtest 2024 C'!F379 -> -0.0052450157 | G40: ='Backtest 2024 C'!F376 -> 2.3538986 | H40: ='Backtest 2024 C'!F374 -> 2.3630282 | I40: ='Backtest 2024 C'!F380 -> 3.7926385 | J40: ='Backtest 2024 C'!F381 -> 0.91596639 | K40: ='Backtest 2024 C'!F382 -> 0.99439776 | L40: ='Backtest 2024 C'!F383 -> 0.8627451
A41: Forecast A | B41: 2022 — forward backtest | C41: ='Backtest 2022 A'!F375 -> -1.8750869 | D41: ='Backtest 2022 A'!F377 -> -0.097820222 | E41: ='Backtest 2022 A'!F378 -> -0.027542019 | F41: ='Backtest 2022 A'!F379 -> -0.063225988 | G41: ='Backtest 2022 A'!F376 -> 2.7049268 | H41: ='Backtest 2022 A'!F374 -> 3.7269094 | I41: ='Backtest 2022 A'!F380 -> 3.4221072 | J41: ='Backtest 2022 A'!F381 -> 0.6162465 | K41: ='Backtest 2022 A'!F382 -> 0.94677871 | L41: ='Backtest 2022 A'!F383 -> 0.54061625
A42: Forecast B | B42: 2022 — forward backtest | C42: ='Backtest 2022 B'!F375 -> -1.8750869 | D42: ='Backtest 2022 B'!F377 -> -0.097820222 | E42: ='Backtest 2022 B'!F378 -> -0.027542019 | F42: ='Backtest 2022 B'!F379 -> -0.063225988 | G42: ='Backtest 2022 B'!F376 -> 2.6088338 | H42: ='Backtest 2022 B'!F374 -> 3.6060818 | I42: ='Backtest 2022 B'!F380 -> 3.3689436 | J42: ='Backtest 2022 B'!F381 -> 0.61904762 | K42: ='Backtest 2022 B'!F382 -> 0.94957983 | L42: ='Backtest 2022 B'!F383 -> 0.56302521
A43: Forecast C | B43: 2022 — forward backtest | C43: ='Backtest 2022 C'!F375 -> -1.8739902 | D43: ='Backtest 2022 C'!F377 -> -0.097799989 | E43: ='Backtest 2022 C'!F378 -> -0.02756289 | F43: ='Backtest 2022 C'!F379 -> -0.063225988 | G43: ='Backtest 2022 C'!F376 -> 2.7428656 | H43: ='Backtest 2022 C'!F374 -> 3.7657533 | I43: ='Backtest 2022 C'!F380 -> 3.4090857 | J43: ='Backtest 2022 C'!F381 -> 0.61344538 | K43: ='Backtest 2022 C'!F382 -> 0.93557423 | L43: ='Backtest 2022 C'!F383 -> 0.54341737
A44: Forecast A | B44: 2020 — hold-out test | C44: ='Backtest 2020 A'!F375 -> 3.1668994 | D44: ='Backtest 2020 A'!F377 -> 0.067757022 | E44: ='Backtest 2020 A'!F378 -> -0.059388119 | F44: ='Backtest 2020 A'!F379 -> 0.0036263082 | G44: ='Backtest 2020 A'!F376 -> 2.855298 | H44: ='Backtest 2020 A'!F374 -> 4.5834772 | I44: ='Backtest 2020 A'!F380 -> 2.795346 | J44: ='Backtest 2020 A'!F381 -> 0.39832869 | K44: ='Backtest 2020 A'!F382 -> 0.74651811 | L44: ='Backtest 2020 A'!F383 -> 0.454039
A45: Forecast B | B45: 2020 — hold-out test | C45: ='Backtest 2020 B'!F375 -> 3.1674177 | D45: ='Backtest 2020 B'!F377 -> 0.067767519 | E45: ='Backtest 2020 B'!F378 -> -0.059398434 | F45: ='Backtest 2020 B'!F379 -> 0.0036263082 | G45: ='Backtest 2020 B'!F376 -> 2.8557623 | H45: ='Backtest 2020 B'!F374 -> 4.654579 | I45: ='Backtest 2020 B'!F380 -> 2.6956713 | J45: ='Backtest 2020 B'!F381 -> 0.36768802 | K45: ='Backtest 2020 B'!F382 -> 0.73259053 | L45: ='Backtest 2020 B'!F383 -> 0.44289694
A46: Forecast C | B46: 2020 — hold-out test | C46: ='Backtest 2020 C'!F375 -> 3.1674177 | D46: ='Backtest 2020 C'!F377 -> 0.067767519 | E46: ='Backtest 2020 C'!F378 -> -0.059398434 | F46: ='Backtest 2020 C'!F379 -> 0.0036263082 | G46: ='Backtest 2020 C'!F376 -> 2.8359885 | H46: ='Backtest 2020 C'!F374 -> 4.5769102 | I46: ='Backtest 2020 C'!F380 -> 2.8094234 | J46: ='Backtest 2020 C'!F381 -> 0.39832869 | K46: ='Backtest 2020 C'!F382 -> 0.75766017 | L46: ='Backtest 2020 C'!F383 -> 0.454039
A47: Green = forward backtests (only earlier elections used: 2022 and 2024). 2020 is a hold-out test: its inputs are fed by 2018, but no election before 2020 has its own feeder, so its forest is trained on 2022 and 2024. 2018 is history only. Each year’s error terms come from the other two backtest years.
A49: FEEDER RULE AND PRECINCT LINES USED IN THIS VERSION
A50: Feeder rule — which earlier elections feed each election.
A51: 2020 is fed by 2018; 2022 by 2020; 2024 by 2022 (80%) and 2020 (20%); 2026 by 2022 (67%) and 2024 (33%). Every history input to the random forests (past House, top-of-ticket and Senate lean; past turnout by party; electorate make-up; mail use) is the feeder-weighted value, and the district share baseline is the feeder-weighted district result adjusted for the registration shift since those elections. Registration inputs are as of the election itself.
A52: Precinct lines.
A53: In Forks, Palmer, Lower Saucon, Upper Nazareth, Bangor and Lower Nazareth the precinct model uses the 27 historical precincts (2018–2024 lines), not the 32 precincts drawn for 2026, because only the 27 have a history. Their 2026 registration is the municipality’s 2026 state roll split by each precinct’s 2024 share; voter-file inputs come from the municipality. Washington (Northampton) keeps its 2 precincts, which match the 2024 lines.
A54: Backtests.
A55: 2018 is the first year in the data and has no feeder, so it is used only as history. 2024 and 2022 are forward backtests; 2020 is a hold-out test (its inputs are fed by 2018, but its forest is trained on 2022 and 2024).
A57: Election | B57: Fed by | C57: Pure feeder share | D57: Registration adjustment (pts) | E57: Baseline used | F57: Actual Dem share | G57: Baseline miss (pts) | H57: Turnout rule miss | I57: Dem votes miss (A) | J57: Rep votes miss (A)
A58: 2026 | B58: 2022 (67%) + 2024 (33%) | C58: 0.50391861 | D58: -1.060938 | E58: 0.49330923 | F58: — | G58: — | H58: — | I58: — | J58: —
A59: 2024 (forward backtest) | B59: 2022 (80%) + 2020 (20%) | C59: 0.50623643 | D59: -1.2806052 | E59: 0.49343038 | F59: 0.4940398 | G59: -0.060941763 | H59: -0.004969717 | I59: -0.0036293361 | J59: -0.006813725
A60: 2022 (forward backtest) | B60: 2020 (100%) | C60: 0.49604501 | D60: -0.70399028 | E60: 0.48900511 | F60: 0.50878429 | G60: -1.9779176 | H60: -0.060214876 | I60: -0.097820222 | J60: -0.027542019
A61: 2020 (hold-out test) | B61: 2018 (100%) | C61: 0.53271241 | D61: -0.5431826 | E61: 0.52728059 | F61: 0.49604501 | G61: 3.1235573 | H61: 0.0043423006 | I61: 0.067758655 | J61: -0.059389577
A63: 2026 turnout scenario (Forecast A) | B63: Multiplier | C63: Votes cast | D63: Brooks votes | E63: Mackenzie votes | F63: Basis
A64: Lower turnout | B64: 0.93978512 | C64: ='2026 Forecast A'!F8*B64 -> 288608.01 | D64: =ROUND(C64*'2026 Forecast A'!G8,0) -> 142381 | E64: =C64-D64 -> 146227.01 | F64: midterm turnout falls back by as much as it rose 2018→2022
A65: Central (2022 turnout rate) | B65: 1 | C65: ='2026 Forecast A'!F8*B65 -> 307100 | D65: =ROUND(C65*'2026 Forecast A'!G8,0) -> 151504 | E65: =C65-D65 -> 155596 | F65: each place keeps its 2022 turnout rate (the forecast)
A66: Higher turnout | B66: 1.0602149 | C66: ='2026 Forecast A'!F8*B66 -> 325591.99 | D66: =ROUND(C66*'2026 Forecast A'!G8,0) -> 160627 | E66: =C66-D66 -> 164964.99 | F66: midterm turnout rises again by as much as it did 2018→2022
A67: Turnout changes both candidates’ vote counts in the same direction but not the Brooks share; the share (and the winner) depends on the district share input in row 6.
A69: WHY THE WEIGHTS DIFFER BUT THE FORECASTS LOOK THE SAME
A70: 1. District totals are identical by design.
A71: The district Brooks share is set by the baseline input (row 6) and votes cast by the turnout rule (row 7). Each forecast’s place-level leans are shifted so they add up to exactly that share, and every forecast uses the same votes cast. So A, B and C cannot differ in the district totals — only in how the vote is spread across precincts.
A72: 2. The place-level forecasts do differ, but only a little.
A73: Average gap between forecasts: A vs B 0.40 pts (largest 2.1), A vs C 0.17 (largest 0.8), B vs C 0.39 (largest 1.7) — against a 12.9-point spread of leans across precincts. Correlation between forecasts ≥ 0.999.
A74: 3. The inputs whose weights change all say the same thing.
A75: Past House, presidential and Senate results, party registration and last election’s Republican share of ballots are all measures of the same underlying partisanship, and are correlated at 0.9+ with each other. Moving weight from one to another (B drops weak inputs; C shifts weight between the results family and the registration family) changes the explanation — the SHAP shares — far more than the answer. Where they disagree is in places whose registration and voting history have drifted apart; those are the rows that move most between A, B and C.
A76: 4. Where it matters.
A77: The forecasts differ most in close, fast-changing places, which is why the comparison table flags rows where A, B and C disagree on the winner. Those rows plus any row whose 95% range spans 50% are the real toss-ups.
A79: PRECINCT COMPARISON (Brooks share by forecast, live)
A80: County | B80: Municipality | C80: Precinct | D80: Forecast A | E80: Forecast B | F80: Forecast C | G80: Spread (max − min, pts) | H80: Total error term A (± pts) | I80: Total error term B (± pts) | J80: Total error term C (± pts) | K80: Votes cast | L80: Calls agree?
A81: ='2026 Forecast A'!A12 -> Carbon | B81: ='2026 Forecast A'!B12 -> BANKS TOWNSHIP | C81: ='2026 Forecast A'!C12 -> BANKS TOWNSHIP | D81: ='2026 Forecast A'!G12 -> 0.38186813 | E81: ='2026 Forecast B'!G12 -> 0.38461538 | F81: ='2026 Forecast C'!G12 -> 0.38186813 | G81: =(MAX(D81:F81)-MIN(D81:F81))*100 -> 0.27472527 | H81: ='2026 Forecast A'!L12 -> 4.0611052 | I81: ='2026 Forecast B'!L12 -> 3.9016382 | J81: ='2026 Forecast C'!L12 -> 4.0842995 | K81: ='2026 Forecast A'!F12 -> 364 | L81: =IF(OR(AND(D81>0.5,E81>0.5,F81>0.5),AND(D81<0.5,E81<0.5,F81<0.5)),"Yes","No — toss-up") -> Yes
A82: ='2026 Forecast A'!A13 -> Carbon | B82: ='2026 Forecast A'!B13 -> BEAVER MEADOWS BOROUGH | C82: ='2026 Forecast A'!C13 -> BEAVER MEADOWS BOROUGH | D82: ='2026 Forecast A'!G13 -> 0.28484848 | E82: ='2026 Forecast B'!G13 -> 0.28181818 | F82: ='2026 Forecast C'!G13 -> 0.28484848 | G82: =(MAX(D82:F82)-MIN(D82:F82))*100 -> 0.3030303 | H82: ='2026 Forecast A'!L13 -> 4.0611052 | I82: ='2026 Forecast B'!L13 -> 3.9016382 | J82: ='2026 Forecast C'!L13 -> 4.0842995 | K82: ='2026 Forecast A'!F13 -> 330 | L82: =IF(OR(AND(D82>0.5,E82>0.5,F82>0.5),AND(D82<0.5,E82<0.5,F82<0.5)),"Yes","No — toss-up") -> Yes
A83: ='2026 Forecast A'!A14 -> Carbon | B83: ='2026 Forecast A'!B14 -> BOWMANSTOWN BOROUGH | C83: ='2026 Forecast A'!C14 -> BOWMANSTOWN BOROUGH | D83: ='2026 Forecast A'!G14 -> 0.33146067 | E83: ='2026 Forecast B'!G14 -> 0.34269663 | F83: ='2026 Forecast C'!G14 -> 0.33146067 | G83: =(MAX(D83:F83)-MIN(D83:F83))*100 -> 1.1235955 | H83: ='2026 Forecast A'!L14 -> 4.0611052 | I83: ='2026 Forecast B'!L14 -> 3.9016382 | J83: ='2026 Forecast C'!L14 -> 4.0842995 | K83: ='2026 Forecast A'!F14 -> 356 | L83: =IF(OR(AND(D83>0.5,E83>0.5,F83>0.5),AND(D83<0.5,E83<0.5,F83<0.5)),"Yes","No — toss-up") -> Yes
A84: ='2026 Forecast A'!A15 -> Carbon | B84: ='2026 Forecast A'!B15 -> EAST PENN TOWNSHIP | C84: ='2026 Forecast A'!C15 -> EAST PENN TOWNSHIP-NORTH | D84: ='2026 Forecast A'!G15 -> 0.26243094 | E84: ='2026 Forecast B'!G15 -> 0.25552486 | F84: ='2026 Forecast C'!G15 -> 0.26243094 | G84: =(MAX(D84:F84)-MIN(D84:F84))*100 -> 0.69060773 | H84: ='2026 Forecast A'!L15 -> 2.9974282 | I84: ='2026 Forecast B'!L15 -> 2.878411 | J84: ='2026 Forecast C'!L15 -> 3.0147154 | K84: ='2026 Forecast A'!F15 -> 724 | L84: =IF(OR(AND(D84>0.5,E84>0.5,F84>0.5),AND(D84<0.5,E84<0.5,F84<0.5)),"Yes","No — toss-up") -> Yes
A85: ='2026 Forecast A'!A16 -> Carbon | B85: ='2026 Forecast A'!B16 -> EAST PENN TOWNSHIP | C85: ='2026 Forecast A'!C16 -> EAST PENN TOWNSHIP-SOUTH | D85: ='2026 Forecast A'!G16 -> 0.28477905 | E85: ='2026 Forecast B'!G16 -> 0.27986907 | F85: ='2026 Forecast C'!G16 -> 0.28477905 | G85: =(MAX(D85:F85)-MIN(D85:F85))*100 -> 0.49099836 | H85: ='2026 Forecast A'!L16 -> 2.9974282 | I85: ='2026 Forecast B'!L16 -> 2.878411 | J85: ='2026 Forecast C'!L16 -> 3.0147154 | K85: ='2026 Forecast A'!F16 -> 611 | L85: =IF(OR(AND(D85>0.5,E85>0.5,F85>0.5),AND(D85<0.5,E85<0.5,F85<0.5)),"Yes","No — toss-up") -> Yes
A86: ='2026 Forecast A'!A17 -> Carbon | B86: ='2026 Forecast A'!B17 -> EAST SIDE BOROUGH | C86: ='2026 Forecast A'!C17 -> EAST SIDE BOROUGH | D86: ='2026 Forecast A'!G17 -> 0.34408602 | E86: ='2026 Forecast B'!G17 -> 0.34408602 | F86: ='2026 Forecast C'!G17 -> 0.34408602 | G86: =(MAX(D86:F86)-MIN(D86:F86))*100 -> 0 | H86: ='2026 Forecast A'!L17 -> 4.0611052 | I86: ='2026 Forecast B'!L17 -> 3.9016382 | J86: ='2026 Forecast C'!L17 -> 4.0842995 | K86: ='2026 Forecast A'!F17 -> 93 | L86: =IF(OR(AND(D86>0.5,E86>0.5,F86>0.5),AND(D86<0.5,E86<0.5,F86<0.5)),"Yes","No — toss-up") -> Yes
A87: ='2026 Forecast A'!A18 -> Carbon | B87: ='2026 Forecast A'!B18 -> FRANKLIN TOWNSHIP | C87: ='2026 Forecast A'!C18 -> FRANKLIN TOWNSHIP-HARRITY | D87: ='2026 Forecast A'!G18 -> 0.2883939 | E87: ='2026 Forecast B'!G18 -> 0.28604924 | F87: ='2026 Forecast C'!G18 -> 0.28956624 | G87: =(MAX(D87:F87)-MIN(D87:F87))*100 -> 0.35169988 | H87: ='2026 Forecast A'!L18 -> 2.9974282 | I87: ='2026 Forecast B'!L18 -> 2.878411 | J87: ='2026 Forecast C'!L18 -> 3.0147154 | K87: ='2026 Forecast A'!F18 -> 853 | L87: =IF(OR(AND(D87>0.5,E87>0.5,F87>0.5),AND(D87<0.5,E87<0.5,F87<0.5)),"Yes","No — toss-up") -> Yes
A88: ='2026 Forecast A'!A19 -> Carbon | B88: ='2026 Forecast A'!B19 -> FRANKLIN TOWNSHIP | C88: ='2026 Forecast A'!C19 -> FRANKLIN TOWNSHIP-IND DIST | D88: ='2026 Forecast A'!G19 -> 0.28794643 | E88: ='2026 Forecast B'!G19 -> 0.29017857 | F88: ='2026 Forecast C'!G19 -> 0.29017857 | G88: =(MAX(D88:F88)-MIN(D88:F88))*100 -> 0.22321429 | H88: ='2026 Forecast A'!L19 -> 4.0611052 | I88: ='2026 Forecast B'!L19 -> 3.9016382 | J88: ='2026 Forecast C'!L19 -> 4.0842995 | K88: ='2026 Forecast A'!F19 -> 448 | L88: =IF(OR(AND(D88>0.5,E88>0.5,F88>0.5),AND(D88<0.5,E88<0.5,F88<0.5)),"Yes","No — toss-up") -> Yes
A89: ='2026 Forecast A'!A20 -> Carbon | B89: ='2026 Forecast A'!B20 -> FRANKLIN TOWNSHIP | C89: ='2026 Forecast A'!C20 -> FRANKLIN TOWNSHIP-LONG RUN | D89: ='2026 Forecast A'!G20 -> 0.27086384 | E89: ='2026 Forecast B'!G20 -> 0.26647145 | F89: ='2026 Forecast C'!G20 -> 0.27232796 | G89: =(MAX(D89:F89)-MIN(D89:F89))*100 -> 0.58565154 | H89: ='2026 Forecast A'!L20 -> 2.9974282 | I89: ='2026 Forecast B'!L20 -> 2.878411 | J89: ='2026 Forecast C'!L20 -> 3.0147154 | K89: ='2026 Forecast A'!F20 -> 683 | L89: =IF(OR(AND(D89>0.5,E89>0.5,F89>0.5),AND(D89<0.5,E89<0.5,F89<0.5)),"Yes","No — toss-up") -> Yes
A90: ='2026 Forecast A'!A21 -> Carbon | B90: ='2026 Forecast A'!B21 -> JIM THORPE BOROUGH | C90: ='2026 Forecast A'!C21 -> JIM THORPE BOROUGH-1ST | D90: ='2026 Forecast A'!G21 -> 0.44266055 | E90: ='2026 Forecast B'!G21 -> 0.44954128 | F90: ='2026 Forecast C'!G21 -> 0.44266055 | G90: =(MAX(D90:F90)-MIN(D90:F90))*100 -> 0.68807339 | H90: ='2026 Forecast A'!L21 -> 4.0611052 | I90: ='2026 Forecast B'!L21 -> 3.9016382 | J90: ='2026 Forecast C'!L21 -> 4.0842995 | K90: ='2026 Forecast A'!F21 -> 436 | L90: =IF(OR(AND(D90>0.5,E90>0.5,F90>0.5),AND(D90<0.5,E90<0.5,F90<0.5)),"Yes","No — toss-up") -> Yes
A91: ='2026 Forecast A'!A22 -> Carbon | B91: ='2026 Forecast A'!B22 -> JIM THORPE BOROUGH | C91: ='2026 Forecast A'!C22 -> JIM THORPE BOROUGH-2ND | D91: ='2026 Forecast A'!G22 -> 0.42857143 | E91: ='2026 Forecast B'!G22 -> 0.41428571 | F91: ='2026 Forecast C'!G22 -> 0.425 | G91: =(MAX(D91:F91)-MIN(D91:F91))*100 -> 1.4285714 | H91: ='2026 Forecast A'!L22 -> 4.0611052 | I91: ='2026 Forecast B'!L22 -> 3.9016382 | J91: ='2026 Forecast C'!L22 -> 4.0842995 | K91: ='2026 Forecast A'!F22 -> 280 | L91: =IF(OR(AND(D91>0.5,E91>0.5,F91>0.5),AND(D91<0.5,E91<0.5,F91<0.5)),"Yes","No — toss-up") -> Yes
A92: ='2026 Forecast A'!A23 -> Carbon | B92: ='2026 Forecast A'!B23 -> JIM THORPE BOROUGH | C92: ='2026 Forecast A'!C23 -> JIM THORPE BOROUGH-3RD | D92: ='2026 Forecast A'!G23 -> 0.38390093 | E92: ='2026 Forecast B'!G23 -> 0.38235294 | F92: ='2026 Forecast C'!G23 -> 0.38390093 | G92: =(MAX(D92:F92)-MIN(D92:F92))*100 -> 0.15479876 | H92: ='2026 Forecast A'!L23 -> 2.9974282 | I92: ='2026 Forecast B'!L23 -> 2.878411 | J92: ='2026 Forecast C'!L23 -> 3.0147154 | K92: ='2026 Forecast A'!F23 -> 646 | L92: =IF(OR(AND(D92>0.5,E92>0.5,F92>0.5),AND(D92<0.5,E92<0.5,F92<0.5)),"Yes","No — toss-up") -> Yes
... A445: ='2026 Forecast A'!A376 -> Northampton | B445: ='2026 Forecast A'!B376 -> WIND GAP | C445: ='2026 Forecast A'!C376 -> WIND GAP | D445: ='2026 Forecast A'!G376 -> 0.42969432 | E445: ='2026 Forecast B'!G376 -> 0.42183406 | F445: ='2026 Forecast C'!G376 -> 0.42882096 | G445: =(MAX(D445:F445)-MIN(D445:F445))*100 -> 0.7860262 | H445: ='2026 Forecast A'!L376 -> 2.7414886 | I445: ='2026 Forecast B'!L376 -> 2.7581718 | J445: ='2026 Forecast C'!L376 -> 2.7392131 | K445: ='2026 Forecast A'!F376 -> 1145 | L445: =IF(OR(AND(D445>0.5,E445>0.5,F445>0.5),AND(D445<0.5,E445<0.5,F445<0.5)),"Yes","No — toss-up") -> Yes

Sheet 2026 Forecast A
A1: PA-07 2026 House Forecast — Precinct-Level Predictions (Forecast A: full random forest)
A2: Candidates: Brooks | Mackenzie | District totals (yellow) are formulas over the precinct rows.
A3: Only the results are modelled (one random forest). Votes cast in each row = its 2022 turnout rate (House votes ÷ registered voters) × its 2026 registered voters. Brooks votes = votes cast × forecast Brooks share. Error terms combine the place’s own pattern error (2022 and 2024 backtests), the district-wide error and turnout error (2020, 2022 and 2024 backtests).
A4: Model / scenario | B4: Random forest on results — Forecast A (Full random forest), precinct model; turnout = 2022 turnout rate × 2026 registered voters | C4: As-of date | D4: 46300 | E4: Prepared by | F4: Max | G4: Version | H4: v9.0 (current map; feeder rule; 27 historical precincts)
A5: District Brooks share (scenario) | B5: ='Scenario & Comparison'!$C$6 -> 0.49330923 | C5: Uniform shift applied | D5: =B5-SUMPRODUCT(R12:R376,S12:S376)/SUM(S12:S376)/100 -> 0.50777762 | E5: Turnout multiplier (1.00 = 2022 turnout) | F5: ='Scenario & Comparison'!$C$7 -> 1
A6: DISTRICT TOTALS (auto-sum — do not type over)
A7: Geography | B7: (muni) | C7: (precinct) | D7: Brooks votes | E7: Mackenzie votes | F7: Total votes | G7: Brooks share | H7: Mackenzie share | I7: Notes | J7: Error term: place pattern (± pts) | K7: Error term: district-wide (± pts) | L7: Error term: total (± pts) | M7: Brooks share, 95% low | N7: Brooks share, 95% high | O7: Error term: votes cast (± votes) | P7: Error term: Brooks votes (± votes)
A8: PA-07 District | B8: (all precincts) | D8: =SUM(D12:D376) -> 151504 | E8: =SUM(E12:E376) -> 155596 | F8: =D8+E8 -> 307100 | G8: =IF(F8=0,"",D8/F8) -> 0.49333768 | H8: =IF(F8=0,"",E8/F8) -> 0.50666232 | I8: Headline forecast for the briefing | J8: 0 | K8: 2.1254091 | L8: =SQRT(J8^2+K8^2) -> 2.1254091 | M8: =G8-1.96*L8/100 -> 0.45167966 | N8: =G8+1.96*L8/100 -> 0.53499569 | O8: =ROUND(F8*0.03668,0) -> 11264 | P8: =ROUND(SQRT((F8*L8/100)^2+(G8*O8)^2),0) -> 8572
A9: Error terms are ±1 standard error: place pattern error by place size (2022 and 2024 forward backtests) plus district-wide and turnout error (2020, 2022 and 2024 backtests). 95% low/high = Brooks share ± 1.96 × total error term.
A10: PRECINCT DETAIL | R10: MODEL INPUTS (from the random forest — do not edit)
A11: County | B11: Municipality | C11: Precinct | D11: Brooks votes | E11: Mackenzie votes | F11: Total votes | G11: Brooks share | H11: Mackenzie share | I11: Notes / source method | J11: Error term: place pattern (± pts) | K11: Error term: district-wide (± pts) | L11: Error term: total (± pts) | M11: Brooks share, 95% low | N11: Brooks share, 95% high | O11: Error term: votes cast (± votes) | P11: Error term: Brooks votes (± votes) | R11: Model lean vs district (pts) | S11: Votes cast = 2022 turnout × 2026 registered | T11: Forecast Brooks share (unrounded) | U11: 2022 turnout (House votes ÷ registered) | V11: 2026 registered voters | W11: Votes-cast error (% of votes) | X11: Size group (backtest error band) | Y11: Registration source
A12: Carbon | B12: BANKS TOWNSHIP | C12: BANKS TOWNSHIP | D12: =ROUND(S12*T12,0) -> 139 | E12: =ROUND(S12,0)-D12 -> 225 | F12: =IF(COUNTA(D12:E12)=0,"",SUM(D12:E12)) -> 364 | G12: =IF(OR(F12="",F12=0),"",D12/F12) -> 0.38186813 | H12: =IF(OR(F12="",F12=0),"",E12/F12) -> 0.61813187 | I12: random forest (results only) | J12: 3.4605219 | K12: =$K$8 -> 2.1254091 | L12: =SQRT(J12^2+K12^2) -> 4.0611052 | M12: =IF(G12="","",MAX(0,G12-1.96*L12/100)) -> 0.30227047 | N12: =IF(G12="","",MIN(1,G12+1.96*L12/100)) -> 0.46146579 | O12: =ROUND(S12*W12,0) -> 53 | P12: =IF(F12="","",ROUND(SQRT((F12*L12/100)^2+(G12*O12)^2),0)) -> 25 | R12: -12.70327 | S12: =U12*V12*$F$5 -> 364.49096 | T12: =MAX(0,MIN(1,R12/100+$D$5)) -> 0.38074492 | U12: 0.5813253 | V12: 627 | W12: 0.14423891 | X12: Small | Y12: state rolls, precinct
A13: Carbon | B13: BEAVER MEADOWS BOROUGH | C13: BEAVER MEADOWS BOROUGH | D13: =ROUND(S13*T13,0) -> 94 | E13: =ROUND(S13,0)-D13 -> 236 | F13: =IF(COUNTA(D13:E13)=0,"",SUM(D13:E13)) -> 330 | G13: =IF(OR(F13="",F13=0),"",D13/F13) -> 0.28484848 | H13: =IF(OR(F13="",F13=0),"",E13/F13) -> 0.71515152 | I13: random forest (results only) | J13: 3.4605219 | K13: =$K$8 -> 2.1254091 | L13: =SQRT(J13^2+K13^2) -> 4.0611052 | M13: =IF(G13="","",MAX(0,G13-1.96*L13/100)) -> 0.20525082 | N13: =IF(G13="","",MIN(1,G13+1.96*L13/100)) -> 0.36444615 | O13: =ROUND(S13*W13,0) -> 48 | P13: =IF(F13="","",ROUND(SQRT((F13*L13/100)^2+(G13*O13)^2),0)) -> 19 | R13: -22.323393 | S13: =U13*V13*$F$5 -> 330.13014 | T13: =MAX(0,MIN(1,R13/100+$D$5)) -> 0.28454369 | U13: 0.53767123 | V13: 614 | W13: 0.14423891 | X13: Small | Y13: state rolls, precinct
A14: Carbon | B14: BOWMANSTOWN BOROUGH | C14: BOWMANSTOWN BOROUGH | D14: =ROUND(S14*T14,0) -> 118 | E14: =ROUND(S14,0)-D14 -> 238 | F14: =IF(COUNTA(D14:E14)=0,"",SUM(D14:E14)) -> 356 | G14: =IF(OR(F14="",F14=0),"",D14/F14) -> 0.33146067 | H14: =IF(OR(F14="",F14=0),"",E14/F14) -> 0.66853933 | I14: random forest (results only) | J14: 3.4605219 | K14: =$K$8 -> 2.1254091 | L14: =SQRT(J14^2+K14^2) -> 4.0611052 | M14: =IF(G14="","",MAX(0,G14-1.96*L14/100)) -> 0.25186301 | N14: =IF(G14="","",MIN(1,G14+1.96*L14/100)) -> 0.41105834 | O14: =ROUND(S14*W14,0) -> 51 | P14: =IF(F14="","",ROUND(SQRT((F14*L14/100)^2+(G14*O14)^2),0)) -> 22 | R14: -17.553778 | S14: =U14*V14*$F$5 -> 355.63437 | T14: =MAX(0,MIN(1,R14/100+$D$5)) -> 0.33223984 | U14: 0.63619744 | V14: 559 | W14: 0.14423891 | X14: Small | Y14: state rolls, precinct
A15: Carbon | B15: EAST PENN TOWNSHIP | C15: EAST PENN TOWNSHIP-NORTH | D15: =ROUND(S15*T15,0) -> 190 | E15: =ROUND(S15,0)-D15 -> 534 | F15: =IF(COUNTA(D15:E15)=0,"",SUM(D15:E15)) -> 724 | G15: =IF(OR(F15="",F15=0),"",D15/F15) -> 0.26243094 | H15: =IF(OR(F15="",F15=0),"",E15/F15) -> 0.73756906 | I15: random forest (results only) | J15: 2.113578 | K15: =$K$8 -> 2.1254091 | L15: =SQRT(J15^2+K15^2) -> 2.9974282 | M15: =IF(G15="","",MAX(0,G15-1.96*L15/100)) -> 0.20368135 | N15: =IF(G15="","",MIN(1,G15+1.96*L15/100)) -> 0.32118053 | O15: =ROUND(S15*W15,0) -> 61 | P15: =IF(F15="","",ROUND(SQRT((F15*L15/100)^2+(G15*O15)^2),0)) -> 27 | R15: -24.536113 | S15: =U15*V15*$F$5 -> 724.37791 | T15: =MAX(0,MIN(1,R15/100+$D$5)) -> 0.26241649 | U15: 0.67635659 | V15: 1071 | W15: 0.084758521 | X15: Medium | Y15: state rolls, precinct
A16: Carbon | B16: EAST PENN TOWNSHIP | C16: EAST PENN TOWNSHIP-SOUTH | D16: =ROUND(S16*T16,0) -> 174 | E16: =ROUND(S16,0)-D16 -> 437 | F16: =IF(COUNTA(D16:E16)=0,"",SUM(D16:E16)) -> 611 | G16: =IF(OR(F16="",F16=0),"",D16/F16) -> 0.28477905 | H16: =IF(OR(F16="",F16=0),"",E16/F16) -> 0.71522095 | I16: random forest (results only) | J16: 2.113578 | K16: =$K$8 -> 2.1254091 | L16: =SQRT(J16^2+K16^2) -> 2.9974282 | M16: =IF(G16="","",MAX(0,G16-1.96*L16/100)) -> 0.22602946 | N16: =IF(G16="","",MIN(1,G16+1.96*L16/100)) -> 0.34352864 | O16: =ROUND(S16*W16,0) -> 52 | P16: =IF(F16="","",ROUND(SQRT((F16*L16/100)^2+(G16*O16)^2),0)) -> 24 | R16: -22.307132 | S16: =U16*V16*$F$5 -> 610.89237 | T16: =MAX(0,MIN(1,R16/100+$D$5)) -> 0.2847063 | U16: 0.62591432 | V16: 976 | W16: 0.084758521 | X16: Medium | Y16: state rolls, precinct
A17: Carbon | B17: EAST SIDE BOROUGH | C17: EAST SIDE BOROUGH | D17: =ROUND(S17*T17,0) -> 32 | E17: =ROUND(S17,0)-D17 -> 61 | F17: =IF(COUNTA(D17:E17)=0,"",SUM(D17:E17)) -> 93 | G17: =IF(OR(F17="",F17=0),"",D17/F17) -> 0.34408602 | H17: =IF(OR(F17="",F17=0),"",E17/F17) -> 0.65591398 | I17: random forest (results only) | J17: 3.4605219 | K17: =$K$8 -> 2.1254091 | L17: =SQRT(J17^2+K17^2) -> 4.0611052 | M17: =IF(G17="","",MAX(0,G17-1.96*L17/100)) -> 0.26448836 | N17: =IF(G17="","",MIN(1,G17+1.96*L17/100)) -> 0.42368368 | O17: =ROUND(S17*W17,0) -> 13 | P17: =IF(F17="","",ROUND(SQRT((F17*L17/100)^2+(G17*O17)^2),0)) -> 6 | R17: -16.918868 | S17: =U17*V17*$F$5 -> 93.426829 | T17: =MAX(0,MIN(1,R17/100+$D$5)) -> 0.33858894 | U17: 0.57317073 | V17: 163 | W17: 0.14423891 | X17: Small | Y17: state rolls, precinct
A18: Carbon | B18: FRANKLIN TOWNSHIP | C18: FRANKLIN TOWNSHIP-HARRITY | D18: =ROUND(S18*T18,0) -> 246 | E18: =ROUND(S18,0)-D18 -> 607 | F18: =IF(COUNTA(D18:E18)=0,"",SUM(D18:E18)) -> 853 | G18: =IF(OR(F18="",F18=0),"",D18/F18) -> 0.2883939 | H18: =IF(OR(F18="",F18=0),"",E18/F18) -> 0.7116061 | I18: random forest (results only) | J18: 2.113578 | K18: =$K$8 -> 2.1254091 | L18: =SQRT(J18^2+K18^2) -> 2.9974282 | M18: =IF(G18="","",MAX(0,G18-1.96*L18/100)) -> 0.22964431 | N18: =IF(G18="","",MIN(1,G18+1.96*L18/100)) -> 0.3471435 | O18: =ROUND(S18*W18,0) -> 72 | P18: =IF(F18="","",ROUND(SQRT((F18*L18/100)^2+(G18*O18)^2),0)) -> 33 | R18: -21.991573 | S18: =U18*V18*$F$5 -> 852.99444 | T18: =MAX(0,MIN(1,R18/100+$D$5)) -> 0.28786189 | U18: 0.66640191 | V18: 1280 | W18: 0.084758521 | X18: Medium | Y18: state rolls, precinct
A19: Carbon | B19: FRANKLIN TOWNSHIP | C19: FRANKLIN TOWNSHIP-IND DIST | D19: =ROUND(S19*T19,0) -> 129 | E19: =ROUND(S19,0)-D19 -> 319 | F19: =IF(COUNTA(D19:E19)=0,"",SUM(D19:E19)) -> 448 | G19: =IF(OR(F19="",F19=0),"",D19/F19) -> 0.28794643 | H19: =IF(OR(F19="",F19=0),"",E19/F19) -> 0.71205357 | I19: random forest (results only) | J19: 3.4605219 | K19: =$K$8 -> 2.1254091 | L19: =SQRT(J19^2+K19^2) -> 4.0611052 | M19: =IF(G19="","",MAX(0,G19-1.96*L19/100)) -> 0.20834877 | N19: =IF(G19="","",MIN(1,G19+1.96*L19/100)) -> 0.36754409 | O19: =ROUND(S19*W19,0) -> 65 | P19: =IF(F19="","",ROUND(SQRT((F19*L19/100)^2+(G19*O19)^2),0)) -> 26 | R19: -22.076343 | S19: =U19*V19*$F$5 -> 447.93932 | T19: =MAX(0,MIN(1,R19/100+$D$5)) -> 0.28701419 | U19: 0.55097087 | V19: 813 | W19: 0.14423891 | X19: Small | Y19: state rolls, precinct
A20: Carbon | B20: FRANKLIN TOWNSHIP | C20: FRANKLIN TOWNSHIP-LONG RUN | D20: =ROUND(S20*T20,0) -> 185 | E20: =ROUND(S20,0)-D20 -> 498 | F20: =IF(COUNTA(D20:E20)=0,"",SUM(D20:E20)) -> 683 | G20: =IF(OR(F20="",F20=0),"",D20/F20) -> 0.27086384 | H20: =IF(OR(F20="",F20=0),"",E20/F20) -> 0.72913616 | I20: random forest (results only) | J20: 2.113578 | K20: =$K$8 -> 2.1254091 | L20: =SQRT(J20^2+K20^2) -> 2.9974282 | M20: =IF(G20="","",MAX(0,G20-1.96*L20/100)) -> 0.21211424 | N20: =IF(G20="","",MIN(1,G20+1.96*L20/100)) -> 0.32961343 | O20: =ROUND(S20*W20,0) -> 58 | P20: =IF(F20="","",ROUND(SQRT((F20*L20/100)^2+(G20*O20)^2),0)) -> 26 | R20: -23.704827 | S20: =U20*V20*$F$5 -> 683.32677 | T20: =MAX(0,MIN(1,R20/100+$D$5)) -> 0.27072935 | U20: 0.65452756 | V20: 1044 | W20: 0.084758521 | X20: Medium | Y20: state rolls, precinct
A21: Carbon | B21: JIM THORPE BOROUGH | C21: JIM THORPE BOROUGH-1ST | D21: =ROUND(S21*T21,0) -> 193 | E21: =ROUND(S21,0)-D21 -> 243 | F21: =IF(COUNTA(D21:E21)=0,"",SUM(D21:E21)) -> 436 | G21: =IF(OR(F21="",F21=0),"",D21/F21) -> 0.44266055 | H21: =IF(OR(F21="",F21=0),"",E21/F21) -> 0.55733945 | I21: random forest (results only) | J21: 3.4605219 | K21: =$K$8 -> 2.1254091 | L21: =SQRT(J21^2+K21^2) -> 4.0611052 | M21: =IF(G21="","",MAX(0,G21-1.96*L21/100)) -> 0.36306289 | N21: =IF(G21="","",MIN(1,G21+1.96*L21/100)) -> 0.52225821 | O21: =ROUND(S21*W21,0) -> 63 | P21: =IF(F21="","",ROUND(SQRT((F21*L21/100)^2+(G21*O21)^2),0)) -> 33 | R21: -6.4390872 | S21: =U21*V21*$F$5 -> 436.24467 | T21: =MAX(0,MIN(1,R21/100+$D$5)) -> 0.44338675 | U21: 0.62588905 | V21: 697 | W21: 0.14423891 | X21: Small | Y21: state rolls, precinct
A22: Carbon | B22: JIM THORPE BOROUGH | C22: JIM THORPE BOROUGH-2ND | D22: =ROUND(S22*T22,0) -> 120 | E22: =ROUND(S22,0)-D22 -> 160 | F22: =IF(COUNTA(D22:E22)=0,"",SUM(D22:E22)) -> 280 | G22: =IF(OR(F22="",F22=0),"",D22/F22) -> 0.42857143 | H22: =IF(OR(F22="",F22=0),"",E22/F22) -> 0.57142857 | I22: random forest (results only) | J22: 3.4605219 | K22: =$K$8 -> 2.1254091 | L22: =SQRT(J22^2+K22^2) -> 4.0611052 | M22: =IF(G22="","",MAX(0,G22-1.96*L22/100)) -> 0.34897377 | N22: =IF(G22="","",MIN(1,G22+1.96*L22/100)) -> 0.50816909 | O22: =ROUND(S22*W22,0) -> 40 | P22: =IF(F22="","",ROUND(SQRT((F22*L22/100)^2+(G22*O22)^2),0)) -> 21 | R22: -7.9782024 | S22: =U22*V22*$F$5 -> 280.5 | T22: =MAX(0,MIN(1,R22/100+$D$5)) -> 0.4279956 | U22: 0.56896552 | V22: 493 | W22: 0.14423891 | X22: Small | Y22: state rolls, precinct
A23: Carbon | B23: JIM THORPE BOROUGH | C23: JIM THORPE BOROUGH-3RD | D23: =ROUND(S23*T23,0) -> 248 | E23: =ROUND(S23,0)-D23 -> 398 | F23: =IF(COUNTA(D23:E23)=0,"",SUM(D23:E23)) -> 646 | G23: =IF(OR(F23="",F23=0),"",D23/F23) -> 0.38390093 | H23: =IF(OR(F23="",F23=0),"",E23/F23) -> 0.61609907 | I23: random forest (results only) | J23: 2.113578 | K23: =$K$8 -> 2.1254091 | L23: =SQRT(J23^2+K23^2) -> 2.9974282 | M23: =IF(G23="","",MAX(0,G23-1.96*L23/100)) -> 0.32515134 | N23: =IF(G23="","",MIN(1,G23+1.96*L23/100)) -> 0.44265052 | O23: =ROUND(S23*W23,0) -> 55 | P23: =IF(F23="","",ROUND(SQRT((F23*L23/100)^2+(G23*O23)^2),0)) -> 29 | R23: -12.405352 | S23: =U23*V23*$F$5 -> 645.69536 | T23: =MAX(0,MIN(1,R23/100+$D$5)) -> 0.3837241 | U23: 0.68984547 | V23: 936 | W23: 0.084758521 | X23: Medium | Y23: state rolls, precinct
... A376: Northampton | B376: WIND GAP | C376: WIND GAP | D376: =ROUND(S376*T376,0) -> 492 | E376: =ROUND(S376,0)-D376 -> 653 | F376: =IF(COUNTA(D376:E376)=0,"",SUM(D376:E376)) -> 1145 | G376: =IF(OR(F376="",F376=0),"",D376/F376) -> 0.42969432 | H376: =IF(OR(F376="",F376=0),"",E376/F376) -> 0.57030568 | I376: random forest (results only) | J376: 1.7315876 | K376: =$K$8 -> 2.1254091 | L376: =SQRT(J376^2+K376^2) -> 2.7414886 | M376: =IF(G376="","",MAX(0,G376-1.96*L376/100)) -> 0.37596115 | N376: =IF(G376="","",MIN(1,G376+1.96*L376/100)) -> 0.4834275 | O376: =ROUND(S376*W376,0) -> 72 | P376: =IF(F376="","",ROUND(SQRT((F376*L376/100)^2+(G376*O376)^2),0)) -> 44 | R376: -7.8074572 | S376: =U376*V376*$F$5 -> 1145.4806 | T376: =MAX(0,MIN(1,R376/100+$D$5)) -> 0.42970305 | U376: 0.53702795 | V376: 2133 | W376: 0.062659809 | X376: Large | Y376: state rolls, precinct

Sheet 2026 Forecast B
A1: PA-07 2026 House Forecast — Precinct-Level Predictions (Forecast B: shap-selected forest)
A2: Candidates: Brooks | Mackenzie | District totals (yellow) are formulas over the precinct rows.
A3: Only the results are modelled (one random forest). Votes cast in each row = its 2022 turnout rate (House votes ÷ registered voters) × its 2026 registered voters. Brooks votes = votes cast × forecast Brooks share. Error terms combine the place’s own pattern error (2022 and 2024 backtests), the district-wide error and turnout error (2020, 2022 and 2024 backtests).
A4: Model / scenario | B4: Random forest on results — Forecast B (SHAP-selected forest), precinct model; turnout = 2022 turnout rate × 2026 registered voters | C4: As-of date | D4: 46300 | E4: Prepared by | F4: Max | G4: Version | H4: v9.0 (current map; feeder rule; 27 historical precincts)
A5: District Brooks share (scenario) | B5: ='Scenario & Comparison'!$C$6 -> 0.49330923 | C5: Uniform shift applied | D5: =B5-SUMPRODUCT(R12:R376,S12:S376)/SUM(S12:S376)/100 -> 0.50969809 | E5: Turnout multiplier (1.00 = 2022 turnout) | F5: ='Scenario & Comparison'!$C$7 -> 1
A6: DISTRICT TOTALS (auto-sum — do not type over)
A7: Geography | B7: (muni) | C7: (precinct) | D7: Brooks votes | E7: Mackenzie votes | F7: Total votes | G7: Brooks share | H7: Mackenzie share | I7: Notes | J7: Error term: place pattern (± pts) | K7: Error term: district-wide (± pts) | L7: Error term: total (± pts) | M7: Brooks share, 95% low | N7: Brooks share, 95% high | O7: Error term: votes cast (± votes) | P7: Error term: Brooks votes (± votes)
A8: PA-07 District | B8: (all precincts) | D8: =SUM(D12:D376) -> 151496 | E8: =SUM(E12:E376) -> 155604 | F8: =D8+E8 -> 307100 | G8: =IF(F8=0,"",D8/F8) -> 0.49331162 | H8: =IF(F8=0,"",E8/F8) -> 0.50668838 | I8: Headline forecast for the briefing | J8: 0 | K8: 2.1257089 | L8: =SQRT(J8^2+K8^2) -> 2.1257089 | M8: =G8-1.96*L8/100 -> 0.45164773 | N8: =G8+1.96*L8/100 -> 0.53497552 | O8: =ROUND(F8*0.03668,0) -> 11264 | P8: =ROUND(SQRT((F8*L8/100)^2+(G8*O8)^2),0) -> 8573
A9: Error terms are ±1 standard error: place pattern error by place size (2022 and 2024 forward backtests) plus district-wide and turnout error (2020, 2022 and 2024 backtests). 95% low/high = Brooks share ± 1.96 × total error term.
A10: PRECINCT DETAIL | R10: MODEL INPUTS (from the random forest — do not edit)
A11: County | B11: Municipality | C11: Precinct | D11: Brooks votes | E11: Mackenzie votes | F11: Total votes | G11: Brooks share | H11: Mackenzie share | I11: Notes / source method | J11: Error term: place pattern (± pts) | K11: Error term: district-wide (± pts) | L11: Error term: total (± pts) | M11: Brooks share, 95% low | N11: Brooks share, 95% high | O11: Error term: votes cast (± votes) | P11: Error term: Brooks votes (± votes) | R11: Model lean vs district (pts) | S11: Votes cast = 2022 turnout × 2026 registered | T11: Forecast Brooks share (unrounded) | U11: 2022 turnout (House votes ÷ registered) | V11: 2026 registered voters | W11: Votes-cast error (% of votes) | X11: Size group (backtest error band) | Y11: Registration source
A12: Carbon | B12: BANKS TOWNSHIP | C12: BANKS TOWNSHIP | D12: =ROUND(S12*T12,0) -> 140 | E12: =ROUND(S12,0)-D12 -> 224 | F12: =IF(COUNTA(D12:E12)=0,"",SUM(D12:E12)) -> 364 | G12: =IF(OR(F12="",F12=0),"",D12/F12) -> 0.38461538 | H12: =IF(OR(F12="",F12=0),"",E12/F12) -> 0.61538462 | I12: random forest (results only) | J12: 3.2717186 | K12: =$K$8 -> 2.1257089 | L12: =SQRT(J12^2+K12^2) -> 3.9016382 | M12: =IF(G12="","",MAX(0,G12-1.96*L12/100)) -> 0.30814328 | N12: =IF(G12="","",MIN(1,G12+1.96*L12/100)) -> 0.46108749 | O12: =ROUND(S12*W12,0) -> 53 | P12: =IF(F12="","",ROUND(SQRT((F12*L12/100)^2+(G12*O12)^2),0)) -> 25 | R12: -12.429052 | S12: =U12*V12*$F$5 -> 364.49096 | T12: =MAX(0,MIN(1,R12/100+$D$5)) -> 0.38540757 | U12: 0.5813253 | V12: 627 | W12: 0.14423891 | X12: Small | Y12: state rolls, precinct
A13: Carbon | B13: BEAVER MEADOWS BOROUGH | C13: BEAVER MEADOWS BOROUGH | D13: =ROUND(S13*T13,0) -> 93 | E13: =ROUND(S13,0)-D13 -> 237 | F13: =IF(COUNTA(D13:E13)=0,"",SUM(D13:E13)) -> 330 | G13: =IF(OR(F13="",F13=0),"",D13/F13) -> 0.28181818 | H13: =IF(OR(F13="",F13=0),"",E13/F13) -> 0.71818182 | I13: random forest (results only) | J13: 3.2717186 | K13: =$K$8 -> 2.1257089 | L13: =SQRT(J13^2+K13^2) -> 3.9016382 | M13: =IF(G13="","",MAX(0,G13-1.96*L13/100)) -> 0.20534607 | N13: =IF(G13="","",MIN(1,G13+1.96*L13/100)) -> 0.35829029 | O13: =ROUND(S13*W13,0) -> 48 | P13: =IF(F13="","",ROUND(SQRT((F13*L13/100)^2+(G13*O13)^2),0)) -> 19 | R13: -22.670385 | S13: =U13*V13*$F$5 -> 330.13014 | T13: =MAX(0,MIN(1,R13/100+$D$5)) -> 0.28299424 | U13: 0.53767123 | V13: 614 | W13: 0.14423891 | X13: Small | Y13: state rolls, precinct
A14: Carbon | B14: BOWMANSTOWN BOROUGH | C14: BOWMANSTOWN BOROUGH | D14: =ROUND(S14*T14,0) -> 122 | E14: =ROUND(S14,0)-D14 -> 234 | F14: =IF(COUNTA(D14:E14)=0,"",SUM(D14:E14)) -> 356 | G14: =IF(OR(F14="",F14=0),"",D14/F14) -> 0.34269663 | H14: =IF(OR(F14="",F14=0),"",E14/F14) -> 0.65730337 | I14: random forest (results only) | J14: 3.2717186 | K14: =$K$8 -> 2.1257089 | L14: =SQRT(J14^2+K14^2) -> 3.9016382 | M14: =IF(G14="","",MAX(0,G14-1.96*L14/100)) -> 0.26622452 | N14: =IF(G14="","",MIN(1,G14+1.96*L14/100)) -> 0.41916874 | O14: =ROUND(S14*W14,0) -> 51 | P14: =IF(F14="","",ROUND(SQRT((F14*L14/100)^2+(G14*O14)^2),0)) -> 22 | R14: -16.763025 | S14: =U14*V14*$F$5 -> 355.63437 | T14: =MAX(0,MIN(1,R14/100+$D$5)) -> 0.34206784 | U14: 0.63619744 | V14: 559 | W14: 0.14423891 | X14: Small | Y14: state rolls, precinct
A15: Carbon | B15: EAST PENN TOWNSHIP | C15: EAST PENN TOWNSHIP-NORTH | D15: =ROUND(S15*T15,0) -> 185 | E15: =ROUND(S15,0)-D15 -> 539 | F15: =IF(COUNTA(D15:E15)=0,"",SUM(D15:E15)) -> 724 | G15: =IF(OR(F15="",F15=0),"",D15/F15) -> 0.25552486 | H15: =IF(OR(F15="",F15=0),"",E15/F15) -> 0.74447514 | I15: random forest (results only) | J15: 1.940776 | K15: =$K$8 -> 2.1257089 | L15: =SQRT(J15^2+K15^2) -> 2.878411 | M15: =IF(G15="","",MAX(0,G15-1.96*L15/100)) -> 0.19910801 | N15: =IF(G15="","",MIN(1,G15+1.96*L15/100)) -> 0.31194172 | O15: =ROUND(S15*W15,0) -> 61 | P15: =IF(F15="","",ROUND(SQRT((F15*L15/100)^2+(G15*O15)^2),0)) -> 26 | R15: -25.405272 | S15: =U15*V15*$F$5 -> 724.37791 | T15: =MAX(0,MIN(1,R15/100+$D$5)) -> 0.25564537 | U15: 0.67635659 | V15: 1071 | W15: 0.084758521 | X15: Medium | Y15: state rolls, precinct
A16: Carbon | B16: EAST PENN TOWNSHIP | C16: EAST PENN TOWNSHIP-SOUTH | D16: =ROUND(S16*T16,0) -> 171 | E16: =ROUND(S16,0)-D16 -> 440 | F16: =IF(COUNTA(D16:E16)=0,"",SUM(D16:E16)) -> 611 | G16: =IF(OR(F16="",F16=0),"",D16/F16) -> 0.27986907 | H16: =IF(OR(F16="",F16=0),"",E16/F16) -> 0.72013093 | I16: random forest (results only) | J16: 1.940776 | K16: =$K$8 -> 2.1257089 | L16: =SQRT(J16^2+K16^2) -> 2.878411 | M16: =IF(G16="","",MAX(0,G16-1.96*L16/100)) -> 0.22345221 | N16: =IF(G16="","",MIN(1,G16+1.96*L16/100)) -> 0.33628592 | O16: =ROUND(S16*W16,0) -> 52 | P16: =IF(F16="","",ROUND(SQRT((F16*L16/100)^2+(G16*O16)^2),0)) -> 23 | R16: -22.969312 | S16: =U16*V16*$F$5 -> 610.89237 | T16: =MAX(0,MIN(1,R16/100+$D$5)) -> 0.28000497 | U16: 0.62591432 | V16: 976 | W16: 0.084758521 | X16: Medium | Y16: state rolls, precinct
A17: Carbon | B17: EAST SIDE BOROUGH | C17: EAST SIDE BOROUGH | D17: =ROUND(S17*T17,0) -> 32 | E17: =ROUND(S17,0)-D17 -> 61 | F17: =IF(COUNTA(D17:E17)=0,"",SUM(D17:E17)) -> 93 | G17: =IF(OR(F17="",F17=0),"",D17/F17) -> 0.34408602 | H17: =IF(OR(F17="",F17=0),"",E17/F17) -> 0.65591398 | I17: random forest (results only) | J17: 3.2717186 | K17: =$K$8 -> 2.1257089 | L17: =SQRT(J17^2+K17^2) -> 3.9016382 | M17: =IF(G17="","",MAX(0,G17-1.96*L17/100)) -> 0.26761391 | N17: =IF(G17="","",MIN(1,G17+1.96*L17/100)) -> 0.42055813 | O17: =ROUND(S17*W17,0) -> 13 | P17: =IF(F17="","",ROUND(SQRT((F17*L17/100)^2+(G17*O17)^2),0)) -> 6 | R17: -17.226 | S17: =U17*V17*$F$5 -> 93.426829 | T17: =MAX(0,MIN(1,R17/100+$D$5)) -> 0.33743809 | U17: 0.57317073 | V17: 163 | W17: 0.14423891 | X17: Small | Y17: state rolls, precinct
A18: Carbon | B18: FRANKLIN TOWNSHIP | C18: FRANKLIN TOWNSHIP-HARRITY | D18: =ROUND(S18*T18,0) -> 244 | E18: =ROUND(S18,0)-D18 -> 609 | F18: =IF(COUNTA(D18:E18)=0,"",SUM(D18:E18)) -> 853 | G18: =IF(OR(F18="",F18=0),"",D18/F18) -> 0.28604924 | H18: =IF(OR(F18="",F18=0),"",E18/F18) -> 0.71395076 | I18: random forest (results only) | J18: 1.940776 | K18: =$K$8 -> 2.1257089 | L18: =SQRT(J18^2+K18^2) -> 2.878411 | M18: =IF(G18="","",MAX(0,G18-1.96*L18/100)) -> 0.22963238 | N18: =IF(G18="","",MIN(1,G18+1.96*L18/100)) -> 0.34246609 | O18: =ROUND(S18*W18,0) -> 72 | P18: =IF(F18="","",ROUND(SQRT((F18*L18/100)^2+(G18*O18)^2),0)) -> 32 | R18: -22.360368 | S18: =U18*V18*$F$5 -> 852.99444 | T18: =MAX(0,MIN(1,R18/100+$D$5)) -> 0.2860944 | U18: 0.66640191 | V18: 1280 | W18: 0.084758521 | X18: Medium | Y18: state rolls, precinct
A19: Carbon | B19: FRANKLIN TOWNSHIP | C19: FRANKLIN TOWNSHIP-IND DIST | D19: =ROUND(S19*T19,0) -> 130 | E19: =ROUND(S19,0)-D19 -> 318 | F19: =IF(COUNTA(D19:E19)=0,"",SUM(D19:E19)) -> 448 | G19: =IF(OR(F19="",F19=0),"",D19/F19) -> 0.29017857 | H19: =IF(OR(F19="",F19=0),"",E19/F19) -> 0.70982143 | I19: random forest (results only) | J19: 3.2717186 | K19: =$K$8 -> 2.1257089 | L19: =SQRT(J19^2+K19^2) -> 3.9016382 | M19: =IF(G19="","",MAX(0,G19-1.96*L19/100)) -> 0.21370646 | N19: =IF(G19="","",MIN(1,G19+1.96*L19/100)) -> 0.36665068 | O19: =ROUND(S19*W19,0) -> 65 | P19: =IF(F19="","",ROUND(SQRT((F19*L19/100)^2+(G19*O19)^2),0)) -> 26 | R19: -21.981537 | S19: =U19*V19*$F$5 -> 447.93932 | T19: =MAX(0,MIN(1,R19/100+$D$5)) -> 0.28988272 | U19: 0.55097087 | V19: 813 | W19: 0.14423891 | X19: Small | Y19: state rolls, precinct
A20: Carbon | B20: FRANKLIN TOWNSHIP | C20: FRANKLIN TOWNSHIP-LONG RUN | D20: =ROUND(S20*T20,0) -> 182 | E20: =ROUND(S20,0)-D20 -> 501 | F20: =IF(COUNTA(D20:E20)=0,"",SUM(D20:E20)) -> 683 | G20: =IF(OR(F20="",F20=0),"",D20/F20) -> 0.26647145 | H20: =IF(OR(F20="",F20=0),"",E20/F20) -> 0.73352855 | I20: random forest (results only) | J20: 1.940776 | K20: =$K$8 -> 2.1257089 | L20: =SQRT(J20^2+K20^2) -> 2.878411 | M20: =IF(G20="","",MAX(0,G20-1.96*L20/100)) -> 0.21005459 | N20: =IF(G20="","",MIN(1,G20+1.96*L20/100)) -> 0.3228883 | O20: =ROUND(S20*W20,0) -> 58 | P20: =IF(F20="","",ROUND(SQRT((F20*L20/100)^2+(G20*O20)^2),0)) -> 25 | R20: -24.291021 | S20: =U20*V20*$F$5 -> 683.32677 | T20: =MAX(0,MIN(1,R20/100+$D$5)) -> 0.26678788 | U20: 0.65452756 | V20: 1044 | W20: 0.084758521 | X20: Medium | Y20: state rolls, precinct
A21: Carbon | B21: JIM THORPE BOROUGH | C21: JIM THORPE BOROUGH-1ST | D21: =ROUND(S21*T21,0) -> 196 | E21: =ROUND(S21,0)-D21 -> 240 | F21: =IF(COUNTA(D21:E21)=0,"",SUM(D21:E21)) -> 436 | G21: =IF(OR(F21="",F21=0),"",D21/F21) -> 0.44954128 | H21: =IF(OR(F21="",F21=0),"",E21/F21) -> 0.55045872 | I21: random forest (results only) | J21: 3.2717186 | K21: =$K$8 -> 2.1257089 | L21: =SQRT(J21^2+K21^2) -> 3.9016382 | M21: =IF(G21="","",MAX(0,G21-1.96*L21/100)) -> 0.37306918 | N21: =IF(G21="","",MIN(1,G21+1.96*L21/100)) -> 0.52601339 | O21: =ROUND(S21*W21,0) -> 63 | P21: =IF(F21="","",ROUND(SQRT((F21*L21/100)^2+(G21*O21)^2),0)) -> 33 | R21: -5.9587258 | S21: =U21*V21*$F$5 -> 436.24467 | T21: =MAX(0,MIN(1,R21/100+$D$5)) -> 0.45011083 | U21: 0.62588905 | V21: 697 | W21: 0.14423891 | X21: Small | Y21: state rolls, precinct
A22: Carbon | B22: JIM THORPE BOROUGH | C22: JIM THORPE BOROUGH-2ND | D22: =ROUND(S22*T22,0) -> 116 | E22: =ROUND(S22,0)-D22 -> 164 | F22: =IF(COUNTA(D22:E22)=0,"",SUM(D22:E22)) -> 280 | G22: =IF(OR(F22="",F22=0),"",D22/F22) -> 0.41428571 | H22: =IF(OR(F22="",F22=0),"",E22/F22) -> 0.58571429 | I22: random forest (results only) | J22: 3.2717186 | K22: =$K$8 -> 2.1257089 | L22: =SQRT(J22^2+K22^2) -> 3.9016382 | M22: =IF(G22="","",MAX(0,G22-1.96*L22/100)) -> 0.33781361 | N22: =IF(G22="","",MIN(1,G22+1.96*L22/100)) -> 0.49075782 | O22: =ROUND(S22*W22,0) -> 40 | P22: =IF(F22="","",ROUND(SQRT((F22*L22/100)^2+(G22*O22)^2),0)) -> 20 | R22: -9.563064 | S22: =U22*V22*$F$5 -> 280.5 | T22: =MAX(0,MIN(1,R22/100+$D$5)) -> 0.41406745 | U22: 0.56896552 | V22: 493 | W22: 0.14423891 | X22: Small | Y22: state rolls, precinct
A23: Carbon | B23: JIM THORPE BOROUGH | C23: JIM THORPE BOROUGH-3RD | D23: =ROUND(S23*T23,0) -> 247 | E23: =ROUND(S23,0)-D23 -> 399 | F23: =IF(COUNTA(D23:E23)=0,"",SUM(D23:E23)) -> 646 | G23: =IF(OR(F23="",F23=0),"",D23/F23) -> 0.38235294 | H23: =IF(OR(F23="",F23=0),"",E23/F23) -> 0.61764706 | I23: random forest (results only) | J23: 1.940776 | K23: =$K$8 -> 2.1257089 | L23: =SQRT(J23^2+K23^2) -> 2.878411 | M23: =IF(G23="","",MAX(0,G23-1.96*L23/100)) -> 0.32593609 | N23: =IF(G23="","",MIN(1,G23+1.96*L23/100)) -> 0.4387698 | O23: =ROUND(S23*W23,0) -> 55 | P23: =IF(F23="","",ROUND(SQRT((F23*L23/100)^2+(G23*O23)^2),0)) -> 28 | R23: -12.698531 | S23: =U23*V23*$F$5 -> 645.69536 | T23: =MAX(0,MIN(1,R23/100+$D$5)) -> 0.38271278 | U23: 0.68984547 | V23: 936 | W23: 0.084758521 | X23: Medium | Y23: state rolls, precinct
... A376: Northampton | B376: WIND GAP | C376: WIND GAP | D376: =ROUND(S376*T376,0) -> 483 | E376: =ROUND(S376,0)-D376 -> 662 | F376: =IF(COUNTA(D376:E376)=0,"",SUM(D376:E376)) -> 1145 | G376: =IF(OR(F376="",F376=0),"",D376/F376) -> 0.42183406 | H376: =IF(OR(F376="",F376=0),"",E376/F376) -> 0.57816594 | I376: random forest (results only) | J376: 1.7575191 | K376: =$K$8 -> 2.1257089 | L376: =SQRT(J376^2+K376^2) -> 2.7581718 | M376: =IF(G376="","",MAX(0,G376-1.96*L376/100)) -> 0.36777389 | N376: =IF(G376="","",MIN(1,G376+1.96*L376/100)) -> 0.47589423 | O376: =ROUND(S376*W376,0) -> 72 | P376: =IF(F376="","",ROUND(SQRT((F376*L376/100)^2+(G376*O376)^2),0)) -> 44 | R376: -8.842218 | S376: =U376*V376*$F$5 -> 1145.4806 | T376: =MAX(0,MIN(1,R376/100+$D$5)) -> 0.42127591 | U376: 0.53702795 | V376: 2133 | W376: 0.062659809 | X376: Large | Y376: state rolls, precinct

Sheet 2026 Forecast C
A1: PA-07 2026 House Forecast — Precinct-Level Predictions (Forecast C: shap family-reweighted forest)
A2: Candidates: Brooks | Mackenzie | District totals (yellow) are formulas over the precinct rows.
A3: Only the results are modelled (one random forest). Votes cast in each row = its 2022 turnout rate (House votes ÷ registered voters) × its 2026 registered voters. Brooks votes = votes cast × forecast Brooks share. Error terms combine the place’s own pattern error (2022 and 2024 backtests), the district-wide error and turnout error (2020, 2022 and 2024 backtests).
A4: Model / scenario | B4: Random forest on results — Forecast C (SHAP family-reweighted forest), precinct model; turnout = 2022 turnout rate × 2026 registered voters | C4: As-of date | D4: 46300 | E4: Prepared by | F4: Max | G4: Version | H4: v9.0 (current map; feeder rule; 27 historical precincts)
A5: District Brooks share (scenario) | B5: ='Scenario & Comparison'!$C$6 -> 0.49330923 | C5: Uniform shift applied | D5: =B5-SUMPRODUCT(R12:R376,S12:S376)/SUM(S12:S376)/100 -> 0.50837086 | E5: Turnout multiplier (1.00 = 2022 turnout) | F5: ='Scenario & Comparison'!$C$7 -> 1
A6: DISTRICT TOTALS (auto-sum — do not type over)
A7: Geography | B7: (muni) | C7: (precinct) | D7: Brooks votes | E7: Mackenzie votes | F7: Total votes | G7: Brooks share | H7: Mackenzie share | I7: Notes | J7: Error term: place pattern (± pts) | K7: Error term: district-wide (± pts) | L7: Error term: total (± pts) | M7: Brooks share, 95% low | N7: Brooks share, 95% high | O7: Error term: votes cast (± votes) | P7: Error term: Brooks votes (± votes)
A8: PA-07 District | B8: (all precincts) | D8: =SUM(D12:D376) -> 151497 | E8: =SUM(E12:E376) -> 155603 | F8: =D8+E8 -> 307100 | G8: =IF(F8=0,"",D8/F8) -> 0.49331488 | H8: =IF(F8=0,"",E8/F8) -> 0.50668512 | I8: Headline forecast for the briefing | J8: 0 | K8: 2.1253506 | L8: =SQRT(J8^2+K8^2) -> 2.1253506 | M8: =G8-1.96*L8/100 -> 0.45165801 | N8: =G8+1.96*L8/100 -> 0.53497175 | O8: =ROUND(F8*0.03668,0) -> 11264 | P8: =ROUND(SQRT((F8*L8/100)^2+(G8*O8)^2),0) -> 8572
A9: Error terms are ±1 standard error: place pattern error by place size (2022 and 2024 forward backtests) plus district-wide and turnout error (2020, 2022 and 2024 backtests). 95% low/high = Brooks share ± 1.96 × total error term.
A10: PRECINCT DETAIL | R10: MODEL INPUTS (from the random forest — do not edit)
A11: County | B11: Municipality | C11: Precinct | D11: Brooks votes | E11: Mackenzie votes | F11: Total votes | G11: Brooks share | H11: Mackenzie share | I11: Notes / source method | J11: Error term: place pattern (± pts) | K11: Error term: district-wide (± pts) | L11: Error term: total (± pts) | M11: Brooks share, 95% low | N11: Brooks share, 95% high | O11: Error term: votes cast (± votes) | P11: Error term: Brooks votes (± votes) | R11: Model lean vs district (pts) | S11: Votes cast = 2022 turnout × 2026 registered | T11: Forecast Brooks share (unrounded) | U11: 2022 turnout (House votes ÷ registered) | V11: 2026 registered voters | W11: Votes-cast error (% of votes) | X11: Size group (backtest error band) | Y11: Registration source
A12: Carbon | B12: BANKS TOWNSHIP | C12: BANKS TOWNSHIP | D12: =ROUND(S12*T12,0) -> 139 | E12: =ROUND(S12,0)-D12 -> 225 | F12: =IF(COUNTA(D12:E12)=0,"",SUM(D12:E12)) -> 364 | G12: =IF(OR(F12="",F12=0),"",D12/F12) -> 0.38186813 | H12: =IF(OR(F12="",F12=0),"",E12/F12) -> 0.61813187 | I12: random forest (results only) | J12: 3.4877482 | K12: =$K$8 -> 2.1253506 | L12: =SQRT(J12^2+K12^2) -> 4.0842995 | M12: =IF(G12="","",MAX(0,G12-1.96*L12/100)) -> 0.30181586 | N12: =IF(G12="","",MIN(1,G12+1.96*L12/100)) -> 0.4619204 | O12: =ROUND(S12*W12,0) -> 53 | P12: =IF(F12="","",ROUND(SQRT((F12*L12/100)^2+(G12*O12)^2),0)) -> 25 | R12: -12.702743 | S12: =U12*V12*$F$5 -> 364.49096 | T12: =MAX(0,MIN(1,R12/100+$D$5)) -> 0.38134343 | U12: 0.5813253 | V12: 627 | W12: 0.14423891 | X12: Small | Y12: state rolls, precinct
A13: Carbon | B13: BEAVER MEADOWS BOROUGH | C13: BEAVER MEADOWS BOROUGH | D13: =ROUND(S13*T13,0) -> 94 | E13: =ROUND(S13,0)-D13 -> 236 | F13: =IF(COUNTA(D13:E13)=0,"",SUM(D13:E13)) -> 330 | G13: =IF(OR(F13="",F13=0),"",D13/F13) -> 0.28484848 | H13: =IF(OR(F13="",F13=0),"",E13/F13) -> 0.71515152 | I13: random forest (results only) | J13: 3.4877482 | K13: =$K$8 -> 2.1253506 | L13: =SQRT(J13^2+K13^2) -> 4.0842995 | M13: =IF(G13="","",MAX(0,G13-1.96*L13/100)) -> 0.20479621 | N13: =IF(G13="","",MIN(1,G13+1.96*L13/100)) -> 0.36490076 | O13: =ROUND(S13*W13,0) -> 48 | P13: =IF(F13="","",ROUND(SQRT((F13*L13/100)^2+(G13*O13)^2),0)) -> 19 | R13: -22.363267 | S13: =U13*V13*$F$5 -> 330.13014 | T13: =MAX(0,MIN(1,R13/100+$D$5)) -> 0.28473819 | U13: 0.53767123 | V13: 614 | W13: 0.14423891 | X13: Small | Y13: state rolls, precinct
A14: Carbon | B14: BOWMANSTOWN BOROUGH | C14: BOWMANSTOWN BOROUGH | D14: =ROUND(S14*T14,0) -> 118 | E14: =ROUND(S14,0)-D14 -> 238 | F14: =IF(COUNTA(D14:E14)=0,"",SUM(D14:E14)) -> 356 | G14: =IF(OR(F14="",F14=0),"",D14/F14) -> 0.33146067 | H14: =IF(OR(F14="",F14=0),"",E14/F14) -> 0.66853933 | I14: random forest (results only) | J14: 3.4877482 | K14: =$K$8 -> 2.1253506 | L14: =SQRT(J14^2+K14^2) -> 4.0842995 | M14: =IF(G14="","",MAX(0,G14-1.96*L14/100)) -> 0.2514084 | N14: =IF(G14="","",MIN(1,G14+1.96*L14/100)) -> 0.41151294 | O14: =ROUND(S14*W14,0) -> 51 | P14: =IF(F14="","",ROUND(SQRT((F14*L14/100)^2+(G14*O14)^2),0)) -> 22 | R14: -17.722549 | S14: =U14*V14*$F$5 -> 355.63437 | T14: =MAX(0,MIN(1,R14/100+$D$5)) -> 0.33114537 | U14: 0.63619744 | V14: 559 | W14: 0.14423891 | X14: Small | Y14: state rolls, precinct
A15: Carbon | B15: EAST PENN TOWNSHIP | C15: EAST PENN TOWNSHIP-NORTH | D15: =ROUND(S15*T15,0) -> 190 | E15: =ROUND(S15,0)-D15 -> 534 | F15: =IF(COUNTA(D15:E15)=0,"",SUM(D15:E15)) -> 724 | G15: =IF(OR(F15="",F15=0),"",D15/F15) -> 0.26243094 | H15: =IF(OR(F15="",F15=0),"",E15/F15) -> 0.73756906 | I15: random forest (results only) | J15: 2.1380818 | K15: =$K$8 -> 2.1253506 | L15: =SQRT(J15^2+K15^2) -> 3.0147154 | M15: =IF(G15="","",MAX(0,G15-1.96*L15/100)) -> 0.20334252 | N15: =IF(G15="","",MIN(1,G15+1.96*L15/100)) -> 0.32151936 | O15: =ROUND(S15*W15,0) -> 61 | P15: =IF(F15="","",ROUND(SQRT((F15*L15/100)^2+(G15*O15)^2),0)) -> 27 | R15: -24.605839 | S15: =U15*V15*$F$5 -> 724.37791 | T15: =MAX(0,MIN(1,R15/100+$D$5)) -> 0.26231247 | U15: 0.67635659 | V15: 1071 | W15: 0.084758521 | X15: Medium | Y15: state rolls, precinct
A16: Carbon | B16: EAST PENN TOWNSHIP | C16: EAST PENN TOWNSHIP-SOUTH | D16: =ROUND(S16*T16,0) -> 174 | E16: =ROUND(S16,0)-D16 -> 437 | F16: =IF(COUNTA(D16:E16)=0,"",SUM(D16:E16)) -> 611 | G16: =IF(OR(F16="",F16=0),"",D16/F16) -> 0.28477905 | H16: =IF(OR(F16="",F16=0),"",E16/F16) -> 0.71522095 | I16: random forest (results only) | J16: 2.1380818 | K16: =$K$8 -> 2.1253506 | L16: =SQRT(J16^2+K16^2) -> 3.0147154 | M16: =IF(G16="","",MAX(0,G16-1.96*L16/100)) -> 0.22569063 | N16: =IF(G16="","",MIN(1,G16+1.96*L16/100)) -> 0.34386747 | O16: =ROUND(S16*W16,0) -> 52 | P16: =IF(F16="","",ROUND(SQRT((F16*L16/100)^2+(G16*O16)^2),0)) -> 24 | R16: -22.284666 | S16: =U16*V16*$F$5 -> 610.89237 | T16: =MAX(0,MIN(1,R16/100+$D$5)) -> 0.2855242 | U16: 0.62591432 | V16: 976 | W16: 0.084758521 | X16: Medium | Y16: state rolls, precinct
A17: Carbon | B17: EAST SIDE BOROUGH | C17: EAST SIDE BOROUGH | D17: =ROUND(S17*T17,0) -> 32 | E17: =ROUND(S17,0)-D17 -> 61 | F17: =IF(COUNTA(D17:E17)=0,"",SUM(D17:E17)) -> 93 | G17: =IF(OR(F17="",F17=0),"",D17/F17) -> 0.34408602 | H17: =IF(OR(F17="",F17=0),"",E17/F17) -> 0.65591398 | I17: random forest (results only) | J17: 3.4877482 | K17: =$K$8 -> 2.1253506 | L17: =SQRT(J17^2+K17^2) -> 4.0842995 | M17: =IF(G17="","",MAX(0,G17-1.96*L17/100)) -> 0.26403375 | N17: =IF(G17="","",MIN(1,G17+1.96*L17/100)) -> 0.42413829 | O17: =ROUND(S17*W17,0) -> 13 | P17: =IF(F17="","",ROUND(SQRT((F17*L17/100)^2+(G17*O17)^2),0)) -> 6 | R17: -17.116424 | S17: =U17*V17*$F$5 -> 93.426829 | T17: =MAX(0,MIN(1,R17/100+$D$5)) -> 0.33720662 | U17: 0.57317073 | V17: 163 | W17: 0.14423891 | X17: Small | Y17: state rolls, precinct
A18: Carbon | B18: FRANKLIN TOWNSHIP | C18: FRANKLIN TOWNSHIP-HARRITY | D18: =ROUND(S18*T18,0) -> 247 | E18: =ROUND(S18,0)-D18 -> 606 | F18: =IF(COUNTA(D18:E18)=0,"",SUM(D18:E18)) -> 853 | G18: =IF(OR(F18="",F18=0),"",D18/F18) -> 0.28956624 | H18: =IF(OR(F18="",F18=0),"",E18/F18) -> 0.71043376 | I18: random forest (results only) | J18: 2.1380818 | K18: =$K$8 -> 2.1253506 | L18: =SQRT(J18^2+K18^2) -> 3.0147154 | M18: =IF(G18="","",MAX(0,G18-1.96*L18/100)) -> 0.23047781 | N18: =IF(G18="","",MIN(1,G18+1.96*L18/100)) -> 0.34865466 | O18: =ROUND(S18*W18,0) -> 72 | P18: =IF(F18="","",ROUND(SQRT((F18*L18/100)^2+(G18*O18)^2),0)) -> 33 | R18: -21.934432 | S18: =U18*V18*$F$5 -> 852.99444 | T18: =MAX(0,MIN(1,R18/100+$D$5)) -> 0.28902654 | U18: 0.66640191 | V18: 1280 | W18: 0.084758521 | X18: Medium | Y18: state rolls, precinct
A19: Carbon | B19: FRANKLIN TOWNSHIP | C19: FRANKLIN TOWNSHIP-IND DIST | D19: =ROUND(S19*T19,0) -> 130 | E19: =ROUND(S19,0)-D19 -> 318 | F19: =IF(COUNTA(D19:E19)=0,"",SUM(D19:E19)) -> 448 | G19: =IF(OR(F19="",F19=0),"",D19/F19) -> 0.29017857 | H19: =IF(OR(F19="",F19=0),"",E19/F19) -> 0.70982143 | I19: random forest (results only) | J19: 3.4877482 | K19: =$K$8 -> 2.1253506 | L19: =SQRT(J19^2+K19^2) -> 4.0842995 | M19: =IF(G19="","",MAX(0,G19-1.96*L19/100)) -> 0.2101263 | N19: =IF(G19="","",MIN(1,G19+1.96*L19/100)) -> 0.37023084 | O19: =ROUND(S19*W19,0) -> 65 | P19: =IF(F19="","",ROUND(SQRT((F19*L19/100)^2+(G19*O19)^2),0)) -> 26 | R19: -21.894475 | S19: =U19*V19*$F$5 -> 447.93932 | T19: =MAX(0,MIN(1,R19/100+$D$5)) -> 0.28942611 | U19: 0.55097087 | V19: 813 | W19: 0.14423891 | X19: Small | Y19: state rolls, precinct
A20: Carbon | B20: FRANKLIN TOWNSHIP | C20: FRANKLIN TOWNSHIP-LONG RUN | D20: =ROUND(S20*T20,0) -> 186 | E20: =ROUND(S20,0)-D20 -> 497 | F20: =IF(COUNTA(D20:E20)=0,"",SUM(D20:E20)) -> 683 | G20: =IF(OR(F20="",F20=0),"",D20/F20) -> 0.27232796 | H20: =IF(OR(F20="",F20=0),"",E20/F20) -> 0.72767204 | I20: random forest (results only) | J20: 2.1380818 | K20: =$K$8 -> 2.1253506 | L20: =SQRT(J20^2+K20^2) -> 3.0147154 | M20: =IF(G20="","",MAX(0,G20-1.96*L20/100)) -> 0.21323954 | N20: =IF(G20="","",MIN(1,G20+1.96*L20/100)) -> 0.33141639 | O20: =ROUND(S20*W20,0) -> 58 | P20: =IF(F20="","",ROUND(SQRT((F20*L20/100)^2+(G20*O20)^2),0)) -> 26 | R20: -23.608117 | S20: =U20*V20*$F$5 -> 683.32677 | T20: =MAX(0,MIN(1,R20/100+$D$5)) -> 0.27228968 | U20: 0.65452756 | V20: 1044 | W20: 0.084758521 | X20: Medium | Y20: state rolls, precinct
A21: Carbon | B21: JIM THORPE BOROUGH | C21: JIM THORPE BOROUGH-1ST | D21: =ROUND(S21*T21,0) -> 193 | E21: =ROUND(S21,0)-D21 -> 243 | F21: =IF(COUNTA(D21:E21)=0,"",SUM(D21:E21)) -> 436 | G21: =IF(OR(F21="",F21=0),"",D21/F21) -> 0.44266055 | H21: =IF(OR(F21="",F21=0),"",E21/F21) -> 0.55733945 | I21: random forest (results only) | J21: 3.4877482 | K21: =$K$8 -> 2.1253506 | L21: =SQRT(J21^2+K21^2) -> 4.0842995 | M21: =IF(G21="","",MAX(0,G21-1.96*L21/100)) -> 0.36260828 | N21: =IF(G21="","",MIN(1,G21+1.96*L21/100)) -> 0.52271282 | O21: =ROUND(S21*W21,0) -> 63 | P21: =IF(F21="","",ROUND(SQRT((F21*L21/100)^2+(G21*O21)^2),0)) -> 33 | R21: -6.5279449 | S21: =U21*V21*$F$5 -> 436.24467 | T21: =MAX(0,MIN(1,R21/100+$D$5)) -> 0.44309141 | U21: 0.62588905 | V21: 697 | W21: 0.14423891 | X21: Small | Y21: state rolls, precinct
A22: Carbon | B22: JIM THORPE BOROUGH | C22: JIM THORPE BOROUGH-2ND | D22: =ROUND(S22*T22,0) -> 119 | E22: =ROUND(S22,0)-D22 -> 161 | F22: =IF(COUNTA(D22:E22)=0,"",SUM(D22:E22)) -> 280 | G22: =IF(OR(F22="",F22=0),"",D22/F22) -> 0.425 | H22: =IF(OR(F22="",F22=0),"",E22/F22) -> 0.575 | I22: random forest (results only) | J22: 3.4877482 | K22: =$K$8 -> 2.1253506 | L22: =SQRT(J22^2+K22^2) -> 4.0842995 | M22: =IF(G22="","",MAX(0,G22-1.96*L22/100)) -> 0.34494773 | N22: =IF(G22="","",MIN(1,G22+1.96*L22/100)) -> 0.50505227 | O22: =ROUND(S22*W22,0) -> 40 | P22: =IF(F22="","",ROUND(SQRT((F22*L22/100)^2+(G22*O22)^2),0)) -> 20 | R22: -8.3228305 | S22: =U22*V22*$F$5 -> 280.5 | T22: =MAX(0,MIN(1,R22/100+$D$5)) -> 0.42514255 | U22: 0.56896552 | V22: 493 | W22: 0.14423891 | X22: Small | Y22: state rolls, precinct
A23: Carbon | B23: JIM THORPE BOROUGH | C23: JIM THORPE BOROUGH-3RD | D23: =ROUND(S23*T23,0) -> 248 | E23: =ROUND(S23,0)-D23 -> 398 | F23: =IF(COUNTA(D23:E23)=0,"",SUM(D23:E23)) -> 646 | G23: =IF(OR(F23="",F23=0),"",D23/F23) -> 0.38390093 | H23: =IF(OR(F23="",F23=0),"",E23/F23) -> 0.61609907 | I23: random forest (results only) | J23: 2.1380818 | K23: =$K$8 -> 2.1253506 | L23: =SQRT(J23^2+K23^2) -> 3.0147154 | M23: =IF(G23="","",MAX(0,G23-1.96*L23/100)) -> 0.32481251 | N23: =IF(G23="","",MIN(1,G23+1.96*L23/100)) -> 0.44298935 | O23: =ROUND(S23*W23,0) -> 55 | P23: =IF(F23="","",ROUND(SQRT((F23*L23/100)^2+(G23*O23)^2),0)) -> 29 | R23: -12.489696 | S23: =U23*V23*$F$5 -> 645.69536 | T23: =MAX(0,MIN(1,R23/100+$D$5)) -> 0.3834739 | U23: 0.68984547 | V23: 936 | W23: 0.084758521 | X23: Medium | Y23: state rolls, precinct
... A376: Northampton | B376: WIND GAP | C376: WIND GAP | D376: =ROUND(S376*T376,0) -> 491 | E376: =ROUND(S376,0)-D376 -> 654 | F376: =IF(COUNTA(D376:E376)=0,"",SUM(D376:E376)) -> 1145 | G376: =IF(OR(F376="",F376=0),"",D376/F376) -> 0.42882096 | H376: =IF(OR(F376="",F376=0),"",E376/F376) -> 0.57117904 | I376: random forest (results only) | J376: 1.7280547 | K376: =$K$8 -> 2.1253506 | L376: =SQRT(J376^2+K376^2) -> 2.7392131 | M376: =IF(G376="","",MAX(0,G376-1.96*L376/100)) -> 0.37513238 | N376: =IF(G376="","",MIN(1,G376+1.96*L376/100)) -> 0.48250954 | O376: =ROUND(S376*W376,0) -> 72 | P376: =IF(F376="","",ROUND(SQRT((F376*L376/100)^2+(G376*O376)^2),0)) -> 44 | R376: -7.9403275 | S376: =U376*V376*$F$5 -> 1145.4806 | T376: =MAX(0,MIN(1,R376/100+$D$5)) -> 0.42896758 | U376: 0.53702795 | V376: 2133 | W376: 0.062659809 | X376: Large | Y376: state rolls, precinct

Sheet How Forecasts Are Weighted
A1: How the three precinct-level forecasts weigh their inputs (SHAP) — results-only random forests
A3: Forecast A — Full random forest.
A4: All 22 candidate inputs go into one random forest that forecasts the Democratic share. Nothing is weighted by hand; SHAP measures what the forest learned. This is the reference.
A5: Forecast B — SHAP-selected forest.
A6: Keeps only inputs whose average |SHAP| beat all 10 random columns in at least 18 of 20 refits and that held at least 2% of Forecast A’s SHAP total (6 of 22 kept), then refits the forest on them. Weight that was spread thinly over weak inputs is concentrated on the strong ones.
A7: Forecast C — SHAP family-reweighted forest.
A8: Keeps Forecast A’s forest but multiplies each input family’s SHAP values by a weight fitted to how well that family predicted elections the forest had not seen (leave-one-election-out, fitted within each election). Families under 3% of SHAP stay at ×1; others are limited to ×0.5–×2 because there are only three training elections.
A9: Backtests.
A10: Each 2024 backtest uses its own forecast’s weighting: A’s full input set, B’s selected inputs, and C’s exact family weights — refit only on 2020 and 2022.
A11: Turnout.
A12: Not modelled in any forecast: votes cast = each place’s 2022 turnout rate × its 2026 registered voters (2020 turnout × 2024 registered in the backtest). All differences between A, B and C come from the results model.
A14: Family share of SHAP value in votes, 2026 forecast rows
A15: Input family | B15: Forecast A | C15: Forecast B | D15: Forecast C | E15: Forecast C weight (×)
A16: Election type | B16: 0.0012803358 | C16: 0 | D16: 0.0012620897 | E16: 1
A17: Geography & municipal context | B17: 0.13387813 | C17: 0.15359271 | D17: 0.14252182 | E17: 1.0799544
A18: Historical voter data | B18: 0.73999289 | C18: 0.69415473 | D18: 0.69968704 | E18: 0.95920171
A19: Voter registration data | B19: 0.12484865 | C19: 0.15225256 | D19: 0.15652905 | E19: 1.271876
A20: Out-of-fold pattern error before → after Forecast C’s re-weighting: 2.58 → 2.57 points.
A22: Top inputs in each forecast (share of SHAP value in votes)
A23: # | B23: Forecast A | C23: Share | D23: Forecast B | E23: Share | F23: Forecast C | G23: Share
A24: 1 | B24: Feeder precinct House lean (district-relative) | C24: 0.54616418 | D24: Feeder precinct House lean (district-relative) | E24: 0.47242082 | F24: Feeder precinct House lean (district-relative) | G24: 0.51641576
A25: 2 | B25: Feeder electorate: R % of ballots | C25: 0.17258011 | D25: Feeder electorate: R % of ballots | E25: 0.22173391 | F25: Feeder electorate: R % of ballots | G25: 0.16318004
A26: 3 | B26: Feeder municipality House lean | C26: 0.1181371 | D26: Feeder municipality House lean | E26: 0.15359271 | F26: Feeder municipality House lean | G26: 0.1257645
A27: 4 | B27: State registration: R % | C27: 0.050769429 | D27: State registration: R % | E27: 0.086611623 | F27: State registration: R % | G27: 0.063652196
A28: 5 | B28: State registration: D % | C28: 0.02255122 | D28: State registration: change in D−R margin since the feeder elections | E28: 0.038347962 | F28: State registration: D % | G28: 0.028273603
A29: 6 | B29: State registration: change in D−R margin since the feeder elections | C29: 0.021644407 | D29: State registration: D % | E29: 0.027292975 | F29: State registration: change in D−R margin since the feeder elections | G29: 0.027136686
A30: 7 | B30: Voter-file party switch gap (voter-file R % − state R %) | C30: 0.0085310098 | F30: Voter-file party switch gap (voter-file R % − state R %) | G30: 0.010695758
A31: 8 | B31: Feeder precinct vs. its municipality (pts) | C31: 0.0084001564 | F31: Feeder precinct vs. its municipality (pts) | G31: 0.0089425033
A32: 9 | B32: Registered voters (log, state) | C32: 0.0067709206 | F32: Registered voters (log, state) | G32: 0.008489045
A33: 10 | B33: Feeder turnout: R registrants | C33: 0.0060976883 | F33: State registration: other % | G33: 0.0061214085
A35: Forecast B — random-column test and selection
A36: Input | B36: Beat random columns (of 20) | C36: Share of SHAP in A | D36: Kept in B?
A37: Feeder precinct House lean (district-relative) | B37: 20 | C37: 0.56027106 | D37: Yes
A38: Feeder electorate: R % of ballots | B38: 20 | C38: 0.17096928 | D38: Yes
A39: Feeder municipality House lean | B39: 20 | C39: 0.11329823 | D39: Yes
A40: State registration: R % | B40: 20 | C40: 0.048067511 | D40: Yes
A41: State registration: change in D−R margin since the feeder elections | B41: 20 | C41: 0.022488904 | D41: Yes
A42: State registration: D % | B42: 20 | C42: 0.020630906 | D42: Yes
A43: Feeder precinct vs. its municipality (pts) | B43: 20 | C43: 0.00797696 | D43: No
A44: Voter-file party switch gap (voter-file R % − state R %) | B44: 20 | C44: 0.0076225312 | D44: No
A45: Feeder turnout: R registrants | B45: 20 | C45: 0.0057299883 | D45: No
A46: Registered voters (log, state) | B46: 20 | C46: 0.0055682137 | D46: No
A47: Feeder turnout (state, % of registered) | B47: 20 | C47: 0.0051492875 | D47: No
A48: Feeder mail use: D voters | B48: 19 | C48: 0.0049007426 | D48: No
... A58: Midterm year (1/0) | B58: 0 | C58: 0.0010580636 | D58: No

Sheet Feature Ranking A
A1: Rank | B1: Feature | C1: Input family | D1: Share of model | E1: Share within its family | F1: SHAP value in votes | G1: Used to forecast | H1: Significance test result | I1: Variable (short name) | J1: Status in Forecast B
A2: 1 | B2: Precinct’s Democratic percent of the two-party House vote, above or below the district average, from the feeder elections (2026: 67% 2022 + 33% 2024) | C2: Historical voter data | D2: 0.54616418 | E2: 0.73806679 | F2: 100.73477 | G2: Democratic percent of the two-party vote | H2: Beat all 10 random comparison columns in 20 of 20 refits. | I2: Feeder precinct House lean (district-relative) | J2: Kept in B
A3: 2 | B3: Registered Republicans as a percent of everyone who voted, in the feeder elections (voter file) | C3: Historical voter data | D3: 0.17258011 | E3: 0.23321861 | F3: 31.830753 | G3: Democratic percent of the two-party vote | H3: Beat all 10 random comparison columns in 20 of 20 refits. | I3: Feeder electorate: R % of ballots | J3: Kept in B
A4: 3 | B4: The precinct’s municipality’s House lean from the feeder elections | C4: Geography & municipal context | D4: 0.1181371 | E4: 0.88242274 | F4: 21.78926 | G4: Democratic percent of the two-party vote | H4: Beat all 10 random comparison columns in 20 of 20 refits. | I4: Feeder municipality House lean | J4: Kept in B
A5: 4 | B5: Registered Republicans as a percent of all registered voters, as of the election (Department of State) | C5: Voter registration data | D5: 0.050769429 | E5: 0.40664782 | F5: 9.3639362 | G5: Democratic percent of the two-party vote | H5: Beat all 10 random comparison columns in 20 of 20 refits. | I5: State registration: R % | J5: Kept in B
A6: 5 | B6: Registered Democrats as a percent of all registered voters, as of the election (Department of State) | C6: Voter registration data | D6: 0.02255122 | E6: 0.18062847 | F6: 4.1593571 | G6: Democratic percent of the two-party vote | H6: Beat all 10 random comparison columns in 20 of 20 refits. | I6: State registration: D % | J6: Kept in B
A7: 6 | B7: Registered Democrats minus Republicans (percent) now, minus the same in the feeder elections (Department of State) | C7: Voter registration data | D7: 0.021644407 | E7: 0.17336517 | F7: 3.9921041 | G7: Democratic percent of the two-party vote | H7: Beat all 10 random comparison columns in 20 of 20 refits. | I7: State registration: change in D−R margin since the feeder elections | J7: Kept in B
A8: 7 | B8: Republican percent in the voter file minus on the state rolls (a party-switching signal) | C8: Voter registration data | D8: 0.0085310098 | E8: 0.068330816 | F8: 1.5734633 | G8: Democratic percent of the two-party vote | H8: Beat all 10 random comparison columns in 20 of 20 refits. | I8: Voter-file party switch gap (voter-file R % − state R %) | J8: Dropped from B
A9: 8 | B9: Precinct’s feeder House lean minus its municipality’s, in points | C9: Geography & municipal context | D9: 0.0084001564 | E9: 0.062744801 | F9: 1.5493286 | G9: Democratic percent of the two-party vote | H9: Beat all 10 random comparison columns in 20 of 20 refits. | I9: Feeder precinct vs. its municipality (pts) | J9: Dropped from B
A10: 9 | B10: Number of registered voters, log scale (Department of State) | C10: Voter registration data | D10: 0.0067709206 | E10: 0.054233033 | F10: 1.2488316 | G10: Democratic percent of the two-party vote | H10: Beat all 10 random comparison columns in 20 of 20 refits. | I10: Registered voters (log, state) | J10: Dropped from B
A11: 10 | B11: Percent of registered Republicans who voted, in the feeder elections (voter file) | C11: Historical voter data | D11: 0.0060976883 | E11: 0.0082401985 | F11: 1.1246604 | G11: Democratic percent of the two-party vote | H11: Beat all 10 random comparison columns in 20 of 20 refits. | I11: Feeder turnout: R registrants | J11: Dropped from B
A12: 11 | B12: Ballots cast as a percent of registered voters in the feeder elections (Department of State) | C12: Historical voter data | D12: 0.00543766 | E12: 0.0073482598 | F12: 1.0029245 | G12: Democratic percent of the two-party vote | H12: Beat all 10 random comparison columns in 20 of 20 refits. | I12: Feeder turnout (state, % of registered) | J12: Dropped from B
A13: 12 | B13: Registered voters in neither major party, percent of registered, as of the election (Department of State) | C13: Voter registration data | D13: 0.0048824775 | E13: 0.039107172 | F13: 0.90052633 | G13: Democratic percent of the two-party vote | H13: Beat all 10 random comparison columns in 20 of 20 refits. | I13: State registration: other % | J13: Dropped from B
... A23: 22 | B23: Election type: 1 for a midterm year, 0 for a presidential year | C23: Election type | D23: 0.0012803358 | E23: 1 | F23: 0.2361457 | G23: Democratic percent of the two-party vote | H23: Beat all 10 random comparison columns in 0 of 20 refits. | I23: Midterm year (1/0) | J23: Dropped from B
B25: Historical voter data, total | C25: Historical voter data | D25: =SUMIF(C2:C23,"Historical voter data",D2:D23) -> 0.73999289 | F25: =SUMIF(C2:C23,"Historical voter data",F2:F23) -> 136.48462
B26: Geography & municipal context, total | C26: Geography & municipal context | D26: =SUMIF(C2:C23,"Geography & municipal context",D2:D23) -> 0.13387813 | F26: =SUMIF(C2:C23,"Geography & municipal context",F2:F23) -> 24.692542
B27: Voter registration data, total | C27: Voter registration data | D27: =SUMIF(C2:C23,"Voter registration data",D2:D23) -> 0.12484865 | F27: =SUMIF(C2:C23,"Voter registration data",F2:F23) -> 23.02714
B28: Election type, total | C28: Election type | D28: =SUMIF(C2:C23,"Election type",D2:D23) -> 0.0012803358 | F28: =SUMIF(C2:C23,"Election type",F2:F23) -> 0.2361457
B29: All features, total | D29: =SUM(D2:D23) -> 1 | F29: =SUM(F2:F23) -> 184.44045
B31: Notes
B32: How to read this table. Each row is one input that this forecast uses, ranked by SHAP value in votes on the 2026 forecast rows.
B33: SHAP value: for one place, the number of votes that one input added to or took away from that place’s forecast, measured from the model’s starting value (the average over the places and years it was trained on). Exact TreeSHAP over every tree.
B34: SHAP value in votes is the average over the 365 precincts of the votes the input moved, ignoring direction. Brooks votes and Mackenzie votes are counted together (moving 10 votes from Mackenzie to Brooks counts as 20). Votes cast = each place’s 2022 turnout rate × its 2026 registered voters.
B35: Share of model = the input’s SHAP value in votes ÷ the total for all inputs. Share within its family divides by its family’s total instead.
B36: What the model forecasts. One random forest forecasts each place’s Democratic percent of the two-party House vote, above or below the district average for that election. Turnout is not forecast: each place’s votes cast = its 2022 turnout rate × its 2026 registered voters. Brooks share = forecast pattern + one uniform shift so the district total equals the scenario (default: registration-adjusted baseline).
B37: Forecast A weighting: none imposed. Each input’s weight is exactly what the full forest learned; SHAP shows it after the fact.
B38: Significance test. The full forest was refit 20 times with 10 extra columns of random numbers (5 that change row to row, 5 that keep one value per place). The column counts the refits in which the input’s average |SHAP| on the 2026 rows beat every random column.
B39: Settings: max_features=0.6, min_samples_leaf=1, 500 trees, trained on 1073 precinct-elections (2020, 2022, 2024).

Sheet Feature Ranking B
A1: Rank | B1: Feature | C1: Input family | D1: Share of model | E1: Share within its family | F1: SHAP value in votes | G1: Used to forecast | H1: Significance test result | I1: Variable (short name) | J1: Status in Forecast B
A2: 1 | B2: Precinct’s Democratic percent of the two-party House vote, above or below the district average, from the feeder elections (2026: 67% 2022 + 33% 2024) | C2: Historical voter data | D2: 0.47242082 | E2: 0.68056991 | F2: 85.180039 | G2: Democratic percent of the two-party vote | H2: Beat all 10 random comparison columns in 20 of 20 refits. | I2: Feeder precinct House lean (district-relative) | J2: Kept in B
A3: 2 | B3: Registered Republicans as a percent of everyone who voted, in the feeder elections (voter file) | C3: Historical voter data | D3: 0.22173391 | E3: 0.31943009 | F3: 39.979827 | G3: Democratic percent of the two-party vote | H3: Beat all 10 random comparison columns in 20 of 20 refits. | I3: Feeder electorate: R % of ballots | J3: Kept in B
A4: 3 | B4: The precinct’s municipality’s House lean from the feeder elections | C4: Geography & municipal context | D4: 0.15359271 | E4: 1 | F4: 27.6936 | G4: Democratic percent of the two-party vote | H4: Beat all 10 random comparison columns in 20 of 20 refits. | I4: Feeder municipality House lean | J4: Kept in B
A5: 4 | B5: Registered Republicans as a percent of all registered voters, as of the election (Department of State) | C5: Voter registration data | D5: 0.086611623 | E5: 0.56886809 | F5: 15.616546 | G5: Democratic percent of the two-party vote | H5: Beat all 10 random comparison columns in 20 of 20 refits. | I5: State registration: R % | J5: Kept in B
A6: 5 | B6: Registered Democrats minus Republicans (percent) now, minus the same in the feeder elections (Department of State) | C6: Voter registration data | D6: 0.038347962 | E6: 0.25187072 | F6: 6.9143457 | G6: Democratic percent of the two-party vote | H6: Beat all 10 random comparison columns in 20 of 20 refits. | I6: State registration: change in D−R margin since the feeder elections | J6: Kept in B
A7: 6 | B7: Registered Democrats as a percent of all registered voters, as of the election (Department of State) | C7: Voter registration data | D7: 0.027292975 | E7: 0.17926119 | F7: 4.9210716 | G7: Democratic percent of the two-party vote | H7: Beat all 10 random comparison columns in 20 of 20 refits. | I7: State registration: D % | J7: Kept in B
B9: Historical voter data, total | C9: Historical voter data | D9: =SUMIF(C2:C7,"Historical voter data",D2:D7) -> 0.69415473 | F9: =SUMIF(C2:C7,"Historical voter data",F2:F7) -> 125.15987
B10: Geography & municipal context, total | C10: Geography & municipal context | D10: =SUMIF(C2:C7,"Geography & municipal context",D2:D7) -> 0.15359271 | F10: =SUMIF(C2:C7,"Geography & municipal context",F2:F7) -> 27.6936
B11: Voter registration data, total | C11: Voter registration data | D11: =SUMIF(C2:C7,"Voter registration data",D2:D7) -> 0.15225256 | F11: =SUMIF(C2:C7,"Voter registration data",F2:F7) -> 27.451963
B12: All features, total | D12: =SUM(D2:D7) -> 1 | F12: =SUM(F2:F7) -> 180.30543
B14: Notes
B15: How to read this table. Each row is one input that this forecast uses, ranked by SHAP value in votes on the 2026 forecast rows.
B16: SHAP value: for one place, the number of votes that one input added to or took away from that place’s forecast, measured from the model’s starting value (the average over the places and years it was trained on). Exact TreeSHAP over every tree.
B17: SHAP value in votes is the average over the 365 precincts of the votes the input moved, ignoring direction. Brooks votes and Mackenzie votes are counted together (moving 10 votes from Mackenzie to Brooks counts as 20). Votes cast = each place’s 2022 turnout rate × its 2026 registered voters.
B18: Share of model = the input’s SHAP value in votes ÷ the total for all inputs. Share within its family divides by its family’s total instead.
B19: What the model forecasts. One random forest forecasts each place’s Democratic percent of the two-party House vote, above or below the district average for that election. Turnout is not forecast: each place’s votes cast = its 2022 turnout rate × its 2026 registered voters. Brooks share = forecast pattern + one uniform shift so the district total equals the scenario (default: registration-adjusted baseline).
B20: Forecast B weighting: SHAP-selected. Only inputs that beat all 10 random columns in at least 18 of 20 refits AND held at least 2% of Forecast A’s SHAP total were kept; the forest was refit on those inputs alone, so weight that was spread over weak inputs is concentrated on the strong ones.
B21: Significance test. The full forest was refit 20 times with 10 extra columns of random numbers (5 that change row to row, 5 that keep one value per place). The column counts the refits in which the input’s average |SHAP| on the 2026 rows beat every random column.
B22: Settings: max_features=0.6, min_samples_leaf=1, 500 trees, trained on 1073 precinct-elections (2020, 2022, 2024).

Sheet Feature Ranking C
A1: Rank | B1: Feature | C1: Input family | D1: Share of model | E1: Share within its family | F1: SHAP value in votes | G1: Used to forecast | H1: Significance test result | I1: Variable (short name) | J1: Status in Forecast B
A2: 1 | B2: Precinct’s Democratic percent of the two-party House vote, above or below the district average, from the feeder elections (2026: 67% 2022 + 33% 2024) | C2: Historical voter data | D2: 0.51641576 | E2: 0.73806679 | F2: 96.62496 | G2: Democratic percent of the two-party vote | H2: Beat all 10 random comparison columns in 20 of 20 refits. | I2: Feeder precinct House lean (district-relative) | J2: Kept in B
A3: 2 | B3: Registered Republicans as a percent of everyone who voted, in the feeder elections (voter file) | C3: Historical voter data | D3: 0.16318004 | E3: 0.23321861 | F3: 30.532113 | G3: Democratic percent of the two-party vote | H3: Beat all 10 random comparison columns in 20 of 20 refits. | I3: Feeder electorate: R % of ballots | J3: Kept in B
A4: 3 | B4: The precinct’s municipality’s House lean from the feeder elections | C4: Geography & municipal context | D4: 0.1257645 | E4: 0.88242274 | F4: 23.531407 | G4: Democratic percent of the two-party vote | H4: Beat all 10 random comparison columns in 20 of 20 refits. | I4: Feeder municipality House lean | J4: Kept in B
A5: 4 | B5: Registered Republicans as a percent of all registered voters, as of the election (Department of State) | C5: Voter registration data | D5: 0.063652196 | E5: 0.40664782 | F5: 11.909766 | G5: Democratic percent of the two-party vote | H5: Beat all 10 random comparison columns in 20 of 20 refits. | I5: State registration: R % | J5: Kept in B
A6: 5 | B6: Registered Democrats as a percent of all registered voters, as of the election (Department of State) | C6: Voter registration data | D6: 0.028273603 | E6: 0.18062847 | F6: 5.2901865 | G6: Democratic percent of the two-party vote | H6: Beat all 10 random comparison columns in 20 of 20 refits. | I6: State registration: D % | J6: Kept in B
A7: 6 | B7: Registered Democrats minus Republicans (percent) now, minus the same in the feeder elections (Department of State) | C7: Voter registration data | D7: 0.027136686 | E7: 0.17336517 | F7: 5.0774615 | G7: Democratic percent of the two-party vote | H7: Beat all 10 random comparison columns in 20 of 20 refits. | I7: State registration: change in D−R margin since the feeder elections | J7: Kept in B
A8: 7 | B8: Republican percent in the voter file minus on the state rolls (a party-switching signal) | C8: Voter registration data | D8: 0.010695758 | E8: 0.068330816 | F8: 2.0012502 | G8: Democratic percent of the two-party vote | H8: Beat all 10 random comparison columns in 20 of 20 refits. | I8: Voter-file party switch gap (voter-file R % − state R %) | J8: Dropped from B
A9: 8 | B9: Precinct’s feeder House lean minus its municipality’s, in points | C9: Geography & municipal context | D9: 0.0089425033 | E9: 0.062744801 | F9: 1.6732042 | G9: Democratic percent of the two-party vote | H9: Beat all 10 random comparison columns in 20 of 20 refits. | I9: Feeder precinct vs. its municipality (pts) | J9: Dropped from B
A10: 9 | B10: Number of registered voters, log scale (Department of State) | C10: Voter registration data | D10: 0.008489045 | E10: 0.054233033 | F10: 1.588359 | G10: Democratic percent of the two-party vote | H10: Beat all 10 random comparison columns in 20 of 20 refits. | I10: Registered voters (log, state) | J10: Dropped from B
A11: 10 | B11: Registered voters in neither major party, percent of registered, as of the election (Department of State) | C11: Voter registration data | D11: 0.0061214085 | E11: 0.039107172 | F11: 1.1453578 | G11: Democratic percent of the two-party vote | H11: Beat all 10 random comparison columns in 20 of 20 refits. | I11: State registration: other % | J11: Dropped from B
A12: 11 | B12: Percent of registered Republicans who voted, in the feeder elections (voter file) | C12: Historical voter data | D12: 0.0057655601 | E12: 0.0082401985 | F12: 1.0787761 | G12: Democratic percent of the two-party vote | H12: Beat all 10 random comparison columns in 20 of 20 refits. | I12: Feeder turnout: R registrants | J12: Dropped from B
A13: 12 | B13: Ballots cast as a percent of registered voters in the feeder elections (Department of State) | C13: Historical voter data | D13: 0.0051414821 | E13: 0.0073482598 | F13: 0.96200685 | G13: Democratic percent of the two-party vote | H13: Beat all 10 random comparison columns in 20 of 20 refits. | I13: Feeder turnout (state, % of registered) | J13: Dropped from B
... A23: 22 | B23: Election type: 1 for a midterm year, 0 for a presidential year | C23: Election type | D23: 0.0012620897 | E23: 1 | F23: 0.2361457 | G23: Democratic percent of the two-party vote | H23: Beat all 10 random comparison columns in 0 of 20 refits. | I23: Midterm year (1/0) | J23: Dropped from B
B25: Historical voter data, total | C25: Historical voter data | D25: =SUMIF(C2:C23,"Historical voter data",D2:D23) -> 0.69968704 | F25: =SUMIF(C2:C23,"Historical voter data",F2:F23) -> 130.91628
B26: Geography & municipal context, total | C26: Geography & municipal context | D26: =SUMIF(C2:C23,"Geography & municipal context",D2:D23) -> 0.14252182 | F26: =SUMIF(C2:C23,"Geography & municipal context",F2:F23) -> 26.666818
B27: Voter registration data, total | C27: Voter registration data | D27: =SUMIF(C2:C23,"Voter registration data",D2:D23) -> 0.15652905 | F27: =SUMIF(C2:C23,"Voter registration data",F2:F23) -> 29.287667
B28: Election type, total | C28: Election type | D28: =SUMIF(C2:C23,"Election type",D2:D23) -> 0.0012620897 | F28: =SUMIF(C2:C23,"Election type",F2:F23) -> 0.2361457
B29: All features, total | D29: =SUM(D2:D23) -> 1 | F29: =SUM(F2:F23) -> 187.10691
B31: Notes
B32: How to read this table. Each row is one input that this forecast uses, ranked by SHAP value in votes on the 2026 forecast rows.
B33: SHAP value: for one place, the number of votes that one input added to or took away from that place’s forecast, measured from the model’s starting value (the average over the places and years it was trained on). Exact TreeSHAP over every tree.
B34: SHAP value in votes is the average over the 365 precincts of the votes the input moved, ignoring direction. Brooks votes and Mackenzie votes are counted together (moving 10 votes from Mackenzie to Brooks counts as 20). Votes cast = each place’s 2022 turnout rate × its 2026 registered voters.
B35: Share of model = the input’s SHAP value in votes ÷ the total for all inputs. Share within its family divides by its family’s total instead.
B36: What the model forecasts. One random forest forecasts each place’s Democratic percent of the two-party House vote, above or below the district average for that election. Turnout is not forecast: each place’s votes cast = its 2022 turnout rate × its 2026 registered voters. Brooks share = forecast pattern + one uniform shift so the district total equals the scenario (default: registration-adjusted baseline).
B37: Forecast C weighting: SHAP family re-weighting. Forecast A’s forest is kept, but each input family’s SHAP contribution is multiplied by a weight fitted to out-of-sample accuracy: Election type ×1.00; Geography & municipal context ×1.08; Historical voter data ×0.96; Voter registration data ×1.27. The forecast is the forest’s starting value plus the re-weighted SHAP values, so the SHAP values here are already re-weighted.
B38: Significance test. The full forest was refit 20 times with 10 extra columns of random numbers (5 that change row to row, 5 that keep one value per place). The column counts the refits in which the input’s average |SHAP| on the 2026 rows beat every random column.
B39: Settings: max_features=0.6, min_samples_leaf=1, 500 trees, trained on 1073 precinct-elections (2020, 2022, 2024).

Sheet Backtest 2024 A
A1: County | B1: Municipality | C1: Precinct | D1: Predicted Democratic (Wild) votes | E1: Actual Democratic votes | F1: Error, Democratic votes (predicted minus actual) | G1: Predicted Republican (Mackenzie) votes | H1: Actual Republican votes | I1: Error, Republican votes (predicted minus actual) | J1: Predicted Democratic share of the two-party vote | K1: Actual Democratic share of the two-party vote | L1: Error in Democratic share, percentage points (predicted minus actual) | M1: Error term: place pattern (± pts, from 2022, 2020) | N1: Error term: district-wide (± pts, from 2022, 2020) | O1: Error term: total (± pts) | P1: Predicted share, 95% low | Q1: Predicted share, 95% high | R1: Actual inside ±1 error term? | S1: Actual inside 95% range? | T1: Error term: Democratic votes (± votes) | U1: Note
A2: Carbon | B2: BANKS TOWNSHIP | C2: BANKS TOWNSHIP | D2: 149 | E2: 181 | F2: =IF(E2="","",D2-E2) -> -32 | G2: 289 | H2: 284 | I2: =IF(H2="","",G2-H2) -> 5 | J2: =IF(OR(D2="",D2+G2=0),"",D2/(D2+G2)) -> 0.34018265 | K2: =IF(E2="","",E2/(E2+H2)) -> 0.38924731 | L2: =IF(OR(K2="",J2=""),"",(J2-K2)*100) -> -4.9064663 | M2: 3.5689074 | N2: 2.602469 | O2: =SQRT(M2^2+N2^2) -> 4.4170064 | P2: =IF(J2="","",MAX(0,J2-1.96*O2/100)) -> 0.25360932 | Q2: =IF(J2="","",MIN(1,J2+1.96*O2/100)) -> 0.42675597 | R2: =IF(L2="","",IF(ABS(L2)<=O2,"Yes","No")) -> No | S2: =IF(L2="","",IF(ABS(L2)<=1.96*O2,"Yes","No")) -> Yes | T2: =IF(D2="","",ROUND(SQRT(((D2+G2)*O2/100)^2+(J2*(D2+G2)*0.14577)^2),0)) -> 29
A3: Carbon | B3: BEAVER MEADOWS BOROUGH | C3: BEAVER MEADOWS BOROUGH | D3: 104 | E3: 118 | F3: =IF(E3="","",D3-E3) -> -14 | G3: 300 | H3: 298 | I3: =IF(H3="","",G3-H3) -> 2 | J3: =IF(OR(D3="",D3+G3=0),"",D3/(D3+G3)) -> 0.25742574 | K3: =IF(E3="","",E3/(E3+H3)) -> 0.28365385 | L3: =IF(OR(K3="",J3=""),"",(J3-K3)*100) -> -2.6228104 | M3: 3.5689074 | N3: 2.602469 | O3: =SQRT(M3^2+N3^2) -> 4.4170064 | P3: =IF(J3="","",MAX(0,J3-1.96*O3/100)) -> 0.17085242 | Q3: =IF(J3="","",MIN(1,J3+1.96*O3/100)) -> 0.34399907 | R3: =IF(L3="","",IF(ABS(L3)<=O3,"Yes","No")) -> Yes | S3: =IF(L3="","",IF(ABS(L3)<=1.96*O3,"Yes","No")) -> Yes | T3: =IF(D3="","",ROUND(SQRT(((D3+G3)*O3/100)^2+(J3*(D3+G3)*0.14577)^2),0)) -> 23
A4: Carbon | B4: BOWMANSTOWN BOROUGH | C4: BOWMANSTOWN BOROUGH | D4: 129 | E4: 143 | F4: =IF(E4="","",D4-E4) -> -14 | G4: 274 | H4: 309 | I4: =IF(H4="","",G4-H4) -> -35 | J4: =IF(OR(D4="",D4+G4=0),"",D4/(D4+G4)) -> 0.32009926 | K4: =IF(E4="","",E4/(E4+H4)) -> 0.31637168 | L4: =IF(OR(K4="",J4=""),"",(J4-K4)*100) -> 0.37275742 | M4: 3.5689074 | N4: 2.602469 | O4: =SQRT(M4^2+N4^2) -> 4.4170064 | P4: =IF(J4="","",MAX(0,J4-1.96*O4/100)) -> 0.23352593 | Q4: =IF(J4="","",MIN(1,J4+1.96*O4/100)) -> 0.40667258 | R4: =IF(L4="","",IF(ABS(L4)<=O4,"Yes","No")) -> Yes | S4: =IF(L4="","",IF(ABS(L4)<=1.96*O4,"Yes","No")) -> Yes | T4: =IF(D4="","",ROUND(SQRT(((D4+G4)*O4/100)^2+(J4*(D4+G4)*0.14577)^2),0)) -> 26
A5: Carbon | B5: EAST PENN TOWNSHIP | C5: EAST PENN TOWNSHIP-NORTH | D5: 205 | E5: 202 | F5: =IF(E5="","",D5-E5) -> 3 | G5: 587 | H5: 640 | I5: =IF(H5="","",G5-H5) -> -53 | J5: =IF(OR(D5="",D5+G5=0),"",D5/(D5+G5)) -> 0.25883838 | K5: =IF(E5="","",E5/(E5+H5)) -> 0.23990499 | L5: =IF(OR(K5="",J5=""),"",(J5-K5)*100) -> 1.8933396 | M5: 2.4572392 | N5: 2.602469 | O5: =SQRT(M5^2+N5^2) -> 3.5792275 | P5: =IF(J5="","",MAX(0,J5-1.96*O5/100)) -> 0.18868552 | Q5: =IF(J5="","",MIN(1,J5+1.96*O5/100)) -> 0.32899124 | R5: =IF(L5="","",IF(ABS(L5)<=O5,"Yes","No")) -> Yes | S5: =IF(L5="","",IF(ABS(L5)<=1.96*O5,"Yes","No")) -> Yes | T5: =IF(D5="","",ROUND(SQRT(((D5+G5)*O5/100)^2+(J5*(D5+G5)*0.09272)^2),0)) -> 34
A6: Carbon | B6: EAST PENN TOWNSHIP | C6: EAST PENN TOWNSHIP-SOUTH | D6: 210 | E6: 232 | F6: =IF(E6="","",D6-E6) -> -22 | G6: 573 | H6: 603 | I6: =IF(H6="","",G6-H6) -> -30 | J6: =IF(OR(D6="",D6+G6=0),"",D6/(D6+G6)) -> 0.26819923 | K6: =IF(E6="","",E6/(E6+H6)) -> 0.27784431 | L6: =IF(OR(K6="",J6=""),"",(J6-K6)*100) -> -0.96450777 | M6: 2.4572392 | N6: 2.602469 | O6: =SQRT(M6^2+N6^2) -> 3.5792275 | P6: =IF(J6="","",MAX(0,J6-1.96*O6/100)) -> 0.19804637 | Q6: =IF(J6="","",MIN(1,J6+1.96*O6/100)) -> 0.33835209 | R6: =IF(L6="","",IF(ABS(L6)<=O6,"Yes","No")) -> Yes | S6: =IF(L6="","",IF(ABS(L6)<=1.96*O6,"Yes","No")) -> Yes | T6: =IF(D6="","",ROUND(SQRT(((D6+G6)*O6/100)^2+(J6*(D6+G6)*0.09272)^2),0)) -> 34
A7: Carbon | B7: EAST SIDE BOROUGH | C7: EAST SIDE BOROUGH | D7: 37 | E7: 38 | F7: =IF(E7="","",D7-E7) -> -1 | G7: 75 | H7: 78 | I7: =IF(H7="","",G7-H7) -> -3 | J7: =IF(OR(D7="",D7+G7=0),"",D7/(D7+G7)) -> 0.33035714 | K7: =IF(E7="","",E7/(E7+H7)) -> 0.32758621 | L7: =IF(OR(K7="",J7=""),"",(J7-K7)*100) -> 0.2770936 | M7: 3.5689074 | N7: 2.602469 | O7: =SQRT(M7^2+N7^2) -> 4.4170064 | P7: =IF(J7="","",MAX(0,J7-1.96*O7/100)) -> 0.24378382 | Q7: =IF(J7="","",MIN(1,J7+1.96*O7/100)) -> 0.41693047 | R7: =IF(L7="","",IF(ABS(L7)<=O7,"Yes","No")) -> Yes | S7: =IF(L7="","",IF(ABS(L7)<=1.96*O7,"Yes","No")) -> Yes | T7: =IF(D7="","",ROUND(SQRT(((D7+G7)*O7/100)^2+(J7*(D7+G7)*0.14577)^2),0)) -> 7
A8: Carbon | B8: FRANKLIN TOWNSHIP | C8: FRANKLIN TOWNSHIP-HARRITY | D8: 276 | E8: 301 | F8: =IF(E8="","",D8-E8) -> -25 | G8: 733 | H8: 760 | I8: =IF(H8="","",G8-H8) -> -27 | J8: =IF(OR(D8="",D8+G8=0),"",D8/(D8+G8)) -> 0.27353816 | K8: =IF(E8="","",E8/(E8+H8)) -> 0.28369463 | L8: =IF(OR(K8="",J8=""),"",(J8-K8)*100) -> -1.0156471 | M8: 2.4572392 | N8: 2.602469 | O8: =SQRT(M8^2+N8^2) -> 3.5792275 | P8: =IF(J8="","",MAX(0,J8-1.96*O8/100)) -> 0.2033853 | Q8: =IF(J8="","",MIN(1,J8+1.96*O8/100)) -> 0.34369102 | R8: =IF(L8="","",IF(ABS(L8)<=O8,"Yes","No")) -> Yes | S8: =IF(L8="","",IF(ABS(L8)<=1.96*O8,"Yes","No")) -> Yes | T8: =IF(D8="","",ROUND(SQRT(((D8+G8)*O8/100)^2+(J8*(D8+G8)*0.09272)^2),0)) -> 44
A9: Carbon | B9: FRANKLIN TOWNSHIP | C9: FRANKLIN TOWNSHIP-IND DIST | D9: 159 | E9: 164 | F9: =IF(E9="","",D9-E9) -> -5 | G9: 429 | H9: 450 | I9: =IF(H9="","",G9-H9) -> -21 | J9: =IF(OR(D9="",D9+G9=0),"",D9/(D9+G9)) -> 0.27040816 | K9: =IF(E9="","",E9/(E9+H9)) -> 0.26710098 | L9: =IF(OR(K9="",J9=""),"",(J9-K9)*100) -> 0.33071861 | M9: 3.5689074 | N9: 2.602469 | O9: =SQRT(M9^2+N9^2) -> 4.4170064 | P9: =IF(J9="","",MAX(0,J9-1.96*O9/100)) -> 0.18383484 | Q9: =IF(J9="","",MIN(1,J9+1.96*O9/100)) -> 0.35698149 | R9: =IF(L9="","",IF(ABS(L9)<=O9,"Yes","No")) -> Yes | S9: =IF(L9="","",IF(ABS(L9)<=1.96*O9,"Yes","No")) -> Yes | T9: =IF(D9="","",ROUND(SQRT(((D9+G9)*O9/100)^2+(J9*(D9+G9)*0.14577)^2),0)) -> 35
A10: Carbon | B10: FRANKLIN TOWNSHIP | C10: FRANKLIN TOWNSHIP-LONG RUN | D10: 214 | E10: 235 | F10: =IF(E10="","",D10-E10) -> -21 | G10: 624 | H10: 626 | I10: =IF(H10="","",G10-H10) -> -2 | J10: =IF(OR(D10="",D10+G10=0),"",D10/(D10+G10)) -> 0.25536993 | K10: =IF(E10="","",E10/(E10+H10)) -> 0.27293844 | L10: =IF(OR(K10="",J10=""),"",(J10-K10)*100) -> -1.7568515 | M10: 2.4572392 | N10: 2.602469 | O10: =SQRT(M10^2+N10^2) -> 3.5792275 | P10: =IF(J10="","",MAX(0,J10-1.96*O10/100)) -> 0.18521707 | Q10: =IF(J10="","",MIN(1,J10+1.96*O10/100)) -> 0.32552279 | R10: =IF(L10="","",IF(ABS(L10)<=O10,"Yes","No")) -> Yes | S10: =IF(L10="","",IF(ABS(L10)<=1.96*O10,"Yes","No")) -> Yes | T10: =IF(D10="","",ROUND(SQRT(((D10+G10)*O10/100)^2+(J10*(D10+G10)*0.09272)^2),0)) -> 36
A11: Carbon | B11: JIM THORPE BOROUGH | C11: JIM THORPE BOROUGH-1ST | D11: 222 | E11: 229 | F11: =IF(E11="","",D11-E11) -> -7 | G11: 273 | H11: 297 | I11: =IF(H11="","",G11-H11) -> -24 | J11: =IF(OR(D11="",D11+G11=0),"",D11/(D11+G11)) -> 0.44848485 | K11: =IF(E11="","",E11/(E11+H11)) -> 0.43536122 | L11: =IF(OR(K11="",J11=""),"",(J11-K11)*100) -> 1.3123632 | M11: 3.5689074 | N11: 2.602469 | O11: =SQRT(M11^2+N11^2) -> 4.4170064 | P11: =IF(J11="","",MAX(0,J11-1.96*O11/100)) -> 0.36191152 | Q11: =IF(J11="","",MIN(1,J11+1.96*O11/100)) -> 0.53505817 | R11: =IF(L11="","",IF(ABS(L11)<=O11,"Yes","No")) -> Yes | S11: =IF(L11="","",IF(ABS(L11)<=1.96*O11,"Yes","No")) -> Yes | T11: =IF(D11="","",ROUND(SQRT(((D11+G11)*O11/100)^2+(J11*(D11+G11)*0.14577)^2),0)) -> 39
A12: Carbon | B12: JIM THORPE BOROUGH | C12: JIM THORPE BOROUGH-2ND | D12: 157 | E12: 163 | F12: =IF(E12="","",D12-E12) -> -6 | G12: 213 | H12: 226 | I12: =IF(H12="","",G12-H12) -> -13 | J12: =IF(OR(D12="",D12+G12=0),"",D12/(D12+G12)) -> 0.42432432 | K12: =IF(E12="","",E12/(E12+H12)) -> 0.41902314 | L12: =IF(OR(K12="",J12=""),"",(J12-K12)*100) -> 0.53011881 | M12: 3.5689074 | N12: 2.602469 | O12: =SQRT(M12^2+N12^2) -> 4.4170064 | P12: =IF(J12="","",MAX(0,J12-1.96*O12/100)) -> 0.337751 | Q12: =IF(J12="","",MIN(1,J12+1.96*O12/100)) -> 0.51089765 | R12: =IF(L12="","",IF(ABS(L12)<=O12,"Yes","No")) -> Yes | S12: =IF(L12="","",IF(ABS(L12)<=1.96*O12,"Yes","No")) -> Yes | T12: =IF(D12="","",ROUND(SQRT(((D12+G12)*O12/100)^2+(J12*(D12+G12)*0.14577)^2),0)) -> 28
A13: Carbon | B13: JIM THORPE BOROUGH | C13: JIM THORPE BOROUGH-3RD | D13: 277 | E13: 286 | F13: =IF(E13="","",D13-E13) -> -9 | G13: 448 | H13: 464 | I13: =IF(H13="","",G13-H13) -> -16 | J13: =IF(OR(D13="",D13+G13=0),"",D13/(D13+G13)) -> 0.38206897 | K13: =IF(E13="","",E13/(E13+H13)) -> 0.38133333 | L13: =IF(OR(K13="",J13=""),"",(J13-K13)*100) -> 0.073563218 | M13: 3.5689074 | N13: 2.602469 | O13: =SQRT(M13^2+N13^2) -> 4.4170064 | P13: =IF(J13="","",MAX(0,J13-1.96*O13/100)) -> 0.29549564 | Q13: =IF(J13="","",MIN(1,J13+1.96*O13/100)) -> 0.46864229 | R13: =IF(L13="","",IF(ABS(L13)<=O13,"Yes","No")) -> Yes | S13: =IF(L13="","",IF(ABS(L13)<=1.96*O13,"Yes","No")) -> Yes | T13: =IF(D13="","",ROUND(SQRT(((D13+G13)*O13/100)^2+(J13*(D13+G13)*0.14577)^2),0)) -> 52
A14: Carbon | B14: JIM THORPE BOROUGH | C14: JIM THORPE BOROUGH-4TH | D14: 130 | E14: 138 | F14: =IF(E14="","",D14-E14) -> -8 | G14: 119 | H14: 134 | I14: =IF(H14="","",G14-H14) -> -15 | J14: =IF(OR(D14="",D14+G14=0),"",D14/(D14+G14)) -> 0.52208835 | K14: =IF(E14="","",E14/(E14+H14)) -> 0.50735294 | L14: =IF(OR(K14="",J14=""),"",(J14-K14)*100) -> 1.4735412 | M14: 3.5689074 | N14: 2.602469 | O14: =SQRT(M14^2+N14^2) -> 4.4170064 | P14: =IF(J14="","",MAX(0,J14-1.96*O14/100)) -> 0.43551503 | Q14: =IF(J14="","",MIN(1,J14+1.96*O14/100)) -> 0.60866168 | R14: =IF(L14="","",IF(ABS(L14)<=O14,"Yes","No")) -> Yes | S14: =IF(L14="","",IF(ABS(L14)<=1.96*O14,"Yes","No")) -> Yes | T14: =IF(D14="","",ROUND(SQRT(((D14+G14)*O14/100)^2+(J14*(D14+G14)*0.14577)^2),0)) -> 22
A15: Carbon | B15: JIM THORPE BOROUGH | C15: JIM THORPE BOROUGH-5TH | D15: 269 | E15: 275 | F15: =IF(E15="","",D15-E15) -> -6 | G15: 323 | H15: 352 | I15: =IF(H15="","",G15-H15) -> -29 | J15: =IF(OR(D15="",D15+G15=0),"",D15/(D15+G15)) -> 0.45439189 | K15: =IF(E15="","",E15/(E15+H15)) -> 0.43859649 | L15: =IF(OR(K15="",J15=""),"",(J15-K15)*100) -> 1.5795401 | M15: 3.5689074 | N15: 2.602469 | O15: =SQRT(M15^2+N15^2) -> 4.4170064 | P15: =IF(J15="","",MAX(0,J15-1.96*O15/100)) -> 0.36781857 | Q15: =IF(J15="","",MIN(1,J15+1.96*O15/100)) -> 0.54096522 | R15: =IF(L15="","",IF(ABS(L15)<=O15,"Yes","No")) -> Yes | S15: =IF(L15="","",IF(ABS(L15)<=1.96*O15,"Yes","No")) -> Yes | T15: =IF(D15="","",ROUND(SQRT(((D15+G15)*O15/100)^2+(J15*(D15+G15)*0.14577)^2),0)) -> 47
A16: Carbon | B16: KIDDER TOWNSHIP | C16: KIDDER TOWNSHIP-NORTH | D16: 108 | E16: 120 | F16: =IF(E16="","",D16-E16) -> -12 | G16: 218 | H16: 202 | I16: =IF(H16="","",G16-H16) -> 16 | J16: =IF(OR(D16="",D16+G16=0),"",D16/(D16+G16)) -> 0.33128834 | K16: =IF(E16="","",E16/(E16+H16)) -> 0.37267081 | L16: =IF(OR(K16="",J16=""),"",(J16-K16)*100) -> -4.1382464 | M16: 3.5689074 | N16: 2.602469 | O16: =SQRT(M16^2+N16^2) -> 4.4170064 | P16: =IF(J16="","",MAX(0,J16-1.96*O16/100)) -> 0.24471502 | Q16: =IF(J16="","",MIN(1,J16+1.96*O16/100)) -> 0.41786167 | R16: =IF(L16="","",IF(ABS(L16)<=O16,"Yes","No")) -> Yes | S16: =IF(L16="","",IF(ABS(L16)<=1.96*O16,"Yes","No")) -> Yes | T16: =IF(D16="","",ROUND(SQRT(((D16+G16)*O16/100)^2+(J16*(D16+G16)*0.14577)^2),0)) -> 21
A17: Carbon | B17: KIDDER TOWNSHIP | C17: KIDDER TOWNSHIP-SOUTH | D17: 218 | E17: 227 | F17: =IF(E17="","",D17-E17) -> -9 | G17: 498 | H17: 484 | I17: =IF(H17="","",G17-H17) -> 14 | J17: =IF(OR(D17="",D17+G17=0),"",D17/(D17+G17)) -> 0.30446927 | K17: =IF(E17="","",E17/(E17+H17)) -> 0.31926864 | L17: =IF(OR(K17="",J17=""),"",(J17-K17)*100) -> -1.4799362 | M17: 3.5689074 | N17: 2.602469 | O17: =SQRT(M17^2+N17^2) -> 4.4170064 | P17: =IF(J17="","",MAX(0,J17-1.96*O17/100)) -> 0.21789595 | Q17: =IF(J17="","",MIN(1,J17+1.96*O17/100)) -> 0.3910426 | R17: =IF(L17="","",IF(ABS(L17)<=O17,"Yes","No")) -> Yes | S17: =IF(L17="","",IF(ABS(L17)<=1.96*O17,"Yes","No")) -> Yes | T17: =IF(D17="","",ROUND(SQRT(((D17+G17)*O17/100)^2+(J17*(D17+G17)*0.14577)^2),0)) -> 45
A18: Carbon | B18: LANSFORD BOROUGH | C18: LANSFORD BOROUGH - EAST WARD | D18: 264 | E18: 249 | F18: =IF(E18="","",D18-E18) -> 15 | G18: 389 | H18: 392 | I18: =IF(H18="","",G18-H18) -> -3 | J18: =IF(OR(D18="",D18+G18=0),"",D18/(D18+G18)) -> 0.4042879 | K18: =IF(E18="","",E18/(E18+H18)) -> 0.38845554 | L18: =IF(OR(K18="",J18=""),"",(J18-K18)*100) -> 1.5832364 | M18: 3.5689074 | N18: 2.602469 | O18: =SQRT(M18^2+N18^2) -> 4.4170064 | P18: =IF(J18="","",MAX(0,J18-1.96*O18/100)) -> 0.31771458 | Q18: =IF(J18="","",MIN(1,J18+1.96*O18/100)) -> 0.49086123 | R18: =IF(L18="","",IF(ABS(L18)<=O18,"Yes","No")) -> Yes | S18: =IF(L18="","",IF(ABS(L18)<=1.96*O18,"Yes","No")) -> Yes | T18: =IF(D18="","",ROUND(SQRT(((D18+G18)*O18/100)^2+(J18*(D18+G18)*0.14577)^2),0)) -> 48
A19: Carbon | B19: LANSFORD BOROUGH | C19: LANSFORD BOROUGH-MIDDLE WARD | D19: 168 | E19: 152 | F19: =IF(E19="","",D19-E19) -> 16 | G19: 241 | H19: 246 | I19: =IF(H19="","",G19-H19) -> -5 | J19: =IF(OR(D19="",D19+G19=0),"",D19/(D19+G19)) -> 0.41075795 | K19: =IF(E19="","",E19/(E19+H19)) -> 0.38190955 | L19: =IF(OR(K19="",J19=""),"",(J19-K19)*100) -> 2.8848398 | M19: 3.5689074 | N19: 2.602469 | O19: =SQRT(M19^2+N19^2) -> 4.4170064 | P19: =IF(J19="","",MAX(0,J19-1.96*O19/100)) -> 0.32418462 | Q19: =IF(J19="","",MIN(1,J19+1.96*O19/100)) -> 0.49733127 | R19: =IF(L19="","",IF(ABS(L19)<=O19,"Yes","No")) -> Yes | S19: =IF(L19="","",IF(ABS(L19)<=1.96*O19,"Yes","No")) -> Yes | T19: =IF(D19="","",ROUND(SQRT(((D19+G19)*O19/100)^2+(J19*(D19+G19)*0.14577)^2),0)) -> 30
A20: Carbon | B20: LANSFORD BOROUGH | C20: LANSFORD BOROUGH-WEST WARD | D20: 145 | E20: 165 | F20: =IF(E20="","",D20-E20) -> -20 | G20: 202 | H20: 237 | I20: =IF(H20="","",G20-H20) -> -35 | J20: =IF(OR(D20="",D20+G20=0),"",D20/(D20+G20)) -> 0.41786744 | K20: =IF(E20="","",E20/(E20+H20)) -> 0.41044776 | L20: =IF(OR(K20="",J20=""),"",(J20-K20)*100) -> 0.7419674 | M20: 3.5689074 | N20: 2.602469 | O20: =SQRT(M20^2+N20^2) -> 4.4170064 | P20: =IF(J20="","",MAX(0,J20-1.96*O20/100)) -> 0.33129411 | Q20: =IF(J20="","",MIN(1,J20+1.96*O20/100)) -> 0.50444076 | R20: =IF(L20="","",IF(ABS(L20)<=O20,"Yes","No")) -> Yes | S20: =IF(L20="","",IF(ABS(L20)<=1.96*O20,"Yes","No")) -> Yes | T20: =IF(D20="","",ROUND(SQRT(((D20+G20)*O20/100)^2+(J20*(D20+G20)*0.14577)^2),0)) -> 26
A21: Carbon | B21: LAUSANNE TOWNSHIP | C21: LAUSANNE TOWNSHIP | D21: 40 | E21: 38 | F21: =IF(E21="","",D21-E21) -> 2 | G21: 99 | H21: 106 | I21: =IF(H21="","",G21-H21) -> -7 | J21: =IF(OR(D21="",D21+G21=0),"",D21/(D21+G21)) -> 0.28776978 | K21: =IF(E21="","",E21/(E21+H21)) -> 0.26388889 | L21: =IF(OR(K21="",J21=""),"",(J21-K21)*100) -> 2.3880895 | M21: 3.5689074 | N21: 2.602469 | O21: =SQRT(M21^2+N21^2) -> 4.4170064 | P21: =IF(J21="","",MAX(0,J21-1.96*O21/100)) -> 0.20119646 | Q21: =IF(J21="","",MIN(1,J21+1.96*O21/100)) -> 0.37434311 | R21: =IF(L21="","",IF(ABS(L21)<=O21,"Yes","No")) -> Yes | S21: =IF(L21="","",IF(ABS(L21)<=1.96*O21,"Yes","No")) -> Yes | T21: =IF(D21="","",ROUND(SQRT(((D21+G21)*O21/100)^2+(J21*(D21+G21)*0.14577)^2),0)) -> 8
A22: Carbon | B22: LEHIGH TOWNSHIP | C22: LEHIGH TOWNSHIP | D22: 50 | E22: 58 | F22: =IF(E22="","",D22-E22) -> -8 | G22: 214 | H22: 214 | I22: =IF(H22="","",G22-H22) -> 0 | J22: =IF(OR(D22="",D22+G22=0),"",D22/(D22+G22)) -> 0.18939394 | K22: =IF(E22="","",E22/(E22+H22)) -> 0.21323529 | L22: =IF(OR(K22="",J22=""),"",(J22-K22)*100) -> -2.3841355 | M22: 3.5689074 | N22: 2.602469 | O22: =SQRT(M22^2+N22^2) -> 4.4170064 | P22: =IF(J22="","",MAX(0,J22-1.96*O22/100)) -> 0.10282061 | Q22: =IF(J22="","",MIN(1,J22+1.96*O22/100)) -> 0.27596726 | R22: =IF(L22="","",IF(ABS(L22)<=O22,"Yes","No")) -> Yes | S22: =IF(L22="","",IF(ABS(L22)<=1.96*O22,"Yes","No")) -> Yes | T22: =IF(D22="","",ROUND(SQRT(((D22+G22)*O22/100)^2+(J22*(D22+G22)*0.14577)^2),0)) -> 14
A23: Carbon | B23: LEHIGHTON BOROUGH | C23: LEHIGHTON BOROUGH-1ST | D23: 311 | E23: 321 | F23: =IF(E23="","",D23-E23) -> -10 | G23: 474 | H23: 498 | I23: =IF(H23="","",G23-H23) -> -24 | J23: =IF(OR(D23="",D23+G23=0),"",D23/(D23+G23)) -> 0.39617834 | K23: =IF(E23="","",E23/(E23+H23)) -> 0.39194139 | L23: =IF(OR(K23="",J23=""),"",(J23-K23)*100) -> 0.4236952 | M23: 2.4572392 | N23: 2.602469 | O23: =SQRT(M23^2+N23^2) -> 3.5792275 | P23: =IF(J23="","",MAX(0,J23-1.96*O23/100)) -> 0.32602549 | Q23: =IF(J23="","",MIN(1,J23+1.96*O23/100)) -> 0.4663312 | R23: =IF(L23="","",IF(ABS(L23)<=O23,"Yes","No")) -> Yes | S23: =IF(L23="","",IF(ABS(L23)<=1.96*O23,"Yes","No")) -> Yes | T23: =IF(D23="","",ROUND(SQRT(((D23+G23)*O23/100)^2+(J23*(D23+G23)*0.09272)^2),0)) -> 40
A24: Carbon | B24: LEHIGHTON BOROUGH | C24: LEHIGHTON BOROUGH-2ND | D24: 290 | E24: 288 | F24: =IF(E24="","",D24-E24) -> 2 | G24: 414 | H24: 448 | I24: =IF(H24="","",G24-H24) -> -34 | J24: =IF(OR(D24="",D24+G24=0),"",D24/(D24+G24)) -> 0.41193182 | K24: =IF(E24="","",E24/(E24+H24)) -> 0.39130435 | L24: =IF(OR(K24="",J24=""),"",(J24-K24)*100) -> 2.062747 | M24: 3.5689074 | N24: 2.602469 | O24: =SQRT(M24^2+N24^2) -> 4.4170064 | P24: =IF(J24="","",MAX(0,J24-1.96*O24/100)) -> 0.32535849 | Q24: =IF(J24="","",MIN(1,J24+1.96*O24/100)) -> 0.49850514 | R24: =IF(L24="","",IF(ABS(L24)<=O24,"Yes","No")) -> Yes | S24: =IF(L24="","",IF(ABS(L24)<=1.96*O24,"Yes","No")) -> Yes | T24: =IF(D24="","",ROUND(SQRT(((D24+G24)*O24/100)^2+(J24*(D24+G24)*0.14577)^2),0)) -> 52
A25: Carbon | B25: LEHIGHTON BOROUGH | C25: LEHIGHTON BOROUGH-3RD | D25: 307 | E25: 317 | F25: =IF(E25="","",D25-E25) -> -10 | G25: 468 | H25: 527 | I25: =IF(H25="","",G25-H25) -> -59 | J25: =IF(OR(D25="",D25+G25=0),"",D25/(D25+G25)) -> 0.39612903 | K25: =IF(E25="","",E25/(E25+H25)) -> 0.37559242 | L25: =IF(OR(K25="",J25=""),"",(J25-K25)*100) -> 2.0536615 | M25: 2.4572392 | N25: 2.602469 | O25: =SQRT(M25^2+N25^2) -> 3.5792275 | P25: =IF(J25="","",MAX(0,J25-1.96*O25/100)) -> 0.32597617 | Q25: =IF(J25="","",MIN(1,J25+1.96*O25/100)) -> 0.46628189 | R25: =IF(L25="","",IF(ABS(L25)<=O25,"Yes","No")) -> Yes | S25: =IF(L25="","",IF(ABS(L25)<=1.96*O25,"Yes","No")) -> Yes | T25: =IF(D25="","",ROUND(SQRT(((D25+G25)*O25/100)^2+(J25*(D25+G25)*0.09272)^2),0)) -> 40
A26: Carbon | B26: LOWER TOWAMENSING TOWNSHIP | C26: LOWER TOWAMENSING TWP.-NORTH | D26: 290 | E26: 285 | F26: =IF(E26="","",D26-E26) -> 5 | G26: 715 | H26: 760 | I26: =IF(H26="","",G26-H26) -> -45 | J26: =IF(OR(D26="",D26+G26=0),"",D26/(D26+G26)) -> 0.28855721 | K26: =IF(E26="","",E26/(E26+H26)) -> 0.27272727 | L26: =IF(OR(K26="",J26=""),"",(J26-K26)*100) -> 1.5829941 | M26: 2.4572392 | N26: 2.602469 | O26: =SQRT(M26^2+N26^2) -> 3.5792275 | P26: =IF(J26="","",MAX(0,J26-1.96*O26/100)) -> 0.21840436 | Q26: =IF(J26="","",MIN(1,J26+1.96*O26/100)) -> 0.35871007 | R26: =IF(L26="","",IF(ABS(L26)<=O26,"Yes","No")) -> Yes | S26: =IF(L26="","",IF(ABS(L26)<=1.96*O26,"Yes","No")) -> Yes | T26: =IF(D26="","",ROUND(SQRT(((D26+G26)*O26/100)^2+(J26*(D26+G26)*0.09272)^2),0)) -> 45
A27: Carbon | B27: LOWER TOWAMENSING TOWNSHIP | C27: LOWER TOWAMENSING TWP.-SOUTH | D27: 204 | E27: 228 | F27: =IF(E27="","",D27-E27) -> -24 | G27: 471 | H27: 522 | I27: =IF(H27="","",G27-H27) -> -51 | J27: =IF(OR(D27="",D27+G27=0),"",D27/(D27+G27)) -> 0.30222222 | K27: =IF(E27="","",E27/(E27+H27)) -> 0.304 | L27: =IF(OR(K27="",J27=""),"",(J27-K27)*100) -> -0.17777778 | M27: 3.5689074 | N27: 2.602469 | O27: =SQRT(M27^2+N27^2) -> 4.4170064 | P27: =IF(J27="","",MAX(0,J27-1.96*O27/100)) -> 0.2156489 | Q27: =IF(J27="","",MIN(1,J27+1.96*O27/100)) -> 0.38879555 | R27: =IF(L27="","",IF(ABS(L27)<=O27,"Yes","No")) -> Yes | S27: =IF(L27="","",IF(ABS(L27)<=1.96*O27,"Yes","No")) -> Yes | T27: =IF(D27="","",ROUND(SQRT(((D27+G27)*O27/100)^2+(J27*(D27+G27)*0.14577)^2),0)) -> 42
A28: Carbon | B28: MAHONING TOWNSHIP | C28: MAHONING TOWNSHIP - NEW MAHONING | D28: 130 | E28: 135 | F28: =IF(E28="","",D28-E28) -> -5 | G28: 387 | H28: 395 | I28: =IF(H28="","",G28-H28) -> -8 | J28: =IF(OR(D28="",D28+G28=0),"",D28/(D28+G28)) -> 0.25145068 | K28: =IF(E28="","",E28/(E28+H28)) -> 0.25471698 | L28: =IF(OR(K28="",J28=""),"",(J28-K28)*100) -> -0.32663041 | M28: 3.5689074 | N28: 2.602469 | O28: =SQRT(M28^2+N28^2) -> 4.4170064 | P28: =IF(J28="","",MAX(0,J28-1.96*O28/100)) -> 0.16487735 | Q28: =IF(J28="","",MIN(1,J28+1.96*O28/100)) -> 0.338024 | R28: =IF(L28="","",IF(ABS(L28)<=O28,"Yes","No")) -> Yes | S28: =IF(L28="","",IF(ABS(L28)<=1.96*O28,"Yes","No")) -> Yes | T28: =IF(D28="","",ROUND(SQRT(((D28+G28)*O28/100)^2+(J28*(D28+G28)*0.14577)^2),0)) -> 30
A29: Carbon | B29: MAHONING TOWNSHIP | C29: MAHONING TOWNSHIP - PACKERTON/JAMESTOWN | D29: 111 | E29: 124 | F29: =IF(E29="","",D29-E29) -> -13 | G29: 284 | H29: 298 | I29: =IF(H29="","",G29-H29) -> -14 | J29: =IF(OR(D29="",D29+G29=0),"",D29/(D29+G29)) -> 0.28101266 | K29: =IF(E29="","",E29/(E29+H29)) -> 0.29383886 | L29: =IF(OR(K29="",J29=""),"",(J29-K29)*100) -> -1.2826204 | M29: 3.5689074 | N29: 2.602469 | O29: =SQRT(M29^2+N29^2) -> 4.4170064 | P29: =IF(J29="","",MAX(0,J29-1.96*O29/100)) -> 0.19443933 | Q29: =IF(J29="","",MIN(1,J29+1.96*O29/100)) -> 0.36758598 | R29: =IF(L29="","",IF(ABS(L29)<=O29,"Yes","No")) -> Yes | S29: =IF(L29="","",IF(ABS(L29)<=1.96*O29,"Yes","No")) -> Yes | T29: =IF(D29="","",ROUND(SQRT(((D29+G29)*O29/100)^2+(J29*(D29+G29)*0.14577)^2),0)) -> 24
A30: Carbon | B30: MAHONING TOWNSHIP | C30: MAHONING TOWNSHIP-MAHONING | D30: 352 | E30: 424 | F30: =IF(E30="","",D30-E30) -> -72 | G30: 925 | H30: 988 | I30: =IF(H30="","",G30-H30) -> -63 | J30: =IF(OR(D30="",D30+G30=0),"",D30/(D30+G30)) -> 0.27564605 | K30: =IF(E30="","",E30/(E30+H30)) -> 0.30028329 | L30: =IF(OR(K30="",J30=""),"",(J30-K30)*100) -> -2.4637241 | M30: 2.1203713 | N30: 2.602469 | O30: =SQRT(M30^2+N30^2) -> 3.3569063 | P30: =IF(J30="","",MAX(0,J30-1.96*O30/100)) -> 0.20985068 | Q30: =IF(J30="","",MIN(1,J30+1.96*O30/100)) -> 0.34144141 | R30: =IF(L30="","",IF(ABS(L30)<=O30,"Yes","No")) -> Yes | S30: =IF(L30="","",IF(ABS(L30)<=1.96*O30,"Yes","No")) -> Yes | T30: =IF(D30="","",ROUND(SQRT(((D30+G30)*O30/100)^2+(J30*(D30+G30)*0.07717)^2),0)) -> 51
A31: Carbon | B31: NESQUEHONING BOROUGH | C31: NESQUEHONING BOROUGH-EAST | D31: 288 | E31: 279 | F31: =IF(E31="","",D31-E31) -> 9 | G31: 416 | H31: 445 | I31: =IF(H31="","",G31-H31) -> -29 | J31: =IF(OR(D31="",D31+G31=0),"",D31/(D31+G31)) -> 0.40909091 | K31: =IF(E31="","",E31/(E31+H31)) -> 0.38535912 | L31: =IF(OR(K31="",J31=""),"",(J31-K31)*100) -> 2.3731793 | M31: 3.5689074 | N31: 2.602469 | O31: =SQRT(M31^2+N31^2) -> 4.4170064 | P31: =IF(J31="","",MAX(0,J31-1.96*O31/100)) -> 0.32251758 | Q31: =IF(J31="","",MIN(1,J31+1.96*O31/100)) -> 0.49566423 | R31: =IF(L31="","",IF(ABS(L31)<=O31,"Yes","No")) -> Yes | S31: =IF(L31="","",IF(ABS(L31)<=1.96*O31,"Yes","No")) -> Yes | T31: =IF(D31="","",ROUND(SQRT(((D31+G31)*O31/100)^2+(J31*(D31+G31)*0.14577)^2),0)) -> 52
A32: Carbon | B32: NESQUEHONING BOROUGH | C32: NESQUEHONING BOROUGH-WEST | D32: 288 | E32: 309 | F32: =IF(E32="","",D32-E32) -> -21 | G32: 465 | H32: 488 | I32: =IF(H32="","",G32-H32) -> -23 | J32: =IF(OR(D32="",D32+G32=0),"",D32/(D32+G32)) -> 0.38247012 | K32: =IF(E32="","",E32/(E32+H32)) -> 0.38770389 | L32: =IF(OR(K32="",J32=""),"",(J32-K32)*100) -> -0.52337701 | M32: 2.4572392 | N32: 2.602469 | O32: =SQRT(M32^2+N32^2) -> 3.5792275 | P32: =IF(J32="","",MAX(0,J32-1.96*O32/100)) -> 0.31231726 | Q32: =IF(J32="","",MIN(1,J32+1.96*O32/100)) -> 0.45262298 | R32: =IF(L32="","",IF(ABS(L32)<=O32,"Yes","No")) -> Yes | S32: =IF(L32="","",IF(ABS(L32)<=1.96*O32,"Yes","No")) -> Yes | T32: =IF(D32="","",ROUND(SQRT(((D32+G32)*O32/100)^2+(J32*(D32+G32)*0.09272)^2),0)) -> 38
A33: Carbon | B33: PACKER TOWNSHIP | C33: PACKER TOWNSHIP | D33: 110 | E33: 134 | F33: =IF(E33="","",D33-E33) -> -24 | G33: 485 | H33: 503 | I33: =IF(H33="","",G33-H33) -> -18 | J33: =IF(OR(D33="",D33+G33=0),"",D33/(D33+G33)) -> 0.18487395 | K33: =IF(E33="","",E33/(E33+H33)) -> 0.21036107 | L33: =IF(OR(K33="",J33=""),"",(J33-K33)*100) -> -2.5487118 | M33: 3.5689074 | N33: 2.602469 | O33: =SQRT(M33^2+N33^2) -> 4.4170064 | P33: =IF(J33="","",MAX(0,J33-1.96*O33/100)) -> 0.098300625 | Q33: =IF(J33="","",MIN(1,J33+1.96*O33/100)) -> 0.27144727 | R33: =IF(L33="","",IF(ABS(L33)<=O33,"Yes","No")) -> Yes | S33: =IF(L33="","",IF(ABS(L33)<=1.96*O33,"Yes","No")) -> Yes | T33: =IF(D33="","",ROUND(SQRT(((D33+G33)*O33/100)^2+(J33*(D33+G33)*0.14577)^2),0)) -> 31
A34: Carbon | B34: PALMERTON BOROUGH | C34: PALMERTON BOROUGH-EASTERN | D34: 291 | E34: 281 | F34: =IF(E34="","",D34-E34) -> 10 | G34: 578 | H34: 592 | I34: =IF(H34="","",G34-H34) -> -14 | J34: =IF(OR(D34="",D34+G34=0),"",D34/(D34+G34)) -> 0.33486766 | K34: =IF(E34="","",E34/(E34+H34)) -> 0.32187858 | L34: =IF(OR(K34="",J34=""),"",(J34-K34)*100) -> 1.2989084 | M34: 2.4572392 | N34: 2.602469 | O34: =SQRT(M34^2+N34^2) -> 3.5792275 | P34: =IF(J34="","",MAX(0,J34-1.96*O34/100)) -> 0.26471481 | Q34: =IF(J34="","",MIN(1,J34+1.96*O34/100)) -> 0.40502052 | R34: =IF(L34="","",IF(ABS(L34)<=O34,"Yes","No")) -> Yes | S34: =IF(L34="","",IF(ABS(L34)<=1.96*O34,"Yes","No")) -> Yes | T34: =IF(D34="","",ROUND(SQRT(((D34+G34)*O34/100)^2+(J34*(D34+G34)*0.09272)^2),0)) -> 41
A35: Carbon | B35: PALMERTON BOROUGH | C35: PALMERTON BOROUGH-MIDDLE | D35: 503 | E35: 467 | F35: =IF(E35="","",D35-E35) -> 36 | G35: 773 | H35: 782 | I35: =IF(H35="","",G35-H35) -> -9 | J35: =IF(OR(D35="",D35+G35=0),"",D35/(D35+G35)) -> 0.39420063 | K35: =IF(E35="","",E35/(E35+H35)) -> 0.37389912 | L35: =IF(OR(K35="",J35=""),"",(J35-K35)*100) -> 2.0301508 | M35: 2.1203713 | N35: 2.602469 | O35: =SQRT(M35^2+N35^2) -> 3.3569063 | P35: =IF(J35="","",MAX(0,J35-1.96*O35/100)) -> 0.32840526 | Q35: =IF(J35="","",MIN(1,J35+1.96*O35/100)) -> 0.45999599 | R35: =IF(L35="","",IF(ABS(L35)<=O35,"Yes","No")) -> Yes | S35: =IF(L35="","",IF(ABS(L35)<=1.96*O35,"Yes","No")) -> Yes | T35: =IF(D35="","",ROUND(SQRT(((D35+G35)*O35/100)^2+(J35*(D35+G35)*0.07717)^2),0)) -> 58
A36: Carbon | B36: PALMERTON BOROUGH | C36: PALMERTON BOROUGH-WESTERN | D36: 144 | E36: 136 | F36: =IF(E36="","",D36-E36) -> 8 | G36: 271 | H36: 278 | I36: =IF(H36="","",G36-H36) -> -7 | J36: =IF(OR(D36="",D36+G36=0),"",D36/(D36+G36)) -> 0.34698795 | K36: =IF(E36="","",E36/(E36+H36)) -> 0.32850242 | L36: =IF(OR(K36="",J36=""),"",(J36-K36)*100) -> 1.8485536 | M36: 3.5689074 | N36: 2.602469 | O36: =SQRT(M36^2+N36^2) -> 4.4170064 | P36: =IF(J36="","",MAX(0,J36-1.96*O36/100)) -> 0.26041463 | Q36: =IF(J36="","",MIN(1,J36+1.96*O36/100)) -> 0.43356128 | R36: =IF(L36="","",IF(ABS(L36)<=O36,"Yes","No")) -> Yes | S36: =IF(L36="","",IF(ABS(L36)<=1.96*O36,"Yes","No")) -> Yes | T36: =IF(D36="","",ROUND(SQRT(((D36+G36)*O36/100)^2+(J36*(D36+G36)*0.14577)^2),0)) -> 28
A37: Carbon | B37: PARRYVILLE BOROUGH | C37: PARRYVILLE BOROUGH | D37: 57 | E37: 68 | F37: =IF(E37="","",D37-E37) -> -11 | G37: 158 | H37: 153 | I37: =IF(H37="","",G37-H37) -> 5 | J37: =IF(OR(D37="",D37+G37=0),"",D37/(D37+G37)) -> 0.26511628 | K37: =IF(E37="","",E37/(E37+H37)) -> 0.30769231 | L37: =IF(OR(K37="",J37=""),"",(J37-K37)*100) -> -4.2576029 | M37: 3.5689074 | N37: 2.602469 | O37: =SQRT(M37^2+N37^2) -> 4.4170064 | P37: =IF(J37="","",MAX(0,J37-1.96*O37/100)) -> 0.17854295 | Q37: =IF(J37="","",MIN(1,J37+1.96*O37/100)) -> 0.3516896 | R37: =IF(L37="","",IF(ABS(L37)<=O37,"Yes","No")) -> Yes | S37: =IF(L37="","",IF(ABS(L37)<=1.96*O37,"Yes","No")) -> Yes | T37: =IF(D37="","",ROUND(SQRT(((D37+G37)*O37/100)^2+(J37*(D37+G37)*0.14577)^2),0)) -> 13
A38: Carbon | B38: PENN FOREST TOWNSHIP | C38: PENN FOREST TOWNSHIP-EAST | D38: 379 | E38: 432 | F38: =IF(E38="","",D38-E38) -> -53 | G38: 657 | H38: 705 | I38: =IF(H38="","",G38-H38) -> -48 | J38: =IF(OR(D38="",D38+G38=0),"",D38/(D38+G38)) -> 0.36583012 | K38: =IF(E38="","",E38/(E38+H38)) -> 0.37994723 | L38: =IF(OR(K38="",J38=""),"",(J38-K38)*100) -> -1.4117114 | M38: 2.4572392 | N38: 2.602469 | O38: =SQRT(M38^2+N38^2) -> 3.5792275 | P38: =IF(J38="","",MAX(0,J38-1.96*O38/100)) -> 0.29567726 | Q38: =IF(J38="","",MIN(1,J38+1.96*O38/100)) -> 0.43598297 | R38: =IF(L38="","",IF(ABS(L38)<=O38,"Yes","No")) -> Yes | S38: =IF(L38="","",IF(ABS(L38)<=1.96*O38,"Yes","No")) -> Yes | T38: =IF(D38="","",ROUND(SQRT(((D38+G38)*O38/100)^2+(J38*(D38+G38)*0.09272)^2),0)) -> 51
A39: Carbon | B39: PENN FOREST TOWNSHIP | C39: PENN FOREST TOWNSHIP-MIDDLE | D39: 293 | E39: 296 | F39: =IF(E39="","",D39-E39) -> -3 | G39: 512 | H39: 529 | I39: =IF(H39="","",G39-H39) -> -17 | J39: =IF(OR(D39="",D39+G39=0),"",D39/(D39+G39)) -> 0.36397516 | K39: =IF(E39="","",E39/(E39+H39)) -> 0.35878788 | L39: =IF(OR(K39="",J39=""),"",(J39-K39)*100) -> 0.51872765 | M39: 2.4572392 | N39: 2.602469 | O39: =SQRT(M39^2+N39^2) -> 3.5792275 | P39: =IF(J39="","",MAX(0,J39-1.96*O39/100)) -> 0.2938223 | Q39: =IF(J39="","",MIN(1,J39+1.96*O39/100)) -> 0.43412801 | R39: =IF(L39="","",IF(ABS(L39)<=O39,"Yes","No")) -> Yes | S39: =IF(L39="","",IF(ABS(L39)<=1.96*O39,"Yes","No")) -> Yes | T39: =IF(D39="","",ROUND(SQRT(((D39+G39)*O39/100)^2+(J39*(D39+G39)*0.09272)^2),0)) -> 40
A40: Carbon | B40: PENN FOREST TOWNSHIP | C40: PENN FOREST TOWNSHIP-NORTH EAST | D40: 430 | E40: 460 | F40: =IF(E40="","",D40-E40) -> -30 | G40: 730 | H40: 791 | I40: =IF(H40="","",G40-H40) -> -61 | J40: =IF(OR(D40="",D40+G40=0),"",D40/(D40+G40)) -> 0.37068966 | K40: =IF(E40="","",E40/(E40+H40)) -> 0.36770584 | L40: =IF(OR(K40="",J40=""),"",(J40-K40)*100) -> 0.29838198 | M40: 2.4572392 | N40: 2.602469 | O40: =SQRT(M40^2+N40^2) -> 3.5792275 | P40: =IF(J40="","",MAX(0,J40-1.96*O40/100)) -> 0.3005368 | Q40: =IF(J40="","",MIN(1,J40+1.96*O40/100)) -> 0.44084251 | R40: =IF(L40="","",IF(ABS(L40)<=O40,"Yes","No")) -> Yes | S40: =IF(L40="","",IF(ABS(L40)<=1.96*O40,"Yes","No")) -> Yes | T40: =IF(D40="","",ROUND(SQRT(((D40+G40)*O40/100)^2+(J40*(D40+G40)*0.09272)^2),0)) -> 58
A41: Carbon | B41: PENN FOREST TOWNSHIP | C41: PENN FOREST TOWNSHIP-NORTH WEST | D41: 363 | E41: 425 | F41: =IF(E41="","",D41-E41) -> -62 | G41: 832 | H41: 920 | I41: =IF(H41="","",G41-H41) -> -88 | J41: =IF(OR(D41="",D41+G41=0),"",D41/(D41+G41)) -> 0.30376569 | K41: =IF(E41="","",E41/(E41+H41)) -> 0.31598513 | L41: =IF(OR(K41="",J41=""),"",(J41-K41)*100) -> -1.221944 | M41: 2.1203713 | N41: 2.602469 | O41: =SQRT(M41^2+N41^2) -> 3.3569063 | P41: =IF(J41="","",MAX(0,J41-1.96*O41/100)) -> 0.23797033 | Q41: =IF(J41="","",MIN(1,J41+1.96*O41/100)) -> 0.36956105 | R41: =IF(L41="","",IF(ABS(L41)<=O41,"Yes","No")) -> Yes | S41: =IF(L41="","",IF(ABS(L41)<=1.96*O41,"Yes","No")) -> Yes | T41: =IF(D41="","",ROUND(SQRT(((D41+G41)*O41/100)^2+(J41*(D41+G41)*0.07717)^2),0)) -> 49
A42: Carbon | B42: PENN FOREST TOWNSHIP | C42: PENN FOREST TOWNSHIP-SOUTH WEST | D42: 352 | E42: 397 | F42: =IF(E42="","",D42-E42) -> -45 | G42: 697 | H42: 692 | I42: =IF(H42="","",G42-H42) -> 5 | J42: =IF(OR(D42="",D42+G42=0),"",D42/(D42+G42)) -> 0.33555767 | K42: =IF(E42="","",E42/(E42+H42)) -> 0.36455464 | L42: =IF(OR(K42="",J42=""),"",(J42-K42)*100) -> -2.8996963 | M42: 2.4572392 | N42: 2.602469 | O42: =SQRT(M42^2+N42^2) -> 3.5792275 | P42: =IF(J42="","",MAX(0,J42-1.96*O42/100)) -> 0.26540482 | Q42: =IF(J42="","",MIN(1,J42+1.96*O42/100)) -> 0.40571053 | R42: =IF(L42="","",IF(ABS(L42)<=O42,"Yes","No")) -> Yes | S42: =IF(L42="","",IF(ABS(L42)<=1.96*O42,"Yes","No")) -> Yes | T42: =IF(D42="","",ROUND(SQRT(((D42+G42)*O42/100)^2+(J42*(D42+G42)*0.09272)^2),0)) -> 50
A43: Carbon | B43: SUMMIT HILL BOROUGH | C43: SUMMIT HILL BOROUGH-1ST | D43: 177 | E43: 175 | F43: =IF(E43="","",D43-E43) -> 2 | G43: 203 | H43: 212 | I43: =IF(H43="","",G43-H43) -> -9 | J43: =IF(OR(D43="",D43+G43=0),"",D43/(D43+G43)) -> 0.46578947 | K43: =IF(E43="","",E43/(E43+H43)) -> 0.45219638 | L43: =IF(OR(K43="",J43=""),"",(J43-K43)*100) -> 1.3593091 | M43: 3.5689074 | N43: 2.602469 | O43: =SQRT(M43^2+N43^2) -> 4.4170064 | P43: =IF(J43="","",MAX(0,J43-1.96*O43/100)) -> 0.37921615 | Q43: =IF(J43="","",MIN(1,J43+1.96*O43/100)) -> 0.5523628 | R43: =IF(L43="","",IF(ABS(L43)<=O43,"Yes","No")) -> Yes | S43: =IF(L43="","",IF(ABS(L43)<=1.96*O43,"Yes","No")) -> Yes | T43: =IF(D43="","",ROUND(SQRT(((D43+G43)*O43/100)^2+(J43*(D43+G43)*0.14577)^2),0)) -> 31
A44: Carbon | B44: SUMMIT HILL BOROUGH | C44: SUMMIT HILL BOROUGH-2ND | D44: 182 | E44: 184 | F44: =IF(E44="","",D44-E44) -> -2 | G44: 209 | H44: 208 | I44: =IF(H44="","",G44-H44) -> 1 | J44: =IF(OR(D44="",D44+G44=0),"",D44/(D44+G44)) -> 0.46547315 | K44: =IF(E44="","",E44/(E44+H44)) -> 0.46938776 | L44: =IF(OR(K44="",J44=""),"",(J44-K44)*100) -> -0.39146093 | M44: 3.5689074 | N44: 2.602469 | O44: =SQRT(M44^2+N44^2) -> 4.4170064 | P44: =IF(J44="","",MAX(0,J44-1.96*O44/100)) -> 0.37889982 | Q44: =IF(J44="","",MIN(1,J44+1.96*O44/100)) -> 0.55204647 | R44: =IF(L44="","",IF(ABS(L44)<=O44,"Yes","No")) -> Yes | S44: =IF(L44="","",IF(ABS(L44)<=1.96*O44,"Yes","No")) -> Yes | T44: =IF(D44="","",ROUND(SQRT(((D44+G44)*O44/100)^2+(J44*(D44+G44)*0.14577)^2),0)) -> 32
A45: Carbon | B45: SUMMIT HILL BOROUGH | C45: SUMMIT HILL BOROUGH-3RD/2ND | D45: 121 | E45: 102 | F45: =IF(E45="","",D45-E45) -> 19 | G45: 184 | H45: 192 | I45: =IF(H45="","",G45-H45) -> -8 | J45: =IF(OR(D45="",D45+G45=0),"",D45/(D45+G45)) -> 0.39672131 | K45: =IF(E45="","",E45/(E45+H45)) -> 0.34693878 | L45: =IF(OR(K45="",J45=""),"",(J45-K45)*100) -> 4.9782536 | M45: 3.5689074 | N45: 2.602469 | O45: =SQRT(M45^2+N45^2) -> 4.4170064 | P45: =IF(J45="","",MAX(0,J45-1.96*O45/100)) -> 0.31014799 | Q45: =IF(J45="","",MIN(1,J45+1.96*O45/100)) -> 0.48329464 | R45: =IF(L45="","",IF(ABS(L45)<=O45,"Yes","No")) -> No | S45: =IF(L45="","",IF(ABS(L45)<=1.96*O45,"Yes","No")) -> Yes | T45: =IF(D45="","",ROUND(SQRT(((D45+G45)*O45/100)^2+(J45*(D45+G45)*0.14577)^2),0)) -> 22
A46: Carbon | B46: SUMMIT HILL BOROUGH | C46: SUMMIT HILL-3RD/1ST DIST | D46: 187 | E46: 194 | F46: =IF(E46="","",D46-E46) -> -7 | G46: 276 | H46: 296 | I46: =IF(H46="","",G46-H46) -> -20 | J46: =IF(OR(D46="",D46+G46=0),"",D46/(D46+G46)) -> 0.40388769 | K46: =IF(E46="","",E46/(E46+H46)) -> 0.39591837 | L46: =IF(OR(K46="",J46=""),"",(J46-K46)*100) -> 0.79693216 | M46: 3.5689074 | N46: 2.602469 | O46: =SQRT(M46^2+N46^2) -> 4.4170064 | P46: =IF(J46="","",MAX(0,J46-1.96*O46/100)) -> 0.31731436 | Q46: =IF(J46="","",MIN(1,J46+1.96*O46/100)) -> 0.49046101 | R46: =IF(L46="","",IF(ABS(L46)<=O46,"Yes","No")) -> Yes | S46: =IF(L46="","",IF(ABS(L46)<=1.96*O46,"Yes","No")) -> Yes | T46: =IF(D46="","",ROUND(SQRT(((D46+G46)*O46/100)^2+(J46*(D46+G46)*0.14577)^2),0)) -> 34
A47: Carbon | B47: TOWAMENSING TOWNSHIP | C47: TOWAMENSING TOWNSHIP-NORTH | D47: 258 | E47: 298 | F47: =IF(E47="","",D47-E47) -> -40 | G47: 666 | H47: 649 | I47: =IF(H47="","",G47-H47) -> 17 | J47: =IF(OR(D47="",D47+G47=0),"",D47/(D47+G47)) -> 0.27922078 | K47: =IF(E47="","",E47/(E47+H47)) -> 0.31467793 | L47: =IF(OR(K47="",J47=""),"",(J47-K47)*100) -> -3.5457151 | M47: 2.4572392 | N47: 2.602469 | O47: =SQRT(M47^2+N47^2) -> 3.5792275 | P47: =IF(J47="","",MAX(0,J47-1.96*O47/100)) -> 0.20906792 | Q47: =IF(J47="","",MIN(1,J47+1.96*O47/100)) -> 0.34937364 | R47: =IF(L47="","",IF(ABS(L47)<=O47,"Yes","No")) -> Yes | S47: =IF(L47="","",IF(ABS(L47)<=1.96*O47,"Yes","No")) -> Yes | T47: =IF(D47="","",ROUND(SQRT(((D47+G47)*O47/100)^2+(J47*(D47+G47)*0.09272)^2),0)) -> 41
A48: Carbon | B48: TOWAMENSING TOWNSHIP | C48: TOWAMENSING TOWNSHIP-SOUTH-1 | D48: 238 | E48: 253 | F48: =IF(E48="","",D48-E48) -> -15 | G48: 663 | H48: 710 | I48: =IF(H48="","",G48-H48) -> -47 | J48: =IF(OR(D48="",D48+G48=0),"",D48/(D48+G48)) -> 0.26415094 | K48: =IF(E48="","",E48/(E48+H48)) -> 0.26272066 | L48: =IF(OR(K48="",J48=""),"",(J48-K48)*100) -> 0.14302788 | M48: 2.4572392 | N48: 2.602469 | O48: =SQRT(M48^2+N48^2) -> 3.5792275 | P48: =IF(J48="","",MAX(0,J48-1.96*O48/100)) -> 0.19399808 | Q48: =IF(J48="","",MIN(1,J48+1.96*O48/100)) -> 0.3343038 | R48: =IF(L48="","",IF(ABS(L48)<=O48,"Yes","No")) -> Yes | S48: =IF(L48="","",IF(ABS(L48)<=1.96*O48,"Yes","No")) -> Yes | T48: =IF(D48="","",ROUND(SQRT(((D48+G48)*O48/100)^2+(J48*(D48+G48)*0.09272)^2),0)) -> 39
A49: Carbon | B49: TOWAMENSING TOWNSHIP | C49: TOWAMENSING TOWNSHIP-SOUTH-2 | D49: 225 | E49: 238 | F49: =IF(E49="","",D49-E49) -> -13 | G49: 593 | H49: 586 | I49: =IF(H49="","",G49-H49) -> 7 | J49: =IF(OR(D49="",D49+G49=0),"",D49/(D49+G49)) -> 0.27506112 | K49: =IF(E49="","",E49/(E49+H49)) -> 0.28883495 | L49: =IF(OR(K49="",J49=""),"",(J49-K49)*100) -> -1.3773827 | M49: 2.4572392 | N49: 2.602469 | O49: =SQRT(M49^2+N49^2) -> 3.5792275 | P49: =IF(J49="","",MAX(0,J49-1.96*O49/100)) -> 0.20490827 | Q49: =IF(J49="","",MIN(1,J49+1.96*O49/100)) -> 0.34521398 | R49: =IF(L49="","",IF(ABS(L49)<=O49,"Yes","No")) -> Yes | S49: =IF(L49="","",IF(ABS(L49)<=1.96*O49,"Yes","No")) -> Yes | T49: =IF(D49="","",ROUND(SQRT(((D49+G49)*O49/100)^2+(J49*(D49+G49)*0.09272)^2),0)) -> 36
A50: Carbon | B50: WEATHERLY BOROUGH | C50: WEATHERLY BOROUGH-EAST | D50: 215 | E50: 238 | F50: =IF(E50="","",D50-E50) -> -23 | G50: 578 | H50: 541 | I50: =IF(H50="","",G50-H50) -> 37 | J50: =IF(OR(D50="",D50+G50=0),"",D50/(D50+G50)) -> 0.27112232 | K50: =IF(E50="","",E50/(E50+H50)) -> 0.3055199 | L50: =IF(OR(K50="",J50=""),"",(J50-K50)*100) -> -3.4397577 | M50: 2.4572392 | N50: 2.602469 | O50: =SQRT(M50^2+N50^2) -> 3.5792275 | P50: =IF(J50="","",MAX(0,J50-1.96*O50/100)) -> 0.20096946 | Q50: =IF(J50="","",MIN(1,J50+1.96*O50/100)) -> 0.34127518 | R50: =IF(L50="","",IF(ABS(L50)<=O50,"Yes","No")) -> Yes | S50: =IF(L50="","",IF(ABS(L50)<=1.96*O50,"Yes","No")) -> Yes | T50: =IF(D50="","",ROUND(SQRT(((D50+G50)*O50/100)^2+(J50*(D50+G50)*0.09272)^2),0)) -> 35
A51: Carbon | B51: WEATHERLY BOROUGH | C51: WEATHERLY BOROUGH-WEST | D51: 103 | E51: 103 | F51: =IF(E51="","",D51-E51) -> 0 | G51: 293 | H51: 292 | I51: =IF(H51="","",G51-H51) -> 1 | J51: =IF(OR(D51="",D51+G51=0),"",D51/(D51+G51)) -> 0.26010101 | K51: =IF(E51="","",E51/(E51+H51)) -> 0.26075949 | L51: =IF(OR(K51="",J51=""),"",(J51-K51)*100) -> -0.065848357 | M51: 3.5689074 | N51: 2.602469 | O51: =SQRT(M51^2+N51^2) -> 4.4170064 | P51: =IF(J51="","",MAX(0,J51-1.96*O51/100)) -> 0.17352769 | Q51: =IF(J51="","",MIN(1,J51+1.96*O51/100)) -> 0.34667433 | R51: =IF(L51="","",IF(ABS(L51)<=O51,"Yes","No")) -> Yes | S51: =IF(L51="","",IF(ABS(L51)<=1.96*O51,"Yes","No")) -> Yes | T51: =IF(D51="","",ROUND(SQRT(((D51+G51)*O51/100)^2+(J51*(D51+G51)*0.14577)^2),0)) -> 23
A52: Carbon | B52: WEISSPORT BOROUGH | C52: WEISSPORT BOROUGH | D52: 57 | E52: 53 | F52: =IF(E52="","",D52-E52) -> 4 | G52: 86 | H52: 99 | I52: =IF(H52="","",G52-H52) -> -13 | J52: =IF(OR(D52="",D52+G52=0),"",D52/(D52+G52)) -> 0.3986014 | K52: =IF(E52="","",E52/(E52+H52)) -> 0.34868421 | L52: =IF(OR(K52="",J52=""),"",(J52-K52)*100) -> 4.9917188 | M52: 3.5689074 | N52: 2.602469 | O52: =SQRT(M52^2+N52^2) -> 4.4170064 | P52: =IF(J52="","",MAX(0,J52-1.96*O52/100)) -> 0.31202807 | Q52: =IF(J52="","",MIN(1,J52+1.96*O52/100)) -> 0.48517472 | R52: =IF(L52="","",IF(ABS(L52)<=O52,"Yes","No")) -> No | S52: =IF(L52="","",IF(ABS(L52)<=1.96*O52,"Yes","No")) -> Yes | T52: =IF(D52="","",ROUND(SQRT(((D52+G52)*O52/100)^2+(J52*(D52+G52)*0.14577)^2),0)) -> 10
A53: Lehigh | B53: ALBURTIS | C53: ALBURTIS | D53: 674 | E53: 601 | F53: =IF(E53="","",D53-E53) -> 73 | G53: 745 | H53: 766 | I53: =IF(H53="","",G53-H53) -> -21 | J53: =IF(OR(D53="",D53+G53=0),"",D53/(D53+G53)) -> 0.47498238 | K53: =IF(E53="","",E53/(E53+H53)) -> 0.43964887 | L53: =IF(OR(K53="",J53=""),"",(J53-K53)*100) -> 3.5333516 | M53: 2.1203713 | N53: 2.602469 | O53: =SQRT(M53^2+N53^2) -> 3.3569063 | P53: =IF(J53="","",MAX(0,J53-1.96*O53/100)) -> 0.40918702 | Q53: =IF(J53="","",MIN(1,J53+1.96*O53/100)) -> 0.54077774 | R53: =IF(L53="","",IF(ABS(L53)<=O53,"Yes","No")) -> No | S53: =IF(L53="","",IF(ABS(L53)<=1.96*O53,"Yes","No")) -> Yes | T53: =IF(D53="","",ROUND(SQRT(((D53+G53)*O53/100)^2+(J53*(D53+G53)*0.07717)^2),0)) -> 71
A54: Lehigh | B54: ALLENTOWN | C54: ALLENTOWN 10TH WARD 1ST DIST | D54: 548 | E54: 437 | F54: =IF(E54="","",D54-E54) -> 111 | G54: 166 | H54: 173 | I54: =IF(H54="","",G54-H54) -> -7 | J54: =IF(OR(D54="",D54+G54=0),"",D54/(D54+G54)) -> 0.767507 | K54: =IF(E54="","",E54/(E54+H54)) -> 0.71639344 | L54: =IF(OR(K54="",J54=""),"",(J54-K54)*100) -> 5.111356 | M54: 3.5689074 | N54: 2.602469 | O54: =SQRT(M54^2+N54^2) -> 4.4170064 | P54: =IF(J54="","",MAX(0,J54-1.96*O54/100)) -> 0.68093368 | Q54: =IF(J54="","",MIN(1,J54+1.96*O54/100)) -> 0.85408033 | R54: =IF(L54="","",IF(ABS(L54)<=O54,"Yes","No")) -> No | S54: =IF(L54="","",IF(ABS(L54)<=1.96*O54,"Yes","No")) -> Yes | T54: =IF(D54="","",ROUND(SQRT(((D54+G54)*O54/100)^2+(J54*(D54+G54)*0.14577)^2),0)) -> 86
A55: Lehigh | B55: ALLENTOWN | C55: ALLENTOWN 10TH WARD 3RD DIST | D55: 347 | E55: 328 | F55: =IF(E55="","",D55-E55) -> 19 | G55: 129 | H55: 173 | I55: =IF(H55="","",G55-H55) -> -44 | J55: =IF(OR(D55="",D55+G55=0),"",D55/(D55+G55)) -> 0.7289916 | K55: =IF(E55="","",E55/(E55+H55)) -> 0.65469062 | L55: =IF(OR(K55="",J55=""),"",(J55-K55)*100) -> 7.4300978 | M55: 3.5689074 | N55: 2.602469 | O55: =SQRT(M55^2+N55^2) -> 4.4170064 | P55: =IF(J55="","",MAX(0,J55-1.96*O55/100)) -> 0.64241827 | Q55: =IF(J55="","",MIN(1,J55+1.96*O55/100)) -> 0.81556492 | R55: =IF(L55="","",IF(ABS(L55)<=O55,"Yes","No")) -> No | S55: =IF(L55="","",IF(ABS(L55)<=1.96*O55,"Yes","No")) -> Yes | T55: =IF(D55="","",ROUND(SQRT(((D55+G55)*O55/100)^2+(J55*(D55+G55)*0.14577)^2),0)) -> 55
A56: Lehigh | B56: ALLENTOWN | C56: ALLENTOWN 10TH WARD 4TH DIST | D56: 392 | E56: 347 | F56: =IF(E56="","",D56-E56) -> 45 | G56: 121 | H56: 147 | I56: =IF(H56="","",G56-H56) -> -26 | J56: =IF(OR(D56="",D56+G56=0),"",D56/(D56+G56)) -> 0.76413255 | K56: =IF(E56="","",E56/(E56+H56)) -> 0.70242915 | L56: =IF(OR(K56="",J56=""),"",(J56-K56)*100) -> 6.1703404 | M56: 3.5689074 | N56: 2.602469 | O56: =SQRT(M56^2+N56^2) -> 4.4170064 | P56: =IF(J56="","",MAX(0,J56-1.96*O56/100)) -> 0.67755923 | Q56: =IF(J56="","",MIN(1,J56+1.96*O56/100)) -> 0.85070588 | R56: =IF(L56="","",IF(ABS(L56)<=O56,"Yes","No")) -> No | S56: =IF(L56="","",IF(ABS(L56)<=1.96*O56,"Yes","No")) -> Yes | T56: =IF(D56="","",ROUND(SQRT(((D56+G56)*O56/100)^2+(J56*(D56+G56)*0.14577)^2),0)) -> 61
A57: Lehigh | B57: ALLENTOWN | C57: ALLENTOWN 11TH WARD 1ST DIST | D57: 350 | E57: 314 | F57: =IF(E57="","",D57-E57) -> 36 | G57: 124 | H57: 149 | I57: =IF(H57="","",G57-H57) -> -25 | J57: =IF(OR(D57="",D57+G57=0),"",D57/(D57+G57)) -> 0.73839662 | K57: =IF(E57="","",E57/(E57+H57)) -> 0.67818575 | L57: =IF(OR(K57="",J57=""),"",(J57-K57)*100) -> 6.0210879 | M57: 3.5689074 | N57: 2.602469 | O57: =SQRT(M57^2+N57^2) -> 4.4170064 | P57: =IF(J57="","",MAX(0,J57-1.96*O57/100)) -> 0.6518233 | Q57: =IF(J57="","",MIN(1,J57+1.96*O57/100)) -> 0.82496995 | R57: =IF(L57="","",IF(ABS(L57)<=O57,"Yes","No")) -> No | S57: =IF(L57="","",IF(ABS(L57)<=1.96*O57,"Yes","No")) -> Yes | T57: =IF(D57="","",ROUND(SQRT(((D57+G57)*O57/100)^2+(J57*(D57+G57)*0.14577)^2),0)) -> 55
A58: Lehigh | B58: ALLENTOWN | C58: ALLENTOWN 11TH WARD 2ND DIST | D58: 396 | E58: 364 | F58: =IF(E58="","",D58-E58) -> 32 | G58: 124 | H58: 137 | I58: =IF(H58="","",G58-H58) -> -13 | J58: =IF(OR(D58="",D58+G58=0),"",D58/(D58+G58)) -> 0.76153846 | K58: =IF(E58="","",E58/(E58+H58)) -> 0.72654691 | L58: =IF(OR(K58="",J58=""),"",(J58-K58)*100) -> 3.4991555 | M58: 3.5689074 | N58: 2.602469 | O58: =SQRT(M58^2+N58^2) -> 4.4170064 | P58: =IF(J58="","",MAX(0,J58-1.96*O58/100)) -> 0.67496514 | Q58: =IF(J58="","",MIN(1,J58+1.96*O58/100)) -> 0.84811179 | R58: =IF(L58="","",IF(ABS(L58)<=O58,"Yes","No")) -> Yes | S58: =IF(L58="","",IF(ABS(L58)<=1.96*O58,"Yes","No")) -> Yes | T58: =IF(D58="","",ROUND(SQRT(((D58+G58)*O58/100)^2+(J58*(D58+G58)*0.14577)^2),0)) -> 62
A59: Lehigh | B59: ALLENTOWN | C59: ALLENTOWN 11TH WARD 3RD DIST | D59: 458 | E59: 399 | F59: =IF(E59="","",D59-E59) -> 59 | G59: 179 | H59: 171 | I59: =IF(H59="","",G59-H59) -> 8 | J59: =IF(OR(D59="",D59+G59=0),"",D59/(D59+G59)) -> 0.71899529 | K59: =IF(E59="","",E59/(E59+H59)) -> 0.7 | L59: =IF(OR(K59="",J59=""),"",(J59-K59)*100) -> 1.899529 | M59: 3.5689074 | N59: 2.602469 | O59: =SQRT(M59^2+N59^2) -> 4.4170064 | P59: =IF(J59="","",MAX(0,J59-1.96*O59/100)) -> 0.63242197 | Q59: =IF(J59="","",MIN(1,J59+1.96*O59/100)) -> 0.80556861 | R59: =IF(L59="","",IF(ABS(L59)<=O59,"Yes","No")) -> Yes | S59: =IF(L59="","",IF(ABS(L59)<=1.96*O59,"Yes","No")) -> Yes | T59: =IF(D59="","",ROUND(SQRT(((D59+G59)*O59/100)^2+(J59*(D59+G59)*0.14577)^2),0)) -> 72
A60: Lehigh | B60: ALLENTOWN | C60: ALLENTOWN 11TH WARD 4TH DIST | D60: 1000 | E60: 1034 | F60: =IF(E60="","",D60-E60) -> -34 | G60: 273 | H60: 285 | I60: =IF(H60="","",G60-H60) -> -12 | J60: =IF(OR(D60="",D60+G60=0),"",D60/(D60+G60)) -> 0.78554595 | K60: =IF(E60="","",E60/(E60+H60)) -> 0.78392722 | L60: =IF(OR(K60="",J60=""),"",(J60-K60)*100) -> 0.16187368 | M60: 2.1203713 | N60: 2.602469 | O60: =SQRT(M60^2+N60^2) -> 3.3569063 | P60: =IF(J60="","",MAX(0,J60-1.96*O60/100)) -> 0.71975059 | Q60: =IF(J60="","",MIN(1,J60+1.96*O60/100)) -> 0.85134132 | R60: =IF(L60="","",IF(ABS(L60)<=O60,"Yes","No")) -> Yes | S60: =IF(L60="","",IF(ABS(L60)<=1.96*O60,"Yes","No")) -> Yes | T60: =IF(D60="","",ROUND(SQRT(((D60+G60)*O60/100)^2+(J60*(D60+G60)*0.07717)^2),0)) -> 88
A61: Lehigh | B61: ALLENTOWN | C61: ALLENTOWN 11TH WARD 5TH DIST | D61: 391 | E61: 377 | F61: =IF(E61="","",D61-E61) -> 14 | G61: 214 | H61: 190 | I61: =IF(H61="","",G61-H61) -> 24 | J61: =IF(OR(D61="",D61+G61=0),"",D61/(D61+G61)) -> 0.64628099 | K61: =IF(E61="","",E61/(E61+H61)) -> 0.664903 | L61: =IF(OR(K61="",J61=""),"",(J61-K61)*100) -> -1.8622007 | M61: 3.5689074 | N61: 2.602469 | O61: =SQRT(M61^2+N61^2) -> 4.4170064 | P61: =IF(J61="","",MAX(0,J61-1.96*O61/100)) -> 0.55970767 | Q61: =IF(J61="","",MIN(1,J61+1.96*O61/100)) -> 0.73285432 | R61: =IF(L61="","",IF(ABS(L61)<=O61,"Yes","No")) -> Yes | S61: =IF(L61="","",IF(ABS(L61)<=1.96*O61,"Yes","No")) -> Yes | T61: =IF(D61="","",ROUND(SQRT(((D61+G61)*O61/100)^2+(J61*(D61+G61)*0.14577)^2),0)) -> 63
A62: Lehigh | B62: ALLENTOWN | C62: ALLENTOWN 11TH WARD 6TH DIST | D62: 601 | E62: 619 | F62: =IF(E62="","",D62-E62) -> -18 | G62: 397 | H62: 400 | I62: =IF(H62="","",G62-H62) -> -3 | J62: =IF(OR(D62="",D62+G62=0),"",D62/(D62+G62)) -> 0.60220441 | K62: =IF(E62="","",E62/(E62+H62)) -> 0.60745829 | L62: =IF(OR(K62="",J62=""),"",(J62-K62)*100) -> -0.52538836 | M62: 2.4572392 | N62: 2.602469 | O62: =SQRT(M62^2+N62^2) -> 3.5792275 | P62: =IF(J62="","",MAX(0,J62-1.96*O62/100)) -> 0.53205155 | Q62: =IF(J62="","",MIN(1,J62+1.96*O62/100)) -> 0.67235727 | R62: =IF(L62="","",IF(ABS(L62)<=O62,"Yes","No")) -> Yes | S62: =IF(L62="","",IF(ABS(L62)<=1.96*O62,"Yes","No")) -> Yes | T62: =IF(D62="","",ROUND(SQRT(((D62+G62)*O62/100)^2+(J62*(D62+G62)*0.09272)^2),0)) -> 66
A63: Lehigh | B63: ALLENTOWN | C63: ALLENTOWN 11TH WARD 7TH DIST | D63: 435 | E63: 438 | F63: =IF(E63="","",D63-E63) -> -3 | G63: 281 | H63: 259 | I63: =IF(H63="","",G63-H63) -> 22 | J63: =IF(OR(D63="",D63+G63=0),"",D63/(D63+G63)) -> 0.6075419 | K63: =IF(E63="","",E63/(E63+H63)) -> 0.62840746 | L63: =IF(OR(K63="",J63=""),"",(J63-K63)*100) -> -2.0865561 | M63: 3.5689074 | N63: 2.602469 | O63: =SQRT(M63^2+N63^2) -> 4.4170064 | P63: =IF(J63="","",MAX(0,J63-1.96*O63/100)) -> 0.52096857 | Q63: =IF(J63="","",MIN(1,J63+1.96*O63/100)) -> 0.69411522 | R63: =IF(L63="","",IF(ABS(L63)<=O63,"Yes","No")) -> Yes | S63: =IF(L63="","",IF(ABS(L63)<=1.96*O63,"Yes","No")) -> Yes | T63: =IF(D63="","",ROUND(SQRT(((D63+G63)*O63/100)^2+(J63*(D63+G63)*0.14577)^2),0)) -> 71
A64: Lehigh | B64: ALLENTOWN | C64: ALLENTOWN 12TH WARD 1ST DIST | D64: 479 | E64: 428 | F64: =IF(E64="","",D64-E64) -> 51 | G64: 181 | H64: 195 | I64: =IF(H64="","",G64-H64) -> -14 | J64: =IF(OR(D64="",D64+G64=0),"",D64/(D64+G64)) -> 0.72575758 | K64: =IF(E64="","",E64/(E64+H64)) -> 0.68699839 | L64: =IF(OR(K64="",J64=""),"",(J64-K64)*100) -> 3.8759181 | M64: 3.5689074 | N64: 2.602469 | O64: =SQRT(M64^2+N64^2) -> 4.4170064 | P64: =IF(J64="","",MAX(0,J64-1.96*O64/100)) -> 0.63918425 | Q64: =IF(J64="","",MIN(1,J64+1.96*O64/100)) -> 0.8123309 | R64: =IF(L64="","",IF(ABS(L64)<=O64,"Yes","No")) -> Yes | S64: =IF(L64="","",IF(ABS(L64)<=1.96*O64,"Yes","No")) -> Yes | T64: =IF(D64="","",ROUND(SQRT(((D64+G64)*O64/100)^2+(J64*(D64+G64)*0.14577)^2),0)) -> 76
A65: Lehigh | B65: ALLENTOWN | C65: ALLENTOWN 12TH WARD 2ND DIST | D65: 548 | E65: 563 | F65: =IF(E65="","",D65-E65) -> -15 | G65: 299 | H65: 322 | I65: =IF(H65="","",G65-H65) -> -23 | J65: =IF(OR(D65="",D65+G65=0),"",D65/(D65+G65)) -> 0.64698937 | K65: =IF(E65="","",E65/(E65+H65)) -> 0.63615819 | L65: =IF(OR(K65="",J65=""),"",(J65-K65)*100) -> 1.0831182 | M65: 2.4572392 | N65: 2.602469 | O65: =SQRT(M65^2+N65^2) -> 3.5792275 | P65: =IF(J65="","",MAX(0,J65-1.96*O65/100)) -> 0.57683652 | Q65: =IF(J65="","",MIN(1,J65+1.96*O65/100)) -> 0.71714223 | R65: =IF(L65="","",IF(ABS(L65)<=O65,"Yes","No")) -> Yes | S65: =IF(L65="","",IF(ABS(L65)<=1.96*O65,"Yes","No")) -> Yes | T65: =IF(D65="","",ROUND(SQRT(((D65+G65)*O65/100)^2+(J65*(D65+G65)*0.09272)^2),0)) -> 59
A66: Lehigh | B66: ALLENTOWN | C66: ALLENTOWN 12TH WARD 3RD DIST | D66: 469 | E66: 472 | F66: =IF(E66="","",D66-E66) -> -3 | G66: 299 | H66: 273 | I66: =IF(H66="","",G66-H66) -> 26 | J66: =IF(OR(D66="",D66+G66=0),"",D66/(D66+G66)) -> 0.61067708 | K66: =IF(E66="","",E66/(E66+H66)) -> 0.63355705 | L66: =IF(OR(K66="",J66=""),"",(J66-K66)*100) -> -2.2879964 | M66: 2.4572392 | N66: 2.602469 | O66: =SQRT(M66^2+N66^2) -> 3.5792275 | P66: =IF(J66="","",MAX(0,J66-1.96*O66/100)) -> 0.54052422 | Q66: =IF(J66="","",MIN(1,J66+1.96*O66/100)) -> 0.68082994 | R66: =IF(L66="","",IF(ABS(L66)<=O66,"Yes","No")) -> Yes | S66: =IF(L66="","",IF(ABS(L66)<=1.96*O66,"Yes","No")) -> Yes | T66: =IF(D66="","",ROUND(SQRT(((D66+G66)*O66/100)^2+(J66*(D66+G66)*0.09272)^2),0)) -> 51
A67: Lehigh | B67: ALLENTOWN | C67: ALLENTOWN 12TH WARD 4TH DIST | D67: 427 | E67: 426 | F67: =IF(E67="","",D67-E67) -> 1 | G67: 331 | H67: 331 | I67: =IF(H67="","",G67-H67) -> 0 | J67: =IF(OR(D67="",D67+G67=0),"",D67/(D67+G67)) -> 0.56332454 | K67: =IF(E67="","",E67/(E67+H67)) -> 0.56274769 | L67: =IF(OR(K67="",J67=""),"",(J67-K67)*100) -> 0.057685002 | M67: 2.4572392 | N67: 2.602469 | O67: =SQRT(M67^2+N67^2) -> 3.5792275 | P67: =IF(J67="","",MAX(0,J67-1.96*O67/100)) -> 0.49317168 | Q67: =IF(J67="","",MIN(1,J67+1.96*O67/100)) -> 0.6334774 | R67: =IF(L67="","",IF(ABS(L67)<=O67,"Yes","No")) -> Yes | S67: =IF(L67="","",IF(ABS(L67)<=1.96*O67,"Yes","No")) -> Yes | T67: =IF(D67="","",ROUND(SQRT(((D67+G67)*O67/100)^2+(J67*(D67+G67)*0.09272)^2),0)) -> 48
A68: Lehigh | B68: ALLENTOWN | C68: ALLENTOWN 12TH WARD 5TH DIST | D68: 438 | E68: 418 | F68: =IF(E68="","",D68-E68) -> 20 | G68: 279 | H68: 278 | I68: =IF(H68="","",G68-H68) -> 1 | J68: =IF(OR(D68="",D68+G68=0),"",D68/(D68+G68)) -> 0.61087866 | K68: =IF(E68="","",E68/(E68+H68)) -> 0.60057471 | L68: =IF(OR(K68="",J68=""),"",(J68-K68)*100) -> 1.0303948 | M68: 3.5689074 | N68: 2.602469 | O68: =SQRT(M68^2+N68^2) -> 4.4170064 | P68: =IF(J68="","",MAX(0,J68-1.96*O68/100)) -> 0.52430534 | Q68: =IF(J68="","",MIN(1,J68+1.96*O68/100)) -> 0.69745199 | R68: =IF(L68="","",IF(ABS(L68)<=O68,"Yes","No")) -> Yes | S68: =IF(L68="","",IF(ABS(L68)<=1.96*O68,"Yes","No")) -> Yes | T68: =IF(D68="","",ROUND(SQRT(((D68+G68)*O68/100)^2+(J68*(D68+G68)*0.14577)^2),0)) -> 71
A69: Lehigh | B69: ALLENTOWN | C69: ALLENTOWN 13TH WARD 1ST DIST | D69: 472 | E69: 424 | F69: =IF(E69="","",D69-E69) -> 48 | G69: 156 | H69: 188 | I69: =IF(H69="","",G69-H69) -> -32 | J69: =IF(OR(D69="",D69+G69=0),"",D69/(D69+G69)) -> 0.75159236 | K69: =IF(E69="","",E69/(E69+H69)) -> 0.69281046 | L69: =IF(OR(K69="",J69=""),"",(J69-K69)*100) -> 5.8781899 | M69: 3.5689074 | N69: 2.602469 | O69: =SQRT(M69^2+N69^2) -> 4.4170064 | P69: =IF(J69="","",MAX(0,J69-1.96*O69/100)) -> 0.66501903 | Q69: =IF(J69="","",MIN(1,J69+1.96*O69/100)) -> 0.83816568 | R69: =IF(L69="","",IF(ABS(L69)<=O69,"Yes","No")) -> No | S69: =IF(L69="","",IF(ABS(L69)<=1.96*O69,"Yes","No")) -> Yes | T69: =IF(D69="","",ROUND(SQRT(((D69+G69)*O69/100)^2+(J69*(D69+G69)*0.14577)^2),0)) -> 74
A70: Lehigh | B70: ALLENTOWN | C70: ALLENTOWN 13TH WARD 2ND DIST | D70: 369 | E70: 330 | F70: =IF(E70="","",D70-E70) -> 39 | G70: 174 | H70: 195 | I70: =IF(H70="","",G70-H70) -> -21 | J70: =IF(OR(D70="",D70+G70=0),"",D70/(D70+G70)) -> 0.67955801 | K70: =IF(E70="","",E70/(E70+H70)) -> 0.62857143 | L70: =IF(OR(K70="",J70=""),"",(J70-K70)*100) -> 5.0986582 | M70: 3.5689074 | N70: 2.602469 | O70: =SQRT(M70^2+N70^2) -> 4.4170064 | P70: =IF(J70="","",MAX(0,J70-1.96*O70/100)) -> 0.59298469 | Q70: =IF(J70="","",MIN(1,J70+1.96*O70/100)) -> 0.76613134 | R70: =IF(L70="","",IF(ABS(L70)<=O70,"Yes","No")) -> No | S70: =IF(L70="","",IF(ABS(L70)<=1.96*O70,"Yes","No")) -> Yes | T70: =IF(D70="","",ROUND(SQRT(((D70+G70)*O70/100)^2+(J70*(D70+G70)*0.14577)^2),0)) -> 59
A71: Lehigh | B71: ALLENTOWN | C71: ALLENTOWN 13TH WARD 3RD DIST | D71: 451 | E71: 441 | F71: =IF(E71="","",D71-E71) -> 10 | G71: 239 | H71: 232 | I71: =IF(H71="","",G71-H71) -> 7 | J71: =IF(OR(D71="",D71+G71=0),"",D71/(D71+G71)) -> 0.65362319 | K71: =IF(E71="","",E71/(E71+H71)) -> 0.65527489 | L71: =IF(OR(K71="",J71=""),"",(J71-K71)*100) -> -0.16517002 | M71: 3.5689074 | N71: 2.602469 | O71: =SQRT(M71^2+N71^2) -> 4.4170064 | P71: =IF(J71="","",MAX(0,J71-1.96*O71/100)) -> 0.56704986 | Q71: =IF(J71="","",MIN(1,J71+1.96*O71/100)) -> 0.74019651 | R71: =IF(L71="","",IF(ABS(L71)<=O71,"Yes","No")) -> Yes | S71: =IF(L71="","",IF(ABS(L71)<=1.96*O71,"Yes","No")) -> Yes | T71: =IF(D71="","",ROUND(SQRT(((D71+G71)*O71/100)^2+(J71*(D71+G71)*0.14577)^2),0)) -> 72
A72: Lehigh | B72: ALLENTOWN | C72: ALLENTOWN 13TH WARD 4TH DIST | D72: 322 | E72: 313 | F72: =IF(E72="","",D72-E72) -> 9 | G72: 136 | H72: 155 | I72: =IF(H72="","",G72-H72) -> -19 | J72: =IF(OR(D72="",D72+G72=0),"",D72/(D72+G72)) -> 0.70305677 | K72: =IF(E72="","",E72/(E72+H72)) -> 0.66880342 | L72: =IF(OR(K72="",J72=""),"",(J72-K72)*100) -> 3.425335 | M72: 3.5689074 | N72: 2.602469 | O72: =SQRT(M72^2+N72^2) -> 4.4170064 | P72: =IF(J72="","",MAX(0,J72-1.96*O72/100)) -> 0.61648344 | Q72: =IF(J72="","",MIN(1,J72+1.96*O72/100)) -> 0.78963009 | R72: =IF(L72="","",IF(ABS(L72)<=O72,"Yes","No")) -> Yes | S72: =IF(L72="","",IF(ABS(L72)<=1.96*O72,"Yes","No")) -> Yes | T72: =IF(D72="","",ROUND(SQRT(((D72+G72)*O72/100)^2+(J72*(D72+G72)*0.14577)^2),0)) -> 51
A73: Lehigh | B73: ALLENTOWN | C73: ALLENTOWN 14TH WARD 1ST DIST | D73: 670 | E73: 658 | F73: =IF(E73="","",D73-E73) -> 12 | G73: 400 | H73: 375 | I73: =IF(H73="","",G73-H73) -> 25 | J73: =IF(OR(D73="",D73+G73=0),"",D73/(D73+G73)) -> 0.62616822 | K73: =IF(E73="","",E73/(E73+H73)) -> 0.63697967 | L73: =IF(OR(K73="",J73=""),"",(J73-K73)*100) -> -1.0811447 | M73: 2.4572392 | N73: 2.602469 | O73: =SQRT(M73^2+N73^2) -> 3.5792275 | P73: =IF(J73="","",MAX(0,J73-1.96*O73/100)) -> 0.55601537 | Q73: =IF(J73="","",MIN(1,J73+1.96*O73/100)) -> 0.69632108 | R73: =IF(L73="","",IF(ABS(L73)<=O73,"Yes","No")) -> Yes | S73: =IF(L73="","",IF(ABS(L73)<=1.96*O73,"Yes","No")) -> Yes | T73: =IF(D73="","",ROUND(SQRT(((D73+G73)*O73/100)^2+(J73*(D73+G73)*0.09272)^2),0)) -> 73
A74: Lehigh | B74: ALLENTOWN | C74: ALLENTOWN 14TH WARD 2ND DIST | D74: 751 | E74: 693 | F74: =IF(E74="","",D74-E74) -> 58 | G74: 399 | H74: 389 | I74: =IF(H74="","",G74-H74) -> 10 | J74: =IF(OR(D74="",D74+G74=0),"",D74/(D74+G74)) -> 0.65304348 | K74: =IF(E74="","",E74/(E74+H74)) -> 0.64048059 | L74: =IF(OR(K74="",J74=""),"",(J74-K74)*100) -> 1.2562887 | M74: 2.4572392 | N74: 2.602469 | O74: =SQRT(M74^2+N74^2) -> 3.5792275 | P74: =IF(J74="","",MAX(0,J74-1.96*O74/100)) -> 0.58289062 | Q74: =IF(J74="","",MIN(1,J74+1.96*O74/100)) -> 0.72319634 | R74: =IF(L74="","",IF(ABS(L74)<=O74,"Yes","No")) -> Yes | S74: =IF(L74="","",IF(ABS(L74)<=1.96*O74,"Yes","No")) -> Yes | T74: =IF(D74="","",ROUND(SQRT(((D74+G74)*O74/100)^2+(J74*(D74+G74)*0.09272)^2),0)) -> 81
A75: Lehigh | B75: ALLENTOWN | C75: ALLENTOWN 15TH WARD 1ST DIST | D75: 491 | E75: 446 | F75: =IF(E75="","",D75-E75) -> 45 | G75: 342 | H75: 382 | I75: =IF(H75="","",G75-H75) -> -40 | J75: =IF(OR(D75="",D75+G75=0),"",D75/(D75+G75)) -> 0.58943577 | K75: =IF(E75="","",E75/(E75+H75)) -> 0.53864734 | L75: =IF(OR(K75="",J75=""),"",(J75-K75)*100) -> 5.0788431 | M75: 2.4572392 | N75: 2.602469 | O75: =SQRT(M75^2+N75^2) -> 3.5792275 | P75: =IF(J75="","",MAX(0,J75-1.96*O75/100)) -> 0.51928292 | Q75: =IF(J75="","",MIN(1,J75+1.96*O75/100)) -> 0.65958863 | R75: =IF(L75="","",IF(ABS(L75)<=O75,"Yes","No")) -> No | S75: =IF(L75="","",IF(ABS(L75)<=1.96*O75,"Yes","No")) -> Yes | T75: =IF(D75="","",ROUND(SQRT(((D75+G75)*O75/100)^2+(J75*(D75+G75)*0.09272)^2),0)) -> 54
A76: Lehigh | B76: ALLENTOWN | C76: ALLENTOWN 15TH WARD 2ND DIST | D76: 625 | E76: 627 | F76: =IF(E76="","",D76-E76) -> -2 | G76: 385 | H76: 389 | I76: =IF(H76="","",G76-H76) -> -4 | J76: =IF(OR(D76="",D76+G76=0),"",D76/(D76+G76)) -> 0.61881188 | K76: =IF(E76="","",E76/(E76+H76)) -> 0.61712598 | L76: =IF(OR(K76="",J76=""),"",(J76-K76)*100) -> 0.16858969 | M76: 2.4572392 | N76: 2.602469 | O76: =SQRT(M76^2+N76^2) -> 3.5792275 | P76: =IF(J76="","",MAX(0,J76-1.96*O76/100)) -> 0.54865902 | Q76: =IF(J76="","",MIN(1,J76+1.96*O76/100)) -> 0.68896474 | R76: =IF(L76="","",IF(ABS(L76)<=O76,"Yes","No")) -> Yes | S76: =IF(L76="","",IF(ABS(L76)<=1.96*O76,"Yes","No")) -> Yes | T76: =IF(D76="","",ROUND(SQRT(((D76+G76)*O76/100)^2+(J76*(D76+G76)*0.09272)^2),0)) -> 68
A77: Lehigh | B77: ALLENTOWN | C77: ALLENTOWN 15TH WARD 3RD DIST | D77: 635 | E77: 645 | F77: =IF(E77="","",D77-E77) -> -10 | G77: 396 | H77: 418 | I77: =IF(H77="","",G77-H77) -> -22 | J77: =IF(OR(D77="",D77+G77=0),"",D77/(D77+G77)) -> 0.61590689 | K77: =IF(E77="","",E77/(E77+H77)) -> 0.60677328 | L77: =IF(OR(K77="",J77=""),"",(J77-K77)*100) -> 0.91336034 | M77: 2.4572392 | N77: 2.602469 | O77: =SQRT(M77^2+N77^2) -> 3.5792275 | P77: =IF(J77="","",MAX(0,J77-1.96*O77/100)) -> 0.54575403 | Q77: =IF(J77="","",MIN(1,J77+1.96*O77/100)) -> 0.68605975 | R77: =IF(L77="","",IF(ABS(L77)<=O77,"Yes","No")) -> Yes | S77: =IF(L77="","",IF(ABS(L77)<=1.96*O77,"Yes","No")) -> Yes | T77: =IF(D77="","",ROUND(SQRT(((D77+G77)*O77/100)^2+(J77*(D77+G77)*0.09272)^2),0)) -> 69
A78: Lehigh | B78: ALLENTOWN | C78: ALLENTOWN 15TH WARD 4TH DIST | D78: 496 | E78: 452 | F78: =IF(E78="","",D78-E78) -> 44 | G78: 314 | H78: 341 | I78: =IF(H78="","",G78-H78) -> -27 | J78: =IF(OR(D78="",D78+G78=0),"",D78/(D78+G78)) -> 0.61234568 | K78: =IF(E78="","",E78/(E78+H78)) -> 0.56998739 | L78: =IF(OR(K78="",J78=""),"",(J78-K78)*100) -> 4.2358289 | M78: 2.4572392 | N78: 2.602469 | O78: =SQRT(M78^2+N78^2) -> 3.5792275 | P78: =IF(J78="","",MAX(0,J78-1.96*O78/100)) -> 0.54219282 | Q78: =IF(J78="","",MIN(1,J78+1.96*O78/100)) -> 0.68249854 | R78: =IF(L78="","",IF(ABS(L78)<=O78,"Yes","No")) -> No | S78: =IF(L78="","",IF(ABS(L78)<=1.96*O78,"Yes","No")) -> Yes | T78: =IF(D78="","",ROUND(SQRT(((D78+G78)*O78/100)^2+(J78*(D78+G78)*0.09272)^2),0)) -> 54
A79: Lehigh | B79: ALLENTOWN | C79: ALLENTOWN 16TH WARD 1ST DIST | D79: 561 | E79: 541 | F79: =IF(E79="","",D79-E79) -> 20 | G79: 348 | H79: 325 | I79: =IF(H79="","",G79-H79) -> 23 | J79: =IF(OR(D79="",D79+G79=0),"",D79/(D79+G79)) -> 0.61716172 | K79: =IF(E79="","",E79/(E79+H79)) -> 0.62471132 | L79: =IF(OR(K79="",J79=""),"",(J79-K79)*100) -> -0.75496002 | M79: 2.4572392 | N79: 2.602469 | O79: =SQRT(M79^2+N79^2) -> 3.5792275 | P79: =IF(J79="","",MAX(0,J79-1.96*O79/100)) -> 0.54700886 | Q79: =IF(J79="","",MIN(1,J79+1.96*O79/100)) -> 0.68731458 | R79: =IF(L79="","",IF(ABS(L79)<=O79,"Yes","No")) -> Yes | S79: =IF(L79="","",IF(ABS(L79)<=1.96*O79,"Yes","No")) -> Yes | T79: =IF(D79="","",ROUND(SQRT(((D79+G79)*O79/100)^2+(J79*(D79+G79)*0.09272)^2),0)) -> 61
A80: Lehigh | B80: ALLENTOWN | C80: ALLENTOWN 16TH WARD 2ND DIST | D80: 805 | E80: 783 | F80: =IF(E80="","",D80-E80) -> 22 | G80: 528 | H80: 562 | I80: =IF(H80="","",G80-H80) -> -34 | J80: =IF(OR(D80="",D80+G80=0),"",D80/(D80+G80)) -> 0.60390098 | K80: =IF(E80="","",E80/(E80+H80)) -> 0.58215613 | L80: =IF(OR(K80="",J80=""),"",(J80-K80)*100) -> 2.1744841 | M80: 2.1203713 | N80: 2.602469 | O80: =SQRT(M80^2+N80^2) -> 3.3569063 | P80: =IF(J80="","",MAX(0,J80-1.96*O80/100)) -> 0.53810561 | Q80: =IF(J80="","",MIN(1,J80+1.96*O80/100)) -> 0.66969634 | R80: =IF(L80="","",IF(ABS(L80)<=O80,"Yes","No")) -> Yes | S80: =IF(L80="","",IF(ABS(L80)<=1.96*O80,"Yes","No")) -> Yes | T80: =IF(D80="","",ROUND(SQRT(((D80+G80)*O80/100)^2+(J80*(D80+G80)*0.07717)^2),0)) -> 77
A81: Lehigh | B81: ALLENTOWN | C81: ALLENTOWN 17TH WARD 1ST DIST | D81: 462 | E81: 454 | F81: =IF(E81="","",D81-E81) -> 8 | G81: 237 | H81: 218 | I81: =IF(H81="","",G81-H81) -> 19 | J81: =IF(OR(D81="",D81+G81=0),"",D81/(D81+G81)) -> 0.66094421 | K81: =IF(E81="","",E81/(E81+H81)) -> 0.67559524 | L81: =IF(OR(K81="",J81=""),"",(J81-K81)*100) -> -1.4651032 | M81: 3.5689074 | N81: 2.602469 | O81: =SQRT(M81^2+N81^2) -> 4.4170064 | P81: =IF(J81="","",MAX(0,J81-1.96*O81/100)) -> 0.57437088 | Q81: =IF(J81="","",MIN(1,J81+1.96*O81/100)) -> 0.74751753 | R81: =IF(L81="","",IF(ABS(L81)<=O81,"Yes","No")) -> Yes | S81: =IF(L81="","",IF(ABS(L81)<=1.96*O81,"Yes","No")) -> Yes | T81: =IF(D81="","",ROUND(SQRT(((D81+G81)*O81/100)^2+(J81*(D81+G81)*0.14577)^2),0)) -> 74
A82: Lehigh | B82: ALLENTOWN | C82: ALLENTOWN 17TH WARD 2ND DIST | D82: 476 | E82: 502 | F82: =IF(E82="","",D82-E82) -> -26 | G82: 295 | H82: 274 | I82: =IF(H82="","",G82-H82) -> 21 | J82: =IF(OR(D82="",D82+G82=0),"",D82/(D82+G82)) -> 0.61738003 | K82: =IF(E82="","",E82/(E82+H82)) -> 0.64690722 | L82: =IF(OR(K82="",J82=""),"",(J82-K82)*100) -> -2.9527191 | M82: 2.4572392 | N82: 2.602469 | O82: =SQRT(M82^2+N82^2) -> 3.5792275 | P82: =IF(J82="","",MAX(0,J82-1.96*O82/100)) -> 0.54722717 | Q82: =IF(J82="","",MIN(1,J82+1.96*O82/100)) -> 0.68753288 | R82: =IF(L82="","",IF(ABS(L82)<=O82,"Yes","No")) -> Yes | S82: =IF(L82="","",IF(ABS(L82)<=1.96*O82,"Yes","No")) -> Yes | T82: =IF(D82="","",ROUND(SQRT(((D82+G82)*O82/100)^2+(J82*(D82+G82)*0.09272)^2),0)) -> 52
A83: Lehigh | B83: ALLENTOWN | C83: ALLENTOWN 17TH WARD 3RD DIST | D83: 495 | E83: 502 | F83: =IF(E83="","",D83-E83) -> -7 | G83: 308 | H83: 283 | I83: =IF(H83="","",G83-H83) -> 25 | J83: =IF(OR(D83="",D83+G83=0),"",D83/(D83+G83)) -> 0.61643836 | K83: =IF(E83="","",E83/(E83+H83)) -> 0.63949045 | L83: =IF(OR(K83="",J83=""),"",(J83-K83)*100) -> -2.305209 | M83: 2.4572392 | N83: 2.602469 | O83: =SQRT(M83^2+N83^2) -> 3.5792275 | P83: =IF(J83="","",MAX(0,J83-1.96*O83/100)) -> 0.5462855 | Q83: =IF(J83="","",MIN(1,J83+1.96*O83/100)) -> 0.68659122 | R83: =IF(L83="","",IF(ABS(L83)<=O83,"Yes","No")) -> Yes | S83: =IF(L83="","",IF(ABS(L83)<=1.96*O83,"Yes","No")) -> Yes | T83: =IF(D83="","",ROUND(SQRT(((D83+G83)*O83/100)^2+(J83*(D83+G83)*0.09272)^2),0)) -> 54
A84: Lehigh | B84: ALLENTOWN | C84: ALLENTOWN 17TH WARD 4TH DIST | D84: 373 | F84: =IF(E84="","",D84-E84) | G84: 230 | I84: =IF(H84="","",G84-H84) | J84: =IF(OR(D84="",D84+G84=0),"",D84/(D84+G84)) -> 0.6185738 | K84: =IF(E84="","",E84/(E84+H84)) | L84: =IF(OR(K84="",J84=""),"",(J84-K84)*100) | M84: 3.5689074 | N84: 2.602469 | O84: =SQRT(M84^2+N84^2) -> 4.4170064 | P84: =IF(J84="","",MAX(0,J84-1.96*O84/100)) -> 0.53200047 | Q84: =IF(J84="","",MIN(1,J84+1.96*O84/100)) -> 0.70514712 | R84: =IF(L84="","",IF(ABS(L84)<=O84,"Yes","No")) | S84: =IF(L84="","",IF(ABS(L84)<=1.96*O84,"Yes","No")) | T84: =IF(D84="","",ROUND(SQRT(((D84+G84)*O84/100)^2+(J84*(D84+G84)*0.14577)^2),0)) -> 61 | U84: No comparable 2024 result
A85: Lehigh | B85: ALLENTOWN | C85: ALLENTOWN 17TH WD 4TH DT PARK | D85: 942 | F85: =IF(E85="","",D85-E85) | G85: 595 | I85: =IF(H85="","",G85-H85) | J85: =IF(OR(D85="",D85+G85=0),"",D85/(D85+G85)) -> 0.61288224 | K85: =IF(E85="","",E85/(E85+H85)) | L85: =IF(OR(K85="",J85=""),"",(J85-K85)*100) | M85: 2.1203713 | N85: 2.602469 | O85: =SQRT(M85^2+N85^2) -> 3.3569063 | P85: =IF(J85="","",MAX(0,J85-1.96*O85/100)) -> 0.54708688 | Q85: =IF(J85="","",MIN(1,J85+1.96*O85/100)) -> 0.6786776 | R85: =IF(L85="","",IF(ABS(L85)<=O85,"Yes","No")) | S85: =IF(L85="","",IF(ABS(L85)<=1.96*O85,"Yes","No")) | T85: =IF(D85="","",ROUND(SQRT(((D85+G85)*O85/100)^2+(J85*(D85+G85)*0.07717)^2),0)) -> 89 | U85: No comparable 2024 result
A86: Lehigh | B86: ALLENTOWN | C86: ALLENTOWN 18TH WARD 1ST DIST | D86: 497 | E86: 488 | F86: =IF(E86="","",D86-E86) -> 9 | G86: 253 | H86: 252 | I86: =IF(H86="","",G86-H86) -> 1 | J86: =IF(OR(D86="",D86+G86=0),"",D86/(D86+G86)) -> 0.66266667 | K86: =IF(E86="","",E86/(E86+H86)) -> 0.65945946 | L86: =IF(OR(K86="",J86=""),"",(J86-K86)*100) -> 0.32072072 | M86: 2.4572392 | N86: 2.602469 | O86: =SQRT(M86^2+N86^2) -> 3.5792275 | P86: =IF(J86="","",MAX(0,J86-1.96*O86/100)) -> 0.59251381 | Q86: =IF(J86="","",MIN(1,J86+1.96*O86/100)) -> 0.73281953 | R86: =IF(L86="","",IF(ABS(L86)<=O86,"Yes","No")) -> Yes | S86: =IF(L86="","",IF(ABS(L86)<=1.96*O86,"Yes","No")) -> Yes | T86: =IF(D86="","",ROUND(SQRT(((D86+G86)*O86/100)^2+(J86*(D86+G86)*0.09272)^2),0)) -> 53
A87: Lehigh | B87: ALLENTOWN | C87: ALLENTOWN 18TH WARD 2ND DIST | D87: 623 | E87: 601 | F87: =IF(E87="","",D87-E87) -> 22 | G87: 407 | H87: 394 | I87: =IF(H87="","",G87-H87) -> 13 | J87: =IF(OR(D87="",D87+G87=0),"",D87/(D87+G87)) -> 0.60485437 | K87: =IF(E87="","",E87/(E87+H87)) -> 0.6040201 | L87: =IF(OR(K87="",J87=""),"",(J87-K87)*100) -> 0.083426843 | M87: 2.4572392 | N87: 2.602469 | O87: =SQRT(M87^2+N87^2) -> 3.5792275 | P87: =IF(J87="","",MAX(0,J87-1.96*O87/100)) -> 0.53470151 | Q87: =IF(J87="","",MIN(1,J87+1.96*O87/100)) -> 0.67500723 | R87: =IF(L87="","",IF(ABS(L87)<=O87,"Yes","No")) -> Yes | S87: =IF(L87="","",IF(ABS(L87)<=1.96*O87,"Yes","No")) -> Yes | T87: =IF(D87="","",ROUND(SQRT(((D87+G87)*O87/100)^2+(J87*(D87+G87)*0.09272)^2),0)) -> 69
A88: Lehigh | B88: ALLENTOWN | C88: ALLENTOWN 18TH WD 2ND DT PARK | D88: 17 | F88: =IF(E88="","",D88-E88) | G88: 12 | I88: =IF(H88="","",G88-H88) | J88: =IF(OR(D88="",D88+G88=0),"",D88/(D88+G88)) -> 0.5862069 | K88: =IF(E88="","",E88/(E88+H88)) | L88: =IF(OR(K88="",J88=""),"",(J88-K88)*100) | M88: 3.5689074 | N88: 2.602469 | O88: =SQRT(M88^2+N88^2) -> 4.4170064 | P88: =IF(J88="","",MAX(0,J88-1.96*O88/100)) -> 0.49963357 | Q88: =IF(J88="","",MIN(1,J88+1.96*O88/100)) -> 0.67278022 | R88: =IF(L88="","",IF(ABS(L88)<=O88,"Yes","No")) | S88: =IF(L88="","",IF(ABS(L88)<=1.96*O88,"Yes","No")) | T88: =IF(D88="","",ROUND(SQRT(((D88+G88)*O88/100)^2+(J88*(D88+G88)*0.14577)^2),0)) -> 3 | U88: No comparable 2024 result
A89: Lehigh | B89: ALLENTOWN | C89: ALLENTOWN 19TH WARD 1ST DIST | D89: 345 | E89: 330 | F89: =IF(E89="","",D89-E89) -> 15 | G89: 258 | H89: 270 | I89: =IF(H89="","",G89-H89) -> -12 | J89: =IF(OR(D89="",D89+G89=0),"",D89/(D89+G89)) -> 0.5721393 | K89: =IF(E89="","",E89/(E89+H89)) -> 0.55 | L89: =IF(OR(K89="",J89=""),"",(J89-K89)*100) -> 2.2139303 | M89: 3.5689074 | N89: 2.602469 | O89: =SQRT(M89^2+N89^2) -> 4.4170064 | P89: =IF(J89="","",MAX(0,J89-1.96*O89/100)) -> 0.48556598 | Q89: =IF(J89="","",MIN(1,J89+1.96*O89/100)) -> 0.65871263 | R89: =IF(L89="","",IF(ABS(L89)<=O89,"Yes","No")) -> Yes | S89: =IF(L89="","",IF(ABS(L89)<=1.96*O89,"Yes","No")) -> Yes | T89: =IF(D89="","",ROUND(SQRT(((D89+G89)*O89/100)^2+(J89*(D89+G89)*0.14577)^2),0)) -> 57
A90: Lehigh | B90: ALLENTOWN | C90: ALLENTOWN 19TH WARD 2ND DIST | D90: 620 | E90: 591 | F90: =IF(E90="","",D90-E90) -> 29 | G90: 311 | H90: 333 | I90: =IF(H90="","",G90-H90) -> -22 | J90: =IF(OR(D90="",D90+G90=0),"",D90/(D90+G90)) -> 0.66595059 | K90: =IF(E90="","",E90/(E90+H90)) -> 0.63961039 | L90: =IF(OR(K90="",J90=""),"",(J90-K90)*100) -> 2.6340201 | M90: 2.4572392 | N90: 2.602469 | O90: =SQRT(M90^2+N90^2) -> 3.5792275 | P90: =IF(J90="","",MAX(0,J90-1.96*O90/100)) -> 0.59579773 | Q90: =IF(J90="","",MIN(1,J90+1.96*O90/100)) -> 0.73610345 | R90: =IF(L90="","",IF(ABS(L90)<=O90,"Yes","No")) -> Yes | S90: =IF(L90="","",IF(ABS(L90)<=1.96*O90,"Yes","No")) -> Yes | T90: =IF(D90="","",ROUND(SQRT(((D90+G90)*O90/100)^2+(J90*(D90+G90)*0.09272)^2),0)) -> 66
A91: Lehigh | B91: ALLENTOWN | C91: ALLENTOWN 19TH WARD 3RD DIST | D91: 340 | E91: 347 | F91: =IF(E91="","",D91-E91) -> -7 | G91: 252 | H91: 243 | I91: =IF(H91="","",G91-H91) -> 9 | J91: =IF(OR(D91="",D91+G91=0),"",D91/(D91+G91)) -> 0.57432432 | K91: =IF(E91="","",E91/(E91+H91)) -> 0.58813559 | L91: =IF(OR(K91="",J91=""),"",(J91-K91)*100) -> -1.3811269 | M91: 3.5689074 | N91: 2.602469 | O91: =SQRT(M91^2+N91^2) -> 4.4170064 | P91: =IF(J91="","",MAX(0,J91-1.96*O91/100)) -> 0.487751 | Q91: =IF(J91="","",MIN(1,J91+1.96*O91/100)) -> 0.66089765 | R91: =IF(L91="","",IF(ABS(L91)<=O91,"Yes","No")) -> Yes | S91: =IF(L91="","",IF(ABS(L91)<=1.96*O91,"Yes","No")) -> Yes | T91: =IF(D91="","",ROUND(SQRT(((D91+G91)*O91/100)^2+(J91*(D91+G91)*0.14577)^2),0)) -> 56
A92: Lehigh | B92: ALLENTOWN | C92: ALLENTOWN 19TH WARD 4TH DIST | D92: 461 | E92: 440 | F92: =IF(E92="","",D92-E92) -> 21 | G92: 255 | H92: 259 | I92: =IF(H92="","",G92-H92) -> -4 | J92: =IF(OR(D92="",D92+G92=0),"",D92/(D92+G92)) -> 0.64385475 | K92: =IF(E92="","",E92/(E92+H92)) -> 0.62947067 | L92: =IF(OR(K92="",J92=""),"",(J92-K92)*100) -> 1.4384076 | M92: 3.5689074 | N92: 2.602469 | O92: =SQRT(M92^2+N92^2) -> 4.4170064 | P92: =IF(J92="","",MAX(0,J92-1.96*O92/100)) -> 0.55728142 | Q92: =IF(J92="","",MIN(1,J92+1.96*O92/100)) -> 0.73042807 | R92: =IF(L92="","",IF(ABS(L92)<=O92,"Yes","No")) -> Yes | S92: =IF(L92="","",IF(ABS(L92)<=1.96*O92,"Yes","No")) -> Yes | T92: =IF(D92="","",ROUND(SQRT(((D92+G92)*O92/100)^2+(J92*(D92+G92)*0.14577)^2),0)) -> 74
A93: Lehigh | B93: ALLENTOWN | C93: ALLENTOWN 19TH WARD 5TH DIST | D93: 556 | E93: 553 | F93: =IF(E93="","",D93-E93) -> 3 | G93: 417 | H93: 367 | I93: =IF(H93="","",G93-H93) -> 50 | J93: =IF(OR(D93="",D93+G93=0),"",D93/(D93+G93)) -> 0.57142857 | K93: =IF(E93="","",E93/(E93+H93)) -> 0.60108696 | L93: =IF(OR(K93="",J93=""),"",(J93-K93)*100) -> -2.9658385 | M93: 2.4572392 | N93: 2.602469 | O93: =SQRT(M93^2+N93^2) -> 3.5792275 | P93: =IF(J93="","",MAX(0,J93-1.96*O93/100)) -> 0.50127571 | Q93: =IF(J93="","",MIN(1,J93+1.96*O93/100)) -> 0.64158143 | R93: =IF(L93="","",IF(ABS(L93)<=O93,"Yes","No")) -> Yes | S93: =IF(L93="","",IF(ABS(L93)<=1.96*O93,"Yes","No")) -> Yes | T93: =IF(D93="","",ROUND(SQRT(((D93+G93)*O93/100)^2+(J93*(D93+G93)*0.09272)^2),0)) -> 62
A94: Lehigh | B94: ALLENTOWN | C94: ALLENTOWN 19TH WARD 5TH DT SAL | D94: 1 | F94: =IF(E94="","",D94-E94) | G94: 1 | I94: =IF(H94="","",G94-H94) | J94: =IF(OR(D94="",D94+G94=0),"",D94/(D94+G94)) -> 0.5 | K94: =IF(E94="","",E94/(E94+H94)) | L94: =IF(OR(K94="",J94=""),"",(J94-K94)*100) | M94: 3.5689074 | N94: 2.602469 | O94: =SQRT(M94^2+N94^2) -> 4.4170064 | P94: =IF(J94="","",MAX(0,J94-1.96*O94/100)) -> 0.41342668 | Q94: =IF(J94="","",MIN(1,J94+1.96*O94/100)) -> 0.58657332 | R94: =IF(L94="","",IF(ABS(L94)<=O94,"Yes","No")) | S94: =IF(L94="","",IF(ABS(L94)<=1.96*O94,"Yes","No")) | T94: =IF(D94="","",ROUND(SQRT(((D94+G94)*O94/100)^2+(J94*(D94+G94)*0.14577)^2),0)) -> 0 | U94: No comparable 2024 result
A95: Lehigh | B95: ALLENTOWN | C95: ALLENTOWN 19TH WARD 6TH DIST | D95: 845 | E95: 821 | F95: =IF(E95="","",D95-E95) -> 24 | G95: 533 | H95: 504 | I95: =IF(H95="","",G95-H95) -> 29 | J95: =IF(OR(D95="",D95+G95=0),"",D95/(D95+G95)) -> 0.61320755 | K95: =IF(E95="","",E95/(E95+H95)) -> 0.61962264 | L95: =IF(OR(K95="",J95=""),"",(J95-K95)*100) -> -0.64150943 | M95: 2.1203713 | N95: 2.602469 | O95: =SQRT(M95^2+N95^2) -> 3.3569063 | P95: =IF(J95="","",MAX(0,J95-1.96*O95/100)) -> 0.54741218 | Q95: =IF(J95="","",MIN(1,J95+1.96*O95/100)) -> 0.67900291 | R95: =IF(L95="","",IF(ABS(L95)<=O95,"Yes","No")) -> Yes | S95: =IF(L95="","",IF(ABS(L95)<=1.96*O95,"Yes","No")) -> Yes | T95: =IF(D95="","",ROUND(SQRT(((D95+G95)*O95/100)^2+(J95*(D95+G95)*0.07717)^2),0)) -> 80
A96: Lehigh | B96: ALLENTOWN | C96: ALLENTOWN 1ST WARD | D96: 518 | E96: 487 | F96: =IF(E96="","",D96-E96) -> 31 | G96: 152 | H96: 191 | I96: =IF(H96="","",G96-H96) -> -39 | J96: =IF(OR(D96="",D96+G96=0),"",D96/(D96+G96)) -> 0.77313433 | K96: =IF(E96="","",E96/(E96+H96)) -> 0.71828909 | L96: =IF(OR(K96="",J96=""),"",(J96-K96)*100) -> 5.4845243 | M96: 3.5689074 | N96: 2.602469 | O96: =SQRT(M96^2+N96^2) -> 4.4170064 | P96: =IF(J96="","",MAX(0,J96-1.96*O96/100)) -> 0.686561 | Q96: =IF(J96="","",MIN(1,J96+1.96*O96/100)) -> 0.85970765 | R96: =IF(L96="","",IF(ABS(L96)<=O96,"Yes","No")) -> No | S96: =IF(L96="","",IF(ABS(L96)<=1.96*O96,"Yes","No")) -> Yes | T96: =IF(D96="","",ROUND(SQRT(((D96+G96)*O96/100)^2+(J96*(D96+G96)*0.14577)^2),0)) -> 81
A97: Lehigh | B97: ALLENTOWN | C97: ALLENTOWN 2ND WARD | D97: 480 | E97: 418 | F97: =IF(E97="","",D97-E97) -> 62 | G97: 152 | H97: 181 | I97: =IF(H97="","",G97-H97) -> -29 | J97: =IF(OR(D97="",D97+G97=0),"",D97/(D97+G97)) -> 0.75949367 | K97: =IF(E97="","",E97/(E97+H97)) -> 0.69782972 | L97: =IF(OR(K97="",J97=""),"",(J97-K97)*100) -> 6.1663955 | M97: 3.5689074 | N97: 2.602469 | O97: =SQRT(M97^2+N97^2) -> 4.4170064 | P97: =IF(J97="","",MAX(0,J97-1.96*O97/100)) -> 0.67292035 | Q97: =IF(J97="","",MIN(1,J97+1.96*O97/100)) -> 0.846067 | R97: =IF(L97="","",IF(ABS(L97)<=O97,"Yes","No")) -> No | S97: =IF(L97="","",IF(ABS(L97)<=1.96*O97,"Yes","No")) -> Yes | T97: =IF(D97="","",ROUND(SQRT(((D97+G97)*O97/100)^2+(J97*(D97+G97)*0.14577)^2),0)) -> 75
A98: Lehigh | B98: ALLENTOWN | C98: ALLENTOWN 3RD WARD | D98: 667 | E98: 677 | F98: =IF(E98="","",D98-E98) -> -10 | G98: 199 | H98: 264 | I98: =IF(H98="","",G98-H98) -> -65 | J98: =IF(OR(D98="",D98+G98=0),"",D98/(D98+G98)) -> 0.77020785 | K98: =IF(E98="","",E98/(E98+H98)) -> 0.7194474 | L98: =IF(OR(K98="",J98=""),"",(J98-K98)*100) -> 5.0760456 | M98: 2.4572392 | N98: 2.602469 | O98: =SQRT(M98^2+N98^2) -> 3.5792275 | P98: =IF(J98="","",MAX(0,J98-1.96*O98/100)) -> 0.70005499 | Q98: =IF(J98="","",MIN(1,J98+1.96*O98/100)) -> 0.84036071 | R98: =IF(L98="","",IF(ABS(L98)<=O98,"Yes","No")) -> No | S98: =IF(L98="","",IF(ABS(L98)<=1.96*O98,"Yes","No")) -> Yes | T98: =IF(D98="","",ROUND(SQRT(((D98+G98)*O98/100)^2+(J98*(D98+G98)*0.09272)^2),0)) -> 69
A99: Lehigh | B99: ALLENTOWN | C99: ALLENTOWN 4TH WARD | D99: 306 | E99: 283 | F99: =IF(E99="","",D99-E99) -> 23 | G99: 106 | H99: 138 | I99: =IF(H99="","",G99-H99) -> -32 | J99: =IF(OR(D99="",D99+G99=0),"",D99/(D99+G99)) -> 0.74271845 | K99: =IF(E99="","",E99/(E99+H99)) -> 0.67220903 | L99: =IF(OR(K99="",J99=""),"",(J99-K99)*100) -> 7.050942 | M99: 3.5689074 | N99: 2.602469 | O99: =SQRT(M99^2+N99^2) -> 4.4170064 | P99: =IF(J99="","",MAX(0,J99-1.96*O99/100)) -> 0.65614512 | Q99: =IF(J99="","",MIN(1,J99+1.96*O99/100)) -> 0.82929177 | R99: =IF(L99="","",IF(ABS(L99)<=O99,"Yes","No")) -> No | S99: =IF(L99="","",IF(ABS(L99)<=1.96*O99,"Yes","No")) -> Yes | T99: =IF(D99="","",ROUND(SQRT(((D99+G99)*O99/100)^2+(J99*(D99+G99)*0.14577)^2),0)) -> 48
A100: Lehigh | B100: ALLENTOWN | C100: ALLENTOWN 5TH WARD | D100: 472 | E100: 447 | F100: =IF(E100="","",D100-E100) -> 25 | G100: 138 | H100: 152 | I100: =IF(H100="","",G100-H100) -> -14 | J100: =IF(OR(D100="",D100+G100=0),"",D100/(D100+G100)) -> 0.77377049 | K100: =IF(E100="","",E100/(E100+H100)) -> 0.74624374 | L100: =IF(OR(K100="",J100=""),"",(J100-K100)*100) -> 2.7526752 | M100: 3.5689074 | N100: 2.602469 | O100: =SQRT(M100^2+N100^2) -> 4.4170064 | P100: =IF(J100="","",MAX(0,J100-1.96*O100/100)) -> 0.68719717 | Q100: =IF(J100="","",MIN(1,J100+1.96*O100/100)) -> 0.86034382 | R100: =IF(L100="","",IF(ABS(L100)<=O100,"Yes","No")) -> Yes | S100: =IF(L100="","",IF(ABS(L100)<=1.96*O100,"Yes","No")) -> Yes | T100: =IF(D100="","",ROUND(SQRT(((D100+G100)*O100/100)^2+(J100*(D100+G100)*0.14577)^2),0)) -> 74
...

Sheet Backtest 2024 B
A1: County | B1: Municipality | C1: Precinct | D1: Predicted Democratic (Wild) votes | E1: Actual Democratic votes | F1: Error, Democratic votes (predicted minus actual) | G1: Predicted Republican (Mackenzie) votes | H1: Actual Republican votes | I1: Error, Republican votes (predicted minus actual) | J1: Predicted Democratic share of the two-party vote | K1: Actual Democratic share of the two-party vote | L1: Error in Democratic share, percentage points (predicted minus actual) | M1: Error term: place pattern (± pts, from 2022, 2020) | N1: Error term: district-wide (± pts, from 2022, 2020) | O1: Error term: total (± pts) | P1: Predicted share, 95% low | Q1: Predicted share, 95% high | R1: Actual inside ±1 error term? | S1: Actual inside 95% range? | T1: Error term: Democratic votes (± votes) | U1: Note
A2: Carbon | B2: BANKS TOWNSHIP | C2: BANKS TOWNSHIP | D2: 152 | E2: 181 | F2: =IF(E2="","",D2-E2) -> -29 | G2: 286 | H2: 284 | I2: =IF(H2="","",G2-H2) -> 2 | J2: =IF(OR(D2="",D2+G2=0),"",D2/(D2+G2)) -> 0.34703196 | K2: =IF(E2="","",E2/(E2+H2)) -> 0.38924731 | L2: =IF(OR(K2="",J2=""),"",(J2-K2)*100) -> -4.2215348 | M2: 3.486983 | N2: 2.6027844 | O2: =SQRT(M2^2+N2^2) -> 4.3512685 | P2: =IF(J2="","",MAX(0,J2-1.96*O2/100)) -> 0.2617471 | Q2: =IF(J2="","",MIN(1,J2+1.96*O2/100)) -> 0.43231683 | R2: =IF(L2="","",IF(ABS(L2)<=O2,"Yes","No")) -> Yes | S2: =IF(L2="","",IF(ABS(L2)<=1.96*O2,"Yes","No")) -> Yes | T2: =IF(D2="","",ROUND(SQRT(((D2+G2)*O2/100)^2+(J2*(D2+G2)*0.14577)^2),0)) -> 29
A3: Carbon | B3: BEAVER MEADOWS BOROUGH | C3: BEAVER MEADOWS BOROUGH | D3: 106 | E3: 118 | F3: =IF(E3="","",D3-E3) -> -12 | G3: 298 | H3: 298 | I3: =IF(H3="","",G3-H3) -> 0 | J3: =IF(OR(D3="",D3+G3=0),"",D3/(D3+G3)) -> 0.26237624 | K3: =IF(E3="","",E3/(E3+H3)) -> 0.28365385 | L3: =IF(OR(K3="",J3=""),"",(J3-K3)*100) -> -2.1277609 | M3: 3.486983 | N3: 2.6027844 | O3: =SQRT(M3^2+N3^2) -> 4.3512685 | P3: =IF(J3="","",MAX(0,J3-1.96*O3/100)) -> 0.17709138 | Q3: =IF(J3="","",MIN(1,J3+1.96*O3/100)) -> 0.3476611 | R3: =IF(L3="","",IF(ABS(L3)<=O3,"Yes","No")) -> Yes | S3: =IF(L3="","",IF(ABS(L3)<=1.96*O3,"Yes","No")) -> Yes | T3: =IF(D3="","",ROUND(SQRT(((D3+G3)*O3/100)^2+(J3*(D3+G3)*0.14577)^2),0)) -> 23
A4: Carbon | B4: BOWMANSTOWN BOROUGH | C4: BOWMANSTOWN BOROUGH | D4: 135 | E4: 143 | F4: =IF(E4="","",D4-E4) -> -8 | G4: 268 | H4: 309 | I4: =IF(H4="","",G4-H4) -> -41 | J4: =IF(OR(D4="",D4+G4=0),"",D4/(D4+G4)) -> 0.33498759 | K4: =IF(E4="","",E4/(E4+H4)) -> 0.31637168 | L4: =IF(OR(K4="",J4=""),"",(J4-K4)*100) -> 1.8615912 | M4: 3.486983 | N4: 2.6027844 | O4: =SQRT(M4^2+N4^2) -> 4.3512685 | P4: =IF(J4="","",MAX(0,J4-1.96*O4/100)) -> 0.24970273 | Q4: =IF(J4="","",MIN(1,J4+1.96*O4/100)) -> 0.42027246 | R4: =IF(L4="","",IF(ABS(L4)<=O4,"Yes","No")) -> Yes | S4: =IF(L4="","",IF(ABS(L4)<=1.96*O4,"Yes","No")) -> Yes | T4: =IF(D4="","",ROUND(SQRT(((D4+G4)*O4/100)^2+(J4*(D4+G4)*0.14577)^2),0)) -> 26
A5: Carbon | B5: EAST PENN TOWNSHIP | C5: EAST PENN TOWNSHIP-NORTH | D5: 204 | E5: 202 | F5: =IF(E5="","",D5-E5) -> 2 | G5: 588 | H5: 640 | I5: =IF(H5="","",G5-H5) -> -52 | J5: =IF(OR(D5="",D5+G5=0),"",D5/(D5+G5)) -> 0.25757576 | K5: =IF(E5="","",E5/(E5+H5)) -> 0.23990499 | L5: =IF(OR(K5="",J5=""),"",(J5-K5)*100) -> 1.7670769 | M5: 2.4178751 | N5: 2.6027844 | O5: =SQRT(M5^2+N5^2) -> 3.5525494 | P5: =IF(J5="","",MAX(0,J5-1.96*O5/100)) -> 0.18794579 | Q5: =IF(J5="","",MIN(1,J5+1.96*O5/100)) -> 0.32720573 | R5: =IF(L5="","",IF(ABS(L5)<=O5,"Yes","No")) -> Yes | S5: =IF(L5="","",IF(ABS(L5)<=1.96*O5,"Yes","No")) -> Yes | T5: =IF(D5="","",ROUND(SQRT(((D5+G5)*O5/100)^2+(J5*(D5+G5)*0.09272)^2),0)) -> 34
A6: Carbon | B6: EAST PENN TOWNSHIP | C6: EAST PENN TOWNSHIP-SOUTH | D6: 205 | E6: 232 | F6: =IF(E6="","",D6-E6) -> -27 | G6: 578 | H6: 603 | I6: =IF(H6="","",G6-H6) -> -25 | J6: =IF(OR(D6="",D6+G6=0),"",D6/(D6+G6)) -> 0.26181354 | K6: =IF(E6="","",E6/(E6+H6)) -> 0.27784431 | L6: =IF(OR(K6="",J6=""),"",(J6-K6)*100) -> -1.6030774 | M6: 2.4178751 | N6: 2.6027844 | O6: =SQRT(M6^2+N6^2) -> 3.5525494 | P6: =IF(J6="","",MAX(0,J6-1.96*O6/100)) -> 0.19218357 | Q6: =IF(J6="","",MIN(1,J6+1.96*O6/100)) -> 0.33144351 | R6: =IF(L6="","",IF(ABS(L6)<=O6,"Yes","No")) -> Yes | S6: =IF(L6="","",IF(ABS(L6)<=1.96*O6,"Yes","No")) -> Yes | T6: =IF(D6="","",ROUND(SQRT(((D6+G6)*O6/100)^2+(J6*(D6+G6)*0.09272)^2),0)) -> 34
A7: Carbon | B7: EAST SIDE BOROUGH | C7: EAST SIDE BOROUGH | D7: 39 | E7: 38 | F7: =IF(E7="","",D7-E7) -> 1 | G7: 73 | H7: 78 | I7: =IF(H7="","",G7-H7) -> -5 | J7: =IF(OR(D7="",D7+G7=0),"",D7/(D7+G7)) -> 0.34821429 | K7: =IF(E7="","",E7/(E7+H7)) -> 0.32758621 | L7: =IF(OR(K7="",J7=""),"",(J7-K7)*100) -> 2.0628079 | M7: 3.486983 | N7: 2.6027844 | O7: =SQRT(M7^2+N7^2) -> 4.3512685 | P7: =IF(J7="","",MAX(0,J7-1.96*O7/100)) -> 0.26292942 | Q7: =IF(J7="","",MIN(1,J7+1.96*O7/100)) -> 0.43349915 | R7: =IF(L7="","",IF(ABS(L7)<=O7,"Yes","No")) -> Yes | S7: =IF(L7="","",IF(ABS(L7)<=1.96*O7,"Yes","No")) -> Yes | T7: =IF(D7="","",ROUND(SQRT(((D7+G7)*O7/100)^2+(J7*(D7+G7)*0.14577)^2),0)) -> 7
A8: Carbon | B8: FRANKLIN TOWNSHIP | C8: FRANKLIN TOWNSHIP-HARRITY | D8: 272 | E8: 301 | F8: =IF(E8="","",D8-E8) -> -29 | G8: 737 | H8: 760 | I8: =IF(H8="","",G8-H8) -> -23 | J8: =IF(OR(D8="",D8+G8=0),"",D8/(D8+G8)) -> 0.26957384 | K8: =IF(E8="","",E8/(E8+H8)) -> 0.28369463 | L8: =IF(OR(K8="",J8=""),"",(J8-K8)*100) -> -1.4120792 | M8: 2.4178751 | N8: 2.6027844 | O8: =SQRT(M8^2+N8^2) -> 3.5525494 | P8: =IF(J8="","",MAX(0,J8-1.96*O8/100)) -> 0.19994387 | Q8: =IF(J8="","",MIN(1,J8+1.96*O8/100)) -> 0.3392038 | R8: =IF(L8="","",IF(ABS(L8)<=O8,"Yes","No")) -> Yes | S8: =IF(L8="","",IF(ABS(L8)<=1.96*O8,"Yes","No")) -> Yes | T8: =IF(D8="","",ROUND(SQRT(((D8+G8)*O8/100)^2+(J8*(D8+G8)*0.09272)^2),0)) -> 44
A9: Carbon | B9: FRANKLIN TOWNSHIP | C9: FRANKLIN TOWNSHIP-IND DIST | D9: 160 | E9: 164 | F9: =IF(E9="","",D9-E9) -> -4 | G9: 428 | H9: 450 | I9: =IF(H9="","",G9-H9) -> -22 | J9: =IF(OR(D9="",D9+G9=0),"",D9/(D9+G9)) -> 0.27210884 | K9: =IF(E9="","",E9/(E9+H9)) -> 0.26710098 | L9: =IF(OR(K9="",J9=""),"",(J9-K9)*100) -> 0.50078663 | M9: 3.486983 | N9: 2.6027844 | O9: =SQRT(M9^2+N9^2) -> 4.3512685 | P9: =IF(J9="","",MAX(0,J9-1.96*O9/100)) -> 0.18682398 | Q9: =IF(J9="","",MIN(1,J9+1.96*O9/100)) -> 0.35739371 | R9: =IF(L9="","",IF(ABS(L9)<=O9,"Yes","No")) -> Yes | S9: =IF(L9="","",IF(ABS(L9)<=1.96*O9,"Yes","No")) -> Yes | T9: =IF(D9="","",ROUND(SQRT(((D9+G9)*O9/100)^2+(J9*(D9+G9)*0.14577)^2),0)) -> 35
A10: Carbon | B10: FRANKLIN TOWNSHIP | C10: FRANKLIN TOWNSHIP-LONG RUN | D10: 215 | E10: 235 | F10: =IF(E10="","",D10-E10) -> -20 | G10: 623 | H10: 626 | I10: =IF(H10="","",G10-H10) -> -3 | J10: =IF(OR(D10="",D10+G10=0),"",D10/(D10+G10)) -> 0.25656325 | K10: =IF(E10="","",E10/(E10+H10)) -> 0.27293844 | L10: =IF(OR(K10="",J10=""),"",(J10-K10)*100) -> -1.6375198 | M10: 2.4178751 | N10: 2.6027844 | O10: =SQRT(M10^2+N10^2) -> 3.5525494 | P10: =IF(J10="","",MAX(0,J10-1.96*O10/100)) -> 0.18693328 | Q10: =IF(J10="","",MIN(1,J10+1.96*O10/100)) -> 0.32619321 | R10: =IF(L10="","",IF(ABS(L10)<=O10,"Yes","No")) -> Yes | S10: =IF(L10="","",IF(ABS(L10)<=1.96*O10,"Yes","No")) -> Yes | T10: =IF(D10="","",ROUND(SQRT(((D10+G10)*O10/100)^2+(J10*(D10+G10)*0.09272)^2),0)) -> 36
A11: Carbon | B11: JIM THORPE BOROUGH | C11: JIM THORPE BOROUGH-1ST | D11: 224 | E11: 229 | F11: =IF(E11="","",D11-E11) -> -5 | G11: 271 | H11: 297 | I11: =IF(H11="","",G11-H11) -> -26 | J11: =IF(OR(D11="",D11+G11=0),"",D11/(D11+G11)) -> 0.45252525 | K11: =IF(E11="","",E11/(E11+H11)) -> 0.43536122 | L11: =IF(OR(K11="",J11=""),"",(J11-K11)*100) -> 1.7164036 | M11: 3.486983 | N11: 2.6027844 | O11: =SQRT(M11^2+N11^2) -> 4.3512685 | P11: =IF(J11="","",MAX(0,J11-1.96*O11/100)) -> 0.36724039 | Q11: =IF(J11="","",MIN(1,J11+1.96*O11/100)) -> 0.53781011 | R11: =IF(L11="","",IF(ABS(L11)<=O11,"Yes","No")) -> Yes | S11: =IF(L11="","",IF(ABS(L11)<=1.96*O11,"Yes","No")) -> Yes | T11: =IF(D11="","",ROUND(SQRT(((D11+G11)*O11/100)^2+(J11*(D11+G11)*0.14577)^2),0)) -> 39
A12: Carbon | B12: JIM THORPE BOROUGH | C12: JIM THORPE BOROUGH-2ND | D12: 154 | E12: 163 | F12: =IF(E12="","",D12-E12) -> -9 | G12: 216 | H12: 226 | I12: =IF(H12="","",G12-H12) -> -10 | J12: =IF(OR(D12="",D12+G12=0),"",D12/(D12+G12)) -> 0.41621622 | K12: =IF(E12="","",E12/(E12+H12)) -> 0.41902314 | L12: =IF(OR(K12="",J12=""),"",(J12-K12)*100) -> -0.280692 | M12: 3.486983 | N12: 2.6027844 | O12: =SQRT(M12^2+N12^2) -> 4.3512685 | P12: =IF(J12="","",MAX(0,J12-1.96*O12/100)) -> 0.33093135 | Q12: =IF(J12="","",MIN(1,J12+1.96*O12/100)) -> 0.50150108 | R12: =IF(L12="","",IF(ABS(L12)<=O12,"Yes","No")) -> Yes | S12: =IF(L12="","",IF(ABS(L12)<=1.96*O12,"Yes","No")) -> Yes | T12: =IF(D12="","",ROUND(SQRT(((D12+G12)*O12/100)^2+(J12*(D12+G12)*0.14577)^2),0)) -> 28
A13: Carbon | B13: JIM THORPE BOROUGH | C13: JIM THORPE BOROUGH-3RD | D13: 276 | E13: 286 | F13: =IF(E13="","",D13-E13) -> -10 | G13: 449 | H13: 464 | I13: =IF(H13="","",G13-H13) -> -15 | J13: =IF(OR(D13="",D13+G13=0),"",D13/(D13+G13)) -> 0.38068966 | K13: =IF(E13="","",E13/(E13+H13)) -> 0.38133333 | L13: =IF(OR(K13="",J13=""),"",(J13-K13)*100) -> -0.064367816 | M13: 3.486983 | N13: 2.6027844 | O13: =SQRT(M13^2+N13^2) -> 4.3512685 | P13: =IF(J13="","",MAX(0,J13-1.96*O13/100)) -> 0.29540479 | Q13: =IF(J13="","",MIN(1,J13+1.96*O13/100)) -> 0.46597452 | R13: =IF(L13="","",IF(ABS(L13)<=O13,"Yes","No")) -> Yes | S13: =IF(L13="","",IF(ABS(L13)<=1.96*O13,"Yes","No")) -> Yes | T13: =IF(D13="","",ROUND(SQRT(((D13+G13)*O13/100)^2+(J13*(D13+G13)*0.14577)^2),0)) -> 51
A14: Carbon | B14: JIM THORPE BOROUGH | C14: JIM THORPE BOROUGH-4TH | D14: 127 | E14: 138 | F14: =IF(E14="","",D14-E14) -> -11 | G14: 122 | H14: 134 | I14: =IF(H14="","",G14-H14) -> -12 | J14: =IF(OR(D14="",D14+G14=0),"",D14/(D14+G14)) -> 0.51004016 | K14: =IF(E14="","",E14/(E14+H14)) -> 0.50735294 | L14: =IF(OR(K14="",J14=""),"",(J14-K14)*100) -> 0.26872195 | M14: 3.486983 | N14: 2.6027844 | O14: =SQRT(M14^2+N14^2) -> 4.3512685 | P14: =IF(J14="","",MAX(0,J14-1.96*O14/100)) -> 0.4247553 | Q14: =IF(J14="","",MIN(1,J14+1.96*O14/100)) -> 0.59532502 | R14: =IF(L14="","",IF(ABS(L14)<=O14,"Yes","No")) -> Yes | S14: =IF(L14="","",IF(ABS(L14)<=1.96*O14,"Yes","No")) -> Yes | T14: =IF(D14="","",ROUND(SQRT(((D14+G14)*O14/100)^2+(J14*(D14+G14)*0.14577)^2),0)) -> 21
A15: Carbon | B15: JIM THORPE BOROUGH | C15: JIM THORPE BOROUGH-5TH | D15: 267 | E15: 275 | F15: =IF(E15="","",D15-E15) -> -8 | G15: 325 | H15: 352 | I15: =IF(H15="","",G15-H15) -> -27 | J15: =IF(OR(D15="",D15+G15=0),"",D15/(D15+G15)) -> 0.45101351 | K15: =IF(E15="","",E15/(E15+H15)) -> 0.43859649 | L15: =IF(OR(K15="",J15=""),"",(J15-K15)*100) -> 1.2417022 | M15: 3.486983 | N15: 2.6027844 | O15: =SQRT(M15^2+N15^2) -> 4.3512685 | P15: =IF(J15="","",MAX(0,J15-1.96*O15/100)) -> 0.36572865 | Q15: =IF(J15="","",MIN(1,J15+1.96*O15/100)) -> 0.53629838 | R15: =IF(L15="","",IF(ABS(L15)<=O15,"Yes","No")) -> Yes | S15: =IF(L15="","",IF(ABS(L15)<=1.96*O15,"Yes","No")) -> Yes | T15: =IF(D15="","",ROUND(SQRT(((D15+G15)*O15/100)^2+(J15*(D15+G15)*0.14577)^2),0)) -> 47
A16: Carbon | B16: KIDDER TOWNSHIP | C16: KIDDER TOWNSHIP-NORTH | D16: 109 | E16: 120 | F16: =IF(E16="","",D16-E16) -> -11 | G16: 217 | H16: 202 | I16: =IF(H16="","",G16-H16) -> 15 | J16: =IF(OR(D16="",D16+G16=0),"",D16/(D16+G16)) -> 0.33435583 | K16: =IF(E16="","",E16/(E16+H16)) -> 0.37267081 | L16: =IF(OR(K16="",J16=""),"",(J16-K16)*100) -> -3.8314979 | M16: 3.486983 | N16: 2.6027844 | O16: =SQRT(M16^2+N16^2) -> 4.3512685 | P16: =IF(J16="","",MAX(0,J16-1.96*O16/100)) -> 0.24907097 | Q16: =IF(J16="","",MIN(1,J16+1.96*O16/100)) -> 0.41964069 | R16: =IF(L16="","",IF(ABS(L16)<=O16,"Yes","No")) -> Yes | S16: =IF(L16="","",IF(ABS(L16)<=1.96*O16,"Yes","No")) -> Yes | T16: =IF(D16="","",ROUND(SQRT(((D16+G16)*O16/100)^2+(J16*(D16+G16)*0.14577)^2),0)) -> 21
A17: Carbon | B17: KIDDER TOWNSHIP | C17: KIDDER TOWNSHIP-SOUTH | D17: 226 | E17: 227 | F17: =IF(E17="","",D17-E17) -> -1 | G17: 490 | H17: 484 | I17: =IF(H17="","",G17-H17) -> 6 | J17: =IF(OR(D17="",D17+G17=0),"",D17/(D17+G17)) -> 0.31564246 | K17: =IF(E17="","",E17/(E17+H17)) -> 0.31926864 | L17: =IF(OR(K17="",J17=""),"",(J17-K17)*100) -> -0.36261776 | M17: 3.486983 | N17: 2.6027844 | O17: =SQRT(M17^2+N17^2) -> 4.3512685 | P17: =IF(J17="","",MAX(0,J17-1.96*O17/100)) -> 0.2303576 | Q17: =IF(J17="","",MIN(1,J17+1.96*O17/100)) -> 0.40092732 | R17: =IF(L17="","",IF(ABS(L17)<=O17,"Yes","No")) -> Yes | S17: =IF(L17="","",IF(ABS(L17)<=1.96*O17,"Yes","No")) -> Yes | T17: =IF(D17="","",ROUND(SQRT(((D17+G17)*O17/100)^2+(J17*(D17+G17)*0.14577)^2),0)) -> 45
A18: Carbon | B18: LANSFORD BOROUGH | C18: LANSFORD BOROUGH - EAST WARD | D18: 258 | E18: 249 | F18: =IF(E18="","",D18-E18) -> 9 | G18: 395 | H18: 392 | I18: =IF(H18="","",G18-H18) -> 3 | J18: =IF(OR(D18="",D18+G18=0),"",D18/(D18+G18)) -> 0.39509954 | K18: =IF(E18="","",E18/(E18+H18)) -> 0.38845554 | L18: =IF(OR(K18="",J18=""),"",(J18-K18)*100) -> 0.66440024 | M18: 3.486983 | N18: 2.6027844 | O18: =SQRT(M18^2+N18^2) -> 4.3512685 | P18: =IF(J18="","",MAX(0,J18-1.96*O18/100)) -> 0.30981468 | Q18: =IF(J18="","",MIN(1,J18+1.96*O18/100)) -> 0.4803844 | R18: =IF(L18="","",IF(ABS(L18)<=O18,"Yes","No")) -> Yes | S18: =IF(L18="","",IF(ABS(L18)<=1.96*O18,"Yes","No")) -> Yes | T18: =IF(D18="","",ROUND(SQRT(((D18+G18)*O18/100)^2+(J18*(D18+G18)*0.14577)^2),0)) -> 47
A19: Carbon | B19: LANSFORD BOROUGH | C19: LANSFORD BOROUGH-MIDDLE WARD | D19: 168 | E19: 152 | F19: =IF(E19="","",D19-E19) -> 16 | G19: 241 | H19: 246 | I19: =IF(H19="","",G19-H19) -> -5 | J19: =IF(OR(D19="",D19+G19=0),"",D19/(D19+G19)) -> 0.41075795 | K19: =IF(E19="","",E19/(E19+H19)) -> 0.38190955 | L19: =IF(OR(K19="",J19=""),"",(J19-K19)*100) -> 2.8848398 | M19: 3.486983 | N19: 2.6027844 | O19: =SQRT(M19^2+N19^2) -> 4.3512685 | P19: =IF(J19="","",MAX(0,J19-1.96*O19/100)) -> 0.32547308 | Q19: =IF(J19="","",MIN(1,J19+1.96*O19/100)) -> 0.49604281 | R19: =IF(L19="","",IF(ABS(L19)<=O19,"Yes","No")) -> Yes | S19: =IF(L19="","",IF(ABS(L19)<=1.96*O19,"Yes","No")) -> Yes | T19: =IF(D19="","",ROUND(SQRT(((D19+G19)*O19/100)^2+(J19*(D19+G19)*0.14577)^2),0)) -> 30
A20: Carbon | B20: LANSFORD BOROUGH | C20: LANSFORD BOROUGH-WEST WARD | D20: 146 | E20: 165 | F20: =IF(E20="","",D20-E20) -> -19 | G20: 201 | H20: 237 | I20: =IF(H20="","",G20-H20) -> -36 | J20: =IF(OR(D20="",D20+G20=0),"",D20/(D20+G20)) -> 0.42074928 | K20: =IF(E20="","",E20/(E20+H20)) -> 0.41044776 | L20: =IF(OR(K20="",J20=""),"",(J20-K20)*100) -> 1.0301518 | M20: 3.486983 | N20: 2.6027844 | O20: =SQRT(M20^2+N20^2) -> 4.3512685 | P20: =IF(J20="","",MAX(0,J20-1.96*O20/100)) -> 0.33546442 | Q20: =IF(J20="","",MIN(1,J20+1.96*O20/100)) -> 0.50603414 | R20: =IF(L20="","",IF(ABS(L20)<=O20,"Yes","No")) -> Yes | S20: =IF(L20="","",IF(ABS(L20)<=1.96*O20,"Yes","No")) -> Yes | T20: =IF(D20="","",ROUND(SQRT(((D20+G20)*O20/100)^2+(J20*(D20+G20)*0.14577)^2),0)) -> 26
A21: Carbon | B21: LAUSANNE TOWNSHIP | C21: LAUSANNE TOWNSHIP | D21: 40 | E21: 38 | F21: =IF(E21="","",D21-E21) -> 2 | G21: 99 | H21: 106 | I21: =IF(H21="","",G21-H21) -> -7 | J21: =IF(OR(D21="",D21+G21=0),"",D21/(D21+G21)) -> 0.28776978 | K21: =IF(E21="","",E21/(E21+H21)) -> 0.26388889 | L21: =IF(OR(K21="",J21=""),"",(J21-K21)*100) -> 2.3880895 | M21: 3.486983 | N21: 2.6027844 | O21: =SQRT(M21^2+N21^2) -> 4.3512685 | P21: =IF(J21="","",MAX(0,J21-1.96*O21/100)) -> 0.20248492 | Q21: =IF(J21="","",MIN(1,J21+1.96*O21/100)) -> 0.37305465 | R21: =IF(L21="","",IF(ABS(L21)<=O21,"Yes","No")) -> Yes | S21: =IF(L21="","",IF(ABS(L21)<=1.96*O21,"Yes","No")) -> Yes | T21: =IF(D21="","",ROUND(SQRT(((D21+G21)*O21/100)^2+(J21*(D21+G21)*0.14577)^2),0)) -> 8
A22: Carbon | B22: LEHIGH TOWNSHIP | C22: LEHIGH TOWNSHIP | D22: 50 | E22: 58 | F22: =IF(E22="","",D22-E22) -> -8 | G22: 214 | H22: 214 | I22: =IF(H22="","",G22-H22) -> 0 | J22: =IF(OR(D22="",D22+G22=0),"",D22/(D22+G22)) -> 0.18939394 | K22: =IF(E22="","",E22/(E22+H22)) -> 0.21323529 | L22: =IF(OR(K22="",J22=""),"",(J22-K22)*100) -> -2.3841355 | M22: 3.486983 | N22: 2.6027844 | O22: =SQRT(M22^2+N22^2) -> 4.3512685 | P22: =IF(J22="","",MAX(0,J22-1.96*O22/100)) -> 0.10410908 | Q22: =IF(J22="","",MIN(1,J22+1.96*O22/100)) -> 0.2746788 | R22: =IF(L22="","",IF(ABS(L22)<=O22,"Yes","No")) -> Yes | S22: =IF(L22="","",IF(ABS(L22)<=1.96*O22,"Yes","No")) -> Yes | T22: =IF(D22="","",ROUND(SQRT(((D22+G22)*O22/100)^2+(J22*(D22+G22)*0.14577)^2),0)) -> 14
A23: Carbon | B23: LEHIGHTON BOROUGH | C23: LEHIGHTON BOROUGH-1ST | D23: 309 | E23: 321 | F23: =IF(E23="","",D23-E23) -> -12 | G23: 476 | H23: 498 | I23: =IF(H23="","",G23-H23) -> -22 | J23: =IF(OR(D23="",D23+G23=0),"",D23/(D23+G23)) -> 0.39363057 | K23: =IF(E23="","",E23/(E23+H23)) -> 0.39194139 | L23: =IF(OR(K23="",J23=""),"",(J23-K23)*100) -> 0.16891813 | M23: 2.4178751 | N23: 2.6027844 | O23: =SQRT(M23^2+N23^2) -> 3.5525494 | P23: =IF(J23="","",MAX(0,J23-1.96*O23/100)) -> 0.32400061 | Q23: =IF(J23="","",MIN(1,J23+1.96*O23/100)) -> 0.46326054 | R23: =IF(L23="","",IF(ABS(L23)<=O23,"Yes","No")) -> Yes | S23: =IF(L23="","",IF(ABS(L23)<=1.96*O23,"Yes","No")) -> Yes | T23: =IF(D23="","",ROUND(SQRT(((D23+G23)*O23/100)^2+(J23*(D23+G23)*0.09272)^2),0)) -> 40
A24: Carbon | B24: LEHIGHTON BOROUGH | C24: LEHIGHTON BOROUGH-2ND | D24: 287 | E24: 288 | F24: =IF(E24="","",D24-E24) -> -1 | G24: 417 | H24: 448 | I24: =IF(H24="","",G24-H24) -> -31 | J24: =IF(OR(D24="",D24+G24=0),"",D24/(D24+G24)) -> 0.40767045 | K24: =IF(E24="","",E24/(E24+H24)) -> 0.39130435 | L24: =IF(OR(K24="",J24=""),"",(J24-K24)*100) -> 1.6366107 | M24: 3.486983 | N24: 2.6027844 | O24: =SQRT(M24^2+N24^2) -> 4.3512685 | P24: =IF(J24="","",MAX(0,J24-1.96*O24/100)) -> 0.32238559 | Q24: =IF(J24="","",MIN(1,J24+1.96*O24/100)) -> 0.49295532 | R24: =IF(L24="","",IF(ABS(L24)<=O24,"Yes","No")) -> Yes | S24: =IF(L24="","",IF(ABS(L24)<=1.96*O24,"Yes","No")) -> Yes | T24: =IF(D24="","",ROUND(SQRT(((D24+G24)*O24/100)^2+(J24*(D24+G24)*0.14577)^2),0)) -> 52
A25: Carbon | B25: LEHIGHTON BOROUGH | C25: LEHIGHTON BOROUGH-3RD | D25: 311 | E25: 317 | F25: =IF(E25="","",D25-E25) -> -6 | G25: 464 | H25: 527 | I25: =IF(H25="","",G25-H25) -> -63 | J25: =IF(OR(D25="",D25+G25=0),"",D25/(D25+G25)) -> 0.40129032 | K25: =IF(E25="","",E25/(E25+H25)) -> 0.37559242 | L25: =IF(OR(K25="",J25=""),"",(J25-K25)*100) -> 2.5697906 | M25: 2.4178751 | N25: 2.6027844 | O25: =SQRT(M25^2+N25^2) -> 3.5525494 | P25: =IF(J25="","",MAX(0,J25-1.96*O25/100)) -> 0.33166035 | Q25: =IF(J25="","",MIN(1,J25+1.96*O25/100)) -> 0.47092029 | R25: =IF(L25="","",IF(ABS(L25)<=O25,"Yes","No")) -> Yes | S25: =IF(L25="","",IF(ABS(L25)<=1.96*O25,"Yes","No")) -> Yes | T25: =IF(D25="","",ROUND(SQRT(((D25+G25)*O25/100)^2+(J25*(D25+G25)*0.09272)^2),0)) -> 40
A26: Carbon | B26: LOWER TOWAMENSING TOWNSHIP | C26: LOWER TOWAMENSING TWP.-NORTH | D26: 297 | E26: 285 | F26: =IF(E26="","",D26-E26) -> 12 | G26: 708 | H26: 760 | I26: =IF(H26="","",G26-H26) -> -52 | J26: =IF(OR(D26="",D26+G26=0),"",D26/(D26+G26)) -> 0.29552239 | K26: =IF(E26="","",E26/(E26+H26)) -> 0.27272727 | L26: =IF(OR(K26="",J26=""),"",(J26-K26)*100) -> 2.2795115 | M26: 2.4178751 | N26: 2.6027844 | O26: =SQRT(M26^2+N26^2) -> 3.5525494 | P26: =IF(J26="","",MAX(0,J26-1.96*O26/100)) -> 0.22589242 | Q26: =IF(J26="","",MIN(1,J26+1.96*O26/100)) -> 0.36515236 | R26: =IF(L26="","",IF(ABS(L26)<=O26,"Yes","No")) -> Yes | S26: =IF(L26="","",IF(ABS(L26)<=1.96*O26,"Yes","No")) -> Yes | T26: =IF(D26="","",ROUND(SQRT(((D26+G26)*O26/100)^2+(J26*(D26+G26)*0.09272)^2),0)) -> 45
A27: Carbon | B27: LOWER TOWAMENSING TOWNSHIP | C27: LOWER TOWAMENSING TWP.-SOUTH | D27: 206 | E27: 228 | F27: =IF(E27="","",D27-E27) -> -22 | G27: 469 | H27: 522 | I27: =IF(H27="","",G27-H27) -> -53 | J27: =IF(OR(D27="",D27+G27=0),"",D27/(D27+G27)) -> 0.30518519 | K27: =IF(E27="","",E27/(E27+H27)) -> 0.304 | L27: =IF(OR(K27="",J27=""),"",(J27-K27)*100) -> 0.11851852 | M27: 3.486983 | N27: 2.6027844 | O27: =SQRT(M27^2+N27^2) -> 4.3512685 | P27: =IF(J27="","",MAX(0,J27-1.96*O27/100)) -> 0.21990032 | Q27: =IF(J27="","",MIN(1,J27+1.96*O27/100)) -> 0.39047005 | R27: =IF(L27="","",IF(ABS(L27)<=O27,"Yes","No")) -> Yes | S27: =IF(L27="","",IF(ABS(L27)<=1.96*O27,"Yes","No")) -> Yes | T27: =IF(D27="","",ROUND(SQRT(((D27+G27)*O27/100)^2+(J27*(D27+G27)*0.14577)^2),0)) -> 42
A28: Carbon | B28: MAHONING TOWNSHIP | C28: MAHONING TOWNSHIP - NEW MAHONING | D28: 135 | E28: 135 | F28: =IF(E28="","",D28-E28) -> 0 | G28: 382 | H28: 395 | I28: =IF(H28="","",G28-H28) -> -13 | J28: =IF(OR(D28="",D28+G28=0),"",D28/(D28+G28)) -> 0.26112186 | K28: =IF(E28="","",E28/(E28+H28)) -> 0.25471698 | L28: =IF(OR(K28="",J28=""),"",(J28-K28)*100) -> 0.64048757 | M28: 3.486983 | N28: 2.6027844 | O28: =SQRT(M28^2+N28^2) -> 4.3512685 | P28: =IF(J28="","",MAX(0,J28-1.96*O28/100)) -> 0.17583699 | Q28: =IF(J28="","",MIN(1,J28+1.96*O28/100)) -> 0.34640672 | R28: =IF(L28="","",IF(ABS(L28)<=O28,"Yes","No")) -> Yes | S28: =IF(L28="","",IF(ABS(L28)<=1.96*O28,"Yes","No")) -> Yes | T28: =IF(D28="","",ROUND(SQRT(((D28+G28)*O28/100)^2+(J28*(D28+G28)*0.14577)^2),0)) -> 30
A29: Carbon | B29: MAHONING TOWNSHIP | C29: MAHONING TOWNSHIP - PACKERTON/JAMESTOWN | D29: 112 | E29: 124 | F29: =IF(E29="","",D29-E29) -> -12 | G29: 283 | H29: 298 | I29: =IF(H29="","",G29-H29) -> -15 | J29: =IF(OR(D29="",D29+G29=0),"",D29/(D29+G29)) -> 0.2835443 | K29: =IF(E29="","",E29/(E29+H29)) -> 0.29383886 | L29: =IF(OR(K29="",J29=""),"",(J29-K29)*100) -> -1.0294559 | M29: 3.486983 | N29: 2.6027844 | O29: =SQRT(M29^2+N29^2) -> 4.3512685 | P29: =IF(J29="","",MAX(0,J29-1.96*O29/100)) -> 0.19825944 | Q29: =IF(J29="","",MIN(1,J29+1.96*O29/100)) -> 0.36882917 | R29: =IF(L29="","",IF(ABS(L29)<=O29,"Yes","No")) -> Yes | S29: =IF(L29="","",IF(ABS(L29)<=1.96*O29,"Yes","No")) -> Yes | T29: =IF(D29="","",ROUND(SQRT(((D29+G29)*O29/100)^2+(J29*(D29+G29)*0.14577)^2),0)) -> 24
A30: Carbon | B30: MAHONING TOWNSHIP | C30: MAHONING TOWNSHIP-MAHONING | D30: 345 | E30: 424 | F30: =IF(E30="","",D30-E30) -> -79 | G30: 932 | H30: 988 | I30: =IF(H30="","",G30-H30) -> -56 | J30: =IF(OR(D30="",D30+G30=0),"",D30/(D30+G30)) -> 0.27016445 | K30: =IF(E30="","",E30/(E30+H30)) -> 0.30028329 | L30: =IF(OR(K30="",J30=""),"",(J30-K30)*100) -> -3.0118838 | M30: 2.1346733 | N30: 2.6027844 | O30: =SQRT(M30^2+N30^2) -> 3.3662021 | P30: =IF(J30="","",MAX(0,J30-1.96*O30/100)) -> 0.20418689 | Q30: =IF(J30="","",MIN(1,J30+1.96*O30/100)) -> 0.33614201 | R30: =IF(L30="","",IF(ABS(L30)<=O30,"Yes","No")) -> Yes | S30: =IF(L30="","",IF(ABS(L30)<=1.96*O30,"Yes","No")) -> Yes | T30: =IF(D30="","",ROUND(SQRT(((D30+G30)*O30/100)^2+(J30*(D30+G30)*0.07717)^2),0)) -> 51
A31: Carbon | B31: NESQUEHONING BOROUGH | C31: NESQUEHONING BOROUGH-EAST | D31: 276 | E31: 279 | F31: =IF(E31="","",D31-E31) -> -3 | G31: 428 | H31: 445 | I31: =IF(H31="","",G31-H31) -> -17 | J31: =IF(OR(D31="",D31+G31=0),"",D31/(D31+G31)) -> 0.39204545 | K31: =IF(E31="","",E31/(E31+H31)) -> 0.38535912 | L31: =IF(OR(K31="",J31=""),"",(J31-K31)*100) -> 0.66863385 | M31: 3.486983 | N31: 2.6027844 | O31: =SQRT(M31^2+N31^2) -> 4.3512685 | P31: =IF(J31="","",MAX(0,J31-1.96*O31/100)) -> 0.30676059 | Q31: =IF(J31="","",MIN(1,J31+1.96*O31/100)) -> 0.47733032 | R31: =IF(L31="","",IF(ABS(L31)<=O31,"Yes","No")) -> Yes | S31: =IF(L31="","",IF(ABS(L31)<=1.96*O31,"Yes","No")) -> Yes | T31: =IF(D31="","",ROUND(SQRT(((D31+G31)*O31/100)^2+(J31*(D31+G31)*0.14577)^2),0)) -> 51
A32: Carbon | B32: NESQUEHONING BOROUGH | C32: NESQUEHONING BOROUGH-WEST | D32: 289 | E32: 309 | F32: =IF(E32="","",D32-E32) -> -20 | G32: 464 | H32: 488 | I32: =IF(H32="","",G32-H32) -> -24 | J32: =IF(OR(D32="",D32+G32=0),"",D32/(D32+G32)) -> 0.38379814 | K32: =IF(E32="","",E32/(E32+H32)) -> 0.38770389 | L32: =IF(OR(K32="",J32=""),"",(J32-K32)*100) -> -0.39057488 | M32: 2.4178751 | N32: 2.6027844 | O32: =SQRT(M32^2+N32^2) -> 3.5525494 | P32: =IF(J32="","",MAX(0,J32-1.96*O32/100)) -> 0.31416817 | Q32: =IF(J32="","",MIN(1,J32+1.96*O32/100)) -> 0.45342811 | R32: =IF(L32="","",IF(ABS(L32)<=O32,"Yes","No")) -> Yes | S32: =IF(L32="","",IF(ABS(L32)<=1.96*O32,"Yes","No")) -> Yes | T32: =IF(D32="","",ROUND(SQRT(((D32+G32)*O32/100)^2+(J32*(D32+G32)*0.09272)^2),0)) -> 38
A33: Carbon | B33: PACKER TOWNSHIP | C33: PACKER TOWNSHIP | D33: 111 | E33: 134 | F33: =IF(E33="","",D33-E33) -> -23 | G33: 484 | H33: 503 | I33: =IF(H33="","",G33-H33) -> -19 | J33: =IF(OR(D33="",D33+G33=0),"",D33/(D33+G33)) -> 0.18655462 | K33: =IF(E33="","",E33/(E33+H33)) -> 0.21036107 | L33: =IF(OR(K33="",J33=""),"",(J33-K33)*100) -> -2.3806446 | M33: 3.486983 | N33: 2.6027844 | O33: =SQRT(M33^2+N33^2) -> 4.3512685 | P33: =IF(J33="","",MAX(0,J33-1.96*O33/100)) -> 0.10126976 | Q33: =IF(J33="","",MIN(1,J33+1.96*O33/100)) -> 0.27183948 | R33: =IF(L33="","",IF(ABS(L33)<=O33,"Yes","No")) -> Yes | S33: =IF(L33="","",IF(ABS(L33)<=1.96*O33,"Yes","No")) -> Yes | T33: =IF(D33="","",ROUND(SQRT(((D33+G33)*O33/100)^2+(J33*(D33+G33)*0.14577)^2),0)) -> 31
A34: Carbon | B34: PALMERTON BOROUGH | C34: PALMERTON BOROUGH-EASTERN | D34: 293 | E34: 281 | F34: =IF(E34="","",D34-E34) -> 12 | G34: 576 | H34: 592 | I34: =IF(H34="","",G34-H34) -> -16 | J34: =IF(OR(D34="",D34+G34=0),"",D34/(D34+G34)) -> 0.33716916 | K34: =IF(E34="","",E34/(E34+H34)) -> 0.32187858 | L34: =IF(OR(K34="",J34=""),"",(J34-K34)*100) -> 1.529058 | M34: 2.4178751 | N34: 2.6027844 | O34: =SQRT(M34^2+N34^2) -> 3.5525494 | P34: =IF(J34="","",MAX(0,J34-1.96*O34/100)) -> 0.26753919 | Q34: =IF(J34="","",MIN(1,J34+1.96*O34/100)) -> 0.40679913 | R34: =IF(L34="","",IF(ABS(L34)<=O34,"Yes","No")) -> Yes | S34: =IF(L34="","",IF(ABS(L34)<=1.96*O34,"Yes","No")) -> Yes | T34: =IF(D34="","",ROUND(SQRT(((D34+G34)*O34/100)^2+(J34*(D34+G34)*0.09272)^2),0)) -> 41
A35: Carbon | B35: PALMERTON BOROUGH | C35: PALMERTON BOROUGH-MIDDLE | D35: 506 | E35: 467 | F35: =IF(E35="","",D35-E35) -> 39 | G35: 770 | H35: 782 | I35: =IF(H35="","",G35-H35) -> -12 | J35: =IF(OR(D35="",D35+G35=0),"",D35/(D35+G35)) -> 0.39655172 | K35: =IF(E35="","",E35/(E35+H35)) -> 0.37389912 | L35: =IF(OR(K35="",J35=""),"",(J35-K35)*100) -> 2.2652605 | M35: 2.1346733 | N35: 2.6027844 | O35: =SQRT(M35^2+N35^2) -> 3.3662021 | P35: =IF(J35="","",MAX(0,J35-1.96*O35/100)) -> 0.33057416 | Q35: =IF(J35="","",MIN(1,J35+1.96*O35/100)) -> 0.46252929 | R35: =IF(L35="","",IF(ABS(L35)<=O35,"Yes","No")) -> Yes | S35: =IF(L35="","",IF(ABS(L35)<=1.96*O35,"Yes","No")) -> Yes | T35: =IF(D35="","",ROUND(SQRT(((D35+G35)*O35/100)^2+(J35*(D35+G35)*0.07717)^2),0)) -> 58
A36: Carbon | B36: PALMERTON BOROUGH | C36: PALMERTON BOROUGH-WESTERN | D36: 146 | E36: 136 | F36: =IF(E36="","",D36-E36) -> 10 | G36: 269 | H36: 278 | I36: =IF(H36="","",G36-H36) -> -9 | J36: =IF(OR(D36="",D36+G36=0),"",D36/(D36+G36)) -> 0.35180723 | K36: =IF(E36="","",E36/(E36+H36)) -> 0.32850242 | L36: =IF(OR(K36="",J36=""),"",(J36-K36)*100) -> 2.3304813 | M36: 3.486983 | N36: 2.6027844 | O36: =SQRT(M36^2+N36^2) -> 4.3512685 | P36: =IF(J36="","",MAX(0,J36-1.96*O36/100)) -> 0.26652237 | Q36: =IF(J36="","",MIN(1,J36+1.96*O36/100)) -> 0.43709209 | R36: =IF(L36="","",IF(ABS(L36)<=O36,"Yes","No")) -> Yes | S36: =IF(L36="","",IF(ABS(L36)<=1.96*O36,"Yes","No")) -> Yes | T36: =IF(D36="","",ROUND(SQRT(((D36+G36)*O36/100)^2+(J36*(D36+G36)*0.14577)^2),0)) -> 28
A37: Carbon | B37: PARRYVILLE BOROUGH | C37: PARRYVILLE BOROUGH | D37: 59 | E37: 68 | F37: =IF(E37="","",D37-E37) -> -9 | G37: 156 | H37: 153 | I37: =IF(H37="","",G37-H37) -> 3 | J37: =IF(OR(D37="",D37+G37=0),"",D37/(D37+G37)) -> 0.2744186 | K37: =IF(E37="","",E37/(E37+H37)) -> 0.30769231 | L37: =IF(OR(K37="",J37=""),"",(J37-K37)*100) -> -3.3273703 | M37: 3.486983 | N37: 2.6027844 | O37: =SQRT(M37^2+N37^2) -> 4.3512685 | P37: =IF(J37="","",MAX(0,J37-1.96*O37/100)) -> 0.18913374 | Q37: =IF(J37="","",MIN(1,J37+1.96*O37/100)) -> 0.35970347 | R37: =IF(L37="","",IF(ABS(L37)<=O37,"Yes","No")) -> Yes | S37: =IF(L37="","",IF(ABS(L37)<=1.96*O37,"Yes","No")) -> Yes | T37: =IF(D37="","",ROUND(SQRT(((D37+G37)*O37/100)^2+(J37*(D37+G37)*0.14577)^2),0)) -> 13
A38: Carbon | B38: PENN FOREST TOWNSHIP | C38: PENN FOREST TOWNSHIP-EAST | D38: 385 | E38: 432 | F38: =IF(E38="","",D38-E38) -> -47 | G38: 651 | H38: 705 | I38: =IF(H38="","",G38-H38) -> -54 | J38: =IF(OR(D38="",D38+G38=0),"",D38/(D38+G38)) -> 0.37162162 | K38: =IF(E38="","",E38/(E38+H38)) -> 0.37994723 | L38: =IF(OR(K38="",J38=""),"",(J38-K38)*100) -> -0.83256079 | M38: 2.4178751 | N38: 2.6027844 | O38: =SQRT(M38^2+N38^2) -> 3.5525494 | P38: =IF(J38="","",MAX(0,J38-1.96*O38/100)) -> 0.30199165 | Q38: =IF(J38="","",MIN(1,J38+1.96*O38/100)) -> 0.44125159 | R38: =IF(L38="","",IF(ABS(L38)<=O38,"Yes","No")) -> Yes | S38: =IF(L38="","",IF(ABS(L38)<=1.96*O38,"Yes","No")) -> Yes | T38: =IF(D38="","",ROUND(SQRT(((D38+G38)*O38/100)^2+(J38*(D38+G38)*0.09272)^2),0)) -> 51
A39: Carbon | B39: PENN FOREST TOWNSHIP | C39: PENN FOREST TOWNSHIP-MIDDLE | D39: 292 | E39: 296 | F39: =IF(E39="","",D39-E39) -> -4 | G39: 513 | H39: 529 | I39: =IF(H39="","",G39-H39) -> -16 | J39: =IF(OR(D39="",D39+G39=0),"",D39/(D39+G39)) -> 0.36273292 | K39: =IF(E39="","",E39/(E39+H39)) -> 0.35878788 | L39: =IF(OR(K39="",J39=""),"",(J39-K39)*100) -> 0.39450405 | M39: 2.4178751 | N39: 2.6027844 | O39: =SQRT(M39^2+N39^2) -> 3.5525494 | P39: =IF(J39="","",MAX(0,J39-1.96*O39/100)) -> 0.29310295 | Q39: =IF(J39="","",MIN(1,J39+1.96*O39/100)) -> 0.43236289 | R39: =IF(L39="","",IF(ABS(L39)<=O39,"Yes","No")) -> Yes | S39: =IF(L39="","",IF(ABS(L39)<=1.96*O39,"Yes","No")) -> Yes | T39: =IF(D39="","",ROUND(SQRT(((D39+G39)*O39/100)^2+(J39*(D39+G39)*0.09272)^2),0)) -> 39
A40: Carbon | B40: PENN FOREST TOWNSHIP | C40: PENN FOREST TOWNSHIP-NORTH EAST | D40: 430 | E40: 460 | F40: =IF(E40="","",D40-E40) -> -30 | G40: 730 | H40: 791 | I40: =IF(H40="","",G40-H40) -> -61 | J40: =IF(OR(D40="",D40+G40=0),"",D40/(D40+G40)) -> 0.37068966 | K40: =IF(E40="","",E40/(E40+H40)) -> 0.36770584 | L40: =IF(OR(K40="",J40=""),"",(J40-K40)*100) -> 0.29838198 | M40: 2.4178751 | N40: 2.6027844 | O40: =SQRT(M40^2+N40^2) -> 3.5525494 | P40: =IF(J40="","",MAX(0,J40-1.96*O40/100)) -> 0.30105969 | Q40: =IF(J40="","",MIN(1,J40+1.96*O40/100)) -> 0.44031962 | R40: =IF(L40="","",IF(ABS(L40)<=O40,"Yes","No")) -> Yes | S40: =IF(L40="","",IF(ABS(L40)<=1.96*O40,"Yes","No")) -> Yes | T40: =IF(D40="","",ROUND(SQRT(((D40+G40)*O40/100)^2+(J40*(D40+G40)*0.09272)^2),0)) -> 57
A41: Carbon | B41: PENN FOREST TOWNSHIP | C41: PENN FOREST TOWNSHIP-NORTH WEST | D41: 370 | E41: 425 | F41: =IF(E41="","",D41-E41) -> -55 | G41: 825 | H41: 920 | I41: =IF(H41="","",G41-H41) -> -95 | J41: =IF(OR(D41="",D41+G41=0),"",D41/(D41+G41)) -> 0.30962343 | K41: =IF(E41="","",E41/(E41+H41)) -> 0.31598513 | L41: =IF(OR(K41="",J41=""),"",(J41-K41)*100) -> -0.63616991 | M41: 2.1346733 | N41: 2.6027844 | O41: =SQRT(M41^2+N41^2) -> 3.3662021 | P41: =IF(J41="","",MAX(0,J41-1.96*O41/100)) -> 0.24364587 | Q41: =IF(J41="","",MIN(1,J41+1.96*O41/100)) -> 0.37560099 | R41: =IF(L41="","",IF(ABS(L41)<=O41,"Yes","No")) -> Yes | S41: =IF(L41="","",IF(ABS(L41)<=1.96*O41,"Yes","No")) -> Yes | T41: =IF(D41="","",ROUND(SQRT(((D41+G41)*O41/100)^2+(J41*(D41+G41)*0.07717)^2),0)) -> 49
A42: Carbon | B42: PENN FOREST TOWNSHIP | C42: PENN FOREST TOWNSHIP-SOUTH WEST | D42: 359 | E42: 397 | F42: =IF(E42="","",D42-E42) -> -38 | G42: 690 | H42: 692 | I42: =IF(H42="","",G42-H42) -> -2 | J42: =IF(OR(D42="",D42+G42=0),"",D42/(D42+G42)) -> 0.3422307 | K42: =IF(E42="","",E42/(E42+H42)) -> 0.36455464 | L42: =IF(OR(K42="",J42=""),"",(J42-K42)*100) -> -2.2323941 | M42: 2.4178751 | N42: 2.6027844 | O42: =SQRT(M42^2+N42^2) -> 3.5525494 | P42: =IF(J42="","",MAX(0,J42-1.96*O42/100)) -> 0.27260073 | Q42: =IF(J42="","",MIN(1,J42+1.96*O42/100)) -> 0.41186066 | R42: =IF(L42="","",IF(ABS(L42)<=O42,"Yes","No")) -> Yes | S42: =IF(L42="","",IF(ABS(L42)<=1.96*O42,"Yes","No")) -> Yes | T42: =IF(D42="","",ROUND(SQRT(((D42+G42)*O42/100)^2+(J42*(D42+G42)*0.09272)^2),0)) -> 50
A43: Carbon | B43: SUMMIT HILL BOROUGH | C43: SUMMIT HILL BOROUGH-1ST | D43: 174 | E43: 175 | F43: =IF(E43="","",D43-E43) -> -1 | G43: 206 | H43: 212 | I43: =IF(H43="","",G43-H43) -> -6 | J43: =IF(OR(D43="",D43+G43=0),"",D43/(D43+G43)) -> 0.45789474 | K43: =IF(E43="","",E43/(E43+H43)) -> 0.45219638 | L43: =IF(OR(K43="",J43=""),"",(J43-K43)*100) -> 0.56983544 | M43: 3.486983 | N43: 2.6027844 | O43: =SQRT(M43^2+N43^2) -> 4.3512685 | P43: =IF(J43="","",MAX(0,J43-1.96*O43/100)) -> 0.37260987 | Q43: =IF(J43="","",MIN(1,J43+1.96*O43/100)) -> 0.5431796 | R43: =IF(L43="","",IF(ABS(L43)<=O43,"Yes","No")) -> Yes | S43: =IF(L43="","",IF(ABS(L43)<=1.96*O43,"Yes","No")) -> Yes | T43: =IF(D43="","",ROUND(SQRT(((D43+G43)*O43/100)^2+(J43*(D43+G43)*0.14577)^2),0)) -> 30
A44: Carbon | B44: SUMMIT HILL BOROUGH | C44: SUMMIT HILL BOROUGH-2ND | D44: 176 | E44: 184 | F44: =IF(E44="","",D44-E44) -> -8 | G44: 215 | H44: 208 | I44: =IF(H44="","",G44-H44) -> 7 | J44: =IF(OR(D44="",D44+G44=0),"",D44/(D44+G44)) -> 0.45012788 | K44: =IF(E44="","",E44/(E44+H44)) -> 0.46938776 | L44: =IF(OR(K44="",J44=""),"",(J44-K44)*100) -> -1.9259878 | M44: 3.486983 | N44: 2.6027844 | O44: =SQRT(M44^2+N44^2) -> 4.3512685 | P44: =IF(J44="","",MAX(0,J44-1.96*O44/100)) -> 0.36484301 | Q44: =IF(J44="","",MIN(1,J44+1.96*O44/100)) -> 0.53541274 | R44: =IF(L44="","",IF(ABS(L44)<=O44,"Yes","No")) -> Yes | S44: =IF(L44="","",IF(ABS(L44)<=1.96*O44,"Yes","No")) -> Yes | T44: =IF(D44="","",ROUND(SQRT(((D44+G44)*O44/100)^2+(J44*(D44+G44)*0.14577)^2),0)) -> 31
