Workbook

Sheet Scenario & Comparison
A1: PA-07 2026 House Forecast — Municipal Level: three results-only random-forest forecasts (fixed baseline)
A2: Candidates: Brooks | Mackenzie | The two yellow cells set the district-wide Brooks share and votes cast; all three forecasts update.
A3: A, B and C weight the same random-forest inputs differently using SHAP (see How Forecasts Are Weighted). Each is backtested on 2024 with its own weights; those errors are the error terms.
A5: SCENARIO INPUTS (defaults are built from the tables below; type over them to run another scenario)
A6: District-wide Brooks share of the two-party vote (input) | C6: =C21 -> 0.49515845 | D6: ← default: registration-adjusted baseline (row 21)
A7: Turnout multiplier (input; 1.00 = each place keeps its 2022 turnout rate) | C7: 1 | D7: ← votes cast = 2022 turnout rate × 2026 registered voters × this multiplier (row 27)
A9: HOW THE DEFAULTS ARE BUILT (today’s map applied to every year — all municipalities and precincts, as if the district had always included them)
A10: Election | C10: Democratic share | D10: Democratic votes | E10: Republican votes | F10: Registered (state rolls) | G10: Dem share of two-party registration
A11: 2018 General | C11: =D11/(D11+E11) -> 0.53259004 | D11: 136790.36 | E11: 120049.52 | F11: 483877 | G11: 0.56798799
A12: 2020 General | C12: =D12/(D12+E12) -> 0.4960879 | D12: 188855.71 | E12: 191834.3 | F12: 518873 | G12: 0.55685758
A13: 2022 General | C13: =D13/(D13+E13) -> 0.50896572 | D13: 149243 | E13: 143985 | F13: 510119 | G13: 0.54766474
A14: 2024 General | C14: =D14/(D14+E14) -> 0.49424813 | D14: 196561 | E14: 201136 | F14: 535177 | G14: 0.52758258
A15: 2026 Primary rolls | F15: 517956 | G15: 0.52223425
A16: Source: certified precinct House returns and Department of State registration (PA07_Precinct_Data.xlsx). 2018/2020 count Carbon (then PA-09) and Polk (then PA-08) as district results and include an estimate for Ross One, so every year covers the same territory as 2026.
A18: Average Democratic share, 2022 and 2024 | C18: =AVERAGE(C13,C14) -> 0.50160693
A19: Change in Dem share of two-party registration since then (pts) | C19: =(G15-AVERAGE(G13,G14))*100 -> -1.5389407
A20: Registration-to-vote link (k), measured on precinct changes 2018→2022 and 2020→2024 | C20: 0.41902062 | D20: Within-district slope: precincts whose registration moved 1 pt toward a party moved about this many pts in vote share (national swing removed).
A21: Registration-adjusted baseline for 2026 = row 18 + k × row 19 | C21: =C18+C20*C19/100 -> 0.49515845
A23: 2022 turnout in today’s district (House votes ÷ registered voters) | C23: 0.56746957
A24: 2026 registered voters (state rolls, summed over municipalities) | C24: 539345
A25: District check: 2022 turnout × 2026 registered | C25: =C23*C24 -> 306061.88
A26: Rule applied municipality by municipality (each place’s own 2022 turnout × its 2026 registered) and summed | C26: 306130.81 | D26: Each place uses its own 2022 turnout rate, so the summed total differs slightly from the district-level check. Registration: Department of State rolls (2026 primary).
A27: Votes cast used in the forecasts (row 26 × turnout multiplier) | C27: =C26*C7 -> 306130.81
A29: DISTRICT TOTALS BY FORECAST, WITH ERROR TERMS (live from each forecast tab)
A30: Forecast | B30: Weighting | C30: Brooks votes | D30: Mackenzie votes | E30: Total votes | F30: Brooks share | G30: Error term, share (± pts) | H30: Brooks share, 95% range | I30: Error term, votes cast (±) | J30: Error term, Brooks votes (±)
A31: Forecast A | B31: Full random forest | C31: ='2026 Forecast A'!D8 -> 151590 | D31: ='2026 Forecast A'!E8 -> 154539 | E31: ='2026 Forecast A'!F8 -> 306129 | F31: ='2026 Forecast A'!G8 -> 0.4951834 | G31: ='2026 Forecast A'!L8 -> 1.8117301 | H31: =TEXT('2026 Forecast A'!M8,"0.0%")&" – "&TEXT('2026 Forecast A'!N8,"0.0%") -> 46.0% – 53.1% | I31: ='2026 Forecast A'!O8 -> 13356 | J31: ='2026 Forecast A'!P8 -> 8631
A32: Forecast B | B32: SHAP-selected forest | C32: ='2026 Forecast B'!D8 -> 151583 | D32: ='2026 Forecast B'!E8 -> 154546 | E32: ='2026 Forecast B'!F8 -> 306129 | F32: ='2026 Forecast B'!G8 -> 0.49516054 | G32: ='2026 Forecast B'!L8 -> 1.8111985 | H32: =TEXT('2026 Forecast B'!M8,"0.0%")&" – "&TEXT('2026 Forecast B'!N8,"0.0%") -> 46.0% – 53.1% | I32: ='2026 Forecast B'!O8 -> 13356 | J32: ='2026 Forecast B'!P8 -> 8630
A33: Forecast C | B33: SHAP family-reweighted forest | C33: ='2026 Forecast C'!D8 -> 151580 | D33: ='2026 Forecast C'!E8 -> 154549 | E33: ='2026 Forecast C'!F8 -> 306129 | F33: ='2026 Forecast C'!G8 -> 0.49515074 | G33: ='2026 Forecast C'!L8 -> 1.8111201 | H33: =TEXT('2026 Forecast C'!M8,"0.0%")&" – "&TEXT('2026 Forecast C'!N8,"0.0%") -> 46.0% – 53.1% | I33: ='2026 Forecast C'!O8 -> 13356 | J33: ='2026 Forecast C'!P8 -> 8630
A34: District error terms = root-mean-square of the district-wide misses in all four backtests (2018, 2020, 2022, 2024). Place pattern error terms come from the 2022 and 2024 forward backtests, which use the same inputs as the 2026 forecast.
A36: BACKTESTS FOR EVERY YEAR, WITH ERROR TERMS (same weights as the forecasts; live from each backtest tab)
A37: Forecast | B37: Backtest | C37: District Dem share miss (pts) | D37: Dem votes miss | E37: Rep votes miss | F37: Votes cast miss | G37: Pattern RMS miss per row (pts) | H37: RMS miss per row (pts) | I37: Avg error term set beforehand (± pts) | J37: Actual inside ±1 error term | K37: Actual inside 95% range | L37: Rows within 3 pts
A38: Forecast A | B38: 2024 — forward backtest | C38: ='Backtest 2024 A'!F99 -> -0.43192073 | D38: ='Backtest 2024 A'!F101 -> -0.014111388 | E38: ='Backtest 2024 A'!F102 -> 0.0030733278 | F38: ='Backtest 2024 A'!F103 -> -0.0054324918 | G38: ='Backtest 2024 A'!F100 -> 1.8079197 | H38: ='Backtest 2024 A'!F98 -> 1.9408966 | I38: ='Backtest 2024 A'!F104 -> 3.4519658 | J38: ='Backtest 2024 A'!F105 -> 0.95505618 | K38: ='Backtest 2024 A'!F106 -> 1 | L38: ='Backtest 2024 A'!F107 -> 0.88764045
A39: Forecast B | B39: 2024 — forward backtest | C39: ='Backtest 2024 B'!F99 -> -0.43217003 | D39: ='Backtest 2024 B'!F101 -> -0.014116398 | E39: ='Backtest 2024 B'!F102 -> 0.0030782373 | F39: ='Backtest 2024 B'!F103 -> -0.0054324918 | G39: ='Backtest 2024 B'!F100 -> 1.8928041 | H39: ='Backtest 2024 B'!F98 -> 2.0080603 | I39: ='Backtest 2024 B'!F104 -> 3.3843934 | J39: ='Backtest 2024 B'!F105 -> 0.93258427 | K39: ='Backtest 2024 B'!F106 -> 1 | L39: ='Backtest 2024 B'!F107 -> 0.85393258
A40: Forecast C | B40: 2024 — forward backtest | C40: ='Backtest 2024 C'!F99 -> -0.43217003 | D40: ='Backtest 2024 C'!F101 -> -0.014116398 | E40: ='Backtest 2024 C'!F102 -> 0.0030782373 | F40: ='Backtest 2024 C'!F103 -> -0.0054324918 | G40: ='Backtest 2024 C'!F100 -> 2.1774044 | H40: ='Backtest 2024 C'!F98 -> 2.3890064 | I40: ='Backtest 2024 C'!F104 -> 3.4443446 | J40: ='Backtest 2024 C'!F105 -> 0.87640449 | K40: ='Backtest 2024 C'!F106 -> 1 | L40: ='Backtest 2024 C'!F107 -> 0.82022472
A41: Forecast A | B41: 2022 — forward backtest | C41: ='Backtest 2022 A'!F99 -> -0.62197042 | D41: ='Backtest 2022 A'!F101 -> -0.071569197 | E41: ='Backtest 2022 A'!F102 -> -0.048176627 | F41: ='Backtest 2022 A'!F103 -> -0.060102866 | G41: ='Backtest 2022 A'!F100 -> 2.3025093 | H41: ='Backtest 2022 A'!F98 -> 2.421165 | I41: ='Backtest 2022 A'!F104 -> 3.3406822 | J41: ='Backtest 2022 A'!F105 -> 0.86516854 | K41: ='Backtest 2022 A'!F106 -> 0.98876404 | L41: ='Backtest 2022 A'!F107 -> 0.82022472
A42: Forecast B | B42: 2022 — forward backtest | C42: ='Backtest 2022 B'!F99 -> -0.6201786 | D42: ='Backtest 2022 B'!F101 -> -0.071536164 | E42: ='Backtest 2022 B'!F102 -> -0.048210985 | F42: ='Backtest 2022 B'!F103 -> -0.060102866 | G42: ='Backtest 2022 B'!F100 -> 2.0522651 | H42: ='Backtest 2022 B'!F98 -> 2.291941 | I42: ='Backtest 2022 B'!F104 -> 3.338336 | J42: ='Backtest 2022 B'!F105 -> 0.80898876 | K42: ='Backtest 2022 B'!F106 -> 1 | L42: ='Backtest 2022 B'!F107 -> 0.82022472
A43: Forecast C | B43: 2022 — forward backtest | C43: ='Backtest 2022 C'!F99 -> -0.6230455 | D43: ='Backtest 2022 C'!F101 -> -0.071589017 | E43: ='Backtest 2022 C'!F102 -> -0.048156012 | F43: ='Backtest 2022 C'!F103 -> -0.060102866 | G43: ='Backtest 2022 C'!F100 -> 2.4168188 | H43: ='Backtest 2022 C'!F98 -> 2.6577183 | I43: ='Backtest 2022 C'!F104 -> 3.3745261 | J43: ='Backtest 2022 C'!F105 -> 0.79775281 | K43: ='Backtest 2022 C'!F106 -> 0.98876404 | L43: ='Backtest 2022 C'!F107 -> 0.70786517
A44: Forecast A | B44: 2020 — hold-out test | C44: ='Backtest 2020 A'!F99 -> 3.0613888 | D44: ='Backtest 2020 A'!F101 -> 0.067733333 | E44: ='Backtest 2020 A'!F102 -> -0.055435561 | F44: ='Backtest 2020 A'!F103 -> 0.0057914313 | G44: ='Backtest 2020 A'!F100 -> 2.704753 | H44: ='Backtest 2020 A'!F98 -> 4.9807309 | I44: ='Backtest 2020 A'!F104 -> 2.7317044 | J44: ='Backtest 2020 A'!F105 -> 0.2247191 | K44: ='Backtest 2020 A'!F106 -> 0.69662921 | L44: ='Backtest 2020 A'!F107 -> 0.3258427
A45: Forecast B | B45: 2020 — hold-out test | C45: ='Backtest 2020 B'!F99 -> 3.060877 | D45: ='Backtest 2020 B'!F101 -> 0.067722977 | E45: ='Backtest 2020 B'!F102 -> -0.055425325 | F45: ='Backtest 2020 B'!F103 -> 0.0057914313 | G45: ='Backtest 2020 B'!F100 -> 2.7920501 | H45: ='Backtest 2020 B'!F98 -> 5.0329107 | I45: ='Backtest 2020 B'!F104 -> 2.6383519 | J45: ='Backtest 2020 B'!F105 -> 0.23595506 | K45: ='Backtest 2020 B'!F106 -> 0.65168539 | L45: ='Backtest 2020 B'!F107 -> 0.33707865
A46: Forecast C | B46: 2020 — hold-out test | C46: ='Backtest 2020 C'!F99 -> 3.0601092 | D46: ='Backtest 2020 C'!F101 -> 0.067707443 | E46: ='Backtest 2020 C'!F102 -> -0.05540997 | F46: ='Backtest 2020 C'!F103 -> 0.0057914313 | G46: ='Backtest 2020 C'!F100 -> 2.3776117 | H46: ='Backtest 2020 C'!F98 -> 4.4766834 | I46: ='Backtest 2020 C'!F104 -> 2.9034255 | J46: ='Backtest 2020 C'!F105 -> 0.29213483 | K46: ='Backtest 2020 C'!F106 -> 0.83146067 | L46: ='Backtest 2020 C'!F107 -> 0.35955056
A47: Forecast A | B47: 2018 — hold-out test | C47: ='Backtest 2018 A'!F99 -> -1.7843613 | D47: ='Backtest 2018 A'!F101 -> 0.027251557 | E47: ='Backtest 2018 A'!F102 -> 0.10345392 | F47: ='Backtest 2018 A'!F103 -> 0.062782133 | G47: ='Backtest 2018 A'!F100 -> 3.4232209 | H47: ='Backtest 2018 A'!F98 -> 3.5133611 | I47: ='Backtest 2018 A'!F104 -> 2.8701019 | J47: ='Backtest 2018 A'!F105 -> 0.6741573 | K47: ='Backtest 2018 A'!F106 -> 0.92134831 | L47: ='Backtest 2018 A'!F107 -> 0.69662921
A48: Forecast B | B48: 2018 — hold-out test | C48: ='Backtest 2018 B'!F99 -> -1.7836438 | D48: ='Backtest 2018 B'!F101 -> 0.027265844 | E48: ='Backtest 2018 B'!F102 -> 0.10343756 | F48: ='Backtest 2018 B'!F103 -> 0.062782133 | G48: ='Backtest 2018 B'!F100 -> 3.2510811 | H48: ='Backtest 2018 B'!F98 -> 3.4662707 | I48: ='Backtest 2018 B'!F104 -> 2.8654221 | J48: ='Backtest 2018 B'!F105 -> 0.6741573 | K48: ='Backtest 2018 B'!F106 -> 0.8988764 | L48: ='Backtest 2018 B'!F107 -> 0.68539326
A49: Forecast C | B49: 2018 — hold-out test | C49: ='Backtest 2018 C'!F99 -> -1.7836438 | D49: ='Backtest 2018 C'!F101 -> 0.027265844 | E49: ='Backtest 2018 C'!F102 -> 0.10343756 | F49: ='Backtest 2018 C'!F103 -> 0.062782133 | G49: ='Backtest 2018 C'!F100 -> 3.4892275 | H49: ='Backtest 2018 C'!F98 -> 4.2708382 | I49: ='Backtest 2018 C'!F104 -> 2.9024894 | J49: ='Backtest 2018 C'!F105 -> 0.52808989 | K49: ='Backtest 2018 C'!F106 -> 0.7752809 | L49: ='Backtest 2018 C'!F107 -> 0.5505618
A50: Green = forward backtests (only earlier elections used; possible for 2022 and 2024). 2020 and 2018 are hold-out tests (trained on the other elections with only the inputs that existed then), because the data start in 2018. Every year’s error terms come from the other three years. The 2020 test shows the biggest district-wide miss: one earlier election (the 2018 wave) is a poor guide to a presidential year.
A52: WHY THE WEIGHTS DIFFER BUT THE FORECASTS LOOK THE SAME
A53: 1. District totals are identical by design.
A54: The district Brooks share is set by the baseline input (row 6) and votes cast by the turnout rule (row 7). Each forecast’s place-level leans are shifted so they add up to exactly that share, and every forecast uses the same votes cast. So A, B and C cannot differ in the district totals — only in how the vote is spread across municipalities.
A55: 2. The place-level forecasts do differ, but only a little.
A56: Average gap between forecasts: A vs B 0.28 pts (largest 1.0), A vs C 0.50 (largest 2.1), B vs C 0.58 (largest 2.4) — against a 10.3-point spread of leans across municipalities. Correlation between forecasts ≥ 0.999.
A57: 3. The inputs whose weights change all say the same thing.
A58: Past House, presidential and Senate results, party registration and last election’s Republican share of ballots are all measures of the same underlying partisanship, and are correlated at 0.9+ with each other. Moving weight from one to another (B drops weak inputs; C shifts weight between the results family and the registration family) changes the explanation — the SHAP shares — far more than the answer. Where they disagree is in places whose registration and voting history have drifted apart; those are the rows that move most between A, B and C.
A59: 4. Where it matters.
A60: The forecasts differ most in close, fast-changing places, which is why the comparison table flags rows where A, B and C disagree on the winner. Those rows plus any row whose 95% range spans 50% are the real toss-ups.
A62: MUNICIPALITY COMPARISON (Brooks share by forecast, live)
A63: County | B63: Municipality | C63: Area | D63: Forecast A | E63: Forecast B | F63: Forecast C | G63: Spread (max − min, pts) | H63: Total error term A (± pts) | I63: Total error term B (± pts) | J63: Total error term C (± pts) | K63: Votes cast | L63: Calls agree?
A64: ='2026 Forecast A'!A12 -> Carbon | B64: ='2026 Forecast A'!B12 -> BANKS TOWNSHIP | C64: ='2026 Forecast A'!C12 -> (whole municipality) | D64: ='2026 Forecast A'!G12 -> 0.37912088 | E64: ='2026 Forecast B'!G12 -> 0.38461538 | F64: ='2026 Forecast C'!G12 -> 0.37637363 | G64: =(MAX(D64:F64)-MIN(D64:F64))*100 -> 0.82417582 | H64: ='2026 Forecast A'!L12 -> 3.3582592 | I64: ='2026 Forecast B'!L12 -> 3.2816106 | J64: ='2026 Forecast C'!L12 -> 3.5151996 | K64: ='2026 Forecast A'!F12 -> 364 | L64: =IF(OR(AND(D64>0.5,E64>0.5,F64>0.5),AND(D64<0.5,E64<0.5,F64<0.5)),"Yes","No — toss-up") -> Yes
A65: ='2026 Forecast A'!A13 -> Carbon | B65: ='2026 Forecast A'!B13 -> BEAVER MEADOWS BOROUGH | C65: ='2026 Forecast A'!C13 -> (whole municipality) | D65: ='2026 Forecast A'!G13 -> 0.29393939 | E65: ='2026 Forecast B'!G13 -> 0.29090909 | F65: ='2026 Forecast C'!G13 -> 0.28181818 | G65: =(MAX(D65:F65)-MIN(D65:F65))*100 -> 1.2121212 | H65: ='2026 Forecast A'!L13 -> 3.3582592 | I65: ='2026 Forecast B'!L13 -> 3.2816106 | J65: ='2026 Forecast C'!L13 -> 3.5151996 | K65: ='2026 Forecast A'!F13 -> 330 | L65: =IF(OR(AND(D65>0.5,E65>0.5,F65>0.5),AND(D65<0.5,E65<0.5,F65<0.5)),"Yes","No — toss-up") -> Yes
A66: ='2026 Forecast A'!A14 -> Carbon | B66: ='2026 Forecast A'!B14 -> BOWMANSTOWN BOROUGH | C66: ='2026 Forecast A'!C14 -> (whole municipality) | D66: ='2026 Forecast A'!G14 -> 0.33426966 | E66: ='2026 Forecast B'!G14 -> 0.33707865 | F66: ='2026 Forecast C'!G14 -> 0.32303371 | G66: =(MAX(D66:F66)-MIN(D66:F66))*100 -> 1.4044944 | H66: ='2026 Forecast A'!L14 -> 3.3582592 | I66: ='2026 Forecast B'!L14 -> 3.2816106 | J66: ='2026 Forecast C'!L14 -> 3.5151996 | K66: ='2026 Forecast A'!F14 -> 356 | L66: =IF(OR(AND(D66>0.5,E66>0.5,F66>0.5),AND(D66<0.5,E66<0.5,F66<0.5)),"Yes","No — toss-up") -> Yes
A67: ='2026 Forecast A'!A15 -> Carbon | B67: ='2026 Forecast A'!B15 -> EAST PENN TOWNSHIP | C67: ='2026 Forecast A'!C15 -> (whole municipality) | D67: ='2026 Forecast A'!G15 -> 0.27790262 | E67: ='2026 Forecast B'!G15 -> 0.27565543 | F67: ='2026 Forecast C'!G15 -> 0.2659176 | G67: =(MAX(D67:F67)-MIN(D67:F67))*100 -> 1.1985019 | H67: ='2026 Forecast A'!L15 -> 2.334743 | I67: ='2026 Forecast B'!L15 -> 2.3905597 | J67: ='2026 Forecast C'!L15 -> 2.677144 | K67: ='2026 Forecast A'!F15 -> 1335 | L67: =IF(OR(AND(D67>0.5,E67>0.5,F67>0.5),AND(D67<0.5,E67<0.5,F67<0.5)),"Yes","No — toss-up") -> Yes
A68: ='2026 Forecast A'!A16 -> Carbon | B68: ='2026 Forecast A'!B16 -> EAST SIDE BOROUGH | C68: ='2026 Forecast A'!C16 -> (whole municipality) | D68: ='2026 Forecast A'!G16 -> 0.35483871 | E68: ='2026 Forecast B'!G16 -> 0.35483871 | F68: ='2026 Forecast C'!G16 -> 0.34408602 | G68: =(MAX(D68:F68)-MIN(D68:F68))*100 -> 1.0752688 | H68: ='2026 Forecast A'!L16 -> 3.3582592 | I68: ='2026 Forecast B'!L16 -> 3.2816106 | J68: ='2026 Forecast C'!L16 -> 3.5151996 | K68: ='2026 Forecast A'!F16 -> 93 | L68: =IF(OR(AND(D68>0.5,E68>0.5,F68>0.5),AND(D68<0.5,E68<0.5,F68<0.5)),"Yes","No — toss-up") -> Yes
A69: ='2026 Forecast A'!A17 -> Carbon | B69: ='2026 Forecast A'!B17 -> FRANKLIN TOWNSHIP | C69: ='2026 Forecast A'!C17 -> (whole municipality) | D69: ='2026 Forecast A'!G17 -> 0.28809284 | E69: ='2026 Forecast B'!G17 -> 0.28708375 | F69: ='2026 Forecast C'!G17 -> 0.2764884 | G69: =(MAX(D69:F69)-MIN(D69:F69))*100 -> 1.160444 | H69: ='2026 Forecast A'!L17 -> 2.334743 | I69: ='2026 Forecast B'!L17 -> 2.3905597 | J69: ='2026 Forecast C'!L17 -> 2.677144 | K69: ='2026 Forecast A'!F17 -> 1982 | L69: =IF(OR(AND(D69>0.5,E69>0.5,F69>0.5),AND(D69<0.5,E69<0.5,F69<0.5)),"Yes","No — toss-up") -> Yes
A70: ='2026 Forecast A'!A18 -> Carbon | B70: ='2026 Forecast A'!B18 -> JIM THORPE BOROUGH | C70: ='2026 Forecast A'!C18 -> (whole municipality) | D70: ='2026 Forecast A'!G18 -> 0.43500949 | E70: ='2026 Forecast B'!G18 -> 0.43358634 | F70: ='2026 Forecast C'!G18 -> 0.43263757 | G70: =(MAX(D70:F70)-MIN(D70:F70))*100 -> 0.23719165 | H70: ='2026 Forecast A'!L18 -> 2.334743 | I70: ='2026 Forecast B'!L18 -> 2.3905597 | J70: ='2026 Forecast C'!L18 -> 2.677144 | K70: ='2026 Forecast A'!F18 -> 2108 | L70: =IF(OR(AND(D70>0.5,E70>0.5,F70>0.5),AND(D70<0.5,E70<0.5,F70<0.5)),"Yes","No — toss-up") -> Yes
A71: ='2026 Forecast A'!A19 -> Carbon | B71: ='2026 Forecast A'!B19 -> KIDDER TOWNSHIP | C71: ='2026 Forecast A'!C19 -> (whole municipality) | D71: ='2026 Forecast A'!G19 -> 0.34161491 | E71: ='2026 Forecast B'!G19 -> 0.34658385 | F71: ='2026 Forecast C'!G19 -> 0.33167702 | G71: =(MAX(D71:F71)-MIN(D71:F71))*100 -> 1.4906832 | H71: ='2026 Forecast A'!L19 -> 3.3582592 | I71: ='2026 Forecast B'!L19 -> 3.2816106 | J71: ='2026 Forecast C'!L19 -> 3.5151996 | K71: ='2026 Forecast A'!F19 -> 805 | L71: =IF(OR(AND(D71>0.5,E71>0.5,F71>0.5),AND(D71<0.5,E71<0.5,F71<0.5)),"Yes","No — toss-up") -> Yes
A72: ='2026 Forecast A'!A20 -> Carbon | B72: ='2026 Forecast A'!B20 -> LANSFORD BOROUGH | C72: ='2026 Forecast A'!C20 -> (whole municipality) | D72: ='2026 Forecast A'!G20 -> 0.41366574 | E72: ='2026 Forecast B'!G20 -> 0.41274238 | F72: ='2026 Forecast C'!G20 -> 0.41181902 | G72: =(MAX(D72:F72)-MIN(D72:F72))*100 -> 0.18467221 | H72: ='2026 Forecast A'!L20 -> 3.3582592 | I72: ='2026 Forecast B'!L20 -> 3.2816106 | J72: ='2026 Forecast C'!L20 -> 3.5151996 | K72: ='2026 Forecast A'!F20 -> 1083 | L72: =IF(OR(AND(D72>0.5,E72>0.5,F72>0.5),AND(D72<0.5,E72<0.5,F72<0.5)),"Yes","No — toss-up") -> Yes
A73: ='2026 Forecast A'!A21 -> Carbon | B73: ='2026 Forecast A'!B21 -> LAUSANNE TOWNSHIP | C73: ='2026 Forecast A'!C21 -> (whole municipality) | D73: ='2026 Forecast A'!G21 -> 0.27966102 | E73: ='2026 Forecast B'!G21 -> 0.27966102 | F73: ='2026 Forecast C'!G21 -> 0.26271186 | G73: =(MAX(D73:F73)-MIN(D73:F73))*100 -> 1.6949153 | H73: ='2026 Forecast A'!L21 -> 3.3582592 | I73: ='2026 Forecast B'!L21 -> 3.2816106 | J73: ='2026 Forecast C'!L21 -> 3.5151996 | K73: ='2026 Forecast A'!F21 -> 118 | L73: =IF(OR(AND(D73>0.5,E73>0.5,F73>0.5),AND(D73<0.5,E73<0.5,F73<0.5)),"Yes","No — toss-up") -> Yes
A74: ='2026 Forecast A'!A22 -> Carbon | B74: ='2026 Forecast A'!B22 -> LEHIGH TOWNSHIP | C74: ='2026 Forecast A'!C22 -> (whole municipality) | D74: ='2026 Forecast A'!G22 -> 0.20675105 | E74: ='2026 Forecast B'!G22 -> 0.21518987 | F74: ='2026 Forecast C'!G22 -> 0.18987342 | G74: =(MAX(D74:F74)-MIN(D74:F74))*100 -> 2.5316456 | H74: ='2026 Forecast A'!L22 -> 3.3582592 | I74: ='2026 Forecast B'!L22 -> 3.2816106 | J74: ='2026 Forecast C'!L22 -> 3.5151996 | K74: ='2026 Forecast A'!F22 -> 237 | L74: =IF(OR(AND(D74>0.5,E74>0.5,F74>0.5),AND(D74<0.5,E74<0.5,F74<0.5)),"Yes","No — toss-up") -> Yes
A75: ='2026 Forecast A'!A23 -> Carbon | B75: ='2026 Forecast A'!B23 -> LEHIGHTON BOROUGH | C75: ='2026 Forecast A'!C23 -> (whole municipality) | D75: ='2026 Forecast A'!G23 -> 0.40250855 | E75: ='2026 Forecast B'!G23 -> 0.40193843 | F75: ='2026 Forecast C'!G23 -> 0.3968073 | G75: =(MAX(D75:F75)-MIN(D75:F75))*100 -> 0.57012543 | H75: ='2026 Forecast A'!L23 -> 2.334743 | I75: ='2026 Forecast B'!L23 -> 2.3905597 | J75: ='2026 Forecast C'!L23 -> 2.677144 | K75: ='2026 Forecast A'!F23 -> 1754 | L75: =IF(OR(AND(D75>0.5,E75>0.5,F75>0.5),AND(D75<0.5,E75<0.5,F75<0.5)),"Yes","No — toss-up") -> Yes
... A152: ='2026 Forecast A'!A100 -> Northampton | B152: ='2026 Forecast A'!B100 -> WIND GAP | C152: ='2026 Forecast A'!C100 -> (whole municipality) | D152: ='2026 Forecast A'!G100 -> 0.43144105 | E152: ='2026 Forecast B'!G100 -> 0.43318777 | F152: ='2026 Forecast C'!G100 -> 0.4279476 | G152: =(MAX(D152:F152)-MIN(D152:F152))*100 -> 0.52401747 | H152: ='2026 Forecast A'!L100 -> 3.3582592 | I152: ='2026 Forecast B'!L100 -> 3.2816106 | J152: ='2026 Forecast C'!L100 -> 3.5151996 | K152: ='2026 Forecast A'!F100 -> 1145 | L152: =IF(OR(AND(D152>0.5,E152>0.5,F152>0.5),AND(D152<0.5,E152<0.5,F152<0.5)),"Yes","No — toss-up") -> Yes

Sheet 2026 Forecast A
A1: PA-07 2026 House Forecast — Municipal-Level Predictions (Forecast A: full random forest)
A2: Candidates: Brooks | Mackenzie | District totals (yellow) are formulas over the municipality rows.
A3: Only the results are modelled (one random forest). Votes cast in each row = its 2022 turnout rate (House votes ÷ registered voters) × its 2026 registered voters. Brooks votes = votes cast × forecast Brooks share. Error terms combine the place’s own pattern error (2022 and 2024 backtests), the district-wide error and turnout error (all four backtest years).
A4: Model / scenario | B4: Random forest on results — Forecast A (Full random forest), municipality model; turnout = 2022 turnout rate × 2026 registered voters | C4: As-of date | D4: 46300 | E4: Prepared by | F4: Max | G4: Version | H4: v7.0 (current map; backtests every year; results only)
A5: District Brooks share (scenario) | B5: ='Scenario & Comparison'!$C$6 -> 0.49515845 | C5: Uniform shift applied | D5: =B5-SUMPRODUCT(R12:R100,S12:S100)/SUM(S12:S100)/100 -> 0.42207825 | E5: Turnout multiplier (1.00 = 2022 turnout) | F5: ='Scenario & Comparison'!$C$7 -> 1
A6: DISTRICT TOTALS (auto-sum — do not type over)
A7: Geography | B7: (muni) | C7: (area) | D7: Brooks votes | E7: Mackenzie votes | F7: Total votes | G7: Brooks share | H7: Mackenzie share | I7: Notes | J7: Error term: place pattern (± pts) | K7: Error term: district-wide (± pts) | L7: Error term: total (± pts) | M7: Brooks share, 95% low | N7: Brooks share, 95% high | O7: Error term: votes cast (± votes) | P7: Error term: Brooks votes (± votes)
A8: PA-07 District | B8: (all municipalities) | D8: =SUM(D12:D100) -> 151590 | E8: =SUM(E12:E100) -> 154539 | F8: =D8+E8 -> 306129 | G8: =IF(F8=0,"",D8/F8) -> 0.4951834 | H8: =IF(F8=0,"",E8/F8) -> 0.5048166 | I8: Headline forecast for the briefing | J8: 0 | K8: 1.8117301 | L8: =SQRT(J8^2+K8^2) -> 1.8117301 | M8: =G8-1.96*L8/100 -> 0.45967349 | N8: =G8+1.96*L8/100 -> 0.53069331 | O8: =ROUND(F8*0.04363,0) -> 13356 | P8: =ROUND(SQRT((F8*L8/100)^2+(G8*O8)^2),0) -> 8631
A9: Error terms are ±1 standard error: place pattern error by place size (2022 and 2024 forward backtests) plus district-wide and turnout error (all four backtest years, 2018–2024). 95% low/high = Brooks share ± 1.96 × total error term.
A10: MUNICIPALITY DETAIL | R10: MODEL INPUTS (from the random forest — do not edit)
A11: County | B11: Municipality | C11: Area | D11: Brooks votes | E11: Mackenzie votes | F11: Total votes | G11: Brooks share | H11: Mackenzie share | I11: Notes / source method | J11: Error term: place pattern (± pts) | K11: Error term: district-wide (± pts) | L11: Error term: total (± pts) | M11: Brooks share, 95% low | N11: Brooks share, 95% high | O11: Error term: votes cast (± votes) | P11: Error term: Brooks votes (± votes) | R11: Model lean vs district (pts) | S11: Votes cast = 2022 turnout × 2026 registered | T11: Forecast Brooks share (unrounded) | U11: 2022 turnout (House votes ÷ registered) | V11: 2026 registered voters | W11: Votes-cast error (% of votes) | X11: Size group (backtest error band) | Y11: Registration source
A12: Carbon | B12: BANKS TOWNSHIP | C12: (whole municipality) | D12: =ROUND(S12*T12,0) -> 138 | E12: =ROUND(S12,0)-D12 -> 226 | F12: =IF(COUNTA(D12:E12)=0,"",SUM(D12:E12)) -> 364 | G12: =IF(OR(F12="",F12=0),"",D12/F12) -> 0.37912088 | H12: =IF(OR(F12="",F12=0),"",E12/F12) -> 0.62087912 | I12: random forest (results only) | J12: 2.8276385 | K12: =$K$8 -> 1.8117301 | L12: =SQRT(J12^2+K12^2) -> 3.3582592 | M12: =IF(G12="","",MAX(0,G12-1.96*L12/100)) -> 0.313299 | N12: =IF(G12="","",MIN(1,G12+1.96*L12/100)) -> 0.44494276 | O12: =ROUND(S12*W12,0) -> 28 | P12: =IF(F12="","",ROUND(SQRT((F12*L12/100)^2+(G12*O12)^2),0)) -> 16 | R12: -4.3644513 | S12: =U12*V12*$F$5 -> 364.49096 | T12: =MAX(0,MIN(1,R12/100+$D$5)) -> 0.37843373 | U12: 0.5813253 | V12: 627 | W12: 0.077704034 | X12: Small | Y12: state rolls, whole municipality
A13: Carbon | B13: BEAVER MEADOWS BOROUGH | C13: (whole municipality) | D13: =ROUND(S13*T13,0) -> 97 | E13: =ROUND(S13,0)-D13 -> 233 | F13: =IF(COUNTA(D13:E13)=0,"",SUM(D13:E13)) -> 330 | G13: =IF(OR(F13="",F13=0),"",D13/F13) -> 0.29393939 | H13: =IF(OR(F13="",F13=0),"",E13/F13) -> 0.70606061 | I13: random forest (results only) | J13: 2.8276385 | K13: =$K$8 -> 1.8117301 | L13: =SQRT(J13^2+K13^2) -> 3.3582592 | M13: =IF(G13="","",MAX(0,G13-1.96*L13/100)) -> 0.22811751 | N13: =IF(G13="","",MIN(1,G13+1.96*L13/100)) -> 0.35976128 | O13: =ROUND(S13*W13,0) -> 26 | P13: =IF(F13="","",ROUND(SQRT((F13*L13/100)^2+(G13*O13)^2),0)) -> 13 | R13: -12.816121 | S13: =U13*V13*$F$5 -> 330.13014 | T13: =MAX(0,MIN(1,R13/100+$D$5)) -> 0.29391703 | U13: 0.53767123 | V13: 614 | W13: 0.077704034 | X13: Small | Y13: state rolls, whole municipality
A14: Carbon | B14: BOWMANSTOWN BOROUGH | C14: (whole municipality) | D14: =ROUND(S14*T14,0) -> 119 | E14: =ROUND(S14,0)-D14 -> 237 | F14: =IF(COUNTA(D14:E14)=0,"",SUM(D14:E14)) -> 356 | G14: =IF(OR(F14="",F14=0),"",D14/F14) -> 0.33426966 | H14: =IF(OR(F14="",F14=0),"",E14/F14) -> 0.66573034 | I14: random forest (results only) | J14: 2.8276385 | K14: =$K$8 -> 1.8117301 | L14: =SQRT(J14^2+K14^2) -> 3.3582592 | M14: =IF(G14="","",MAX(0,G14-1.96*L14/100)) -> 0.26844778 | N14: =IF(G14="","",MIN(1,G14+1.96*L14/100)) -> 0.40009154 | O14: =ROUND(S14*W14,0) -> 28 | P14: =IF(F14="","",ROUND(SQRT((F14*L14/100)^2+(G14*O14)^2),0)) -> 15 | R14: -8.8130031 | S14: =U14*V14*$F$5 -> 355.63437 | T14: =MAX(0,MIN(1,R14/100+$D$5)) -> 0.33394822 | U14: 0.63619744 | V14: 559 | W14: 0.077704034 | X14: Small | Y14: state rolls, whole municipality
A15: Carbon | B15: EAST PENN TOWNSHIP | C15: (whole municipality) | D15: =ROUND(S15*T15,0) -> 371 | E15: =ROUND(S15,0)-D15 -> 964 | F15: =IF(COUNTA(D15:E15)=0,"",SUM(D15:E15)) -> 1335 | G15: =IF(OR(F15="",F15=0),"",D15/F15) -> 0.27790262 | H15: =IF(OR(F15="",F15=0),"",E15/F15) -> 0.72209738 | I15: random forest (results only) | J15: 1.4726368 | K15: =$K$8 -> 1.8117301 | L15: =SQRT(J15^2+K15^2) -> 2.334743 | M15: =IF(G15="","",MAX(0,G15-1.96*L15/100)) -> 0.23214166 | N15: =IF(G15="","",MIN(1,G15+1.96*L15/100)) -> 0.32366358 | O15: =ROUND(S15*W15,0) -> 81 | P15: =IF(F15="","",ROUND(SQRT((F15*L15/100)^2+(G15*O15)^2),0)) -> 38 | R15: -14.415778 | S15: =U15*V15*$F$5 -> 1334.821 | T15: =MAX(0,MIN(1,R15/100+$D$5)) -> 0.27792046 | U15: 0.65208648 | V15: 2047 | W15: 0.060612226 | X15: Medium | Y15: state rolls, whole municipality
A16: Carbon | B16: EAST SIDE BOROUGH | C16: (whole municipality) | D16: =ROUND(S16*T16,0) -> 33 | E16: =ROUND(S16,0)-D16 -> 60 | F16: =IF(COUNTA(D16:E16)=0,"",SUM(D16:E16)) -> 93 | G16: =IF(OR(F16="",F16=0),"",D16/F16) -> 0.35483871 | H16: =IF(OR(F16="",F16=0),"",E16/F16) -> 0.64516129 | I16: random forest (results only) | J16: 2.8276385 | K16: =$K$8 -> 1.8117301 | L16: =SQRT(J16^2+K16^2) -> 3.3582592 | M16: =IF(G16="","",MAX(0,G16-1.96*L16/100)) -> 0.28901683 | N16: =IF(G16="","",MIN(1,G16+1.96*L16/100)) -> 0.42066059 | O16: =ROUND(S16*W16,0) -> 7 | P16: =IF(F16="","",ROUND(SQRT((F16*L16/100)^2+(G16*O16)^2),0)) -> 4 | R16: -7.2742775 | S16: =U16*V16*$F$5 -> 93.426829 | T16: =MAX(0,MIN(1,R16/100+$D$5)) -> 0.34933547 | U16: 0.57317073 | V16: 163 | W16: 0.077704034 | X16: Small | Y16: state rolls, whole municipality
A17: Carbon | B17: FRANKLIN TOWNSHIP | C17: (whole municipality) | D17: =ROUND(S17*T17,0) -> 571 | E17: =ROUND(S17,0)-D17 -> 1411 | F17: =IF(COUNTA(D17:E17)=0,"",SUM(D17:E17)) -> 1982 | G17: =IF(OR(F17="",F17=0),"",D17/F17) -> 0.28809284 | H17: =IF(OR(F17="",F17=0),"",E17/F17) -> 0.71190716 | I17: random forest (results only) | J17: 1.4726368 | K17: =$K$8 -> 1.8117301 | L17: =SQRT(J17^2+K17^2) -> 2.334743 | M17: =IF(G17="","",MAX(0,G17-1.96*L17/100)) -> 0.24233187 | N17: =IF(G17="","",MIN(1,G17+1.96*L17/100)) -> 0.3338538 | O17: =ROUND(S17*W17,0) -> 120 | P17: =IF(F17="","",ROUND(SQRT((F17*L17/100)^2+(G17*O17)^2),0)) -> 58 | R17: -13.40938 | S17: =U17*V17*$F$5 -> 1982.009 | T17: =MAX(0,MIN(1,R17/100+$D$5)) -> 0.28798444 | U17: 0.63181672 | V17: 3137 | W17: 0.060612226 | X17: Medium | Y17: state rolls, whole municipality
A18: Carbon | B18: JIM THORPE BOROUGH | C18: (whole municipality) | D18: =ROUND(S18*T18,0) -> 917 | E18: =ROUND(S18,0)-D18 -> 1191 | F18: =IF(COUNTA(D18:E18)=0,"",SUM(D18:E18)) -> 2108 | G18: =IF(OR(F18="",F18=0),"",D18/F18) -> 0.43500949 | H18: =IF(OR(F18="",F18=0),"",E18/F18) -> 0.56499051 | I18: random forest (results only) | J18: 1.4726368 | K18: =$K$8 -> 1.8117301 | L18: =SQRT(J18^2+K18^2) -> 2.334743 | M18: =IF(G18="","",MAX(0,G18-1.96*L18/100)) -> 0.38924852 | N18: =IF(G18="","",MIN(1,G18+1.96*L18/100)) -> 0.48077045 | O18: =ROUND(S18*W18,0) -> 128 | P18: =IF(F18="","",ROUND(SQRT((F18*L18/100)^2+(G18*O18)^2),0)) -> 74 | R18: 1.2790263 | S18: =U18*V18*$F$5 -> 2107.7256 | T18: =MAX(0,MIN(1,R18/100+$D$5)) -> 0.43486851 | U18: 0.64259928 | V18: 3280 | W18: 0.060612226 | X18: Medium | Y18: state rolls, whole municipality
A19: Carbon | B19: KIDDER TOWNSHIP | C19: (whole municipality) | D19: =ROUND(S19*T19,0) -> 275 | E19: =ROUND(S19,0)-D19 -> 530 | F19: =IF(COUNTA(D19:E19)=0,"",SUM(D19:E19)) -> 805 | G19: =IF(OR(F19="",F19=0),"",D19/F19) -> 0.34161491 | H19: =IF(OR(F19="",F19=0),"",E19/F19) -> 0.65838509 | I19: random forest (results only) | J19: 2.8276385 | K19: =$K$8 -> 1.8117301 | L19: =SQRT(J19^2+K19^2) -> 3.3582592 | M19: =IF(G19="","",MAX(0,G19-1.96*L19/100)) -> 0.27579303 | N19: =IF(G19="","",MIN(1,G19+1.96*L19/100)) -> 0.40743679 | O19: =ROUND(S19*W19,0) -> 63 | P19: =IF(F19="","",ROUND(SQRT((F19*L19/100)^2+(G19*O19)^2),0)) -> 35 | R19: -7.9861949 | S19: =U19*V19*$F$5 -> 804.85033 | T19: =MAX(0,MIN(1,R19/100+$D$5)) -> 0.3422163 | U19: 0.55430464 | V19: 1452 | W19: 0.077704034 | X19: Small | Y19: state rolls, whole municipality
A20: Carbon | B20: LANSFORD BOROUGH | C20: (whole municipality) | D20: =ROUND(S20*T20,0) -> 448 | E20: =ROUND(S20,0)-D20 -> 635 | F20: =IF(COUNTA(D20:E20)=0,"",SUM(D20:E20)) -> 1083 | G20: =IF(OR(F20="",F20=0),"",D20/F20) -> 0.41366574 | H20: =IF(OR(F20="",F20=0),"",E20/F20) -> 0.58633426 | I20: random forest (results only) | J20: 2.8276385 | K20: =$K$8 -> 1.8117301 | L20: =SQRT(J20^2+K20^2) -> 3.3582592 | M20: =IF(G20="","",MAX(0,G20-1.96*L20/100)) -> 0.34784386 | N20: =IF(G20="","",MIN(1,G20+1.96*L20/100)) -> 0.47948762 | O20: =ROUND(S20*W20,0) -> 84 | P20: =IF(F20="","",ROUND(SQRT((F20*L20/100)^2+(G20*O20)^2),0)) -> 50 | R20: -0.85785436 | S20: =U20*V20*$F$5 -> 1083.4829 | T20: =MAX(0,MIN(1,R20/100+$D$5)) -> 0.4134997 | U20: 0.44883303 | V20: 2414 | W20: 0.077704034 | X20: Small | Y20: state rolls, whole municipality
A21: Carbon | B21: LAUSANNE TOWNSHIP | C21: (whole municipality) | D21: =ROUND(S21*T21,0) -> 33 | E21: =ROUND(S21,0)-D21 -> 85 | F21: =IF(COUNTA(D21:E21)=0,"",SUM(D21:E21)) -> 118 | G21: =IF(OR(F21="",F21=0),"",D21/F21) -> 0.27966102 | H21: =IF(OR(F21="",F21=0),"",E21/F21) -> 0.72033898 | I21: random forest (results only) | J21: 2.8276385 | K21: =$K$8 -> 1.8117301 | L21: =SQRT(J21^2+K21^2) -> 3.3582592 | M21: =IF(G21="","",MAX(0,G21-1.96*L21/100)) -> 0.21383914 | N21: =IF(G21="","",MIN(1,G21+1.96*L21/100)) -> 0.3454829 | O21: =ROUND(S21*W21,0) -> 9 | P21: =IF(F21="","",ROUND(SQRT((F21*L21/100)^2+(G21*O21)^2),0)) -> 5 | R21: -14.604771 | S21: =U21*V21*$F$5 -> 118.28571 | T21: =MAX(0,MIN(1,R21/100+$D$5)) -> 0.27603053 | U21: 0.65714286 | V21: 180 | W21: 0.077704034 | X21: Small | Y21: state rolls, whole municipality
A22: Carbon | B22: LEHIGH TOWNSHIP | C22: (whole municipality) | D22: =ROUND(S22*T22,0) -> 49 | E22: =ROUND(S22,0)-D22 -> 188 | F22: =IF(COUNTA(D22:E22)=0,"",SUM(D22:E22)) -> 237 | G22: =IF(OR(F22="",F22=0),"",D22/F22) -> 0.20675105 | H22: =IF(OR(F22="",F22=0),"",E22/F22) -> 0.79324895 | I22: random forest (results only) | J22: 2.8276385 | K22: =$K$8 -> 1.8117301 | L22: =SQRT(J22^2+K22^2) -> 3.3582592 | M22: =IF(G22="","",MAX(0,G22-1.96*L22/100)) -> 0.14092917 | N22: =IF(G22="","",MIN(1,G22+1.96*L22/100)) -> 0.27257294 | O22: =ROUND(S22*W22,0) -> 18 | P22: =IF(F22="","",ROUND(SQRT((F22*L22/100)^2+(G22*O22)^2),0)) -> 9 | R22: -21.320836 | S22: =U22*V22*$F$5 -> 236.84483 | T22: =MAX(0,MIN(1,R22/100+$D$5)) -> 0.20886988 | U22: 0.69252874 | V22: 342 | W22: 0.077704034 | X22: Small | Y22: state rolls, whole municipality
A23: Carbon | B23: LEHIGHTON BOROUGH | C23: (whole municipality) | D23: =ROUND(S23*T23,0) -> 706 | E23: =ROUND(S23,0)-D23 -> 1048 | F23: =IF(COUNTA(D23:E23)=0,"",SUM(D23:E23)) -> 1754 | G23: =IF(OR(F23="",F23=0),"",D23/F23) -> 0.40250855 | H23: =IF(OR(F23="",F23=0),"",E23/F23) -> 0.59749145 | I23: random forest (results only) | J23: 1.4726368 | K23: =$K$8 -> 1.8117301 | L23: =SQRT(J23^2+K23^2) -> 2.334743 | M23: =IF(G23="","",MAX(0,G23-1.96*L23/100)) -> 0.35674759 | N23: =IF(G23="","",MIN(1,G23+1.96*L23/100)) -> 0.44826952 | O23: =ROUND(S23*W23,0) -> 106 | P23: =IF(F23="","",ROUND(SQRT((F23*L23/100)^2+(G23*O23)^2),0)) -> 59 | R23: -1.9367494 | S23: =U23*V23*$F$5 -> 1753.7408 | T23: =MAX(0,MIN(1,R23/100+$D$5)) -> 0.40271075 | U23: 0.52570167 | V23: 3336 | W23: 0.060612226 | X23: Medium | Y23: state rolls, whole municipality
... A100: Northampton | B100: WIND GAP | C100: (whole municipality) | D100: =ROUND(S100*T100,0) -> 494 | E100: =ROUND(S100,0)-D100 -> 651 | F100: =IF(COUNTA(D100:E100)=0,"",SUM(D100:E100)) -> 1145 | G100: =IF(OR(F100="",F100=0),"",D100/F100) -> 0.43144105 | H100: =IF(OR(F100="",F100=0),"",E100/F100) -> 0.56855895 | I100: random forest (results only) | J100: 2.8276385 | K100: =$K$8 -> 1.8117301 | L100: =SQRT(J100^2+K100^2) -> 3.3582592 | M100: =IF(G100="","",MAX(0,G100-1.96*L100/100)) -> 0.36561917 | N100: =IF(G100="","",MIN(1,G100+1.96*L100/100)) -> 0.49726293 | O100: =ROUND(S100*W100,0) -> 89 | P100: =IF(F100="","",ROUND(SQRT((F100*L100/100)^2+(G100*O100)^2),0)) -> 54 | R100: 0.9044477 | S100: =U100*V100*$F$5 -> 1145.4806 | T100: =MAX(0,MIN(1,R100/100+$D$5)) -> 0.43112272 | U100: 0.53702795 | V100: 2133 | W100: 0.077704034 | X100: Small | Y100: state rolls, whole municipality

Sheet 2026 Forecast B
A1: PA-07 2026 House Forecast — Municipal-Level Predictions (Forecast B: shap-selected forest)
A2: Candidates: Brooks | Mackenzie | District totals (yellow) are formulas over the municipality rows.
A3: Only the results are modelled (one random forest). Votes cast in each row = its 2022 turnout rate (House votes ÷ registered voters) × its 2026 registered voters. Brooks votes = votes cast × forecast Brooks share. Error terms combine the place’s own pattern error (2022 and 2024 backtests), the district-wide error and turnout error (all four backtest years).
A4: Model / scenario | B4: Random forest on results — Forecast B (SHAP-selected forest), municipality model; turnout = 2022 turnout rate × 2026 registered voters | C4: As-of date | D4: 46300 | E4: Prepared by | F4: Max | G4: Version | H4: v7.0 (current map; backtests every year; results only)
A5: District Brooks share (scenario) | B5: ='Scenario & Comparison'!$C$6 -> 0.49515845 | C5: Uniform shift applied | D5: =B5-SUMPRODUCT(R12:R100,S12:S100)/SUM(S12:S100)/100 -> 0.42328094 | E5: Turnout multiplier (1.00 = 2022 turnout) | F5: ='Scenario & Comparison'!$C$7 -> 1
A6: DISTRICT TOTALS (auto-sum — do not type over)
A7: Geography | B7: (muni) | C7: (area) | D7: Brooks votes | E7: Mackenzie votes | F7: Total votes | G7: Brooks share | H7: Mackenzie share | I7: Notes | J7: Error term: place pattern (± pts) | K7: Error term: district-wide (± pts) | L7: Error term: total (± pts) | M7: Brooks share, 95% low | N7: Brooks share, 95% high | O7: Error term: votes cast (± votes) | P7: Error term: Brooks votes (± votes)
A8: PA-07 District | B8: (all municipalities) | D8: =SUM(D12:D100) -> 151583 | E8: =SUM(E12:E100) -> 154546 | F8: =D8+E8 -> 306129 | G8: =IF(F8=0,"",D8/F8) -> 0.49516054 | H8: =IF(F8=0,"",E8/F8) -> 0.50483946 | I8: Headline forecast for the briefing | J8: 0 | K8: 1.8111985 | L8: =SQRT(J8^2+K8^2) -> 1.8111985 | M8: =G8-1.96*L8/100 -> 0.45966105 | N8: =G8+1.96*L8/100 -> 0.53066003 | O8: =ROUND(F8*0.04363,0) -> 13356 | P8: =ROUND(SQRT((F8*L8/100)^2+(G8*O8)^2),0) -> 8630
A9: Error terms are ±1 standard error: place pattern error by place size (2022 and 2024 forward backtests) plus district-wide and turnout error (all four backtest years, 2018–2024). 95% low/high = Brooks share ± 1.96 × total error term.
A10: MUNICIPALITY DETAIL | R10: MODEL INPUTS (from the random forest — do not edit)
A11: County | B11: Municipality | C11: Area | D11: Brooks votes | E11: Mackenzie votes | F11: Total votes | G11: Brooks share | H11: Mackenzie share | I11: Notes / source method | J11: Error term: place pattern (± pts) | K11: Error term: district-wide (± pts) | L11: Error term: total (± pts) | M11: Brooks share, 95% low | N11: Brooks share, 95% high | O11: Error term: votes cast (± votes) | P11: Error term: Brooks votes (± votes) | R11: Model lean vs district (pts) | S11: Votes cast = 2022 turnout × 2026 registered | T11: Forecast Brooks share (unrounded) | U11: 2022 turnout (House votes ÷ registered) | V11: 2026 registered voters | W11: Votes-cast error (% of votes) | X11: Size group (backtest error band) | Y11: Registration source
A12: Carbon | B12: BANKS TOWNSHIP | C12: (whole municipality) | D12: =ROUND(S12*T12,0) -> 140 | E12: =ROUND(S12,0)-D12 -> 224 | F12: =IF(COUNTA(D12:E12)=0,"",SUM(D12:E12)) -> 364 | G12: =IF(OR(F12="",F12=0),"",D12/F12) -> 0.38461538 | H12: =IF(OR(F12="",F12=0),"",E12/F12) -> 0.61538462 | I12: random forest (results only) | J12: 2.7365176 | K12: =$K$8 -> 1.8111985 | L12: =SQRT(J12^2+K12^2) -> 3.2816106 | M12: =IF(G12="","",MAX(0,G12-1.96*L12/100)) -> 0.32029582 | N12: =IF(G12="","",MIN(1,G12+1.96*L12/100)) -> 0.44893495 | O12: =ROUND(S12*W12,0) -> 28 | P12: =IF(F12="","",ROUND(SQRT((F12*L12/100)^2+(G12*O12)^2),0)) -> 16 | R12: -3.9438367 | S12: =U12*V12*$F$5 -> 364.49096 | T12: =MAX(0,MIN(1,R12/100+$D$5)) -> 0.38384257 | U12: 0.5813253 | V12: 627 | W12: 0.077704034 | X12: Small | Y12: state rolls, whole municipality
A13: Carbon | B13: BEAVER MEADOWS BOROUGH | C13: (whole municipality) | D13: =ROUND(S13*T13,0) -> 96 | E13: =ROUND(S13,0)-D13 -> 234 | F13: =IF(COUNTA(D13:E13)=0,"",SUM(D13:E13)) -> 330 | G13: =IF(OR(F13="",F13=0),"",D13/F13) -> 0.29090909 | H13: =IF(OR(F13="",F13=0),"",E13/F13) -> 0.70909091 | I13: random forest (results only) | J13: 2.7365176 | K13: =$K$8 -> 1.8111985 | L13: =SQRT(J13^2+K13^2) -> 3.2816106 | M13: =IF(G13="","",MAX(0,G13-1.96*L13/100)) -> 0.22658952 | N13: =IF(G13="","",MIN(1,G13+1.96*L13/100)) -> 0.35522866 | O13: =ROUND(S13*W13,0) -> 26 | P13: =IF(F13="","",ROUND(SQRT((F13*L13/100)^2+(G13*O13)^2),0)) -> 13 | R13: -13.320142 | S13: =U13*V13*$F$5 -> 330.13014 | T13: =MAX(0,MIN(1,R13/100+$D$5)) -> 0.29007952 | U13: 0.53767123 | V13: 614 | W13: 0.077704034 | X13: Small | Y13: state rolls, whole municipality
A14: Carbon | B14: BOWMANSTOWN BOROUGH | C14: (whole municipality) | D14: =ROUND(S14*T14,0) -> 120 | E14: =ROUND(S14,0)-D14 -> 236 | F14: =IF(COUNTA(D14:E14)=0,"",SUM(D14:E14)) -> 356 | G14: =IF(OR(F14="",F14=0),"",D14/F14) -> 0.33707865 | H14: =IF(OR(F14="",F14=0),"",E14/F14) -> 0.66292135 | I14: random forest (results only) | J14: 2.7365176 | K14: =$K$8 -> 1.8111985 | L14: =SQRT(J14^2+K14^2) -> 3.2816106 | M14: =IF(G14="","",MAX(0,G14-1.96*L14/100)) -> 0.27275908 | N14: =IF(G14="","",MIN(1,G14+1.96*L14/100)) -> 0.40139822 | O14: =ROUND(S14*W14,0) -> 28 | P14: =IF(F14="","",ROUND(SQRT((F14*L14/100)^2+(G14*O14)^2),0)) -> 15 | R14: -8.6337062 | S14: =U14*V14*$F$5 -> 355.63437 | T14: =MAX(0,MIN(1,R14/100+$D$5)) -> 0.33694388 | U14: 0.63619744 | V14: 559 | W14: 0.077704034 | X14: Small | Y14: state rolls, whole municipality
A15: Carbon | B15: EAST PENN TOWNSHIP | C15: (whole municipality) | D15: =ROUND(S15*T15,0) -> 368 | E15: =ROUND(S15,0)-D15 -> 967 | F15: =IF(COUNTA(D15:E15)=0,"",SUM(D15:E15)) -> 1335 | G15: =IF(OR(F15="",F15=0),"",D15/F15) -> 0.27565543 | H15: =IF(OR(F15="",F15=0),"",E15/F15) -> 0.72434457 | I15: random forest (results only) | J15: 1.5602358 | K15: =$K$8 -> 1.8111985 | L15: =SQRT(J15^2+K15^2) -> 2.3905597 | M15: =IF(G15="","",MAX(0,G15-1.96*L15/100)) -> 0.22880046 | N15: =IF(G15="","",MIN(1,G15+1.96*L15/100)) -> 0.3225104 | O15: =ROUND(S15*W15,0) -> 81 | P15: =IF(F15="","",ROUND(SQRT((F15*L15/100)^2+(G15*O15)^2),0)) -> 39 | R15: -14.746601 | S15: =U15*V15*$F$5 -> 1334.821 | T15: =MAX(0,MIN(1,R15/100+$D$5)) -> 0.27581493 | U15: 0.65208648 | V15: 2047 | W15: 0.060612226 | X15: Medium | Y15: state rolls, whole municipality
A16: Carbon | B16: EAST SIDE BOROUGH | C16: (whole municipality) | D16: =ROUND(S16*T16,0) -> 33 | E16: =ROUND(S16,0)-D16 -> 60 | F16: =IF(COUNTA(D16:E16)=0,"",SUM(D16:E16)) -> 93 | G16: =IF(OR(F16="",F16=0),"",D16/F16) -> 0.35483871 | H16: =IF(OR(F16="",F16=0),"",E16/F16) -> 0.64516129 | I16: random forest (results only) | J16: 2.7365176 | K16: =$K$8 -> 1.8111985 | L16: =SQRT(J16^2+K16^2) -> 3.2816106 | M16: =IF(G16="","",MAX(0,G16-1.96*L16/100)) -> 0.29051914 | N16: =IF(G16="","",MIN(1,G16+1.96*L16/100)) -> 0.41915828 | O16: =ROUND(S16*W16,0) -> 7 | P16: =IF(F16="","",ROUND(SQRT((F16*L16/100)^2+(G16*O16)^2),0)) -> 4 | R16: -7.385864 | S16: =U16*V16*$F$5 -> 93.426829 | T16: =MAX(0,MIN(1,R16/100+$D$5)) -> 0.3494223 | U16: 0.57317073 | V16: 163 | W16: 0.077704034 | X16: Small | Y16: state rolls, whole municipality
A17: Carbon | B17: FRANKLIN TOWNSHIP | C17: (whole municipality) | D17: =ROUND(S17*T17,0) -> 569 | E17: =ROUND(S17,0)-D17 -> 1413 | F17: =IF(COUNTA(D17:E17)=0,"",SUM(D17:E17)) -> 1982 | G17: =IF(OR(F17="",F17=0),"",D17/F17) -> 0.28708375 | H17: =IF(OR(F17="",F17=0),"",E17/F17) -> 0.71291625 | I17: random forest (results only) | J17: 1.5602358 | K17: =$K$8 -> 1.8111985 | L17: =SQRT(J17^2+K17^2) -> 2.3905597 | M17: =IF(G17="","",MAX(0,G17-1.96*L17/100)) -> 0.24022878 | N17: =IF(G17="","",MIN(1,G17+1.96*L17/100)) -> 0.33393872 | O17: =ROUND(S17*W17,0) -> 120 | P17: =IF(F17="","",ROUND(SQRT((F17*L17/100)^2+(G17*O17)^2),0)) -> 59 | R17: -13.617478 | S17: =U17*V17*$F$5 -> 1982.009 | T17: =MAX(0,MIN(1,R17/100+$D$5)) -> 0.28710616 | U17: 0.63181672 | V17: 3137 | W17: 0.060612226 | X17: Medium | Y17: state rolls, whole municipality
A18: Carbon | B18: JIM THORPE BOROUGH | C18: (whole municipality) | D18: =ROUND(S18*T18,0) -> 914 | E18: =ROUND(S18,0)-D18 -> 1194 | F18: =IF(COUNTA(D18:E18)=0,"",SUM(D18:E18)) -> 2108 | G18: =IF(OR(F18="",F18=0),"",D18/F18) -> 0.43358634 | H18: =IF(OR(F18="",F18=0),"",E18/F18) -> 0.56641366 | I18: random forest (results only) | J18: 1.5602358 | K18: =$K$8 -> 1.8111985 | L18: =SQRT(J18^2+K18^2) -> 2.3905597 | M18: =IF(G18="","",MAX(0,G18-1.96*L18/100)) -> 0.38673137 | N18: =IF(G18="","",MIN(1,G18+1.96*L18/100)) -> 0.48044131 | O18: =ROUND(S18*W18,0) -> 128 | P18: =IF(F18="","",ROUND(SQRT((F18*L18/100)^2+(G18*O18)^2),0)) -> 75 | R18: 1.0586972 | S18: =U18*V18*$F$5 -> 2107.7256 | T18: =MAX(0,MIN(1,R18/100+$D$5)) -> 0.43386791 | U18: 0.64259928 | V18: 3280 | W18: 0.060612226 | X18: Medium | Y18: state rolls, whole municipality
A19: Carbon | B19: KIDDER TOWNSHIP | C19: (whole municipality) | D19: =ROUND(S19*T19,0) -> 279 | E19: =ROUND(S19,0)-D19 -> 526 | F19: =IF(COUNTA(D19:E19)=0,"",SUM(D19:E19)) -> 805 | G19: =IF(OR(F19="",F19=0),"",D19/F19) -> 0.34658385 | H19: =IF(OR(F19="",F19=0),"",E19/F19) -> 0.65341615 | I19: random forest (results only) | J19: 2.7365176 | K19: =$K$8 -> 1.8111985 | L19: =SQRT(J19^2+K19^2) -> 3.2816106 | M19: =IF(G19="","",MAX(0,G19-1.96*L19/100)) -> 0.28226428 | N19: =IF(G19="","",MIN(1,G19+1.96*L19/100)) -> 0.41090342 | O19: =ROUND(S19*W19,0) -> 63 | P19: =IF(F19="","",ROUND(SQRT((F19*L19/100)^2+(G19*O19)^2),0)) -> 34 | R19: -7.6888263 | S19: =U19*V19*$F$5 -> 804.85033 | T19: =MAX(0,MIN(1,R19/100+$D$5)) -> 0.34639268 | U19: 0.55430464 | V19: 1452 | W19: 0.077704034 | X19: Small | Y19: state rolls, whole municipality
A20: Carbon | B20: LANSFORD BOROUGH | C20: (whole municipality) | D20: =ROUND(S20*T20,0) -> 447 | E20: =ROUND(S20,0)-D20 -> 636 | F20: =IF(COUNTA(D20:E20)=0,"",SUM(D20:E20)) -> 1083 | G20: =IF(OR(F20="",F20=0),"",D20/F20) -> 0.41274238 | H20: =IF(OR(F20="",F20=0),"",E20/F20) -> 0.58725762 | I20: random forest (results only) | J20: 2.7365176 | K20: =$K$8 -> 1.8111985 | L20: =SQRT(J20^2+K20^2) -> 3.2816106 | M20: =IF(G20="","",MAX(0,G20-1.96*L20/100)) -> 0.34842281 | N20: =IF(G20="","",MIN(1,G20+1.96*L20/100)) -> 0.47706195 | O20: =ROUND(S20*W20,0) -> 84 | P20: =IF(F20="","",ROUND(SQRT((F20*L20/100)^2+(G20*O20)^2),0)) -> 50 | R20: -1.0822711 | S20: =U20*V20*$F$5 -> 1083.4829 | T20: =MAX(0,MIN(1,R20/100+$D$5)) -> 0.41245823 | U20: 0.44883303 | V20: 2414 | W20: 0.077704034 | X20: Small | Y20: state rolls, whole municipality
A21: Carbon | B21: LAUSANNE TOWNSHIP | C21: (whole municipality) | D21: =ROUND(S21*T21,0) -> 33 | E21: =ROUND(S21,0)-D21 -> 85 | F21: =IF(COUNTA(D21:E21)=0,"",SUM(D21:E21)) -> 118 | G21: =IF(OR(F21="",F21=0),"",D21/F21) -> 0.27966102 | H21: =IF(OR(F21="",F21=0),"",E21/F21) -> 0.72033898 | I21: random forest (results only) | J21: 2.7365176 | K21: =$K$8 -> 1.8111985 | L21: =SQRT(J21^2+K21^2) -> 3.2816106 | M21: =IF(G21="","",MAX(0,G21-1.96*L21/100)) -> 0.21534145 | N21: =IF(G21="","",MIN(1,G21+1.96*L21/100)) -> 0.34398059 | O21: =ROUND(S21*W21,0) -> 9 | P21: =IF(F21="","",ROUND(SQRT((F21*L21/100)^2+(G21*O21)^2),0)) -> 5 | R21: -14.646485 | S21: =U21*V21*$F$5 -> 118.28571 | T21: =MAX(0,MIN(1,R21/100+$D$5)) -> 0.27681609 | U21: 0.65714286 | V21: 180 | W21: 0.077704034 | X21: Small | Y21: state rolls, whole municipality
A22: Carbon | B22: LEHIGH TOWNSHIP | C22: (whole municipality) | D22: =ROUND(S22*T22,0) -> 51 | E22: =ROUND(S22,0)-D22 -> 186 | F22: =IF(COUNTA(D22:E22)=0,"",SUM(D22:E22)) -> 237 | G22: =IF(OR(F22="",F22=0),"",D22/F22) -> 0.21518987 | H22: =IF(OR(F22="",F22=0),"",E22/F22) -> 0.78481013 | I22: random forest (results only) | J22: 2.7365176 | K22: =$K$8 -> 1.8111985 | L22: =SQRT(J22^2+K22^2) -> 3.2816106 | M22: =IF(G22="","",MAX(0,G22-1.96*L22/100)) -> 0.1508703 | N22: =IF(G22="","",MIN(1,G22+1.96*L22/100)) -> 0.27950944 | O22: =ROUND(S22*W22,0) -> 18 | P22: =IF(F22="","",ROUND(SQRT((F22*L22/100)^2+(G22*O22)^2),0)) -> 9 | R22: -20.856066 | S22: =U22*V22*$F$5 -> 236.84483 | T22: =MAX(0,MIN(1,R22/100+$D$5)) -> 0.21472028 | U22: 0.69252874 | V22: 342 | W22: 0.077704034 | X22: Small | Y22: state rolls, whole municipality
A23: Carbon | B23: LEHIGHTON BOROUGH | C23: (whole municipality) | D23: =ROUND(S23*T23,0) -> 705 | E23: =ROUND(S23,0)-D23 -> 1049 | F23: =IF(COUNTA(D23:E23)=0,"",SUM(D23:E23)) -> 1754 | G23: =IF(OR(F23="",F23=0),"",D23/F23) -> 0.40193843 | H23: =IF(OR(F23="",F23=0),"",E23/F23) -> 0.59806157 | I23: random forest (results only) | J23: 1.5602358 | K23: =$K$8 -> 1.8111985 | L23: =SQRT(J23^2+K23^2) -> 2.3905597 | M23: =IF(G23="","",MAX(0,G23-1.96*L23/100)) -> 0.35508346 | N23: =IF(G23="","",MIN(1,G23+1.96*L23/100)) -> 0.4487934 | O23: =ROUND(S23*W23,0) -> 106 | P23: =IF(F23="","",ROUND(SQRT((F23*L23/100)^2+(G23*O23)^2),0)) -> 60 | R23: -2.1542874 | S23: =U23*V23*$F$5 -> 1753.7408 | T23: =MAX(0,MIN(1,R23/100+$D$5)) -> 0.40173807 | U23: 0.52570167 | V23: 3336 | W23: 0.060612226 | X23: Medium | Y23: state rolls, whole municipality
... A100: Northampton | B100: WIND GAP | C100: (whole municipality) | D100: =ROUND(S100*T100,0) -> 496 | E100: =ROUND(S100,0)-D100 -> 649 | F100: =IF(COUNTA(D100:E100)=0,"",SUM(D100:E100)) -> 1145 | G100: =IF(OR(F100="",F100=0),"",D100/F100) -> 0.43318777 | H100: =IF(OR(F100="",F100=0),"",E100/F100) -> 0.56681223 | I100: random forest (results only) | J100: 2.7365176 | K100: =$K$8 -> 1.8111985 | L100: =SQRT(J100^2+K100^2) -> 3.2816106 | M100: =IF(G100="","",MAX(0,G100-1.96*L100/100)) -> 0.3688682 | N100: =IF(G100="","",MIN(1,G100+1.96*L100/100)) -> 0.49750734 | O100: =ROUND(S100*W100,0) -> 89 | P100: =IF(F100="","",ROUND(SQRT((F100*L100/100)^2+(G100*O100)^2),0)) -> 54 | R100: 0.99286003 | S100: =U100*V100*$F$5 -> 1145.4806 | T100: =MAX(0,MIN(1,R100/100+$D$5)) -> 0.43320954 | U100: 0.53702795 | V100: 2133 | W100: 0.077704034 | X100: Small | Y100: state rolls, whole municipality

Sheet 2026 Forecast C
A1: PA-07 2026 House Forecast — Municipal-Level Predictions (Forecast C: shap family-reweighted forest)
A2: Candidates: Brooks | Mackenzie | District totals (yellow) are formulas over the municipality rows.
A3: Only the results are modelled (one random forest). Votes cast in each row = its 2022 turnout rate (House votes ÷ registered voters) × its 2026 registered voters. Brooks votes = votes cast × forecast Brooks share. Error terms combine the place’s own pattern error (2022 and 2024 backtests), the district-wide error and turnout error (all four backtest years).
A4: Model / scenario | B4: Random forest on results — Forecast C (SHAP family-reweighted forest), municipality model; turnout = 2022 turnout rate × 2026 registered voters | C4: As-of date | D4: 46300 | E4: Prepared by | F4: Max | G4: Version | H4: v7.0 (current map; backtests every year; results only)
A5: District Brooks share (scenario) | B5: ='Scenario & Comparison'!$C$6 -> 0.49515845 | C5: Uniform shift applied | D5: =B5-SUMPRODUCT(R12:R100,S12:S100)/SUM(S12:S100)/100 -> 0.41754778 | E5: Turnout multiplier (1.00 = 2022 turnout) | F5: ='Scenario & Comparison'!$C$7 -> 1
A6: DISTRICT TOTALS (auto-sum — do not type over)
A7: Geography | B7: (muni) | C7: (area) | D7: Brooks votes | E7: Mackenzie votes | F7: Total votes | G7: Brooks share | H7: Mackenzie share | I7: Notes | J7: Error term: place pattern (± pts) | K7: Error term: district-wide (± pts) | L7: Error term: total (± pts) | M7: Brooks share, 95% low | N7: Brooks share, 95% high | O7: Error term: votes cast (± votes) | P7: Error term: Brooks votes (± votes)
A8: PA-07 District | B8: (all municipalities) | D8: =SUM(D12:D100) -> 151580 | E8: =SUM(E12:E100) -> 154549 | F8: =D8+E8 -> 306129 | G8: =IF(F8=0,"",D8/F8) -> 0.49515074 | H8: =IF(F8=0,"",E8/F8) -> 0.50484926 | I8: Headline forecast for the briefing | J8: 0 | K8: 1.8111201 | L8: =SQRT(J8^2+K8^2) -> 1.8111201 | M8: =G8-1.96*L8/100 -> 0.45965278 | N8: =G8+1.96*L8/100 -> 0.53064869 | O8: =ROUND(F8*0.04363,0) -> 13356 | P8: =ROUND(SQRT((F8*L8/100)^2+(G8*O8)^2),0) -> 8630
A9: Error terms are ±1 standard error: place pattern error by place size (2022 and 2024 forward backtests) plus district-wide and turnout error (all four backtest years, 2018–2024). 95% low/high = Brooks share ± 1.96 × total error term.
A10: MUNICIPALITY DETAIL | R10: MODEL INPUTS (from the random forest — do not edit)
A11: County | B11: Municipality | C11: Area | D11: Brooks votes | E11: Mackenzie votes | F11: Total votes | G11: Brooks share | H11: Mackenzie share | I11: Notes / source method | J11: Error term: place pattern (± pts) | K11: Error term: district-wide (± pts) | L11: Error term: total (± pts) | M11: Brooks share, 95% low | N11: Brooks share, 95% high | O11: Error term: votes cast (± votes) | P11: Error term: Brooks votes (± votes) | R11: Model lean vs district (pts) | S11: Votes cast = 2022 turnout × 2026 registered | T11: Forecast Brooks share (unrounded) | U11: 2022 turnout (House votes ÷ registered) | V11: 2026 registered voters | W11: Votes-cast error (% of votes) | X11: Size group (backtest error band) | Y11: Registration source
A12: Carbon | B12: BANKS TOWNSHIP | C12: (whole municipality) | D12: =ROUND(S12*T12,0) -> 137 | E12: =ROUND(S12,0)-D12 -> 227 | F12: =IF(COUNTA(D12:E12)=0,"",SUM(D12:E12)) -> 364 | G12: =IF(OR(F12="",F12=0),"",D12/F12) -> 0.37637363 | H12: =IF(OR(F12="",F12=0),"",E12/F12) -> 0.62362637 | I12: random forest (results only) | J12: 3.0127184 | K12: =$K$8 -> 1.8111201 | L12: =SQRT(J12^2+K12^2) -> 3.5151996 | M12: =IF(G12="","",MAX(0,G12-1.96*L12/100)) -> 0.30747571 | N12: =IF(G12="","",MIN(1,G12+1.96*L12/100)) -> 0.44527154 | O12: =ROUND(S12*W12,0) -> 28 | P12: =IF(F12="","",ROUND(SQRT((F12*L12/100)^2+(G12*O12)^2),0)) -> 17 | R12: -4.2602135 | S12: =U12*V12*$F$5 -> 364.49096 | T12: =MAX(0,MIN(1,R12/100+$D$5)) -> 0.37494565 | U12: 0.5813253 | V12: 627 | W12: 0.077704034 | X12: Small | Y12: state rolls, whole municipality
A13: Carbon | B13: BEAVER MEADOWS BOROUGH | C13: (whole municipality) | D13: =ROUND(S13*T13,0) -> 93 | E13: =ROUND(S13,0)-D13 -> 237 | F13: =IF(COUNTA(D13:E13)=0,"",SUM(D13:E13)) -> 330 | G13: =IF(OR(F13="",F13=0),"",D13/F13) -> 0.28181818 | H13: =IF(OR(F13="",F13=0),"",E13/F13) -> 0.71818182 | I13: random forest (results only) | J13: 3.0127184 | K13: =$K$8 -> 1.8111201 | L13: =SQRT(J13^2+K13^2) -> 3.5151996 | M13: =IF(G13="","",MAX(0,G13-1.96*L13/100)) -> 0.21292027 | N13: =IF(G13="","",MIN(1,G13+1.96*L13/100)) -> 0.35071609 | O13: =ROUND(S13*W13,0) -> 26 | P13: =IF(F13="","",ROUND(SQRT((F13*L13/100)^2+(G13*O13)^2),0)) -> 14 | R13: -13.46444 | S13: =U13*V13*$F$5 -> 330.13014 | T13: =MAX(0,MIN(1,R13/100+$D$5)) -> 0.28290338 | U13: 0.53767123 | V13: 614 | W13: 0.077704034 | X13: Small | Y13: state rolls, whole municipality
A14: Carbon | B14: BOWMANSTOWN BOROUGH | C14: (whole municipality) | D14: =ROUND(S14*T14,0) -> 115 | E14: =ROUND(S14,0)-D14 -> 241 | F14: =IF(COUNTA(D14:E14)=0,"",SUM(D14:E14)) -> 356 | G14: =IF(OR(F14="",F14=0),"",D14/F14) -> 0.32303371 | H14: =IF(OR(F14="",F14=0),"",E14/F14) -> 0.67696629 | I14: random forest (results only) | J14: 3.0127184 | K14: =$K$8 -> 1.8111201 | L14: =SQRT(J14^2+K14^2) -> 3.5151996 | M14: =IF(G14="","",MAX(0,G14-1.96*L14/100)) -> 0.2541358 | N14: =IF(G14="","",MIN(1,G14+1.96*L14/100)) -> 0.39193162 | O14: =ROUND(S14*W14,0) -> 28 | P14: =IF(F14="","",ROUND(SQRT((F14*L14/100)^2+(G14*O14)^2),0)) -> 15 | R14: -9.4259223 | S14: =U14*V14*$F$5 -> 355.63437 | T14: =MAX(0,MIN(1,R14/100+$D$5)) -> 0.32328856 | U14: 0.63619744 | V14: 559 | W14: 0.077704034 | X14: Small | Y14: state rolls, whole municipality
A15: Carbon | B15: EAST PENN TOWNSHIP | C15: (whole municipality) | D15: =ROUND(S15*T15,0) -> 355 | E15: =ROUND(S15,0)-D15 -> 980 | F15: =IF(COUNTA(D15:E15)=0,"",SUM(D15:E15)) -> 1335 | G15: =IF(OR(F15="",F15=0),"",D15/F15) -> 0.2659176 | H15: =IF(OR(F15="",F15=0),"",E15/F15) -> 0.7340824 | I15: random forest (results only) | J15: 1.9715334 | K15: =$K$8 -> 1.8111201 | L15: =SQRT(J15^2+K15^2) -> 2.677144 | M15: =IF(G15="","",MAX(0,G15-1.96*L15/100)) -> 0.21344558 | N15: =IF(G15="","",MIN(1,G15+1.96*L15/100)) -> 0.31838963 | O15: =ROUND(S15*W15,0) -> 81 | P15: =IF(F15="","",ROUND(SQRT((F15*L15/100)^2+(G15*O15)^2),0)) -> 42 | R15: -15.185649 | S15: =U15*V15*$F$5 -> 1334.821 | T15: =MAX(0,MIN(1,R15/100+$D$5)) -> 0.26569129 | U15: 0.65208648 | V15: 2047 | W15: 0.060612226 | X15: Medium | Y15: state rolls, whole municipality
A16: Carbon | B16: EAST SIDE BOROUGH | C16: (whole municipality) | D16: =ROUND(S16*T16,0) -> 32 | E16: =ROUND(S16,0)-D16 -> 61 | F16: =IF(COUNTA(D16:E16)=0,"",SUM(D16:E16)) -> 93 | G16: =IF(OR(F16="",F16=0),"",D16/F16) -> 0.34408602 | H16: =IF(OR(F16="",F16=0),"",E16/F16) -> 0.65591398 | I16: random forest (results only) | J16: 3.0127184 | K16: =$K$8 -> 1.8111201 | L16: =SQRT(J16^2+K16^2) -> 3.5151996 | M16: =IF(G16="","",MAX(0,G16-1.96*L16/100)) -> 0.27518811 | N16: =IF(G16="","",MIN(1,G16+1.96*L16/100)) -> 0.41298393 | O16: =ROUND(S16*W16,0) -> 7 | P16: =IF(F16="","",ROUND(SQRT((F16*L16/100)^2+(G16*O16)^2),0)) -> 4 | R16: -7.6615795 | S16: =U16*V16*$F$5 -> 93.426829 | T16: =MAX(0,MIN(1,R16/100+$D$5)) -> 0.34093199 | U16: 0.57317073 | V16: 163 | W16: 0.077704034 | X16: Small | Y16: state rolls, whole municipality
A17: Carbon | B17: FRANKLIN TOWNSHIP | C17: (whole municipality) | D17: =ROUND(S17*T17,0) -> 548 | E17: =ROUND(S17,0)-D17 -> 1434 | F17: =IF(COUNTA(D17:E17)=0,"",SUM(D17:E17)) -> 1982 | G17: =IF(OR(F17="",F17=0),"",D17/F17) -> 0.2764884 | H17: =IF(OR(F17="",F17=0),"",E17/F17) -> 0.7235116 | I17: random forest (results only) | J17: 1.9715334 | K17: =$K$8 -> 1.8111201 | L17: =SQRT(J17^2+K17^2) -> 2.677144 | M17: =IF(G17="","",MAX(0,G17-1.96*L17/100)) -> 0.22401637 | N17: =IF(G17="","",MIN(1,G17+1.96*L17/100)) -> 0.32896042 | O17: =ROUND(S17*W17,0) -> 120 | P17: =IF(F17="","",ROUND(SQRT((F17*L17/100)^2+(G17*O17)^2),0)) -> 63 | R17: -14.113851 | S17: =U17*V17*$F$5 -> 1982.009 | T17: =MAX(0,MIN(1,R17/100+$D$5)) -> 0.27640927 | U17: 0.63181672 | V17: 3137 | W17: 0.060612226 | X17: Medium | Y17: state rolls, whole municipality
A18: Carbon | B18: JIM THORPE BOROUGH | C18: (whole municipality) | D18: =ROUND(S18*T18,0) -> 912 | E18: =ROUND(S18,0)-D18 -> 1196 | F18: =IF(COUNTA(D18:E18)=0,"",SUM(D18:E18)) -> 2108 | G18: =IF(OR(F18="",F18=0),"",D18/F18) -> 0.43263757 | H18: =IF(OR(F18="",F18=0),"",E18/F18) -> 0.56736243 | I18: random forest (results only) | J18: 1.9715334 | K18: =$K$8 -> 1.8111201 | L18: =SQRT(J18^2+K18^2) -> 2.677144 | M18: =IF(G18="","",MAX(0,G18-1.96*L18/100)) -> 0.38016555 | N18: =IF(G18="","",MIN(1,G18+1.96*L18/100)) -> 0.48510959 | O18: =ROUND(S18*W18,0) -> 128 | P18: =IF(F18="","",ROUND(SQRT((F18*L18/100)^2+(G18*O18)^2),0)) -> 79 | R18: 1.5201508 | S18: =U18*V18*$F$5 -> 2107.7256 | T18: =MAX(0,MIN(1,R18/100+$D$5)) -> 0.43274929 | U18: 0.64259928 | V18: 3280 | W18: 0.060612226 | X18: Medium | Y18: state rolls, whole municipality
A19: Carbon | B19: KIDDER TOWNSHIP | C19: (whole municipality) | D19: =ROUND(S19*T19,0) -> 267 | E19: =ROUND(S19,0)-D19 -> 538 | F19: =IF(COUNTA(D19:E19)=0,"",SUM(D19:E19)) -> 805 | G19: =IF(OR(F19="",F19=0),"",D19/F19) -> 0.33167702 | H19: =IF(OR(F19="",F19=0),"",E19/F19) -> 0.66832298 | I19: random forest (results only) | J19: 3.0127184 | K19: =$K$8 -> 1.8111201 | L19: =SQRT(J19^2+K19^2) -> 3.5151996 | M19: =IF(G19="","",MAX(0,G19-1.96*L19/100)) -> 0.26277911 | N19: =IF(G19="","",MIN(1,G19+1.96*L19/100)) -> 0.40057493 | O19: =ROUND(S19*W19,0) -> 63 | P19: =IF(F19="","",ROUND(SQRT((F19*L19/100)^2+(G19*O19)^2),0)) -> 35 | R19: -8.5352194 | S19: =U19*V19*$F$5 -> 804.85033 | T19: =MAX(0,MIN(1,R19/100+$D$5)) -> 0.33219559 | U19: 0.55430464 | V19: 1452 | W19: 0.077704034 | X19: Small | Y19: state rolls, whole municipality
A20: Carbon | B20: LANSFORD BOROUGH | C20: (whole municipality) | D20: =ROUND(S20*T20,0) -> 446 | E20: =ROUND(S20,0)-D20 -> 637 | F20: =IF(COUNTA(D20:E20)=0,"",SUM(D20:E20)) -> 1083 | G20: =IF(OR(F20="",F20=0),"",D20/F20) -> 0.41181902 | H20: =IF(OR(F20="",F20=0),"",E20/F20) -> 0.58818098 | I20: random forest (results only) | J20: 3.0127184 | K20: =$K$8 -> 1.8111201 | L20: =SQRT(J20^2+K20^2) -> 3.5151996 | M20: =IF(G20="","",MAX(0,G20-1.96*L20/100)) -> 0.34292111 | N20: =IF(G20="","",MIN(1,G20+1.96*L20/100)) -> 0.48071693 | O20: =ROUND(S20*W20,0) -> 84 | P20: =IF(F20="","",ROUND(SQRT((F20*L20/100)^2+(G20*O20)^2),0)) -> 51 | R20: -0.6248827 | S20: =U20*V20*$F$5 -> 1083.4829 | T20: =MAX(0,MIN(1,R20/100+$D$5)) -> 0.41129896 | U20: 0.44883303 | V20: 2414 | W20: 0.077704034 | X20: Small | Y20: state rolls, whole municipality
A21: Carbon | B21: LAUSANNE TOWNSHIP | C21: (whole municipality) | D21: =ROUND(S21*T21,0) -> 31 | E21: =ROUND(S21,0)-D21 -> 87 | F21: =IF(COUNTA(D21:E21)=0,"",SUM(D21:E21)) -> 118 | G21: =IF(OR(F21="",F21=0),"",D21/F21) -> 0.26271186 | H21: =IF(OR(F21="",F21=0),"",E21/F21) -> 0.73728814 | I21: random forest (results only) | J21: 3.0127184 | K21: =$K$8 -> 1.8111201 | L21: =SQRT(J21^2+K21^2) -> 3.5151996 | M21: =IF(G21="","",MAX(0,G21-1.96*L21/100)) -> 0.19381395 | N21: =IF(G21="","",MIN(1,G21+1.96*L21/100)) -> 0.33160978 | O21: =ROUND(S21*W21,0) -> 9 | P21: =IF(F21="","",ROUND(SQRT((F21*L21/100)^2+(G21*O21)^2),0)) -> 5 | R21: -15.425189 | S21: =U21*V21*$F$5 -> 118.28571 | T21: =MAX(0,MIN(1,R21/100+$D$5)) -> 0.26329589 | U21: 0.65714286 | V21: 180 | W21: 0.077704034 | X21: Small | Y21: state rolls, whole municipality
A22: Carbon | B22: LEHIGH TOWNSHIP | C22: (whole municipality) | D22: =ROUND(S22*T22,0) -> 45 | E22: =ROUND(S22,0)-D22 -> 192 | F22: =IF(COUNTA(D22:E22)=0,"",SUM(D22:E22)) -> 237 | G22: =IF(OR(F22="",F22=0),"",D22/F22) -> 0.18987342 | H22: =IF(OR(F22="",F22=0),"",E22/F22) -> 0.81012658 | I22: random forest (results only) | J22: 3.0127184 | K22: =$K$8 -> 1.8111201 | L22: =SQRT(J22^2+K22^2) -> 3.5151996 | M22: =IF(G22="","",MAX(0,G22-1.96*L22/100)) -> 0.12097551 | N22: =IF(G22="","",MIN(1,G22+1.96*L22/100)) -> 0.25877133 | O22: =ROUND(S22*W22,0) -> 18 | P22: =IF(F22="","",ROUND(SQRT((F22*L22/100)^2+(G22*O22)^2),0)) -> 9 | R22: -22.786794 | S22: =U22*V22*$F$5 -> 236.84483 | T22: =MAX(0,MIN(1,R22/100+$D$5)) -> 0.18967985 | U22: 0.69252874 | V22: 342 | W22: 0.077704034 | X22: Small | Y22: state rolls, whole municipality
A23: Carbon | B23: LEHIGHTON BOROUGH | C23: (whole municipality) | D23: =ROUND(S23*T23,0) -> 696 | E23: =ROUND(S23,0)-D23 -> 1058 | F23: =IF(COUNTA(D23:E23)=0,"",SUM(D23:E23)) -> 1754 | G23: =IF(OR(F23="",F23=0),"",D23/F23) -> 0.3968073 | H23: =IF(OR(F23="",F23=0),"",E23/F23) -> 0.6031927 | I23: random forest (results only) | J23: 1.9715334 | K23: =$K$8 -> 1.8111201 | L23: =SQRT(J23^2+K23^2) -> 2.677144 | M23: =IF(G23="","",MAX(0,G23-1.96*L23/100)) -> 0.34433527 | N23: =IF(G23="","",MIN(1,G23+1.96*L23/100)) -> 0.44927932 | O23: =ROUND(S23*W23,0) -> 106 | P23: =IF(F23="","",ROUND(SQRT((F23*L23/100)^2+(G23*O23)^2),0)) -> 63 | R23: -2.0664432 | S23: =U23*V23*$F$5 -> 1753.7408 | T23: =MAX(0,MIN(1,R23/100+$D$5)) -> 0.39688335 | U23: 0.52570167 | V23: 3336 | W23: 0.060612226 | X23: Medium | Y23: state rolls, whole municipality
... A100: Northampton | B100: WIND GAP | C100: (whole municipality) | D100: =ROUND(S100*T100,0) -> 490 | E100: =ROUND(S100,0)-D100 -> 655 | F100: =IF(COUNTA(D100:E100)=0,"",SUM(D100:E100)) -> 1145 | G100: =IF(OR(F100="",F100=0),"",D100/F100) -> 0.4279476 | H100: =IF(OR(F100="",F100=0),"",E100/F100) -> 0.5720524 | I100: random forest (results only) | J100: 3.0127184 | K100: =$K$8 -> 1.8111201 | L100: =SQRT(J100^2+K100^2) -> 3.5151996 | M100: =IF(G100="","",MAX(0,G100-1.96*L100/100)) -> 0.35904969 | N100: =IF(G100="","",MIN(1,G100+1.96*L100/100)) -> 0.49684551 | O100: =ROUND(S100*W100,0) -> 89 | P100: =IF(F100="","",ROUND(SQRT((F100*L100/100)^2+(G100*O100)^2),0)) -> 55 | R100: 1.0260455 | S100: =U100*V100*$F$5 -> 1145.4806 | T100: =MAX(0,MIN(1,R100/100+$D$5)) -> 0.42780824 | U100: 0.53702795 | V100: 2133 | W100: 0.077704034 | X100: Small | Y100: state rolls, whole municipality

Sheet How Forecasts Are Weighted
A1: How the three municipality-level forecasts weigh their inputs (SHAP) — results-only random forests
A3: Forecast A — Full random forest.
A4: All 21 candidate inputs go into one random forest that forecasts the Democratic share. Nothing is weighted by hand; SHAP measures what the forest learned. This is the reference.
A5: Forecast B — SHAP-selected forest.
A6: Keeps only inputs whose average |SHAP| beat all 10 random columns in at least 18 of 20 refits and that held at least 2% of Forecast A’s SHAP total (7 of 21 kept), then refits the forest on them. Weight that was spread thinly over weak inputs is concentrated on the strong ones.
A7: Forecast C — SHAP family-reweighted forest.
A8: Keeps Forecast A’s forest but multiplies each input family’s SHAP values by a weight fitted to how well that family predicted elections the forest had not seen (leave-one-election-out, fitted within each election). Families under 3% of SHAP stay at ×1; others are limited to ×0.5–×2 because there are only three training elections.
A9: Backtests.
A10: Each 2024 backtest uses its own forecast’s weighting: A’s full input set, B’s selected inputs, and C’s exact family weights — refit only on 2020 and 2022.
A11: Turnout.
A12: Not modelled in any forecast: votes cast = each place’s 2022 turnout rate × its 2026 registered voters (2020 turnout × 2024 registered in the backtest). All differences between A, B and C come from the results model.
A14: Family share of SHAP value in votes, 2026 forecast rows
A15: Input family | B15: Forecast A | C15: Forecast B | D15: Forecast C | E15: Forecast C weight (×)
A16: Election type | B16: 0.00035844758 | C16: 0 | D16: 0.00033659122 | E16: 1
A17: Historical voter data | B17: 0.77381703 | C17: 0.79909614 | D17: 0.73791335 | E17: 1.0155235
A18: Voter registration data | B18: 0.22582452 | C18: 0.20090386 | D18: 0.26175006 | E18: 1.2343507
A19: Out-of-fold pattern error before → after Forecast C’s re-weighting: 2.37 → 2.29 points.
A21: Top inputs in each forecast (share of SHAP value in votes)
A22: # | B22: Forecast A | C22: Share | D22: Forecast B | E22: Share | F22: Forecast C | G22: Share
A23: 1 | B23: Senate lean, most recent Senate race | C23: 0.25088292 | D23: House lean, last election (t−2) | E23: 0.23881369 | F23: Senate lean, most recent Senate race | G23: 0.23924242
A24: 2 | B24: Top-of-ticket lean, last election (t−2) | C24: 0.20432698 | D24: Senate lean, most recent Senate race | E24: 0.23808094 | F24: Top-of-ticket lean, last election (t−2) | G24: 0.19484659
A25: 3 | B25: House lean, last election (t−2) | C25: 0.2037115 | D25: Top-of-ticket lean, last election (t−2) | E25: 0.22698158 | F25: House lean, last election (t−2) | G25: 0.19425966
A26: 4 | B26: Registration: R % (voter file) | C26: 0.10172285 | D26: Registration: R % (voter file) | E26: 0.12977916 | F26: Registration: R % (voter file) | G26: 0.11790554
A27: 5 | B27: Electorate last election: R % of ballots | C27: 0.075861851 | D27: Electorate last election: R % of ballots | E27: 0.078313179 | F27: Registration: D % (voter file) | G27: 0.087154749
A28: 6 | B28: Registration: D % (voter file) | C28: 0.075192647 | D28: Registration: D % (voter file) | E28: 0.071124699 | F28: Electorate last election: R % of ballots | G28: 0.072342001
A29: 7 | B29: House lean, last same-type election (t−4) | C29: 0.023816276 | D29: House lean, last same-type election (t−4) | E29: 0.01690674 | F29: House lean, last same-type election (t−4) | G29: 0.022711245
A30: 8 | B30: Registered voters (log) | C30: 0.018749702 | F30: Registered voters (log) | G30: 0.021732518
A31: 9 | B31: Registrants: female % (known sex) | C31: 0.010591794 | F31: Registrants: female % (known sex) | G31: 0.012276801
A32: 10 | B32: Registration: unaffiliated/other % | C32: 0.0092191778 | F32: Registration: unaffiliated/other % | G32: 0.01068582
A34: Forecast B — random-column test and selection
A35: Input | B35: Beat random columns (of 20) | C35: Share of SHAP in A | D35: Kept in B?
A36: Senate lean, most recent Senate race | B36: 20 | C36: 0.25063729 | D36: Yes
A37: Top-of-ticket lean, last election (t−2) | B37: 20 | C37: 0.20542462 | D37: Yes
A38: House lean, last election (t−2) | B38: 20 | C38: 0.20290498 | D38: Yes
A39: Registration: R % (voter file) | B39: 20 | C39: 0.098854348 | D39: Yes
A40: Registration: D % (voter file) | B40: 20 | C40: 0.071382716 | D40: Yes
A41: Electorate last election: R % of ballots | B41: 20 | C41: 0.068913111 | D41: Yes
A42: House lean, last same-type election (t−4) | B42: 20 | C42: 0.025784594 | D42: Yes
A43: Registered voters (log) | B43: 19 | C43: 0.015549281 | D43: No
A44: Registrants: female % (known sex) | B44: 17 | C44: 0.013926905 | D44: No
A45: Registration: unaffiliated/other % | B45: 19 | C45: 0.013151327 | D45: No
A46: Registration: change in D−R margin since t−2 | B46: 16 | C46: 0.0066138214 | D46: No
A47: Turnout last election: unaffiliated | B47: 14 | C47: 0.0054269844 | D47: No
... A56: Midterm year (1/0) | B56: 0 | C56: 0.00051146271 | D56: No

Sheet Feature Ranking A
A1: Rank | B1: Feature | C1: Input family | D1: Share of model | E1: Share within its family | F1: SHAP value in votes | G1: Used to forecast | H1: Significance test result | I1: Variable (short name) | J1: Status in Forecast B
A2: 1 | B2: Democratic percent of the two-party U.S. Senate vote, 2024 (most recent Senate race), above or below the district average | C2: Historical voter data | D2: 0.25088292 | E2: 0.32421479 | F2: 199.83114 | G2: Democratic percent of the two-party vote | H2: Beat all 10 random comparison columns in 20 of 20 refits. | I2: Senate lean, most recent Senate race | J2: Kept in B
A3: 2 | B3: Democratic percent of the two-party vote for President, 2024 (the top race on the ballot), above or below the district average | C3: Historical voter data | D3: 0.20432698 | E3: 0.26405077 | F3: 162.7488 | G3: Democratic percent of the two-party vote | H3: Beat all 10 random comparison columns in 20 of 20 refits. | I3: Top-of-ticket lean, last election (t−2) | J3: Kept in B
A4: 3 | B4: Democratic percent of the two-party House vote, 2024 (certified municipal results), above or below the district average for that election | C4: Historical voter data | D4: 0.2037115 | E4: 0.26325538 | F4: 162.25856 | G4: Democratic percent of the two-party vote | H4: Beat all 10 random comparison columns in 20 of 20 refits. | I4: House lean, last election (t−2) | J4: Kept in B
A5: 4 | B5: Registered Republicans as a percent of all registered voters, 2026 (voter file) | C5: Voter registration data | D5: 0.10172285 | E5: 0.45045087 | F5: 81.023426 | G5: Democratic percent of the two-party vote | H5: Beat all 10 random comparison columns in 20 of 20 refits. | I5: Registration: R % (voter file) | J5: Kept in B
A6: 5 | B6: Registered Republicans as a percent of everyone who voted, 2024 (voter file) | C6: Historical voter data | D6: 0.075861851 | E6: 0.098035902 | F6: 60.42484 | G6: Democratic percent of the two-party vote | H6: Beat all 10 random comparison columns in 20 of 20 refits. | I6: Electorate last election: R % of ballots | J6: Kept in B
A7: 6 | B7: Registered Democrats as a percent of all registered voters, 2026 (voter file) | C7: Voter registration data | D7: 0.075192647 | E7: 0.33296936 | F7: 59.891811 | G7: Democratic percent of the two-party vote | H7: Beat all 10 random comparison columns in 20 of 20 refits. | I7: Registration: D % (voter file) | J7: Kept in B
A8: 7 | B8: Democratic percent of the two-party House vote, 2022 — the last midterm (certified municipal results), above or below the district average | C8: Historical voter data | D8: 0.023816276 | E8: 0.030777658 | F8: 18.969939 | G8: Democratic percent of the two-party vote | H8: Beat all 10 random comparison columns in 20 of 20 refits. | I8: House lean, last same-type election (t−4) | J8: Kept in B
A9: 8 | B9: Number of registered voters, 2026, on a log scale (voter file) | C9: Voter registration data | D9: 0.018749702 | E9: 0.08302775 | F9: 14.934354 | G9: Democratic percent of the two-party vote | H9: Beat all 10 random comparison columns in 19 of 20 refits. | I9: Registered voters (log) | J9: Dropped from B
A10: 9 | B10: Women as a percent of registered voters whose sex is recorded, 2026 (voter file) | C10: Voter registration data | D10: 0.010591794 | E10: 0.046902763 | F10: 8.4364862 | G10: Democratic percent of the two-party vote | H10: Beat all 10 random comparison columns in 17 of 20 refits. | I10: Registrants: female % (known sex) | J10: Dropped from B
A11: 10 | B11: Registered voters in neither major party, as a percent of all registered voters, 2026 (voter file) | C11: Voter registration data | D11: 0.0092191778 | E11: 0.04082452 | F11: 7.3431815 | G11: Democratic percent of the two-party vote | H11: Beat all 10 random comparison columns in 19 of 20 refits. | I11: Registration: unaffiliated/other % | J11: Dropped from B
A12: 11 | B12: Change in registered Democrats minus registered Republicans (percent of registered) from 2024 to 2026 (voter file) | C12: Voter registration data | D12: 0.0045945293 | E12: 0.020345573 | F12: 3.6595956 | G12: Democratic percent of the two-party vote | H12: Beat all 10 random comparison columns in 16 of 20 refits. | I12: Registration: change in D−R margin since t−2 | J12: Dropped from B
A13: 12 | B13: Percent of registered voters in neither major party who voted, 2024 (voter file) | C13: Historical voter data | D13: 0.0039565016 | E13: 0.0051129679 | F13: 3.1513992 | G13: Democratic percent of the two-party vote | H13: Beat all 10 random comparison columns in 14 of 20 refits. | I13: Turnout last election: unaffiliated | J13: Dropped from B
... A22: 21 | B22: Election type: 1 for a midterm year (2026), 0 for a presidential year | C22: Election type | D22: 0.00035844758 | E22: 1 | F22: 0.28550764 | G22: Democratic percent of the two-party vote | H22: Beat all 10 random comparison columns in 0 of 20 refits. | I22: Midterm year (1/0) | J22: Dropped from B
B24: Historical voter data, total | C24: Historical voter data | D24: =SUMIF(C2:C22,"Historical voter data",D2:D22) -> 0.77381703 | F24: =SUMIF(C2:C22,"Historical voter data",F2:F22) -> 616.3542
B25: Voter registration data, total | C25: Voter registration data | D25: =SUMIF(C2:C22,"Voter registration data",D2:D22) -> 0.22582452 | F25: =SUMIF(C2:C22,"Voter registration data",F2:F22) -> 179.87184
B26: Election type, total | C26: Election type | D26: =SUMIF(C2:C22,"Election type",D2:D22) -> 0.00035844758 | F26: =SUMIF(C2:C22,"Election type",F2:F22) -> 0.28550764
B27: All features, total | D27: =SUM(D2:D22) -> 1 | F27: =SUM(F2:F22) -> 796.51155
B29: Notes
B30: How to read this table. Each row is one input that this forecast uses, ranked by SHAP value in votes on the 2026 forecast rows.
B31: SHAP value: for one place, the number of votes that one input added to or took away from that place’s forecast, measured from the model’s starting value (the average over the places and years it was trained on). Exact TreeSHAP over every tree.
B32: SHAP value in votes is the average over the 89 municipalities of the votes the input moved, ignoring direction. Brooks votes and Mackenzie votes are counted together (moving 10 votes from Mackenzie to Brooks counts as 20). Votes cast = each place’s 2022 turnout rate × its 2026 registered voters.
B33: Share of model = the input’s SHAP value in votes ÷ the total for all inputs. Share within its family divides by its family’s total instead.
B34: What the model forecasts. One random forest forecasts each place’s Democratic percent of the two-party House vote, above or below the district average for that election. Turnout is not forecast: each place’s votes cast = its 2022 turnout rate × its 2026 registered voters. Brooks share = forecast pattern + one uniform shift so the district total equals the scenario (default: registration-adjusted baseline).
B35: Forecast A weighting: none imposed. Each input’s weight is exactly what the full forest learned; SHAP shows it after the fact.
B36: Significance test. The full forest was refit 20 times with 10 extra columns of random numbers (5 that change row to row, 5 that keep one value per place). The column counts the refits in which the input’s average |SHAP| on the 2026 rows beat every random column.
B37: Settings: max_features=0.33, min_samples_leaf=3, 500 trees, trained on 267 municipality-elections (2020, 2022, 2024).

Sheet Feature Ranking B
A1: Rank | B1: Feature | C1: Input family | D1: Share of model | E1: Share within its family | F1: SHAP value in votes | G1: Used to forecast | H1: Significance test result | I1: Variable (short name) | J1: Status in Forecast B
A2: 1 | B2: Democratic percent of the two-party House vote, 2024 (certified municipal results), above or below the district average for that election | C2: Historical voter data | D2: 0.23881369 | E2: 0.29885477 | F2: 185.81556 | G2: Democratic percent of the two-party vote | H2: Beat all 10 random comparison columns in 20 of 20 refits. | I2: House lean, last election (t−2) | J2: Kept in B
A3: 2 | B3: Democratic percent of the two-party U.S. Senate vote, 2024 (most recent Senate race), above or below the district average | C3: Historical voter data | D3: 0.23808094 | E3: 0.2979378 | F3: 185.24542 | G3: Democratic percent of the two-party vote | H3: Beat all 10 random comparison columns in 20 of 20 refits. | I3: Senate lean, most recent Senate race | J3: Kept in B
A4: 3 | B4: Democratic percent of the two-party vote for President, 2024 (the top race on the ballot), above or below the district average | C4: Historical voter data | D4: 0.22698158 | E4: 0.28404791 | F4: 176.60926 | G4: Democratic percent of the two-party vote | H4: Beat all 10 random comparison columns in 20 of 20 refits. | I4: Top-of-ticket lean, last election (t−2) | J4: Kept in B
A5: 4 | B5: Registered Republicans as a percent of all registered voters, 2026 (voter file) | C5: Voter registration data | D5: 0.12977916 | E5: 0.64597645 | F5: 100.97825 | G5: Democratic percent of the two-party vote | H5: Beat all 10 random comparison columns in 20 of 20 refits. | I5: Registration: R % (voter file) | J5: Kept in B
A6: 5 | B6: Registered Republicans as a percent of everyone who voted, 2024 (voter file) | C6: Historical voter data | D6: 0.078313179 | E6: 0.0980022 | F6: 60.933722 | G6: Democratic percent of the two-party vote | H6: Beat all 10 random comparison columns in 20 of 20 refits. | I6: Electorate last election: R % of ballots | J6: Kept in B
A7: 6 | B7: Registered Democrats as a percent of all registered voters, 2026 (voter file) | C7: Voter registration data | D7: 0.071124699 | E7: 0.35402355 | F7: 55.340527 | G7: Democratic percent of the two-party vote | H7: Beat all 10 random comparison columns in 20 of 20 refits. | I7: Registration: D % (voter file) | J7: Kept in B
A8: 7 | B8: Democratic percent of the two-party House vote, 2022 — the last midterm (certified municipal results), above or below the district average | C8: Historical voter data | D8: 0.01690674 | E8: 0.021157329 | F8: 13.154754 | G8: Democratic percent of the two-party vote | H8: Beat all 10 random comparison columns in 20 of 20 refits. | I8: House lean, last same-type election (t−4) | J8: Kept in B
B10: Historical voter data, total | C10: Historical voter data | D10: =SUMIF(C2:C8,"Historical voter data",D2:D8) -> 0.79909614 | F10: =SUMIF(C2:C8,"Historical voter data",F2:F8) -> 621.75871
B11: Voter registration data, total | C11: Voter registration data | D11: =SUMIF(C2:C8,"Voter registration data",D2:D8) -> 0.20090386 | F11: =SUMIF(C2:C8,"Voter registration data",F2:F8) -> 156.31877
B12: All features, total | D12: =SUM(D2:D8) -> 1 | F12: =SUM(F2:F8) -> 778.07749
B14: Notes
B15: How to read this table. Each row is one input that this forecast uses, ranked by SHAP value in votes on the 2026 forecast rows.
B16: SHAP value: for one place, the number of votes that one input added to or took away from that place’s forecast, measured from the model’s starting value (the average over the places and years it was trained on). Exact TreeSHAP over every tree.
B17: SHAP value in votes is the average over the 89 municipalities of the votes the input moved, ignoring direction. Brooks votes and Mackenzie votes are counted together (moving 10 votes from Mackenzie to Brooks counts as 20). Votes cast = each place’s 2022 turnout rate × its 2026 registered voters.
B18: Share of model = the input’s SHAP value in votes ÷ the total for all inputs. Share within its family divides by its family’s total instead.
B19: What the model forecasts. One random forest forecasts each place’s Democratic percent of the two-party House vote, above or below the district average for that election. Turnout is not forecast: each place’s votes cast = its 2022 turnout rate × its 2026 registered voters. Brooks share = forecast pattern + one uniform shift so the district total equals the scenario (default: registration-adjusted baseline).
B20: Forecast B weighting: SHAP-selected. Only inputs that beat all 10 random columns in at least 18 of 20 refits AND held at least 2% of Forecast A’s SHAP total were kept; the forest was refit on those inputs alone, so weight that was spread over weak inputs is concentrated on the strong ones.
B21: Significance test. The full forest was refit 20 times with 10 extra columns of random numbers (5 that change row to row, 5 that keep one value per place). The column counts the refits in which the input’s average |SHAP| on the 2026 rows beat every random column.
B22: Settings: max_features=0.33, min_samples_leaf=1, 500 trees, trained on 267 municipality-elections (2020, 2022, 2024).

Sheet Feature Ranking C
A1: Rank | B1: Feature | C1: Input family | D1: Share of model | E1: Share within its family | F1: SHAP value in votes | G1: Used to forecast | H1: Significance test result | I1: Variable (short name) | J1: Status in Forecast B
A2: 1 | B2: Democratic percent of the two-party U.S. Senate vote, 2024 (most recent Senate race), above or below the district average | C2: Historical voter data | D2: 0.23924242 | E2: 0.32421479 | F2: 202.93321 | G2: Democratic percent of the two-party vote | H2: Beat all 10 random comparison columns in 20 of 20 refits. | I2: Senate lean, most recent Senate race | J2: Kept in B
A3: 2 | B3: Democratic percent of the two-party vote for President, 2024 (the top race on the ballot), above or below the district average | C3: Historical voter data | D3: 0.19484659 | E3: 0.26405077 | F3: 165.27522 | G3: Democratic percent of the two-party vote | H3: Beat all 10 random comparison columns in 20 of 20 refits. | I3: Top-of-ticket lean, last election (t−2) | J3: Kept in B
A4: 3 | B4: Democratic percent of the two-party House vote, 2024 (certified municipal results), above or below the district average for that election | C4: Historical voter data | D4: 0.19425966 | E4: 0.26325538 | F4: 164.77737 | G4: Democratic percent of the two-party vote | H4: Beat all 10 random comparison columns in 20 of 20 refits. | I4: House lean, last election (t−2) | J4: Kept in B
A5: 4 | B5: Registered Republicans as a percent of all registered voters, 2026 (voter file) | C5: Voter registration data | D5: 0.11790554 | E5: 0.45045087 | F5: 100.01132 | G5: Democratic percent of the two-party vote | H5: Beat all 10 random comparison columns in 20 of 20 refits. | I5: Registration: R % (voter file) | J5: Kept in B
A6: 5 | B6: Registered Democrats as a percent of all registered voters, 2026 (voter file) | C6: Voter registration data | D6: 0.087154749 | E6: 0.33296936 | F6: 73.927497 | G6: Democratic percent of the two-party vote | H6: Beat all 10 random comparison columns in 20 of 20 refits. | I6: Registration: D % (voter file) | J6: Kept in B
A7: 6 | B7: Registered Republicans as a percent of everyone who voted, 2024 (voter file) | C7: Historical voter data | D7: 0.072342001 | E7: 0.098035902 | F7: 61.362842 | G7: Democratic percent of the two-party vote | H7: Beat all 10 random comparison columns in 20 of 20 refits. | I7: Electorate last election: R % of ballots | J7: Kept in B
A8: 7 | B8: Democratic percent of the two-party House vote, 2022 — the last midterm (certified municipal results), above or below the district average | C8: Historical voter data | D8: 0.022711245 | E8: 0.030777658 | F8: 19.264418 | G8: Democratic percent of the two-party vote | H8: Beat all 10 random comparison columns in 20 of 20 refits. | I8: House lean, last same-type election (t−4) | J8: Kept in B
A9: 8 | B9: Number of registered voters, 2026, on a log scale (voter file) | C9: Voter registration data | D9: 0.021732518 | E9: 0.08302775 | F9: 18.43423 | G9: Democratic percent of the two-party vote | H9: Beat all 10 random comparison columns in 19 of 20 refits. | I9: Registered voters (log) | J9: Dropped from B
A10: 9 | B10: Women as a percent of registered voters whose sex is recorded, 2026 (voter file) | C10: Voter registration data | D10: 0.012276801 | E10: 0.046902763 | F10: 10.413582 | G10: Democratic percent of the two-party vote | H10: Beat all 10 random comparison columns in 17 of 20 refits. | I10: Registrants: female % (known sex) | J10: Dropped from B
A11: 10 | B11: Registered voters in neither major party, as a percent of all registered voters, 2026 (voter file) | C11: Voter registration data | D11: 0.01068582 | E11: 0.04082452 | F11: 9.064061 | G11: Democratic percent of the two-party vote | H11: Beat all 10 random comparison columns in 19 of 20 refits. | I11: Registration: unaffiliated/other % | J11: Dropped from B
A12: 11 | B12: Change in registered Democrats minus registered Republicans (percent of registered) from 2024 to 2026 (voter file) | C12: Voter registration data | D12: 0.0053254549 | E12: 0.020345573 | F12: 4.5172243 | G12: Democratic percent of the two-party vote | H12: Beat all 10 random comparison columns in 16 of 20 refits. | I12: Registration: change in D−R margin since t−2 | J12: Dropped from B
A13: 12 | B13: Registered voters born 1981 or later, as a percent of all registered voters, 2026 (voter file) | C13: Voter registration data | D13: 0.0038813539 | E13: 0.014828474 | F13: 3.2922908 | G13: Democratic percent of the two-party vote | H13: Beat all 10 random comparison columns in 5 of 20 refits. | I13: Registrants: Millennial + Gen Z % | J13: Dropped from B
... A22: 21 | B22: Election type: 1 for a midterm year (2026), 0 for a presidential year | C22: Election type | D22: 0.00033659122 | E22: 1 | F22: 0.28550764 | G22: Democratic percent of the two-party vote | H22: Beat all 10 random comparison columns in 0 of 20 refits. | I22: Midterm year (1/0) | J22: Dropped from B
B24: Historical voter data, total | C24: Historical voter data | D24: =SUMIF(C2:C22,"Historical voter data",D2:D22) -> 0.73791335 | F24: =SUMIF(C2:C22,"Historical voter data",F2:F22) -> 625.92214
B25: Voter registration data, total | C25: Voter registration data | D25: =SUMIF(C2:C22,"Voter registration data",D2:D22) -> 0.26175006 | F25: =SUMIF(C2:C22,"Voter registration data",F2:F22) -> 222.02493
B26: Election type, total | C26: Election type | D26: =SUMIF(C2:C22,"Election type",D2:D22) -> 0.00033659122 | F26: =SUMIF(C2:C22,"Election type",F2:F22) -> 0.28550764
B27: All features, total | D27: =SUM(D2:D22) -> 1 | F27: =SUM(F2:F22) -> 848.23258
B29: Notes
B30: How to read this table. Each row is one input that this forecast uses, ranked by SHAP value in votes on the 2026 forecast rows.
B31: SHAP value: for one place, the number of votes that one input added to or took away from that place’s forecast, measured from the model’s starting value (the average over the places and years it was trained on). Exact TreeSHAP over every tree.
B32: SHAP value in votes is the average over the 89 municipalities of the votes the input moved, ignoring direction. Brooks votes and Mackenzie votes are counted together (moving 10 votes from Mackenzie to Brooks counts as 20). Votes cast = each place’s 2022 turnout rate × its 2026 registered voters.
B33: Share of model = the input’s SHAP value in votes ÷ the total for all inputs. Share within its family divides by its family’s total instead.
B34: What the model forecasts. One random forest forecasts each place’s Democratic percent of the two-party House vote, above or below the district average for that election. Turnout is not forecast: each place’s votes cast = its 2022 turnout rate × its 2026 registered voters. Brooks share = forecast pattern + one uniform shift so the district total equals the scenario (default: registration-adjusted baseline).
B35: Forecast C weighting: SHAP family re-weighting. Forecast A’s forest is kept, but each input family’s SHAP contribution is multiplied by a weight fitted to out-of-sample accuracy: Election type ×1.00; Historical voter data ×1.02; Voter registration data ×1.23. The forecast is the forest’s starting value plus the re-weighted SHAP values, so the SHAP values here are already re-weighted.
B36: Significance test. The full forest was refit 20 times with 10 extra columns of random numbers (5 that change row to row, 5 that keep one value per place). The column counts the refits in which the input’s average |SHAP| on the 2026 rows beat every random column.
B37: Settings: max_features=0.33, min_samples_leaf=3, 500 trees, trained on 267 municipality-elections (2020, 2022, 2024).

Sheet Backtest 2024 A
A1: County | B1: Municipality | C1: Area | D1: Predicted Democratic (Wild) votes | E1: Actual Democratic votes | F1: Error, Democratic votes (predicted minus actual) | G1: Predicted Republican (Mackenzie) votes | H1: Actual Republican votes | I1: Error, Republican votes (predicted minus actual) | J1: Predicted Democratic share of the two-party vote | K1: Actual Democratic share of the two-party vote | L1: Error in Democratic share, percentage points (predicted minus actual) | M1: Error term: place pattern (± pts, from 2018, 2020, 2022) | N1: Error term: district-wide (± pts, from 2018, 2020, 2022) | O1: Error term: total (± pts) | P1: Predicted share, 95% low | Q1: Predicted share, 95% high | R1: Actual inside ±1 error term? | S1: Actual inside 95% range? | T1: Error term: Democratic votes (± votes) | U1: Note
A2: Carbon | B2: BANKS TOWNSHIP | C2: (whole municipality) | D2: 152 | E2: 181 | F2: =IF(E2="","",D2-E2) -> -29 | G2: 286 | H2: 285 | I2: =IF(H2="","",G2-H2) -> 1 | J2: =IF(OR(D2="",D2+G2=0),"",D2/(D2+G2)) -> 0.34703196 | K2: =IF(E2="","",E2/(E2+H2)) -> 0.38841202 | L2: =IF(OR(K2="",J2=""),"",(J2-K2)*100) -> -4.1380054 | M2: 3.8569021 | N2: 2.0770899 | O2: =SQRT(M2^2+N2^2) -> 4.3806388 | P2: =IF(J2="","",MAX(0,J2-1.96*O2/100)) -> 0.26117144 | Q2: =IF(J2="","",MIN(1,J2+1.96*O2/100)) -> 0.43289248 | R2: =IF(L2="","",IF(ABS(L2)<=O2,"Yes","No")) -> Yes | S2: =IF(L2="","",IF(ABS(L2)<=1.96*O2,"Yes","No")) -> Yes | T2: =IF(D2="","",ROUND(SQRT(((D2+G2)*O2/100)^2+(J2*(D2+G2)*0.09173)^2),0)) -> 24
A3: Carbon | B3: BEAVER MEADOWS BOROUGH | C3: (whole municipality) | D3: 104 | E3: 118 | F3: =IF(E3="","",D3-E3) -> -14 | G3: 300 | H3: 300 | I3: =IF(H3="","",G3-H3) -> 0 | J3: =IF(OR(D3="",D3+G3=0),"",D3/(D3+G3)) -> 0.25742574 | K3: =IF(E3="","",E3/(E3+H3)) -> 0.28229665 | L3: =IF(OR(K3="",J3=""),"",(J3-K3)*100) -> -2.4870908 | M3: 3.8569021 | N3: 2.0770899 | O3: =SQRT(M3^2+N3^2) -> 4.3806388 | P3: =IF(J3="","",MAX(0,J3-1.96*O3/100)) -> 0.17156522 | Q3: =IF(J3="","",MIN(1,J3+1.96*O3/100)) -> 0.34328626 | R3: =IF(L3="","",IF(ABS(L3)<=O3,"Yes","No")) -> Yes | S3: =IF(L3="","",IF(ABS(L3)<=1.96*O3,"Yes","No")) -> Yes | T3: =IF(D3="","",ROUND(SQRT(((D3+G3)*O3/100)^2+(J3*(D3+G3)*0.09173)^2),0)) -> 20
A4: Carbon | B4: BOWMANSTOWN BOROUGH | C4: (whole municipality) | D4: 133 | E4: 144 | F4: =IF(E4="","",D4-E4) -> -11 | G4: 270 | H4: 310 | I4: =IF(H4="","",G4-H4) -> -40 | J4: =IF(OR(D4="",D4+G4=0),"",D4/(D4+G4)) -> 0.33002481 | K4: =IF(E4="","",E4/(E4+H4)) -> 0.31718062 | L4: =IF(OR(K4="",J4=""),"",(J4-K4)*100) -> 1.2844197 | M4: 3.8569021 | N4: 2.0770899 | O4: =SQRT(M4^2+N4^2) -> 4.3806388 | P4: =IF(J4="","",MAX(0,J4-1.96*O4/100)) -> 0.24416429 | Q4: =IF(J4="","",MIN(1,J4+1.96*O4/100)) -> 0.41588533 | R4: =IF(L4="","",IF(ABS(L4)<=O4,"Yes","No")) -> Yes | S4: =IF(L4="","",IF(ABS(L4)<=1.96*O4,"Yes","No")) -> Yes | T4: =IF(D4="","",ROUND(SQRT(((D4+G4)*O4/100)^2+(J4*(D4+G4)*0.09173)^2),0)) -> 21
A5: Carbon | B5: EAST PENN TOWNSHIP | C5: (whole municipality) | D5: 411 | E5: 438 | F5: =IF(E5="","",D5-E5) -> -27 | G5: 1164 | H5: 1253 | I5: =IF(H5="","",G5-H5) -> -89 | J5: =IF(OR(D5="",D5+G5=0),"",D5/(D5+G5)) -> 0.26095238 | K5: =IF(E5="","",E5/(E5+H5)) -> 0.25901833 | L5: =IF(OR(K5="",J5=""),"",(J5-K5)*100) -> 0.19340486 | M5: 2.1983487 | N5: 2.0770899 | O5: =SQRT(M5^2+N5^2) -> 3.0244073 | P5: =IF(J5="","",MAX(0,J5-1.96*O5/100)) -> 0.201674 | Q5: =IF(J5="","",MIN(1,J5+1.96*O5/100)) -> 0.32023076 | R5: =IF(L5="","",IF(ABS(L5)<=O5,"Yes","No")) -> Yes | S5: =IF(L5="","",IF(ABS(L5)<=1.96*O5,"Yes","No")) -> Yes | T5: =IF(D5="","",ROUND(SQRT(((D5+G5)*O5/100)^2+(J5*(D5+G5)*0.07048)^2),0)) -> 56
A6: Carbon | B6: EAST SIDE BOROUGH | C6: (whole municipality) | D6: 38 | E6: 38 | F6: =IF(E6="","",D6-E6) -> 0 | G6: 74 | H6: 78 | I6: =IF(H6="","",G6-H6) -> -4 | J6: =IF(OR(D6="",D6+G6=0),"",D6/(D6+G6)) -> 0.33928571 | K6: =IF(E6="","",E6/(E6+H6)) -> 0.32758621 | L6: =IF(OR(K6="",J6=""),"",(J6-K6)*100) -> 1.1699507 | M6: 3.8569021 | N6: 2.0770899 | O6: =SQRT(M6^2+N6^2) -> 4.3806388 | P6: =IF(J6="","",MAX(0,J6-1.96*O6/100)) -> 0.25342519 | Q6: =IF(J6="","",MIN(1,J6+1.96*O6/100)) -> 0.42514623 | R6: =IF(L6="","",IF(ABS(L6)<=O6,"Yes","No")) -> Yes | S6: =IF(L6="","",IF(ABS(L6)<=1.96*O6,"Yes","No")) -> Yes | T6: =IF(D6="","",ROUND(SQRT(((D6+G6)*O6/100)^2+(J6*(D6+G6)*0.09173)^2),0)) -> 6
A7: Carbon | B7: FRANKLIN TOWNSHIP | C7: (whole municipality) | D7: 640 | E7: 708 | F7: =IF(E7="","",D7-E7) -> -68 | G7: 1792 | H7: 1846 | I7: =IF(H7="","",G7-H7) -> -54 | J7: =IF(OR(D7="",D7+G7=0),"",D7/(D7+G7)) -> 0.26315789 | K7: =IF(E7="","",E7/(E7+H7)) -> 0.27721222 | L7: =IF(OR(K7="",J7=""),"",(J7-K7)*100) -> -1.4054321 | M7: 2.1983487 | N7: 2.0770899 | O7: =SQRT(M7^2+N7^2) -> 3.0244073 | P7: =IF(J7="","",MAX(0,J7-1.96*O7/100)) -> 0.20387951 | Q7: =IF(J7="","",MIN(1,J7+1.96*O7/100)) -> 0.32243628 | R7: =IF(L7="","",IF(ABS(L7)<=O7,"Yes","No")) -> Yes | S7: =IF(L7="","",IF(ABS(L7)<=1.96*O7,"Yes","No")) -> Yes | T7: =IF(D7="","",ROUND(SQRT(((D7+G7)*O7/100)^2+(J7*(D7+G7)*0.07048)^2),0)) -> 86
A8: Carbon | B8: JIM THORPE BOROUGH | C8: (whole municipality) | D8: 1100 | E8: 1104 | F8: =IF(E8="","",D8-E8) -> -4 | G8: 1325 | H8: 1481 | I8: =IF(H8="","",G8-H8) -> -156 | J8: =IF(OR(D8="",D8+G8=0),"",D8/(D8+G8)) -> 0.45360825 | K8: =IF(E8="","",E8/(E8+H8)) -> 0.4270793 | L8: =IF(OR(K8="",J8=""),"",(J8-K8)*100) -> 2.6528944 | M8: 2.1983487 | N8: 2.0770899 | O8: =SQRT(M8^2+N8^2) -> 3.0244073 | P8: =IF(J8="","",MAX(0,J8-1.96*O8/100)) -> 0.39432986 | Q8: =IF(J8="","",MIN(1,J8+1.96*O8/100)) -> 0.51288663 | R8: =IF(L8="","",IF(ABS(L8)<=O8,"Yes","No")) -> Yes | S8: =IF(L8="","",IF(ABS(L8)<=1.96*O8,"Yes","No")) -> Yes | T8: =IF(D8="","",ROUND(SQRT(((D8+G8)*O8/100)^2+(J8*(D8+G8)*0.07048)^2),0)) -> 107
A9: Carbon | B9: KIDDER TOWNSHIP | C9: (whole municipality) | D9: 335 | E9: 351 | F9: =IF(E9="","",D9-E9) -> -16 | G9: 701 | H9: 697 | I9: =IF(H9="","",G9-H9) -> 4 | J9: =IF(OR(D9="",D9+G9=0),"",D9/(D9+G9)) -> 0.32335907 | K9: =IF(E9="","",E9/(E9+H9)) -> 0.33492366 | L9: =IF(OR(K9="",J9=""),"",(J9-K9)*100) -> -1.1564591 | M9: 3.8569021 | N9: 2.0770899 | O9: =SQRT(M9^2+N9^2) -> 4.3806388 | P9: =IF(J9="","",MAX(0,J9-1.96*O9/100)) -> 0.23749855 | Q9: =IF(J9="","",MIN(1,J9+1.96*O9/100)) -> 0.40921959 | R9: =IF(L9="","",IF(ABS(L9)<=O9,"Yes","No")) -> Yes | S9: =IF(L9="","",IF(ABS(L9)<=1.96*O9,"Yes","No")) -> Yes | T9: =IF(D9="","",ROUND(SQRT(((D9+G9)*O9/100)^2+(J9*(D9+G9)*0.09173)^2),0)) -> 55
A10: Carbon | B10: LANSFORD BOROUGH | C10: (whole municipality) | D10: 569 | E10: 575 | F10: =IF(E10="","",D10-E10) -> -6 | G10: 840 | H10: 880 | I10: =IF(H10="","",G10-H10) -> -40 | J10: =IF(OR(D10="",D10+G10=0),"",D10/(D10+G10)) -> 0.40383251 | K10: =IF(E10="","",E10/(E10+H10)) -> 0.395189 | L10: =IF(OR(K10="",J10=""),"",(J10-K10)*100) -> 0.86435019 | M10: 3.8569021 | N10: 2.0770899 | O10: =SQRT(M10^2+N10^2) -> 4.3806388 | P10: =IF(J10="","",MAX(0,J10-1.96*O10/100)) -> 0.31797199 | Q10: =IF(J10="","",MIN(1,J10+1.96*O10/100)) -> 0.48969303 | R10: =IF(L10="","",IF(ABS(L10)<=O10,"Yes","No")) -> Yes | S10: =IF(L10="","",IF(ABS(L10)<=1.96*O10,"Yes","No")) -> Yes | T10: =IF(D10="","",ROUND(SQRT(((D10+G10)*O10/100)^2+(J10*(D10+G10)*0.09173)^2),0)) -> 81
A11: Carbon | B11: LAUSANNE TOWNSHIP | C11: (whole municipality) | D11: 41 | E11: 38 | F11: =IF(E11="","",D11-E11) -> 3 | G11: 98 | H11: 107 | I11: =IF(H11="","",G11-H11) -> -9 | J11: =IF(OR(D11="",D11+G11=0),"",D11/(D11+G11)) -> 0.29496403 | K11: =IF(E11="","",E11/(E11+H11)) -> 0.26206897 | L11: =IF(OR(K11="",J11=""),"",(J11-K11)*100) -> 3.2895063 | M11: 3.8569021 | N11: 2.0770899 | O11: =SQRT(M11^2+N11^2) -> 4.3806388 | P11: =IF(J11="","",MAX(0,J11-1.96*O11/100)) -> 0.20910351 | Q11: =IF(J11="","",MIN(1,J11+1.96*O11/100)) -> 0.38082455 | R11: =IF(L11="","",IF(ABS(L11)<=O11,"Yes","No")) -> Yes | S11: =IF(L11="","",IF(ABS(L11)<=1.96*O11,"Yes","No")) -> Yes | T11: =IF(D11="","",ROUND(SQRT(((D11+G11)*O11/100)^2+(J11*(D11+G11)*0.09173)^2),0)) -> 7
A12: Carbon | B12: LEHIGH TOWNSHIP | C12: (whole municipality) | D12: 53 | E12: 58 | F12: =IF(E12="","",D12-E12) -> -5 | G12: 211 | H12: 216 | I12: =IF(H12="","",G12-H12) -> -5 | J12: =IF(OR(D12="",D12+G12=0),"",D12/(D12+G12)) -> 0.20075758 | K12: =IF(E12="","",E12/(E12+H12)) -> 0.21167883 | L12: =IF(OR(K12="",J12=""),"",(J12-K12)*100) -> -1.0921256 | M12: 3.8569021 | N12: 2.0770899 | O12: =SQRT(M12^2+N12^2) -> 4.3806388 | P12: =IF(J12="","",MAX(0,J12-1.96*O12/100)) -> 0.11489706 | Q12: =IF(J12="","",MIN(1,J12+1.96*O12/100)) -> 0.2866181 | R12: =IF(L12="","",IF(ABS(L12)<=O12,"Yes","No")) -> Yes | S12: =IF(L12="","",IF(ABS(L12)<=1.96*O12,"Yes","No")) -> Yes | T12: =IF(D12="","",ROUND(SQRT(((D12+G12)*O12/100)^2+(J12*(D12+G12)*0.09173)^2),0)) -> 13
A13: Carbon | B13: LEHIGHTON BOROUGH | C13: (whole municipality) | D13: 899 | E13: 944 | F13: =IF(E13="","",D13-E13) -> -45 | G13: 1365 | H13: 1486 | I13: =IF(H13="","",G13-H13) -> -121 | J13: =IF(OR(D13="",D13+G13=0),"",D13/(D13+G13)) -> 0.39708481 | K13: =IF(E13="","",E13/(E13+H13)) -> 0.38847737 | L13: =IF(OR(K13="",J13=""),"",(J13-K13)*100) -> 0.86074394 | M13: 2.1983487 | N13: 2.0770899 | O13: =SQRT(M13^2+N13^2) -> 3.0244073 | P13: =IF(J13="","",MAX(0,J13-1.96*O13/100)) -> 0.33780642 | Q13: =IF(J13="","",MIN(1,J13+1.96*O13/100)) -> 0.45636319 | R13: =IF(L13="","",IF(ABS(L13)<=O13,"Yes","No")) -> Yes | S13: =IF(L13="","",IF(ABS(L13)<=1.96*O13,"Yes","No")) -> Yes | T13: =IF(D13="","",ROUND(SQRT(((D13+G13)*O13/100)^2+(J13*(D13+G13)*0.07048)^2),0)) -> 93
A14: Carbon | B14: LOWER TOWAMENSING TOWNSHIP | C14: (whole municipality) | D14: 500 | E14: 515 | F14: =IF(E14="","",D14-E14) -> -15 | G14: 1181 | H14: 1293 | I14: =IF(H14="","",G14-H14) -> -112 | J14: =IF(OR(D14="",D14+G14=0),"",D14/(D14+G14)) -> 0.297442 | K14: =IF(E14="","",E14/(E14+H14)) -> 0.28484513 | L14: =IF(OR(K14="",J14=""),"",(J14-K14)*100) -> 1.2596866 | M14: 2.1983487 | N14: 2.0770899 | O14: =SQRT(M14^2+N14^2) -> 3.0244073 | P14: =IF(J14="","",MAX(0,J14-1.96*O14/100)) -> 0.23816362 | Q14: =IF(J14="","",MIN(1,J14+1.96*O14/100)) -> 0.35672038 | R14: =IF(L14="","",IF(ABS(L14)<=O14,"Yes","No")) -> Yes | S14: =IF(L14="","",IF(ABS(L14)<=1.96*O14,"Yes","No")) -> Yes | T14: =IF(D14="","",ROUND(SQRT(((D14+G14)*O14/100)^2+(J14*(D14+G14)*0.07048)^2),0)) -> 62
A15: Carbon | B15: MAHONING TOWNSHIP | C15: (whole municipality) | D15: 627 | E15: 694 | F15: =IF(E15="","",D15-E15) -> -67 | G15: 1562 | H15: 1695 | I15: =IF(H15="","",G15-H15) -> -133 | J15: =IF(OR(D15="",D15+G15=0),"",D15/(D15+G15)) -> 0.28643216 | K15: =IF(E15="","",E15/(E15+H15)) -> 0.29049812 | L15: =IF(OR(K15="",J15=""),"",(J15-K15)*100) -> -0.40659556 | M15: 2.1983487 | N15: 2.0770899 | O15: =SQRT(M15^2+N15^2) -> 3.0244073 | P15: =IF(J15="","",MAX(0,J15-1.96*O15/100)) -> 0.22715378 | Q15: =IF(J15="","",MIN(1,J15+1.96*O15/100)) -> 0.34571054 | R15: =IF(L15="","",IF(ABS(L15)<=O15,"Yes","No")) -> Yes | S15: =IF(L15="","",IF(ABS(L15)<=1.96*O15,"Yes","No")) -> Yes | T15: =IF(D15="","",ROUND(SQRT(((D15+G15)*O15/100)^2+(J15*(D15+G15)*0.07048)^2),0)) -> 80
A16: Carbon | B16: NESQUEHONING BOROUGH | C16: (whole municipality) | D16: 570 | E16: 601 | F16: =IF(E16="","",D16-E16) -> -31 | G16: 886 | H16: 955 | I16: =IF(H16="","",G16-H16) -> -69 | J16: =IF(OR(D16="",D16+G16=0),"",D16/(D16+G16)) -> 0.39148352 | K16: =IF(E16="","",E16/(E16+H16)) -> 0.38624679 | L16: =IF(OR(K16="",J16=""),"",(J16-K16)*100) -> 0.52367299 | M16: 3.8569021 | N16: 2.0770899 | O16: =SQRT(M16^2+N16^2) -> 4.3806388 | P16: =IF(J16="","",MAX(0,J16-1.96*O16/100)) -> 0.305623 | Q16: =IF(J16="","",MIN(1,J16+1.96*O16/100)) -> 0.47734404 | R16: =IF(L16="","",IF(ABS(L16)<=O16,"Yes","No")) -> Yes | S16: =IF(L16="","",IF(ABS(L16)<=1.96*O16,"Yes","No")) -> Yes | T16: =IF(D16="","",ROUND(SQRT(((D16+G16)*O16/100)^2+(J16*(D16+G16)*0.09173)^2),0)) -> 82
A17: Carbon | B17: PACKER TOWNSHIP | C17: (whole municipality) | D17: 116 | E17: 134 | F17: =IF(E17="","",D17-E17) -> -18 | G17: 479 | H17: 505 | I17: =IF(H17="","",G17-H17) -> -26 | J17: =IF(OR(D17="",D17+G17=0),"",D17/(D17+G17)) -> 0.19495798 | K17: =IF(E17="","",E17/(E17+H17)) -> 0.20970266 | L17: =IF(OR(K17="",J17=""),"",(J17-K17)*100) -> -1.4744677 | M17: 3.8569021 | N17: 2.0770899 | O17: =SQRT(M17^2+N17^2) -> 4.3806388 | P17: =IF(J17="","",MAX(0,J17-1.96*O17/100)) -> 0.10909746 | Q17: =IF(J17="","",MIN(1,J17+1.96*O17/100)) -> 0.2808185 | R17: =IF(L17="","",IF(ABS(L17)<=O17,"Yes","No")) -> Yes | S17: =IF(L17="","",IF(ABS(L17)<=1.96*O17,"Yes","No")) -> Yes | T17: =IF(D17="","",ROUND(SQRT(((D17+G17)*O17/100)^2+(J17*(D17+G17)*0.09173)^2),0)) -> 28
A18: Carbon | B18: PALMERTON BOROUGH | C18: (whole municipality) | D18: 909 | E18: 981 | F18: =IF(E18="","",D18-E18) -> -72 | G18: 1651 | H18: 1740 | I18: =IF(H18="","",G18-H18) -> -89 | J18: =IF(OR(D18="",D18+G18=0),"",D18/(D18+G18)) -> 0.35507813 | K18: =IF(E18="","",E18/(E18+H18)) -> 0.36052922 | L18: =IF(OR(K18="",J18=""),"",(J18-K18)*100) -> -0.54510922 | M18: 2.1983487 | N18: 2.0770899 | O18: =SQRT(M18^2+N18^2) -> 3.0244073 | P18: =IF(J18="","",MAX(0,J18-1.96*O18/100)) -> 0.29579974 | Q18: =IF(J18="","",MIN(1,J18+1.96*O18/100)) -> 0.41435651 | R18: =IF(L18="","",IF(ABS(L18)<=O18,"Yes","No")) -> Yes | S18: =IF(L18="","",IF(ABS(L18)<=1.96*O18,"Yes","No")) -> Yes | T18: =IF(D18="","",ROUND(SQRT(((D18+G18)*O18/100)^2+(J18*(D18+G18)*0.07048)^2),0)) -> 100
A19: Carbon | B19: PARRYVILLE BOROUGH | C19: (whole municipality) | D19: 55 | E19: 74 | F19: =IF(E19="","",D19-E19) -> -19 | G19: 160 | H19: 162 | I19: =IF(H19="","",G19-H19) -> -2 | J19: =IF(OR(D19="",D19+G19=0),"",D19/(D19+G19)) -> 0.25581395 | K19: =IF(E19="","",E19/(E19+H19)) -> 0.31355932 | L19: =IF(OR(K19="",J19=""),"",(J19-K19)*100) -> -5.7745369 | M19: 3.8569021 | N19: 2.0770899 | O19: =SQRT(M19^2+N19^2) -> 4.3806388 | P19: =IF(J19="","",MAX(0,J19-1.96*O19/100)) -> 0.16995343 | Q19: =IF(J19="","",MIN(1,J19+1.96*O19/100)) -> 0.34167447 | R19: =IF(L19="","",IF(ABS(L19)<=O19,"Yes","No")) -> No | S19: =IF(L19="","",IF(ABS(L19)<=1.96*O19,"Yes","No")) -> Yes | T19: =IF(D19="","",ROUND(SQRT(((D19+G19)*O19/100)^2+(J19*(D19+G19)*0.09173)^2),0)) -> 11
A20: Carbon | B20: PENN FOREST TOWNSHIP | C20: (whole municipality) | D20: 1820 | E20: 2047 | F20: =IF(E20="","",D20-E20) -> -227 | G20: 3413 | H20: 3702 | I20: =IF(H20="","",G20-H20) -> -289 | J20: =IF(OR(D20="",D20+G20=0),"",D20/(D20+G20)) -> 0.34779285 | K20: =IF(E20="","",E20/(E20+H20)) -> 0.35606192 | L20: =IF(OR(K20="",J20=""),"",(J20-K20)*100) -> -0.82690708 | M20: 2.0758884 | N20: 2.0770899 | O20: =SQRT(M20^2+N20^2) -> 2.9365993 | P20: =IF(J20="","",MAX(0,J20-1.96*O20/100)) -> 0.29023551 | Q20: =IF(J20="","",MIN(1,J20+1.96*O20/100)) -> 0.4053502 | R20: =IF(L20="","",IF(ABS(L20)<=O20,"Yes","No")) -> Yes | S20: =IF(L20="","",IF(ABS(L20)<=1.96*O20,"Yes","No")) -> Yes | T20: =IF(D20="","",ROUND(SQRT(((D20+G20)*O20/100)^2+(J20*(D20+G20)*0.06406)^2),0)) -> 193
A21: Carbon | B21: SUMMIT HILL BOROUGH | C21: (whole municipality) | D21: 646 | E21: 660 | F21: =IF(E21="","",D21-E21) -> -14 | G21: 892 | H21: 913 | I21: =IF(H21="","",G21-H21) -> -21 | J21: =IF(OR(D21="",D21+G21=0),"",D21/(D21+G21)) -> 0.42002601 | K21: =IF(E21="","",E21/(E21+H21)) -> 0.41958042 | L21: =IF(OR(K21="",J21=""),"",(J21-K21)*100) -> 0.044558822 | M21: 3.8569021 | N21: 2.0770899 | O21: =SQRT(M21^2+N21^2) -> 4.3806388 | P21: =IF(J21="","",MAX(0,J21-1.96*O21/100)) -> 0.33416549 | Q21: =IF(J21="","",MIN(1,J21+1.96*O21/100)) -> 0.50588653 | R21: =IF(L21="","",IF(ABS(L21)<=O21,"Yes","No")) -> Yes | S21: =IF(L21="","",IF(ABS(L21)<=1.96*O21,"Yes","No")) -> Yes | T21: =IF(D21="","",ROUND(SQRT(((D21+G21)*O21/100)^2+(J21*(D21+G21)*0.09173)^2),0)) -> 90
A22: Carbon | B22: TOWAMENSING TOWNSHIP | C22: (whole municipality) | D22: 699 | E22: 802 | F22: =IF(E22="","",D22-E22) -> -103 | G22: 1945 | H22: 1955 | I22: =IF(H22="","",G22-H22) -> -10 | J22: =IF(OR(D22="",D22+G22=0),"",D22/(D22+G22)) -> 0.26437216 | K22: =IF(E22="","",E22/(E22+H22)) -> 0.2908959 | L22: =IF(OR(K22="",J22=""),"",(J22-K22)*100) -> -2.6523738 | M22: 2.1983487 | N22: 2.0770899 | O22: =SQRT(M22^2+N22^2) -> 3.0244073 | P22: =IF(J22="","",MAX(0,J22-1.96*O22/100)) -> 0.20509378 | Q22: =IF(J22="","",MIN(1,J22+1.96*O22/100)) -> 0.32365055 | R22: =IF(L22="","",IF(ABS(L22)<=O22,"Yes","No")) -> Yes | S22: =IF(L22="","",IF(ABS(L22)<=1.96*O22,"Yes","No")) -> Yes | T22: =IF(D22="","",ROUND(SQRT(((D22+G22)*O22/100)^2+(J22*(D22+G22)*0.07048)^2),0)) -> 94
A23: Carbon | B23: WEATHERLY BOROUGH | C23: (whole municipality) | D23: 319 | E23: 351 | F23: =IF(E23="","",D23-E23) -> -32 | G23: 870 | H23: 849 | I23: =IF(H23="","",G23-H23) -> 21 | J23: =IF(OR(D23="",D23+G23=0),"",D23/(D23+G23)) -> 0.26829268 | K23: =IF(E23="","",E23/(E23+H23)) -> 0.2925 | L23: =IF(OR(K23="",J23=""),"",(J23-K23)*100) -> -2.4207317 | M23: 3.8569021 | N23: 2.0770899 | O23: =SQRT(M23^2+N23^2) -> 4.3806388 | P23: =IF(J23="","",MAX(0,J23-1.96*O23/100)) -> 0.18243216 | Q23: =IF(J23="","",MIN(1,J23+1.96*O23/100)) -> 0.3541532 | R23: =IF(L23="","",IF(ABS(L23)<=O23,"Yes","No")) -> Yes | S23: =IF(L23="","",IF(ABS(L23)<=1.96*O23,"Yes","No")) -> Yes | T23: =IF(D23="","",ROUND(SQRT(((D23+G23)*O23/100)^2+(J23*(D23+G23)*0.09173)^2),0)) -> 60
A24: Carbon | B24: WEISSPORT BOROUGH | C24: (whole municipality) | D24: 56 | E24: 58 | F24: =IF(E24="","",D24-E24) -> -2 | G24: 87 | H24: 105 | I24: =IF(H24="","",G24-H24) -> -18 | J24: =IF(OR(D24="",D24+G24=0),"",D24/(D24+G24)) -> 0.39160839 | K24: =IF(E24="","",E24/(E24+H24)) -> 0.35582822 | L24: =IF(OR(K24="",J24=""),"",(J24-K24)*100) -> 3.5780171 | M24: 3.8569021 | N24: 2.0770899 | O24: =SQRT(M24^2+N24^2) -> 4.3806388 | P24: =IF(J24="","",MAX(0,J24-1.96*O24/100)) -> 0.30574787 | Q24: =IF(J24="","",MIN(1,J24+1.96*O24/100)) -> 0.47746891 | R24: =IF(L24="","",IF(ABS(L24)<=O24,"Yes","No")) -> Yes | S24: =IF(L24="","",IF(ABS(L24)<=1.96*O24,"Yes","No")) -> Yes | T24: =IF(D24="","",ROUND(SQRT(((D24+G24)*O24/100)^2+(J24*(D24+G24)*0.09173)^2),0)) -> 8
A25: Lehigh | B25: ALBURTIS | C25: (whole municipality) | D25: 668 | E25: 601 | F25: =IF(E25="","",D25-E25) -> 67 | G25: 746 | H25: 766 | I25: =IF(H25="","",G25-H25) -> -20 | J25: =IF(OR(D25="",D25+G25=0),"",D25/(D25+G25)) -> 0.47241867 | K25: =IF(E25="","",E25/(E25+H25)) -> 0.43964887 | L25: =IF(OR(K25="",J25=""),"",(J25-K25)*100) -> 3.2769804 | M25: 3.8569021 | N25: 2.0770899 | O25: =SQRT(M25^2+N25^2) -> 4.3806388 | P25: =IF(J25="","",MAX(0,J25-1.96*O25/100)) -> 0.38655815 | Q25: =IF(J25="","",MIN(1,J25+1.96*O25/100)) -> 0.55827919 | R25: =IF(L25="","",IF(ABS(L25)<=O25,"Yes","No")) -> Yes | S25: =IF(L25="","",IF(ABS(L25)<=1.96*O25,"Yes","No")) -> Yes | T25: =IF(D25="","",ROUND(SQRT(((D25+G25)*O25/100)^2+(J25*(D25+G25)*0.09173)^2),0)) -> 87
A26: Lehigh | B26: ALLENTOWN | C26: (whole municipality) | D26: 27593 | E26: 26568 | F26: =IF(E26="","",D26-E26) -> 1025 | G26: 14092 | H26: 14583 | I26: =IF(H26="","",G26-H26) -> -491 | J26: =IF(OR(D26="",D26+G26=0),"",D26/(D26+G26)) -> 0.66194075 | K26: =IF(E26="","",E26/(E26+H26)) -> 0.64562222 | L26: =IF(OR(K26="",J26=""),"",(J26-K26)*100) -> 1.6318525 | M26: 2.0758884 | N26: 2.0770899 | O26: =SQRT(M26^2+N26^2) -> 2.9365993 | P26: =IF(J26="","",MAX(0,J26-1.96*O26/100)) -> 0.6043834 | Q26: =IF(J26="","",MIN(1,J26+1.96*O26/100)) -> 0.71949809 | R26: =IF(L26="","",IF(ABS(L26)<=O26,"Yes","No")) -> Yes | S26: =IF(L26="","",IF(ABS(L26)<=1.96*O26,"Yes","No")) -> Yes | T26: =IF(D26="","",ROUND(SQRT(((D26+G26)*O26/100)^2+(J26*(D26+G26)*0.06406)^2),0)) -> 2150
A27: Lehigh | B27: BETHLEHEM | C27: (whole municipality) | D27: 6714 | E27: 6612 | F27: =IF(E27="","",D27-E27) -> 102 | G27: 3926 | H27: 3834 | I27: =IF(H27="","",G27-H27) -> 92 | J27: =IF(OR(D27="",D27+G27=0),"",D27/(D27+G27)) -> 0.63101504 | K27: =IF(E27="","",E27/(E27+H27)) -> 0.63296956 | L27: =IF(OR(K27="",J27=""),"",(J27-K27)*100) -> -0.19545201 | M27: 2.0758884 | N27: 2.0770899 | O27: =SQRT(M27^2+N27^2) -> 2.9365993 | P27: =IF(J27="","",MAX(0,J27-1.96*O27/100)) -> 0.57345769 | Q27: =IF(J27="","",MIN(1,J27+1.96*O27/100)) -> 0.68857238 | R27: =IF(L27="","",IF(ABS(L27)<=O27,"Yes","No")) -> Yes | S27: =IF(L27="","",IF(ABS(L27)<=1.96*O27,"Yes","No")) -> Yes | T27: =IF(D27="","",ROUND(SQRT(((D27+G27)*O27/100)^2+(J27*(D27+G27)*0.06406)^2),0)) -> 532
A28: Lehigh | B28: CATASAUQUA | C28: (whole municipality) | D28: 1593 | E28: 1560 | F28: =IF(E28="","",D28-E28) -> 33 | G28: 1493 | H28: 1491 | I28: =IF(H28="","",G28-H28) -> 2 | J28: =IF(OR(D28="",D28+G28=0),"",D28/(D28+G28)) -> 0.5162022 | K28: =IF(E28="","",E28/(E28+H28)) -> 0.51130777 | L28: =IF(OR(K28="",J28=""),"",(J28-K28)*100) -> 0.48944356 | M28: 2.1983487 | N28: 2.0770899 | O28: =SQRT(M28^2+N28^2) -> 3.0244073 | P28: =IF(J28="","",MAX(0,J28-1.96*O28/100)) -> 0.45692382 | Q28: =IF(J28="","",MIN(1,J28+1.96*O28/100)) -> 0.57548059 | R28: =IF(L28="","",IF(ABS(L28)<=O28,"Yes","No")) -> Yes | S28: =IF(L28="","",IF(ABS(L28)<=1.96*O28,"Yes","No")) -> Yes | T28: =IF(D28="","",ROUND(SQRT(((D28+G28)*O28/100)^2+(J28*(D28+G28)*0.07048)^2),0)) -> 146
A29: Lehigh | B29: COOPERSBURG | C29: (whole municipality) | D29: 743 | E29: 735 | F29: =IF(E29="","",D29-E29) -> 8 | G29: 828 | H29: 804 | I29: =IF(H29="","",G29-H29) -> 24 | J29: =IF(OR(D29="",D29+G29=0),"",D29/(D29+G29)) -> 0.47294717 | K29: =IF(E29="","",E29/(E29+H29)) -> 0.47758285 | L29: =IF(OR(K29="",J29=""),"",(J29-K29)*100) -> -0.46356786 | M29: 2.1983487 | N29: 2.0770899 | O29: =SQRT(M29^2+N29^2) -> 3.0244073 | P29: =IF(J29="","",MAX(0,J29-1.96*O29/100)) -> 0.41366878 | Q29: =IF(J29="","",MIN(1,J29+1.96*O29/100)) -> 0.53222555 | R29: =IF(L29="","",IF(ABS(L29)<=O29,"Yes","No")) -> Yes | S29: =IF(L29="","",IF(ABS(L29)<=1.96*O29,"Yes","No")) -> Yes | T29: =IF(D29="","",ROUND(SQRT(((D29+G29)*O29/100)^2+(J29*(D29+G29)*0.07048)^2),0)) -> 71
A30: Lehigh | B30: COPLAY | C30: (whole municipality) | D30: 943 | E30: 899 | F30: =IF(E30="","",D30-E30) -> 44 | G30: 894 | H30: 898 | I30: =IF(H30="","",G30-H30) -> -4 | J30: =IF(OR(D30="",D30+G30=0),"",D30/(D30+G30)) -> 0.51333696 | K30: =IF(E30="","",E30/(E30+H30)) -> 0.50027824 | L30: =IF(OR(K30="",J30=""),"",(J30-K30)*100) -> 1.3058721 | M30: 2.1983487 | N30: 2.0770899 | O30: =SQRT(M30^2+N30^2) -> 3.0244073 | P30: =IF(J30="","",MAX(0,J30-1.96*O30/100)) -> 0.45405858 | Q30: =IF(J30="","",MIN(1,J30+1.96*O30/100)) -> 0.57261535 | R30: =IF(L30="","",IF(ABS(L30)<=O30,"Yes","No")) -> Yes | S30: =IF(L30="","",IF(ABS(L30)<=1.96*O30,"Yes","No")) -> Yes | T30: =IF(D30="","",ROUND(SQRT(((D30+G30)*O30/100)^2+(J30*(D30+G30)*0.07048)^2),0)) -> 87
A31: Lehigh | B31: EMMAUS | C31: (whole municipality) | D31: 3598 | E31: 3663 | F31: =IF(E31="","",D31-E31) -> -65 | G31: 3260 | H31: 3236 | I31: =IF(H31="","",G31-H31) -> 24 | J31: =IF(OR(D31="",D31+G31=0),"",D31/(D31+G31)) -> 0.52464275 | K31: =IF(E31="","",E31/(E31+H31)) -> 0.53094651 | L31: =IF(OR(K31="",J31=""),"",(J31-K31)*100) -> -0.6303761 | M31: 2.0758884 | N31: 2.0770899 | O31: =SQRT(M31^2+N31^2) -> 2.9365993 | P31: =IF(J31="","",MAX(0,J31-1.96*O31/100)) -> 0.46708541 | Q31: =IF(J31="","",MIN(1,J31+1.96*O31/100)) -> 0.5822001 | R31: =IF(L31="","",IF(ABS(L31)<=O31,"Yes","No")) -> Yes | S31: =IF(L31="","",IF(ABS(L31)<=1.96*O31,"Yes","No")) -> Yes | T31: =IF(D31="","",ROUND(SQRT(((D31+G31)*O31/100)^2+(J31*(D31+G31)*0.06406)^2),0)) -> 306
A32: Lehigh | B32: FOUNTAIN HILL | C32: (whole municipality) | D32: 1544 | E32: 1433 | F32: =IF(E32="","",D32-E32) -> 111 | G32: 797 | H32: 793 | I32: =IF(H32="","",G32-H32) -> 4 | J32: =IF(OR(D32="",D32+G32=0),"",D32/(D32+G32)) -> 0.6595472 | K32: =IF(E32="","",E32/(E32+H32)) -> 0.64375562 | L32: =IF(OR(K32="",J32=""),"",(J32-K32)*100) -> 1.5791587 | M32: 2.1983487 | N32: 2.0770899 | O32: =SQRT(M32^2+N32^2) -> 3.0244073 | P32: =IF(J32="","",MAX(0,J32-1.96*O32/100)) -> 0.60026882 | Q32: =IF(J32="","",MIN(1,J32+1.96*O32/100)) -> 0.71882559 | R32: =IF(L32="","",IF(ABS(L32)<=O32,"Yes","No")) -> Yes | S32: =IF(L32="","",IF(ABS(L32)<=1.96*O32,"Yes","No")) -> Yes | T32: =IF(D32="","",ROUND(SQRT(((D32+G32)*O32/100)^2+(J32*(D32+G32)*0.07048)^2),0)) -> 130
A33: Lehigh | B33: HANOVER | C33: (whole municipality) | D33: 395 | E33: 379 | F33: =IF(E33="","",D33-E33) -> 16 | G33: 344 | H33: 330 | I33: =IF(H33="","",G33-H33) -> 14 | J33: =IF(OR(D33="",D33+G33=0),"",D33/(D33+G33)) -> 0.53450609 | K33: =IF(E33="","",E33/(E33+H33)) -> 0.53455571 | L33: =IF(OR(K33="",J33=""),"",(J33-K33)*100) -> -0.0049622961 | M33: 3.8569021 | N33: 2.0770899 | O33: =SQRT(M33^2+N33^2) -> 4.3806388 | P33: =IF(J33="","",MAX(0,J33-1.96*O33/100)) -> 0.44864557 | Q33: =IF(J33="","",MIN(1,J33+1.96*O33/100)) -> 0.62036661 | R33: =IF(L33="","",IF(ABS(L33)<=O33,"Yes","No")) -> Yes | S33: =IF(L33="","",IF(ABS(L33)<=1.96*O33,"Yes","No")) -> Yes | T33: =IF(D33="","",ROUND(SQRT(((D33+G33)*O33/100)^2+(J33*(D33+G33)*0.09173)^2),0)) -> 49
A34: Lehigh | B34: HEIDELBERG | C34: (whole municipality) | D34: 619 | E34: 654 | F34: =IF(E34="","",D34-E34) -> -35 | G34: 1435 | H34: 1439 | I34: =IF(H34="","",G34-H34) -> -4 | J34: =IF(OR(D34="",D34+G34=0),"",D34/(D34+G34)) -> 0.30136319 | K34: =IF(E34="","",E34/(E34+H34)) -> 0.31247014 | L34: =IF(OR(K34="",J34=""),"",(J34-K34)*100) -> -1.1106945 | M34: 2.1983487 | N34: 2.0770899 | O34: =SQRT(M34^2+N34^2) -> 3.0244073 | P34: =IF(J34="","",MAX(0,J34-1.96*O34/100)) -> 0.24208481 | Q34: =IF(J34="","",MIN(1,J34+1.96*O34/100)) -> 0.36064158 | R34: =IF(L34="","",IF(ABS(L34)<=O34,"Yes","No")) -> Yes | S34: =IF(L34="","",IF(ABS(L34)<=1.96*O34,"Yes","No")) -> Yes | T34: =IF(D34="","",ROUND(SQRT(((D34+G34)*O34/100)^2+(J34*(D34+G34)*0.07048)^2),0)) -> 76
A35: Lehigh | B35: LOWER MACUNGIE | C35: (whole municipality) | D35: 10175 | E35: 10021 | F35: =IF(E35="","",D35-E35) -> 154 | G35: 10261 | H35: 10199 | I35: =IF(H35="","",G35-H35) -> 62 | J35: =IF(OR(D35="",D35+G35=0),"",D35/(D35+G35)) -> 0.49789587 | K35: =IF(E35="","",E35/(E35+H35)) -> 0.49559842 | L35: =IF(OR(K35="",J35=""),"",(J35-K35)*100) -> 0.22974526 | M35: 2.0758884 | N35: 2.0770899 | O35: =SQRT(M35^2+N35^2) -> 2.9365993 | P35: =IF(J35="","",MAX(0,J35-1.96*O35/100)) -> 0.44033852 | Q35: =IF(J35="","",MIN(1,J35+1.96*O35/100)) -> 0.55545322 | R35: =IF(L35="","",IF(ABS(L35)<=O35,"Yes","No")) -> Yes | S35: =IF(L35="","",IF(ABS(L35)<=1.96*O35,"Yes","No")) -> Yes | T35: =IF(D35="","",ROUND(SQRT(((D35+G35)*O35/100)^2+(J35*(D35+G35)*0.06406)^2),0)) -> 886
A36: Lehigh | B36: LOWER MILFORD | C36: (whole municipality) | D36: 919 | E36: 985 | F36: =IF(E36="","",D36-E36) -> -66 | G36: 1682 | H36: 1586 | I36: =IF(H36="","",G36-H36) -> 96 | J36: =IF(OR(D36="",D36+G36=0),"",D36/(D36+G36)) -> 0.35332564 | K36: =IF(E36="","",E36/(E36+H36)) -> 0.38311941 | L36: =IF(OR(K36="",J36=""),"",(J36-K36)*100) -> -2.9793765 | M36: 2.1983487 | N36: 2.0770899 | O36: =SQRT(M36^2+N36^2) -> 3.0244073 | P36: =IF(J36="","",MAX(0,J36-1.96*O36/100)) -> 0.29404726 | Q36: =IF(J36="","",MIN(1,J36+1.96*O36/100)) -> 0.41260403 | R36: =IF(L36="","",IF(ABS(L36)<=O36,"Yes","No")) -> Yes | S36: =IF(L36="","",IF(ABS(L36)<=1.96*O36,"Yes","No")) -> Yes | T36: =IF(D36="","",ROUND(SQRT(((D36+G36)*O36/100)^2+(J36*(D36+G36)*0.07048)^2),0)) -> 102
A37: Lehigh | B37: LOWHILL | C37: (whole municipality) | D37: 530 | E37: 543 | F37: =IF(E37="","",D37-E37) -> -13 | G37: 1033 | H37: 990 | I37: =IF(H37="","",G37-H37) -> 43 | J37: =IF(OR(D37="",D37+G37=0),"",D37/(D37+G37)) -> 0.33909149 | K37: =IF(E37="","",E37/(E37+H37)) -> 0.35420744 | L37: =IF(OR(K37="",J37=""),"",(J37-K37)*100) -> -1.5115946 | M37: 2.1983487 | N37: 2.0770899 | O37: =SQRT(M37^2+N37^2) -> 3.0244073 | P37: =IF(J37="","",MAX(0,J37-1.96*O37/100)) -> 0.27981311 | Q37: =IF(J37="","",MIN(1,J37+1.96*O37/100)) -> 0.39836987 | R37: =IF(L37="","",IF(ABS(L37)<=O37,"Yes","No")) -> Yes | S37: =IF(L37="","",IF(ABS(L37)<=1.96*O37,"Yes","No")) -> Yes | T37: =IF(D37="","",ROUND(SQRT(((D37+G37)*O37/100)^2+(J37*(D37+G37)*0.07048)^2),0)) -> 60
A38: Lehigh | B38: LYNN | C38: (whole municipality) | D38: 824 | E38: 850 | F38: =IF(E38="","",D38-E38) -> -26 | G38: 1875 | H38: 1856 | I38: =IF(H38="","",G38-H38) -> 19 | J38: =IF(OR(D38="",D38+G38=0),"",D38/(D38+G38)) -> 0.30529826 | K38: =IF(E38="","",E38/(E38+H38)) -> 0.31411678 | L38: =IF(OR(K38="",J38=""),"",(J38-K38)*100) -> -0.88185189 | M38: 2.1983487 | N38: 2.0770899 | O38: =SQRT(M38^2+N38^2) -> 3.0244073 | P38: =IF(J38="","",MAX(0,J38-1.96*O38/100)) -> 0.24601988 | Q38: =IF(J38="","",MIN(1,J38+1.96*O38/100)) -> 0.36457664 | R38: =IF(L38="","",IF(ABS(L38)<=O38,"Yes","No")) -> Yes | S38: =IF(L38="","",IF(ABS(L38)<=1.96*O38,"Yes","No")) -> Yes | T38: =IF(D38="","",ROUND(SQRT(((D38+G38)*O38/100)^2+(J38*(D38+G38)*0.07048)^2),0)) -> 100
A39: Lehigh | B39: MACUNGIE | C39: (whole municipality) | D39: 980 | E39: 980 | F39: =IF(E39="","",D39-E39) -> 0 | G39: 913 | H39: 872 | I39: =IF(H39="","",G39-H39) -> 41 | J39: =IF(OR(D39="",D39+G39=0),"",D39/(D39+G39)) -> 0.51769678 | K39: =IF(E39="","",E39/(E39+H39)) -> 0.52915767 | L39: =IF(OR(K39="",J39=""),"",(J39-K39)*100) -> -1.146089 | M39: 2.1983487 | N39: 2.0770899 | O39: =SQRT(M39^2+N39^2) -> 3.0244073 | P39: =IF(J39="","",MAX(0,J39-1.96*O39/100)) -> 0.45841839 | Q39: =IF(J39="","",MIN(1,J39+1.96*O39/100)) -> 0.57697516 | R39: =IF(L39="","",IF(ABS(L39)<=O39,"Yes","No")) -> Yes | S39: =IF(L39="","",IF(ABS(L39)<=1.96*O39,"Yes","No")) -> Yes | T39: =IF(D39="","",ROUND(SQRT(((D39+G39)*O39/100)^2+(J39*(D39+G39)*0.07048)^2),0)) -> 90
A40: Lehigh | B40: NORTH WHITEHALL | C40: (whole municipality) | D40: 3987 | E40: 4022 | F40: =IF(E40="","",D40-E40) -> -35 | G40: 6050 | H40: 5915 | I40: =IF(H40="","",G40-H40) -> 135 | J40: =IF(OR(D40="",D40+G40=0),"",D40/(D40+G40)) -> 0.39723025 | K40: =IF(E40="","",E40/(E40+H40)) -> 0.40474992 | L40: =IF(OR(K40="",J40=""),"",(J40-K40)*100) -> -0.75196764 | M40: 2.0758884 | N40: 2.0770899 | O40: =SQRT(M40^2+N40^2) -> 2.9365993 | P40: =IF(J40="","",MAX(0,J40-1.96*O40/100)) -> 0.3396729 | Q40: =IF(J40="","",MIN(1,J40+1.96*O40/100)) -> 0.45478759 | R40: =IF(L40="","",IF(ABS(L40)<=O40,"Yes","No")) -> Yes | S40: =IF(L40="","",IF(ABS(L40)<=1.96*O40,"Yes","No")) -> Yes | T40: =IF(D40="","",ROUND(SQRT(((D40+G40)*O40/100)^2+(J40*(D40+G40)*0.06406)^2),0)) -> 390
A41: Lehigh | B41: SALISBURY | C41: (whole municipality) | D41: 3985 | E41: 4010 | F41: =IF(E41="","",D41-E41) -> -25 | G41: 4181 | H41: 4104 | I41: =IF(H41="","",G41-H41) -> 77 | J41: =IF(OR(D41="",D41+G41=0),"",D41/(D41+G41)) -> 0.48799902 | K41: =IF(E41="","",E41/(E41+H41)) -> 0.49420754 | L41: =IF(OR(K41="",J41=""),"",(J41-K41)*100) -> -0.62085222 | M41: 2.0758884 | N41: 2.0770899 | O41: =SQRT(M41^2+N41^2) -> 2.9365993 | P41: =IF(J41="","",MAX(0,J41-1.96*O41/100)) -> 0.43044167 | Q41: =IF(J41="","",MIN(1,J41+1.96*O41/100)) -> 0.54555637 | R41: =IF(L41="","",IF(ABS(L41)<=O41,"Yes","No")) -> Yes | S41: =IF(L41="","",IF(ABS(L41)<=1.96*O41,"Yes","No")) -> Yes | T41: =IF(D41="","",ROUND(SQRT(((D41+G41)*O41/100)^2+(J41*(D41+G41)*0.06406)^2),0)) -> 350
A42: Lehigh | B42: SLATINGTON | C42: (whole municipality) | D42: 821 | E42: 800 | F42: =IF(E42="","",D42-E42) -> 21 | G42: 1177 | H42: 1156 | I42: =IF(H42="","",G42-H42) -> 21 | J42: =IF(OR(D42="",D42+G42=0),"",D42/(D42+G42)) -> 0.41091091 | K42: =IF(E42="","",E42/(E42+H42)) -> 0.40899796 | L42: =IF(OR(K42="",J42=""),"",(J42-K42)*100) -> 0.19129559 | M42: 2.1983487 | N42: 2.0770899 | O42: =SQRT(M42^2+N42^2) -> 3.0244073 | P42: =IF(J42="","",MAX(0,J42-1.96*O42/100)) -> 0.35163253 | Q42: =IF(J42="","",MIN(1,J42+1.96*O42/100)) -> 0.47018929 | R42: =IF(L42="","",IF(ABS(L42)<=O42,"Yes","No")) -> Yes | S42: =IF(L42="","",IF(ABS(L42)<=1.96*O42,"Yes","No")) -> Yes | T42: =IF(D42="","",ROUND(SQRT(((D42+G42)*O42/100)^2+(J42*(D42+G42)*0.07048)^2),0)) -> 84
A43: Lehigh | B43: SOUTH WHITEHALL | C43: (whole municipality) | D43: 6896 | E43: 7019 | F43: =IF(E43="","",D43-E43) -> -123 | G43: 6302 | H43: 6110 | I43: =IF(H43="","",G43-H43) -> 192 | J43: =IF(OR(D43="",D43+G43=0),"",D43/(D43+G43)) -> 0.52250341 | K43: =IF(E43="","",E43/(E43+H43)) -> 0.53461802 | L43: =IF(OR(K43="",J43=""),"",(J43-K43)*100) -> -1.2114612 | M43: 2.0758884 | N43: 2.0770899 | O43: =SQRT(M43^2+N43^2) -> 2.9365993 | P43: =IF(J43="","",MAX(0,J43-1.96*O43/100)) -> 0.46494606 | Q43: =IF(J43="","",MIN(1,J43+1.96*O43/100)) -> 0.58006076 | R43: =IF(L43="","",IF(ABS(L43)<=O43,"Yes","No")) -> Yes | S43: =IF(L43="","",IF(ABS(L43)<=1.96*O43,"Yes","No")) -> Yes | T43: =IF(D43="","",ROUND(SQRT(((D43+G43)*O43/100)^2+(J43*(D43+G43)*0.06406)^2),0)) -> 588
A44: Lehigh | B44: UPPER MACUNGIE | C44: (whole municipality) | D44: 8187 | E44: 8020 | F44: =IF(E44="","",D44-E44) -> 167 | G44: 7773 | H44: 7607 | I44: =IF(H44="","",G44-H44) -> 166 | J44: =IF(OR(D44="",D44+G44=0),"",D44/(D44+G44)) -> 0.51296992 | K44: =IF(E44="","",E44/(E44+H44)) -> 0.51321431 | L44: =IF(OR(K44="",J44=""),"",(J44-K44)*100) -> -0.024438376 | M44: 2.0758884 | N44: 2.0770899 | O44: =SQRT(M44^2+N44^2) -> 2.9365993 | P44: =IF(J44="","",MAX(0,J44-1.96*O44/100)) -> 0.45541258 | Q44: =IF(J44="","",MIN(1,J44+1.96*O44/100)) -> 0.57052727 | R44: =IF(L44="","",IF(ABS(L44)<=O44,"Yes","No")) -> Yes | S44: =IF(L44="","",IF(ABS(L44)<=1.96*O44,"Yes","No")) -> Yes | T44: =IF(D44="","",ROUND(SQRT(((D44+G44)*O44/100)^2+(J44*(D44+G44)*0.06406)^2),0)) -> 703
A45: Lehigh | B45: UPPER MILFORD | C45: (whole municipality) | D45: 2268 | E45: 2380 | F45: =IF(E45="","",D45-E45) -> -112 | G45: 3186 | H45: 3135 | I45: =IF(H45="","",G45-H45) -> 51 | J45: =IF(OR(D45="",D45+G45=0),"",D45/(D45+G45)) -> 0.41584158 | K45: =IF(E45="","",E45/(E45+H45)) -> 0.43155032 | L45: =IF(OR(K45="",J45=""),"",(J45-K45)*100) -> -1.5708733 | M45: 2.0758884 | N45: 2.0770899 | O45: =SQRT(M45^2+N45^2) -> 2.9365993 | P45: =IF(J45="","",MAX(0,J45-1.96*O45/100)) -> 0.35828424 | Q45: =IF(J45="","",MIN(1,J45+1.96*O45/100)) -> 0.47339893 | R45: =IF(L45="","",IF(ABS(L45)<=O45,"Yes","No")) -> Yes | S45: =IF(L45="","",IF(ABS(L45)<=1.96*O45,"Yes","No")) -> Yes | T45: =IF(D45="","",ROUND(SQRT(((D45+G45)*O45/100)^2+(J45*(D45+G45)*0.06406)^2),0)) -> 216
A46: Lehigh | B46: UPPER SAUCON | C46: (whole municipality) | D46: 5275 | E46: 5462 | F46: =IF(E46="","",D46-E46) -> -187 | G46: 5911 | H46: 5740 | I46: =IF(H46="","",G46-H46) -> 171 | J46: =IF(OR(D46="",D46+G46=0),"",D46/(D46+G46)) -> 0.47157161 | K46: =IF(E46="","",E46/(E46+H46)) -> 0.4875915 | L46: =IF(OR(K46="",J46=""),"",(J46-K46)*100) -> -1.6019894 | M46: 2.0758884 | N46: 2.0770899 | O46: =SQRT(M46^2+N46^2) -> 2.9365993 | P46: =IF(J46="","",MAX(0,J46-1.96*O46/100)) -> 0.41401426 | Q46: =IF(J46="","",MIN(1,J46+1.96*O46/100)) -> 0.52912895 | R46: =IF(L46="","",IF(ABS(L46)<=O46,"Yes","No")) -> Yes | S46: =IF(L46="","",IF(ABS(L46)<=1.96*O46,"Yes","No")) -> Yes | T46: =IF(D46="","",ROUND(SQRT(((D46+G46)*O46/100)^2+(J46*(D46+G46)*0.06406)^2),0)) -> 471
A47: Lehigh | B47: WASHINGTON | C47: (whole municipality) | D47: 1281 | E47: 1266 | F47: =IF(E47="","",D47-E47) -> 15 | G47: 2652 | H47: 2669 | I47: =IF(H47="","",G47-H47) -> -17 | J47: =IF(OR(D47="",D47+G47=0),"",D47/(D47+G47)) -> 0.32570557 | K47: =IF(E47="","",E47/(E47+H47)) -> 0.32172808 | L47: =IF(OR(K47="",J47=""),"",(J47-K47)*100) -> 0.39774869 | M47: 2.0758884 | N47: 2.0770899 | O47: =SQRT(M47^2+N47^2) -> 2.9365993 | P47: =IF(J47="","",MAX(0,J47-1.96*O47/100)) -> 0.26814822 | Q47: =IF(J47="","",MIN(1,J47+1.96*O47/100)) -> 0.38326291 | R47: =IF(L47="","",IF(ABS(L47)<=O47,"Yes","No")) -> Yes | S47: =IF(L47="","",IF(ABS(L47)<=1.96*O47,"Yes","No")) -> Yes | T47: =IF(D47="","",ROUND(SQRT(((D47+G47)*O47/100)^2+(J47*(D47+G47)*0.06406)^2),0)) -> 142
A48: Lehigh | B48: WEISENBERG | C48: (whole municipality) | D48: 1148 | E48: 1172 | F48: =IF(E48="","",D48-E48) -> -24 | G48: 2230 | H48: 2201 | I48: =IF(H48="","",G48-H48) -> 29 | J48: =IF(OR(D48="",D48+G48=0),"",D48/(D48+G48)) -> 0.33984606 | K48: =IF(E48="","",E48/(E48+H48)) -> 0.34746516 | L48: =IF(OR(K48="",J48=""),"",(J48-K48)*100) -> -0.76191018 | M48: 2.1983487 | N48: 2.0770899 | O48: =SQRT(M48^2+N48^2) -> 3.0244073 | P48: =IF(J48="","",MAX(0,J48-1.96*O48/100)) -> 0.28056768 | Q48: =IF(J48="","",MIN(1,J48+1.96*O48/100)) -> 0.39912445 | R48: =IF(L48="","",IF(ABS(L48)<=O48,"Yes","No")) -> Yes | S48: =IF(L48="","",IF(ABS(L48)<=1.96*O48,"Yes","No")) -> Yes | T48: =IF(D48="","",ROUND(SQRT(((D48+G48)*O48/100)^2+(J48*(D48+G48)*0.07048)^2),0)) -> 130
A49: Lehigh | B49: WHITEHALL | C49: (whole municipality) | D49: 7443 | E49: 7383 | F49: =IF(E49="","",D49-E49) -> 60 | G49: 7037 | H49: 7036 | I49: =IF(H49="","",G49-H49) -> 1 | J49: =IF(OR(D49="",D49+G49=0),"",D49/(D49+G49)) -> 0.51401934 | K49: =IF(E49="","",E49/(E49+H49)) -> 0.51203273 | L49: =IF(OR(K49="",J49=""),"",(J49-K49)*100) -> 0.19866024 | M49: 2.0758884 | N49: 2.0770899 | O49: =SQRT(M49^2+N49^2) -> 2.9365993 | P49: =IF(J49="","",MAX(0,J49-1.96*O49/100)) -> 0.45646199 | Q49: =IF(J49="","",MIN(1,J49+1.96*O49/100)) -> 0.57157668 | R49: =IF(L49="","",IF(ABS(L49)<=O49,"Yes","No")) -> Yes | S49: =IF(L49="","",IF(ABS(L49)<=1.96*O49,"Yes","No")) -> Yes | T49: =IF(D49="","",ROUND(SQRT(((D49+G49)*O49/100)^2+(J49*(D49+G49)*0.06406)^2),0)) -> 639
A50: Monroe | B50: ELDRED TOWNSHIP | C50: (whole municipality) | D50: 429 | E50: 471 | F50: =IF(E50="","",D50-E50) -> -42 | G50: 1115 | H50: 1124 | I50: =IF(H50="","",G50-H50) -> -9 | J50: =IF(OR(D50="",D50+G50=0),"",D50/(D50+G50)) -> 0.27784974 | K50: =IF(E50="","",E50/(E50+H50)) -> 0.29529781 | L50: =IF(OR(K50="",J50=""),"",(J50-K50)*100) -> -1.7448065 | M50: 3.8569021 | N50: 2.0770899 | O50: =SQRT(M50^2+N50^2) -> 4.3806388 | P50: =IF(J50="","",MAX(0,J50-1.96*O50/100)) -> 0.19198922 | Q50: =IF(J50="","",MIN(1,J50+1.96*O50/100)) -> 0.36371026 | R50: =IF(L50="","",IF(ABS(L50)<=O50,"Yes","No")) -> Yes | S50: =IF(L50="","",IF(ABS(L50)<=1.96*O50,"Yes","No")) -> Yes | T50: =IF(D50="","",ROUND(SQRT(((D50+G50)*O50/100)^2+(J50*(D50+G50)*0.09173)^2),0)) -> 78
A51: Monroe | B51: POLK TOWNSHIP | C51: (whole municipality) | D51: 1339 | E51: 1414 | F51: =IF(E51="","",D51-E51) -> -75 | G51: 2830 | H51: 2894 | I51: =IF(H51="","",G51-H51) -> -64 | J51: =IF(OR(D51="",D51+G51=0),"",D51/(D51+G51)) -> 0.32118014 | K51: =IF(E51="","",E51/(E51+H51)) -> 0.32822656 | L51: =IF(OR(K51="",J51=""),"",(J51-K51)*100) -> -0.70464161 | M51: 2.0758884 | N51: 2.0770899 | O51: =SQRT(M51^2+N51^2) -> 2.9365993 | P51: =IF(J51="","",MAX(0,J51-1.96*O51/100)) -> 0.26362279 | Q51: =IF(J51="","",MIN(1,J51+1.96*O51/100)) -> 0.37873749 | R51: =IF(L51="","",IF(ABS(L51)<=O51,"Yes","No")) -> Yes | S51: =IF(L51="","",IF(ABS(L51)<=1.96*O51,"Yes","No")) -> Yes | T51: =IF(D51="","",ROUND(SQRT(((D51+G51)*O51/100)^2+(J51*(D51+G51)*0.06406)^2),0)) -> 149
A52: Monroe | B52: ROSS TOWNSHIP | C52: (whole municipality) | D52: 431 | E52: 521 | F52: =IF(E52="","",D52-E52) -> -90 | G52: 879 | H52: 997 | I52: =IF(H52="","",G52-H52) -> -118 | J52: =IF(OR(D52="",D52+G52=0),"",D52/(D52+G52)) -> 0.32900763 | K52: =IF(E52="","",E52/(E52+H52)) -> 0.34321476 | L52: =IF(OR(K52="",J52=""),"",(J52-K52)*100) -> -1.4207123 | M52: 3.8569021 | N52: 2.0770899 | O52: =SQRT(M52^2+N52^2) -> 4.3806388 | P52: =IF(J52="","",MAX(0,J52-1.96*O52/100)) -> 0.24314711 | Q52: =IF(J52="","",MIN(1,J52+1.96*O52/100)) -> 0.41486815 | R52: =IF(L52="","",IF(ABS(L52)<=O52,"Yes","No")) -> Yes | S52: =IF(L52="","",IF(ABS(L52)<=1.96*O52,"Yes","No")) -> Yes | T52: =IF(D52="","",ROUND(SQRT(((D52+G52)*O52/100)^2+(J52*(D52+G52)*0.09173)^2),0)) -> 70
A53: Northampton | B53: ALLEN | C53: (whole municipality) | D53: 1447 | E53: 1511 | F53: =IF(E53="","",D53-E53) -> -64 | G53: 2017 | H53: 2018 | I53: =IF(H53="","",G53-H53) -> -1 | J53: =IF(OR(D53="",D53+G53=0),"",D53/(D53+G53)) -> 0.41772517 | K53: =IF(E53="","",E53/(E53+H53)) -> 0.42816662 | L53: =IF(OR(K53="",J53=""),"",(J53-K53)*100) -> -1.0441446 | M53: 2.1983487 | N53: 2.0770899 | O53: =SQRT(M53^2+N53^2) -> 3.0244073 | P53: =IF(J53="","",MAX(0,J53-1.96*O53/100)) -> 0.35844679 | Q53: =IF(J53="","",MIN(1,J53+1.96*O53/100)) -> 0.47700356 | R53: =IF(L53="","",IF(ABS(L53)<=O53,"Yes","No")) -> Yes | S53: =IF(L53="","",IF(ABS(L53)<=1.96*O53,"Yes","No")) -> Yes | T53: =IF(D53="","",ROUND(SQRT(((D53+G53)*O53/100)^2+(J53*(D53+G53)*0.07048)^2),0)) -> 146
A54: Northampton | B54: BANGOR | C54: (whole municipality) | D54: 947 | E54: 959 | F54: =IF(E54="","",D54-E54) -> -12 | G54: 1389 | H54: 1364 | I54: =IF(H54="","",G54-H54) -> 25 | J54: =IF(OR(D54="",D54+G54=0),"",D54/(D54+G54)) -> 0.40539384 | K54: =IF(E54="","",E54/(E54+H54)) -> 0.41282824 | L54: =IF(OR(K54="",J54=""),"",(J54-K54)*100) -> -0.74344037 | M54: 2.1983487 | N54: 2.0770899 | O54: =SQRT(M54^2+N54^2) -> 3.0244073 | P54: =IF(J54="","",MAX(0,J54-1.96*O54/100)) -> 0.34611545 | Q54: =IF(J54="","",MIN(1,J54+1.96*O54/100)) -> 0.46467222 | R54: =IF(L54="","",IF(ABS(L54)<=O54,"Yes","No")) -> Yes | S54: =IF(L54="","",IF(ABS(L54)<=1.96*O54,"Yes","No")) -> Yes | T54: =IF(D54="","",ROUND(SQRT(((D54+G54)*O54/100)^2+(J54*(D54+G54)*0.07048)^2),0)) -> 97
A55: Northampton | B55: BATH | C55: (whole municipality) | D55: 597 | E55: 623 | F55: =IF(E55="","",D55-E55) -> -26 | G55: 773 | H55: 726 | I55: =IF(H55="","",G55-H55) -> 47 | J55: =IF(OR(D55="",D55+G55=0),"",D55/(D55+G55)) -> 0.43576642 | K55: =IF(E55="","",E55/(E55+H55)) -> 0.46182357 | L55: =IF(OR(K55="",J55=""),"",(J55-K55)*100) -> -2.605715 | M55: 3.8569021 | N55: 2.0770899 | O55: =SQRT(M55^2+N55^2) -> 4.3806388 | P55: =IF(J55="","",MAX(0,J55-1.96*O55/100)) -> 0.3499059 | Q55: =IF(J55="","",MIN(1,J55+1.96*O55/100)) -> 0.52162694 | R55: =IF(L55="","",IF(ABS(L55)<=O55,"Yes","No")) -> Yes | S55: =IF(L55="","",IF(ABS(L55)<=1.96*O55,"Yes","No")) -> Yes | T55: =IF(D55="","",ROUND(SQRT(((D55+G55)*O55/100)^2+(J55*(D55+G55)*0.09173)^2),0)) -> 81
A56: Northampton | B56: BETHLEHEM | C56: (whole municipality) | D56: 16882 | E56: 17416 | F56: =IF(E56="","",D56-E56) -> -534 | G56: 8701 | H56: 8640 | I56: =IF(H56="","",G56-H56) -> 61 | J56: =IF(OR(D56="",D56+G56=0),"",D56/(D56+G56)) -> 0.65989133 | K56: =IF(E56="","",E56/(E56+H56)) -> 0.66840651 | L56: =IF(OR(K56="",J56=""),"",(J56-K56)*100) -> -0.8515175 | M56: 2.0758884 | N56: 2.0770899 | O56: =SQRT(M56^2+N56^2) -> 2.9365993 | P56: =IF(J56="","",MAX(0,J56-1.96*O56/100)) -> 0.60233399 | Q56: =IF(J56="","",MIN(1,J56+1.96*O56/100)) -> 0.71744868 | R56: =IF(L56="","",IF(ABS(L56)<=O56,"Yes","No")) -> Yes | S56: =IF(L56="","",IF(ABS(L56)<=1.96*O56,"Yes","No")) -> Yes | T56: =IF(D56="","",ROUND(SQRT(((D56+G56)*O56/100)^2+(J56*(D56+G56)*0.06406)^2),0)) -> 1317
A57: Northampton | B57: BETHLEHEM TOWNSHIP | C57: (whole municipality) | D57: 8191 | E57: 8595 | F57: =IF(E57="","",D57-E57) -> -404 | G57: 7742 | H57: 7440 | I57: =IF(H57="","",G57-H57) -> 302 | J57: =IF(OR(D57="",D57+G57=0),"",D57/(D57+G57)) -> 0.51409025 | K57: =IF(E57="","",E57/(E57+H57)) -> 0.53601497 | L57: =IF(OR(K57="",J57=""),"",(J57-K57)*100) -> -2.1924714 | M57: 2.0758884 | N57: 2.0770899 | O57: =SQRT(M57^2+N57^2) -> 2.9365993 | P57: =IF(J57="","",MAX(0,J57-1.96*O57/100)) -> 0.45653291 | Q57: =IF(J57="","",MIN(1,J57+1.96*O57/100)) -> 0.5716476 | R57: =IF(L57="","",IF(ABS(L57)<=O57,"Yes","No")) -> Yes | S57: =IF(L57="","",IF(ABS(L57)<=1.96*O57,"Yes","No")) -> Yes | T57: =IF(D57="","",ROUND(SQRT(((D57+G57)*O57/100)^2+(J57*(D57+G57)*0.06406)^2),0)) -> 703
A58: Northampton | B58: BUSHKILL | C58: (whole municipality) | D58: 2013 | E58: 2169 | F58: =IF(E58="","",D58-E58) -> -156 | G58: 3602 | H58: 3459 | I58: =IF(H58="","",G58-H58) -> 143 | J58: =IF(OR(D58="",D58+G58=0),"",D58/(D58+G58)) -> 0.35850401 | K58: =IF(E58="","",E58/(E58+H58)) -> 0.38539446 | L58: =IF(OR(K58="",J58=""),"",(J58-K58)*100) -> -2.6890449 | M58: 2.0758884 | N58: 2.0770899 | O58: =SQRT(M58^2+N58^2) -> 2.9365993 | P58: =IF(J58="","",MAX(0,J58-1.96*O58/100)) -> 0.30094666 | Q58: =IF(J58="","",MIN(1,J58+1.96*O58/100)) -> 0.41606135 | R58: =IF(L58="","",IF(ABS(L58)<=O58,"Yes","No")) -> Yes | S58: =IF(L58="","",IF(ABS(L58)<=1.96*O58,"Yes","No")) -> Yes | T58: =IF(D58="","",ROUND(SQRT(((D58+G58)*O58/100)^2+(J58*(D58+G58)*0.06406)^2),0)) -> 209
A59: Northampton | B59: CHAPMAN | C59: (whole municipality) | D59: 42 | E59: 40 | F59: =IF(E59="","",D59-E59) -> 2 | G59: 79 | H59: 83 | I59: =IF(H59="","",G59-H59) -> -4 | J59: =IF(OR(D59="",D59+G59=0),"",D59/(D59+G59)) -> 0.34710744 | K59: =IF(E59="","",E59/(E59+H59)) -> 0.32520325 | L59: =IF(OR(K59="",J59=""),"",(J59-K59)*100) -> 2.1904186 | M59: 3.8569021 | N59: 2.0770899 | O59: =SQRT(M59^2+N59^2) -> 4.3806388 | P59: =IF(J59="","",MAX(0,J59-1.96*O59/100)) -> 0.26124692 | Q59: =IF(J59="","",MIN(1,J59+1.96*O59/100)) -> 0.43296796 | R59: =IF(L59="","",IF(ABS(L59)<=O59,"Yes","No")) -> Yes | S59: =IF(L59="","",IF(ABS(L59)<=1.96*O59,"Yes","No")) -> Yes | T59: =IF(D59="","",ROUND(SQRT(((D59+G59)*O59/100)^2+(J59*(D59+G59)*0.09173)^2),0)) -> 7
A60: Northampton | B60: EAST ALLEN | C60: (whole municipality) | D60: 1406 | E60: 1484 | F60: =IF(E60="","",D60-E60) -> -78 | G60: 1963 | H60: 1959 | I60: =IF(H60="","",G60-H60) -> 4 | J60: =IF(OR(D60="",D60+G60=0),"",D60/(D60+G60)) -> 0.41733452 | K60: =IF(E60="","",E60/(E60+H60)) -> 0.43101946 | L60: =IF(OR(K60="",J60=""),"",(J60-K60)*100) -> -1.3684939 | M60: 2.1983487 | N60: 2.0770899 | O60: =SQRT(M60^2+N60^2) -> 3.0244073 | P60: =IF(J60="","",MAX(0,J60-1.96*O60/100)) -> 0.35805614 | Q60: =IF(J60="","",MIN(1,J60+1.96*O60/100)) -> 0.4766129 | R60: =IF(L60="","",IF(ABS(L60)<=O60,"Yes","No")) -> Yes | S60: =IF(L60="","",IF(ABS(L60)<=1.96*O60,"Yes","No")) -> Yes | T60: =IF(D60="","",ROUND(SQRT(((D60+G60)*O60/100)^2+(J60*(D60+G60)*0.07048)^2),0)) -> 142
A61: Northampton | B61: EAST BANGOR | C61: (whole municipality) | D61: 183 | E61: 217 | F61: =IF(E61="","",D61-E61) -> -34 | G61: 328 | H61: 309 | I61: =IF(H61="","",G61-H61) -> 19 | J61: =IF(OR(D61="",D61+G61=0),"",D61/(D61+G61)) -> 0.35812133 | K61: =IF(E61="","",E61/(E61+H61)) -> 0.41254753 | L61: =IF(OR(K61="",J61=""),"",(J61-K61)*100) -> -5.4426198 | M61: 3.8569021 | N61: 2.0770899 | O61: =SQRT(M61^2+N61^2) -> 4.3806388 | P61: =IF(J61="","",MAX(0,J61-1.96*O61/100)) -> 0.27226081 | Q61: =IF(J61="","",MIN(1,J61+1.96*O61/100)) -> 0.44398185 | R61: =IF(L61="","",IF(ABS(L61)<=O61,"Yes","No")) -> No | S61: =IF(L61="","",IF(ABS(L61)<=1.96*O61,"Yes","No")) -> Yes | T61: =IF(D61="","",ROUND(SQRT(((D61+G61)*O61/100)^2+(J61*(D61+G61)*0.09173)^2),0)) -> 28
A62: Northampton | B62: EASTON | C62: (whole municipality) | D62: 7059 | E62: 7604 | F62: =IF(E62="","",D62-E62) -> -545 | G62: 3472 | H62: 3303 | I62: =IF(H62="","",G62-H62) -> 169 | J62: =IF(OR(D62="",D62+G62=0),"",D62/(D62+G62)) -> 0.67030671 | K62: =IF(E62="","",E62/(E62+H62)) -> 0.69716696 | L62: =IF(OR(K62="",J62=""),"",(J62-K62)*100) -> -2.6860243 | M62: 2.0758884 | N62: 2.0770899 | O62: =SQRT(M62^2+N62^2) -> 2.9365993 | P62: =IF(J62="","",MAX(0,J62-1.96*O62/100)) -> 0.61274937 | Q62: =IF(J62="","",MIN(1,J62+1.96*O62/100)) -> 0.72786406 | R62: =IF(L62="","",IF(ABS(L62)<=O62,"Yes","No")) -> Yes | S62: =IF(L62="","",IF(ABS(L62)<=1.96*O62,"Yes","No")) -> Yes | T62: =IF(D62="","",ROUND(SQRT(((D62+G62)*O62/100)^2+(J62*(D62+G62)*0.06406)^2),0)) -> 548
A63: Northampton | B63: FORKS | C63: (whole municipality) | D63: 5245 | E63: 5358 | F63: =IF(E63="","",D63-E63) -> -113 | G63: 5034 | H63: 5027 | I63: =IF(H63="","",G63-H63) -> 7 | J63: =IF(OR(D63="",D63+G63=0),"",D63/(D63+G63)) -> 0.51026364 | K63: =IF(E63="","",E63/(E63+H63)) -> 0.51593645 | L63: =IF(OR(K63="",J63=""),"",(J63-K63)*100) -> -0.56728025 | M63: 2.0758884 | N63: 2.0770899 | O63: =SQRT(M63^2+N63^2) -> 2.9365993 | P63: =IF(J63="","",MAX(0,J63-1.96*O63/100)) -> 0.4527063 | Q63: =IF(J63="","",MIN(1,J63+1.96*O63/100)) -> 0.56782099 | R63: =IF(L63="","",IF(ABS(L63)<=O63,"Yes","No")) -> Yes | S63: =IF(L63="","",IF(ABS(L63)<=1.96*O63,"Yes","No")) -> Yes | T63: =IF(D63="","",ROUND(SQRT(((D63+G63)*O63/100)^2+(J63*(D63+G63)*0.06406)^2),0)) -> 452
A64: Northampton | B64: FREEMANSBURG | C64: (whole municipality) | D64: 730 | E64: 714 | F64: =IF(E64="","",D64-E64) -> 16 | G64: 535 | H64: 484 | I64: =IF(H64="","",G64-H64) -> 51 | J64: =IF(OR(D64="",D64+G64=0),"",D64/(D64+G64)) -> 0.5770751 | K64: =IF(E64="","",E64/(E64+H64)) -> 0.59599332 | L64: =IF(OR(K64="",J64=""),"",(J64-K64)*100) -> -1.8918223 | M64: 3.8569021 | N64: 2.0770899 | O64: =SQRT(M64^2+N64^2) -> 4.3806388 | P64: =IF(J64="","",MAX(0,J64-1.96*O64/100)) -> 0.49121458 | Q64: =IF(J64="","",MIN(1,J64+1.96*O64/100)) -> 0.66293562 | R64: =IF(L64="","",IF(ABS(L64)<=O64,"Yes","No")) -> Yes | S64: =IF(L64="","",IF(ABS(L64)<=1.96*O64,"Yes","No")) -> Yes | T64: =IF(D64="","",ROUND(SQRT(((D64+G64)*O64/100)^2+(J64*(D64+G64)*0.09173)^2),0)) -> 87
A65: Northampton | B65: GLENDON | C65: (whole municipality) | D65: 100 | E65: 109 | F65: =IF(E65="","",D65-E65) -> -9 | G65: 105 | H65: 97 | I65: =IF(H65="","",G65-H65) -> 8 | J65: =IF(OR(D65="",D65+G65=0),"",D65/(D65+G65)) -> 0.48780488 | K65: =IF(E65="","",E65/(E65+H65)) -> 0.52912621 | L65: =IF(OR(K65="",J65=""),"",(J65-K65)*100) -> -4.1321336 | M65: 3.8569021 | N65: 2.0770899 | O65: =SQRT(M65^2+N65^2) -> 4.3806388 | P65: =IF(J65="","",MAX(0,J65-1.96*O65/100)) -> 0.40194436 | Q65: =IF(J65="","",MIN(1,J65+1.96*O65/100)) -> 0.5736654 | R65: =IF(L65="","",IF(ABS(L65)<=O65,"Yes","No")) -> Yes | S65: =IF(L65="","",IF(ABS(L65)<=1.96*O65,"Yes","No")) -> Yes | T65: =IF(D65="","",ROUND(SQRT(((D65+G65)*O65/100)^2+(J65*(D65+G65)*0.09173)^2),0)) -> 13
A66: Northampton | B66: HANOVER | C66: (whole municipality) | D66: 4123 | E66: 4341 | F66: =IF(E66="","",D66-E66) -> -218 | G66: 3826 | H66: 3620 | I66: =IF(H66="","",G66-H66) -> 206 | J66: =IF(OR(D66="",D66+G66=0),"",D66/(D66+G66)) -> 0.5186816 | K66: =IF(E66="","",E66/(E66+H66)) -> 0.54528326 | L66: =IF(OR(K66="",J66=""),"",(J66-K66)*100) -> -2.6601661 | M66: 2.0758884 | N66: 2.0770899 | O66: =SQRT(M66^2+N66^2) -> 2.9365993 | P66: =IF(J66="","",MAX(0,J66-1.96*O66/100)) -> 0.46112425 | Q66: =IF(J66="","",MIN(1,J66+1.96*O66/100)) -> 0.57623894 | R66: =IF(L66="","",IF(ABS(L66)<=O66,"Yes","No")) -> Yes | S66: =IF(L66="","",IF(ABS(L66)<=1.96*O66,"Yes","No")) -> Yes | T66: =IF(D66="","",ROUND(SQRT(((D66+G66)*O66/100)^2+(J66*(D66+G66)*0.06406)^2),0)) -> 352
A67: Northampton | B67: HELLERTOWN | C67: (whole municipality) | D67: 1714 | E67: 1726 | F67: =IF(E67="","",D67-E67) -> -12 | G67: 1645 | H67: 1685 | I67: =IF(H67="","",G67-H67) -> -40 | J67: =IF(OR(D67="",D67+G67=0),"",D67/(D67+G67)) -> 0.51027091 | K67: =IF(E67="","",E67/(E67+H67)) -> 0.50600997 | L67: =IF(OR(K67="",J67=""),"",(J67-K67)*100) -> 0.42609462 | M67: 2.1983487 | N67: 2.0770899 | O67: =SQRT(M67^2+N67^2) -> 3.0244073 | P67: =IF(J67="","",MAX(0,J67-1.96*O67/100)) -> 0.45099253 | Q67: =IF(J67="","",MIN(1,J67+1.96*O67/100)) -> 0.5695493 | R67: =IF(L67="","",IF(ABS(L67)<=O67,"Yes","No")) -> Yes | S67: =IF(L67="","",IF(ABS(L67)<=1.96*O67,"Yes","No")) -> Yes | T67: =IF(D67="","",ROUND(SQRT(((D67+G67)*O67/100)^2+(J67*(D67+G67)*0.07048)^2),0)) -> 158
A68: Northampton | B68: LEHIGH | C68: (whole municipality) | D68: 2197 | E68: 2244 | F68: =IF(E68="","",D68-E68) -> -47 | G68: 4452 | H68: 4439 | I68: =IF(H68="","",G68-H68) -> 13 | J68: =IF(OR(D68="",D68+G68=0),"",D68/(D68+G68)) -> 0.33042563 | K68: =IF(E68="","",E68/(E68+H68)) -> 0.33577735 | L68: =IF(OR(K68="",J68=""),"",(J68-K68)*100) -> -0.53517176 | M68: 2.0758884 | N68: 2.0770899 | O68: =SQRT(M68^2+N68^2) -> 2.9365993 | P68: =IF(J68="","",MAX(0,J68-1.96*O68/100)) -> 0.27286828 | Q68: =IF(J68="","",MIN(1,J68+1.96*O68/100)) -> 0.38798297 | R68: =IF(L68="","",IF(ABS(L68)<=O68,"Yes","No")) -> Yes | S68: =IF(L68="","",IF(ABS(L68)<=1.96*O68,"Yes","No")) -> Yes | T68: =IF(D68="","",ROUND(SQRT(((D68+G68)*O68/100)^2+(J68*(D68+G68)*0.06406)^2),0)) -> 241
A69: Northampton | B69: LOWER MOUNT BETHEL | C69: (whole municipality) | D69: 591 | E69: 625 | F69: =IF(E69="","",D69-E69) -> -34 | G69: 1200 | H69: 1214 | I69: =IF(H69="","",G69-H69) -> -14 | J69: =IF(OR(D69="",D69+G69=0),"",D69/(D69+G69)) -> 0.32998325 | K69: =IF(E69="","",E69/(E69+H69)) -> 0.33985862 | L69: =IF(OR(K69="",J69=""),"",(J69-K69)*100) -> -0.98753692 | M69: 2.1983487 | N69: 2.0770899 | O69: =SQRT(M69^2+N69^2) -> 3.0244073 | P69: =IF(J69="","",MAX(0,J69-1.96*O69/100)) -> 0.27070487 | Q69: =IF(J69="","",MIN(1,J69+1.96*O69/100)) -> 0.38926163 | R69: =IF(L69="","",IF(ABS(L69)<=O69,"Yes","No")) -> Yes | S69: =IF(L69="","",IF(ABS(L69)<=1.96*O69,"Yes","No")) -> Yes | T69: =IF(D69="","",ROUND(SQRT(((D69+G69)*O69/100)^2+(J69*(D69+G69)*0.07048)^2),0)) -> 68
A70: Northampton | B70: LOWER NAZARETH | C70: (whole municipality) | D70: 1893 | E70: 2047 | F70: =IF(E70="","",D70-E70) -> -154 | G70: 2662 | H70: 2499 | I70: =IF(H70="","",G70-H70) -> 163 | J70: =IF(OR(D70="",D70+G70=0),"",D70/(D70+G70)) -> 0.41558727 | K70: =IF(E70="","",E70/(E70+H70)) -> 0.45028597 | L70: =IF(OR(K70="",J70=""),"",(J70-K70)*100) -> -3.4698699 | M70: 2.0758884 | N70: 2.0770899 | O70: =SQRT(M70^2+N70^2) -> 2.9365993 | P70: =IF(J70="","",MAX(0,J70-1.96*O70/100)) -> 0.35802992 | Q70: =IF(J70="","",MIN(1,J70+1.96*O70/100)) -> 0.47314461 | R70: =IF(L70="","",IF(ABS(L70)<=O70,"Yes","No")) -> No | S70: =IF(L70="","",IF(ABS(L70)<=1.96*O70,"Yes","No")) -> Yes | T70: =IF(D70="","",ROUND(SQRT(((D70+G70)*O70/100)^2+(J70*(D70+G70)*0.06406)^2),0)) -> 181
A71: Northampton | B71: LOWER SAUCON | C71: (whole municipality) | D71: 3397 | E71: 3457 | F71: =IF(E71="","",D71-E71) -> -60 | G71: 3826 | H71: 3805 | I71: =IF(H71="","",G71-H71) -> 21 | J71: =IF(OR(D71="",D71+G71=0),"",D71/(D71+G71)) -> 0.4703032 | K71: =IF(E71="","",E71/(E71+H71)) -> 0.47603966 | L71: =IF(OR(K71="",J71=""),"",(J71-K71)*100) -> -0.57364604 | M71: 2.0758884 | N71: 2.0770899 | O71: =SQRT(M71^2+N71^2) -> 2.9365993 | P71: =IF(J71="","",MAX(0,J71-1.96*O71/100)) -> 0.41274585 | Q71: =IF(J71="","",MIN(1,J71+1.96*O71/100)) -> 0.52786054 | R71: =IF(L71="","",IF(ABS(L71)<=O71,"Yes","No")) -> Yes | S71: =IF(L71="","",IF(ABS(L71)<=1.96*O71,"Yes","No")) -> Yes | T71: =IF(D71="","",ROUND(SQRT(((D71+G71)*O71/100)^2+(J71*(D71+G71)*0.06406)^2),0)) -> 304
A72: Northampton | B72: MOORE | C72: (whole municipality) | D72: 1939 | E72: 2006 | F72: =IF(E72="","",D72-E72) -> -67 | G72: 4008 | H72: 4057 | I72: =IF(H72="","",G72-H72) -> -49 | J72: =IF(OR(D72="",D72+G72=0),"",D72/(D72+G72)) -> 0.32604675 | K72: =IF(E72="","",E72/(E72+H72)) -> 0.33085931 | L72: =IF(OR(K72="",J72=""),"",(J72-K72)*100) -> -0.48125643 | M72: 2.0758884 | N72: 2.0770899 | O72: =SQRT(M72^2+N72^2) -> 2.9365993 | P72: =IF(J72="","",MAX(0,J72-1.96*O72/100)) -> 0.2684894 | Q72: =IF(J72="","",MIN(1,J72+1.96*O72/100)) -> 0.38360409 | R72: =IF(L72="","",IF(ABS(L72)<=O72,"Yes","No")) -> Yes | S72: =IF(L72="","",IF(ABS(L72)<=1.96*O72,"Yes","No")) -> Yes | T72: =IF(D72="","",ROUND(SQRT(((D72+G72)*O72/100)^2+(J72*(D72+G72)*0.06406)^2),0)) -> 214
A73: Northampton | B73: NAZARETH | C73: (whole municipality) | D73: 1566 | E73: 1596 | F73: =IF(E73="","",D73-E73) -> -30 | G73: 1601 | H73: 1664 | I73: =IF(H73="","",G73-H73) -> -63 | J73: =IF(OR(D73="",D73+G73=0),"",D73/(D73+G73)) -> 0.49447427 | K73: =IF(E73="","",E73/(E73+H73)) -> 0.48957055 | L73: =IF(OR(K73="",J73=""),"",(J73-K73)*100) -> 0.49037137 | M73: 2.1983487 | N73: 2.0770899 | O73: =SQRT(M73^2+N73^2) -> 3.0244073 | P73: =IF(J73="","",MAX(0,J73-1.96*O73/100)) -> 0.43519588 | Q73: =IF(J73="","",MIN(1,J73+1.96*O73/100)) -> 0.55375265 | R73: =IF(L73="","",IF(ABS(L73)<=O73,"Yes","No")) -> Yes | S73: =IF(L73="","",IF(ABS(L73)<=1.96*O73,"Yes","No")) -> Yes | T73: =IF(D73="","",ROUND(SQRT(((D73+G73)*O73/100)^2+(J73*(D73+G73)*0.07048)^2),0)) -> 146
A74: Northampton | B74: NORTH CATASAUQUA | C74: (whole municipality) | D74: 859 | E74: 847 | F74: =IF(E74="","",D74-E74) -> 12 | G74: 916 | H74: 889 | I74: =IF(H74="","",G74-H74) -> 27 | J74: =IF(OR(D74="",D74+G74=0),"",D74/(D74+G74)) -> 0.48394366 | K74: =IF(E74="","",E74/(E74+H74)) -> 0.48790323 | L74: =IF(OR(K74="",J74=""),"",(J74-K74)*100) -> -0.39595638 | M74: 2.1983487 | N74: 2.0770899 | O74: =SQRT(M74^2+N74^2) -> 3.0244073 | P74: =IF(J74="","",MAX(0,J74-1.96*O74/100)) -> 0.42466528 | Q74: =IF(J74="","",MIN(1,J74+1.96*O74/100)) -> 0.54322205 | R74: =IF(L74="","",IF(ABS(L74)<=O74,"Yes","No")) -> Yes | S74: =IF(L74="","",IF(ABS(L74)<=1.96*O74,"Yes","No")) -> Yes | T74: =IF(D74="","",ROUND(SQRT(((D74+G74)*O74/100)^2+(J74*(D74+G74)*0.07048)^2),0)) -> 81
A75: Northampton | B75: NORTHAMPTON | C75: (whole municipality) | D75: 2708 | E75: 2573 | F75: =IF(E75="","",D75-E75) -> 135 | G75: 2996 | H75: 3023 | I75: =IF(H75="","",G75-H75) -> -27 | J75: =IF(OR(D75="",D75+G75=0),"",D75/(D75+G75)) -> 0.47475456 | K75: =IF(E75="","",E75/(E75+H75)) -> 0.45979271 | L75: =IF(OR(K75="",J75=""),"",(J75-K75)*100) -> 1.4961849 | M75: 2.0758884 | N75: 2.0770899 | O75: =SQRT(M75^2+N75^2) -> 2.9365993 | P75: =IF(J75="","",MAX(0,J75-1.96*O75/100)) -> 0.41719721 | Q75: =IF(J75="","",MIN(1,J75+1.96*O75/100)) -> 0.5323119 | R75: =IF(L75="","",IF(ABS(L75)<=O75,"Yes","No")) -> Yes | S75: =IF(L75="","",IF(ABS(L75)<=1.96*O75,"Yes","No")) -> Yes | T75: =IF(D75="","",ROUND(SQRT(((D75+G75)*O75/100)^2+(J75*(D75+G75)*0.06406)^2),0)) -> 241
A76: Northampton | B76: PALMER | C76: (whole municipality) | D76: 6976 | E76: 6974 | F76: =IF(E76="","",D76-E76) -> 2 | G76: 6818 | H76: 6736 | I76: =IF(H76="","",G76-H76) -> 82 | J76: =IF(OR(D76="",D76+G76=0),"",D76/(D76+G76)) -> 0.50572713 | K76: =IF(E76="","",E76/(E76+H76)) -> 0.5086798 | L76: =IF(OR(K76="",J76=""),"",(J76-K76)*100) -> -0.2952668 | M76: 2.0758884 | N76: 2.0770899 | O76: =SQRT(M76^2+N76^2) -> 2.9365993 | P76: =IF(J76="","",MAX(0,J76-1.96*O76/100)) -> 0.44816978 | Q76: =IF(J76="","",MIN(1,J76+1.96*O76/100)) -> 0.56328447 | R76: =IF(L76="","",IF(ABS(L76)<=O76,"Yes","No")) -> Yes | S76: =IF(L76="","",IF(ABS(L76)<=1.96*O76,"Yes","No")) -> Yes | T76: =IF(D76="","",ROUND(SQRT(((D76+G76)*O76/100)^2+(J76*(D76+G76)*0.06406)^2),0)) -> 603
A77: Northampton | B77: PEN ARGYL | C77: (whole municipality) | D77: 676 | E77: 703 | F77: =IF(E77="","",D77-E77) -> -27 | G77: 1169 | H77: 1180 | I77: =IF(H77="","",G77-H77) -> -11 | J77: =IF(OR(D77="",D77+G77=0),"",D77/(D77+G77)) -> 0.36639566 | K77: =IF(E77="","",E77/(E77+H77)) -> 0.37334041 | L77: =IF(OR(K77="",J77=""),"",(J77-K77)*100) -> -0.69447503 | M77: 2.1983487 | N77: 2.0770899 | O77: =SQRT(M77^2+N77^2) -> 3.0244073 | P77: =IF(J77="","",MAX(0,J77-1.96*O77/100)) -> 0.30711728 | Q77: =IF(J77="","",MIN(1,J77+1.96*O77/100)) -> 0.42567405 | R77: =IF(L77="","",IF(ABS(L77)<=O77,"Yes","No")) -> Yes | S77: =IF(L77="","",IF(ABS(L77)<=1.96*O77,"Yes","No")) -> Yes | T77: =IF(D77="","",ROUND(SQRT(((D77+G77)*O77/100)^2+(J77*(D77+G77)*0.07048)^2),0)) -> 73
A78: Northampton | B78: PLAINFIELD | C78: (whole municipality) | D78: 1289 | E78: 1361 | F78: =IF(E78="","",D78-E78) -> -72 | G78: 2661 | H78: 2561 | I78: =IF(H78="","",G78-H78) -> 100 | J78: =IF(OR(D78="",D78+G78=0),"",D78/(D78+G78)) -> 0.32632911 | K78: =IF(E78="","",E78/(E78+H78)) -> 0.34701683 | L78: =IF(OR(K78="",J78=""),"",(J78-K78)*100) -> -2.0687714 | M78: 2.0758884 | N78: 2.0770899 | O78: =SQRT(M78^2+N78^2) -> 2.9365993 | P78: =IF(J78="","",MAX(0,J78-1.96*O78/100)) -> 0.26877177 | Q78: =IF(J78="","",MIN(1,J78+1.96*O78/100)) -> 0.38388646 | R78: =IF(L78="","",IF(ABS(L78)<=O78,"Yes","No")) -> Yes | S78: =IF(L78="","",IF(ABS(L78)<=1.96*O78,"Yes","No")) -> Yes | T78: =IF(D78="","",ROUND(SQRT(((D78+G78)*O78/100)^2+(J78*(D78+G78)*0.06406)^2),0)) -> 142
A79: Northampton | B79: PORTLAND | C79: (whole municipality) | D79: 78 | E79: 92 | F79: =IF(E79="","",D79-E79) -> -14 | G79: 171 | H79: 167 | I79: =IF(H79="","",G79-H79) -> 4 | J79: =IF(OR(D79="",D79+G79=0),"",D79/(D79+G79)) -> 0.31325301 | K79: =IF(E79="","",E79/(E79+H79)) -> 0.35521236 | L79: =IF(OR(K79="",J79=""),"",(J79-K79)*100) -> -4.1959343 | M79: 3.8569021 | N79: 2.0770899 | O79: =SQRT(M79^2+N79^2) -> 4.3806388 | P79: =IF(J79="","",MAX(0,J79-1.96*O79/100)) -> 0.22739249 | Q79: =IF(J79="","",MIN(1,J79+1.96*O79/100)) -> 0.39911353 | R79: =IF(L79="","",IF(ABS(L79)<=O79,"Yes","No")) -> Yes | S79: =IF(L79="","",IF(ABS(L79)<=1.96*O79,"Yes","No")) -> Yes | T79: =IF(D79="","",ROUND(SQRT(((D79+G79)*O79/100)^2+(J79*(D79+G79)*0.09173)^2),0)) -> 13
A80: Northampton | B80: ROSETO | C80: (whole municipality) | D80: 331 | E80: 335 | F80: =IF(E80="","",D80-E80) -> -4 | G80: 601 | H80: 581 | I80: =IF(H80="","",G80-H80) -> 20 | J80: =IF(OR(D80="",D80+G80=0),"",D80/(D80+G80)) -> 0.35515021 | K80: =IF(E80="","",E80/(E80+H80)) -> 0.36572052 | L80: =IF(OR(K80="",J80=""),"",(J80-K80)*100) -> -1.0570309 | M80: 3.8569021 | N80: 2.0770899 | O80: =SQRT(M80^2+N80^2) -> 4.3806388 | P80: =IF(J80="","",MAX(0,J80-1.96*O80/100)) -> 0.26928969 | Q80: =IF(J80="","",MIN(1,J80+1.96*O80/100)) -> 0.44101073 | R80: =IF(L80="","",IF(ABS(L80)<=O80,"Yes","No")) -> Yes | S80: =IF(L80="","",IF(ABS(L80)<=1.96*O80,"Yes","No")) -> Yes | T80: =IF(D80="","",ROUND(SQRT(((D80+G80)*O80/100)^2+(J80*(D80+G80)*0.09173)^2),0)) -> 51
A81: Northampton | B81: STOCKERTOWN | C81: (whole municipality) | D81: 206 | E81: 210 | F81: =IF(E81="","",D81-E81) -> -4 | G81: 308 | H81: 309 | I81: =IF(H81="","",G81-H81) -> -1 | J81: =IF(OR(D81="",D81+G81=0),"",D81/(D81+G81)) -> 0.40077821 | K81: =IF(E81="","",E81/(E81+H81)) -> 0.40462428 | L81: =IF(OR(K81="",J81=""),"",(J81-K81)*100) -> -0.38460673 | M81: 3.8569021 | N81: 2.0770899 | O81: =SQRT(M81^2+N81^2) -> 4.3806388 | P81: =IF(J81="","",MAX(0,J81-1.96*O81/100)) -> 0.31491769 | Q81: =IF(J81="","",MIN(1,J81+1.96*O81/100)) -> 0.48663873 | R81: =IF(L81="","",IF(ABS(L81)<=O81,"Yes","No")) -> Yes | S81: =IF(L81="","",IF(ABS(L81)<=1.96*O81,"Yes","No")) -> Yes | T81: =IF(D81="","",ROUND(SQRT(((D81+G81)*O81/100)^2+(J81*(D81+G81)*0.09173)^2),0)) -> 29
A82: Northampton | B82: TATAMY | C82: (whole municipality) | D82: 314 | E82: 331 | F82: =IF(E82="","",D82-E82) -> -17 | G82: 458 | H82: 458 | I82: =IF(H82="","",G82-H82) -> 0 | J82: =IF(OR(D82="",D82+G82=0),"",D82/(D82+G82)) -> 0.40673575 | K82: =IF(E82="","",E82/(E82+H82)) -> 0.41951838 | L82: =IF(OR(K82="",J82=""),"",(J82-K82)*100) -> -1.2782626 | M82: 3.8569021 | N82: 2.0770899 | O82: =SQRT(M82^2+N82^2) -> 4.3806388 | P82: =IF(J82="","",MAX(0,J82-1.96*O82/100)) -> 0.32087523 | Q82: =IF(J82="","",MIN(1,J82+1.96*O82/100)) -> 0.49259627 | R82: =IF(L82="","",IF(ABS(L82)<=O82,"Yes","No")) -> Yes | S82: =IF(L82="","",IF(ABS(L82)<=1.96*O82,"Yes","No")) -> Yes | T82: =IF(D82="","",ROUND(SQRT(((D82+G82)*O82/100)^2+(J82*(D82+G82)*0.09173)^2),0)) -> 44
A83: Northampton | B83: UPPER MOUNT BETHEL | C83: (whole municipality) | D83: 1162 | E83: 1242 | F83: =IF(E83="","",D83-E83) -> -80 | G83: 2696 | H83: 2716 | I83: =IF(H83="","",G83-H83) -> -20 | J83: =IF(OR(D83="",D83+G83=0),"",D83/(D83+G83)) -> 0.30119233 | K83: =IF(E83="","",E83/(E83+H83)) -> 0.31379485 | L83: =IF(OR(K83="",J83=""),"",(J83-K83)*100) -> -1.2602518 | M83: 2.0758884 | N83: 2.0770899 | O83: =SQRT(M83^2+N83^2) -> 2.9365993 | P83: =IF(J83="","",MAX(0,J83-1.96*O83/100)) -> 0.24363498 | Q83: =IF(J83="","",MIN(1,J83+1.96*O83/100)) -> 0.35874967 | R83: =IF(L83="","",IF(ABS(L83)<=O83,"Yes","No")) -> Yes | S83: =IF(L83="","",IF(ABS(L83)<=1.96*O83,"Yes","No")) -> Yes | T83: =IF(D83="","",ROUND(SQRT(((D83+G83)*O83/100)^2+(J83*(D83+G83)*0.06406)^2),0)) -> 136
A84: Northampton | B84: UPPER NAZARETH | C84: (whole municipality) | D84: 1910 | E84: 1964 | F84: =IF(E84="","",D84-E84) -> -54 | G84: 2159 | H84: 2147 | I84: =IF(H84="","",G84-H84) -> 12 | J84: =IF(OR(D84="",D84+G84=0),"",D84/(D84+G84)) -> 0.4694028 | K84: =IF(E84="","",E84/(E84+H84)) -> 0.47774264 | L84: =IF(OR(K84="",J84=""),"",(J84-K84)*100) -> -0.833984 | M84: 2.0758884 | N84: 2.0770899 | O84: =SQRT(M84^2+N84^2) -> 2.9365993 | P84: =IF(J84="","",MAX(0,J84-1.96*O84/100)) -> 0.41184546 | Q84: =IF(J84="","",MIN(1,J84+1.96*O84/100)) -> 0.52696015 | R84: =IF(L84="","",IF(ABS(L84)<=O84,"Yes","No")) -> Yes | S84: =IF(L84="","",IF(ABS(L84)<=1.96*O84,"Yes","No")) -> Yes | T84: =IF(D84="","",ROUND(SQRT(((D84+G84)*O84/100)^2+(J84*(D84+G84)*0.06406)^2),0)) -> 171
A85: Northampton | B85: WALNUTPORT | C85: (whole municipality) | D85: 420 | E85: 416 | F85: =IF(E85="","",D85-E85) -> 4 | G85: 641 | H85: 658 | I85: =IF(H85="","",G85-H85) -> -17 | J85: =IF(OR(D85="",D85+G85=0),"",D85/(D85+G85)) -> 0.39585297 | K85: =IF(E85="","",E85/(E85+H85)) -> 0.38733706 | L85: =IF(OR(K85="",J85=""),"",(J85-K85)*100) -> 0.85159112 | M85: 3.8569021 | N85: 2.0770899 | O85: =SQRT(M85^2+N85^2) -> 4.3806388 | P85: =IF(J85="","",MAX(0,J85-1.96*O85/100)) -> 0.30999245 | Q85: =IF(J85="","",MIN(1,J85+1.96*O85/100)) -> 0.48171349 | R85: =IF(L85="","",IF(ABS(L85)<=O85,"Yes","No")) -> Yes | S85: =IF(L85="","",IF(ABS(L85)<=1.96*O85,"Yes","No")) -> Yes | T85: =IF(D85="","",ROUND(SQRT(((D85+G85)*O85/100)^2+(J85*(D85+G85)*0.09173)^2),0)) -> 60
A86: Northampton | B86: WASHINGTON | C86: (whole municipality) | D86: 1016 | E86: 1041 | F86: =IF(E86="","",D86-E86) -> -25 | G86: 2060 | H86: 2088 | I86: =IF(H86="","",G86-H86) -> -28 | J86: =IF(OR(D86="",D86+G86=0),"",D86/(D86+G86)) -> 0.33029909 | K86: =IF(E86="","",E86/(E86+H86)) -> 0.33269415 | L86: =IF(OR(K86="",J86=""),"",(J86-K86)*100) -> -0.23950618 | M86: 2.1983487 | N86: 2.0770899 | O86: =SQRT(M86^2+N86^2) -> 3.0244073 | P86: =IF(J86="","",MAX(0,J86-1.96*O86/100)) -> 0.27102071 | Q86: =IF(J86="","",MIN(1,J86+1.96*O86/100)) -> 0.38957747 | R86: =IF(L86="","",IF(ABS(L86)<=O86,"Yes","No")) -> Yes | S86: =IF(L86="","",IF(ABS(L86)<=1.96*O86,"Yes","No")) -> Yes | T86: =IF(D86="","",ROUND(SQRT(((D86+G86)*O86/100)^2+(J86*(D86+G86)*0.07048)^2),0)) -> 117
A87: Northampton | B87: WEST EASTON | C87: (whole municipality) | D87: 256 | E87: 281 | F87: =IF(E87="","",D87-E87) -> -25 | G87: 351 | H87: 310 | I87: =IF(H87="","",G87-H87) -> 41 | J87: =IF(OR(D87="",D87+G87=0),"",D87/(D87+G87)) -> 0.42174629 | K87: =IF(E87="","",E87/(E87+H87)) -> 0.47546531 | L87: =IF(OR(K87="",J87=""),"",(J87-K87)*100) -> -5.371902 | M87: 3.8569021 | N87: 2.0770899 | O87: =SQRT(M87^2+N87^2) -> 4.3806388 | P87: =IF(J87="","",MAX(0,J87-1.96*O87/100)) -> 0.33588577 | Q87: =IF(J87="","",MIN(1,J87+1.96*O87/100)) -> 0.50760681 | R87: =IF(L87="","",IF(ABS(L87)<=O87,"Yes","No")) -> No | S87: =IF(L87="","",IF(ABS(L87)<=1.96*O87,"Yes","No")) -> Yes | T87: =IF(D87="","",ROUND(SQRT(((D87+G87)*O87/100)^2+(J87*(D87+G87)*0.09173)^2),0)) -> 35
A88: Northampton | B88: WILLIAMS TOWNSHIP | C88: (whole municipality) | D88: 1747 | E88: 1847 | F88: =IF(E88="","",D88-E88) -> -100 | G88: 2442 | H88: 2401 | I88: =IF(H88="","",G88-H88) -> 41 | J88: =IF(OR(D88="",D88+G88=0),"",D88/(D88+G88)) -> 0.41704464 | K88: =IF(E88="","",E88/(E88+H88)) -> 0.43479284 | L88: =IF(OR(K88="",J88=""),"",(J88-K88)*100) -> -1.7748203 | M88: 2.0758884 | N88: 2.0770899 | O88: =SQRT(M88^2+N88^2) -> 2.9365993 | P88: =IF(J88="","",MAX(0,J88-1.96*O88/100)) -> 0.35948729 | Q88: =IF(J88="","",MIN(1,J88+1.96*O88/100)) -> 0.47460199 | R88: =IF(L88="","",IF(ABS(L88)<=O88,"Yes","No")) -> Yes | S88: =IF(L88="","",IF(ABS(L88)<=1.96*O88,"Yes","No")) -> Yes | T88: =IF(D88="","",ROUND(SQRT(((D88+G88)*O88/100)^2+(J88*(D88+G88)*0.06406)^2),0)) -> 166
A89: Northampton | B89: WILSON | C89: (whole municipality) | D89: 1859 | E89: 1897 | F89: =IF(E89="","",D89-E89) -> -38 | G89: 1547 | H89: 1538 | I89: =IF(H89="","",G89-H89) -> 9 | J89: =IF(OR(D89="",D89+G89=0),"",D89/(D89+G89)) -> 0.54580153 | K89: =IF(E89="","",E89/(E89+H89)) -> 0.55225619 | L89: =IF(OR(K89="",J89=""),"",(J89-K89)*100) -> -0.64546596 | M89: 2.1983487 | N89: 2.0770899 | O89: =SQRT(M89^2+N89^2) -> 3.0244073 | P89: =IF(J89="","",MAX(0,J89-1.96*O89/100)) -> 0.48652314 | Q89: =IF(J89="","",MIN(1,J89+1.96*O89/100)) -> 0.60507991 | R89: =IF(L89="","",IF(ABS(L89)<=O89,"Yes","No")) -> Yes | S89: =IF(L89="","",IF(ABS(L89)<=1.96*O89,"Yes","No")) -> Yes | T89: =IF(D89="","",ROUND(SQRT(((D89+G89)*O89/100)^2+(J89*(D89+G89)*0.07048)^2),0)) -> 167
A90: Northampton | B90: WIND GAP | C90: (whole municipality) | D90: 620 | E90: 634 | F90: =IF(E90="","",D90-E90) -> -14 | G90: 906 | H90: 856 | I90: =IF(H90="","",G90-H90) -> 50 | J90: =IF(OR(D90="",D90+G90=0),"",D90/(D90+G90)) -> 0.40629096 | K90: =IF(E90="","",E90/(E90+H90)) -> 0.42550336 | L90: =IF(OR(K90="",J90=""),"",(J90-K90)*100) -> -1.9212399 | M90: 3.8569021 | N90: 2.0770899 | O90: =SQRT(M90^2+N90^2) -> 4.3806388 | P90: =IF(J90="","",MAX(0,J90-1.96*O90/100)) -> 0.32043044 | Q90: =IF(J90="","",MIN(1,J90+1.96*O90/100)) -> 0.49215148 | R90: =IF(L90="","",IF(ABS(L90)<=O90,"Yes","No")) -> Yes | S90: =IF(L90="","",IF(ABS(L90)<=1.96*O90,"Yes","No")) -> Yes | T90: =IF(D90="","",ROUND(SQRT(((D90+G90)*O90/100)^2+(J90*(D90+G90)*0.09173)^2),0)) -> 88
A92: PA-07 District (municipalities compared) | D92: =SUMIF(E2:E90,"<>",D2:D90) -> 196809 | E92: =SUM(E2:E90) -> 199626 | F92: =D92-E92 -> -2817 | G92: =SUMIF(H2:H90,"<>",G2:G90) -> 204314 | H92: =SUM(H2:H90) -> 203688 | I92: =G92-H92 -> 626 | J92: =D92/(D92+G92) -> 0.49064501 | K92: =E92/(E92+H92) -> 0.49496422 | L92: =(J92-K92)*100 -> -0.43192073 | M92: 0 | N92: 2.0770899 | O92: =SQRT(M92^2+N92^2) -> 2.0770899 | P92: =J92-1.96*O92/100 -> 0.44993405 | Q92: =J92+1.96*O92/100 -> 0.53135598 | R92: =IF(ABS(L92)<=O92,"Yes","No") -> Yes | S92: =IF(ABS(L92)<=1.96*O92,"Yes","No") -> Yes | T92: =ROUND(SQRT(((D92+G92)*O92/100)^2+(J92*(D92+G92)*0.05028)^2),0) -> 12936
A93: All rows (predicted only) | D93: =SUM(D2:D90) -> 196809 | G93: =SUM(G2:G90) -> 204314 | J93: =D93/(D93+G93) -> 0.49064501
A95: Average miss per row, Democratic votes (sign removed) | F95: =(SUMIF(F2:F90,">0")-SUMIF(F2:F90,"<0"))/COUNT(F2:F90) -> 76.52809
A96: Average miss per row, Republican votes (sign removed) | F96: =(SUMIF(I2:I90,">0")-SUMIF(I2:I90,"<0"))/COUNT(I2:I90) -> 58.47191
A97: Average miss per row, Democratic share (points, sign removed) | F97: =(SUMIF(L2:L90,">0")-SUMIF(L2:L90,"<0"))/COUNT(L2:L90) -> 1.477909
A98: Root-mean-square miss per row, Democratic share (points) | F98: =SQRT(SUMSQ(L2:L90)/COUNT(L2:L90)) -> 1.9408966
A99: District-wide miss, Democratic share (points) | F99: =L92 -> -0.43192073
A100: Pattern RMS miss per row (points) — district-wide miss removed | F100: =SQRT((SUMSQ(L2:L90)-2*L92*SUM(L2:L90)+COUNT(L2:L90)*L92^2)/COUNT(L2:L90)) -> 1.8079197
A101: Democratic votes miss, district (percent) | F101: =D92/E92-1 -> -0.014111388
A102: Republican votes miss, district (percent) | F102: =G92/H92-1 -> 0.0030733278
...

Sheet Backtest 2024 B
A1: County | B1: Municipality | C1: Area | D1: Predicted Democratic (Wild) votes | E1: Actual Democratic votes | F1: Error, Democratic votes (predicted minus actual) | G1: Predicted Republican (Mackenzie) votes | H1: Actual Republican votes | I1: Error, Republican votes (predicted minus actual) | J1: Predicted Democratic share of the two-party vote | K1: Actual Democratic share of the two-party vote | L1: Error in Democratic share, percentage points (predicted minus actual) | M1: Error term: place pattern (± pts, from 2018, 2020, 2022) | N1: Error term: district-wide (± pts, from 2018, 2020, 2022) | O1: Error term: total (± pts) | P1: Predicted share, 95% low | Q1: Predicted share, 95% high | R1: Actual inside ±1 error term? | S1: Actual inside 95% range? | T1: Error term: Democratic votes (± votes) | U1: Note
A2: Carbon | B2: BANKS TOWNSHIP | C2: (whole municipality) | D2: 152 | E2: 181 | F2: =IF(E2="","",D2-E2) -> -29 | G2: 286 | H2: 285 | I2: =IF(H2="","",G2-H2) -> 1 | J2: =IF(OR(D2="",D2+G2=0),"",D2/(D2+G2)) -> 0.34703196 | K2: =IF(E2="","",E2/(E2+H2)) -> 0.38841202 | L2: =IF(OR(K2="",J2=""),"",(J2-K2)*100) -> -4.1380054 | M2: 3.6523583 | N2: 2.0764544 | O2: =SQRT(M2^2+N2^2) -> 4.201355 | P2: =IF(J2="","",MAX(0,J2-1.96*O2/100)) -> 0.26468541 | Q2: =IF(J2="","",MIN(1,J2+1.96*O2/100)) -> 0.42937852 | R2: =IF(L2="","",IF(ABS(L2)<=O2,"Yes","No")) -> Yes | S2: =IF(L2="","",IF(ABS(L2)<=1.96*O2,"Yes","No")) -> Yes | T2: =IF(D2="","",ROUND(SQRT(((D2+G2)*O2/100)^2+(J2*(D2+G2)*0.09173)^2),0)) -> 23
A3: Carbon | B3: BEAVER MEADOWS BOROUGH | C3: (whole municipality) | D3: 104 | E3: 118 | F3: =IF(E3="","",D3-E3) -> -14 | G3: 300 | H3: 300 | I3: =IF(H3="","",G3-H3) -> 0 | J3: =IF(OR(D3="",D3+G3=0),"",D3/(D3+G3)) -> 0.25742574 | K3: =IF(E3="","",E3/(E3+H3)) -> 0.28229665 | L3: =IF(OR(K3="",J3=""),"",(J3-K3)*100) -> -2.4870908 | M3: 3.6523583 | N3: 2.0764544 | O3: =SQRT(M3^2+N3^2) -> 4.201355 | P3: =IF(J3="","",MAX(0,J3-1.96*O3/100)) -> 0.17507918 | Q3: =IF(J3="","",MIN(1,J3+1.96*O3/100)) -> 0.3397723 | R3: =IF(L3="","",IF(ABS(L3)<=O3,"Yes","No")) -> Yes | S3: =IF(L3="","",IF(ABS(L3)<=1.96*O3,"Yes","No")) -> Yes | T3: =IF(D3="","",ROUND(SQRT(((D3+G3)*O3/100)^2+(J3*(D3+G3)*0.09173)^2),0)) -> 19
A4: Carbon | B4: BOWMANSTOWN BOROUGH | C4: (whole municipality) | D4: 130 | E4: 144 | F4: =IF(E4="","",D4-E4) -> -14 | G4: 273 | H4: 310 | I4: =IF(H4="","",G4-H4) -> -37 | J4: =IF(OR(D4="",D4+G4=0),"",D4/(D4+G4)) -> 0.32258065 | K4: =IF(E4="","",E4/(E4+H4)) -> 0.31718062 | L4: =IF(OR(K4="",J4=""),"",(J4-K4)*100) -> 0.54000284 | M4: 3.6523583 | N4: 2.0764544 | O4: =SQRT(M4^2+N4^2) -> 4.201355 | P4: =IF(J4="","",MAX(0,J4-1.96*O4/100)) -> 0.24023409 | Q4: =IF(J4="","",MIN(1,J4+1.96*O4/100)) -> 0.4049272 | R4: =IF(L4="","",IF(ABS(L4)<=O4,"Yes","No")) -> Yes | S4: =IF(L4="","",IF(ABS(L4)<=1.96*O4,"Yes","No")) -> Yes | T4: =IF(D4="","",ROUND(SQRT(((D4+G4)*O4/100)^2+(J4*(D4+G4)*0.09173)^2),0)) -> 21
A5: Carbon | B5: EAST PENN TOWNSHIP | C5: (whole municipality) | D5: 415 | E5: 438 | F5: =IF(E5="","",D5-E5) -> -23 | G5: 1160 | H5: 1253 | I5: =IF(H5="","",G5-H5) -> -93 | J5: =IF(OR(D5="",D5+G5=0),"",D5/(D5+G5)) -> 0.26349206 | K5: =IF(E5="","",E5/(E5+H5)) -> 0.25901833 | L5: =IF(OR(K5="",J5=""),"",(J5-K5)*100) -> 0.44737311 | M5: 2.3700269 | N5: 2.0764544 | O5: =SQRT(M5^2+N5^2) -> 3.1509825 | P5: =IF(J5="","",MAX(0,J5-1.96*O5/100)) -> 0.20173281 | Q5: =IF(J5="","",MIN(1,J5+1.96*O5/100)) -> 0.32525132 | R5: =IF(L5="","",IF(ABS(L5)<=O5,"Yes","No")) -> Yes | S5: =IF(L5="","",IF(ABS(L5)<=1.96*O5,"Yes","No")) -> Yes | T5: =IF(D5="","",ROUND(SQRT(((D5+G5)*O5/100)^2+(J5*(D5+G5)*0.07048)^2),0)) -> 58
A6: Carbon | B6: EAST SIDE BOROUGH | C6: (whole municipality) | D6: 38 | E6: 38 | F6: =IF(E6="","",D6-E6) -> 0 | G6: 74 | H6: 78 | I6: =IF(H6="","",G6-H6) -> -4 | J6: =IF(OR(D6="",D6+G6=0),"",D6/(D6+G6)) -> 0.33928571 | K6: =IF(E6="","",E6/(E6+H6)) -> 0.32758621 | L6: =IF(OR(K6="",J6=""),"",(J6-K6)*100) -> 1.1699507 | M6: 3.6523583 | N6: 2.0764544 | O6: =SQRT(M6^2+N6^2) -> 4.201355 | P6: =IF(J6="","",MAX(0,J6-1.96*O6/100)) -> 0.25693916 | Q6: =IF(J6="","",MIN(1,J6+1.96*O6/100)) -> 0.42163227 | R6: =IF(L6="","",IF(ABS(L6)<=O6,"Yes","No")) -> Yes | S6: =IF(L6="","",IF(ABS(L6)<=1.96*O6,"Yes","No")) -> Yes | T6: =IF(D6="","",ROUND(SQRT(((D6+G6)*O6/100)^2+(J6*(D6+G6)*0.09173)^2),0)) -> 6
A7: Carbon | B7: FRANKLIN TOWNSHIP | C7: (whole municipality) | D7: 641 | E7: 708 | F7: =IF(E7="","",D7-E7) -> -67 | G7: 1791 | H7: 1846 | I7: =IF(H7="","",G7-H7) -> -55 | J7: =IF(OR(D7="",D7+G7=0),"",D7/(D7+G7)) -> 0.26356908 | K7: =IF(E7="","",E7/(E7+H7)) -> 0.27721222 | L7: =IF(OR(K7="",J7=""),"",(J7-K7)*100) -> -1.3643137 | M7: 2.3700269 | N7: 2.0764544 | O7: =SQRT(M7^2+N7^2) -> 3.1509825 | P7: =IF(J7="","",MAX(0,J7-1.96*O7/100)) -> 0.20180982 | Q7: =IF(J7="","",MIN(1,J7+1.96*O7/100)) -> 0.32532833 | R7: =IF(L7="","",IF(ABS(L7)<=O7,"Yes","No")) -> Yes | S7: =IF(L7="","",IF(ABS(L7)<=1.96*O7,"Yes","No")) -> Yes | T7: =IF(D7="","",ROUND(SQRT(((D7+G7)*O7/100)^2+(J7*(D7+G7)*0.07048)^2),0)) -> 89
A8: Carbon | B8: JIM THORPE BOROUGH | C8: (whole municipality) | D8: 1103 | E8: 1104 | F8: =IF(E8="","",D8-E8) -> -1 | G8: 1322 | H8: 1481 | I8: =IF(H8="","",G8-H8) -> -159 | J8: =IF(OR(D8="",D8+G8=0),"",D8/(D8+G8)) -> 0.45484536 | K8: =IF(E8="","",E8/(E8+H8)) -> 0.4270793 | L8: =IF(OR(K8="",J8=""),"",(J8-K8)*100) -> 2.7766057 | M8: 2.3700269 | N8: 2.0764544 | O8: =SQRT(M8^2+N8^2) -> 3.1509825 | P8: =IF(J8="","",MAX(0,J8-1.96*O8/100)) -> 0.3930861 | Q8: =IF(J8="","",MIN(1,J8+1.96*O8/100)) -> 0.51660462 | R8: =IF(L8="","",IF(ABS(L8)<=O8,"Yes","No")) -> Yes | S8: =IF(L8="","",IF(ABS(L8)<=1.96*O8,"Yes","No")) -> Yes | T8: =IF(D8="","",ROUND(SQRT(((D8+G8)*O8/100)^2+(J8*(D8+G8)*0.07048)^2),0)) -> 109
A9: Carbon | B9: KIDDER TOWNSHIP | C9: (whole municipality) | D9: 339 | E9: 351 | F9: =IF(E9="","",D9-E9) -> -12 | G9: 697 | H9: 697 | I9: =IF(H9="","",G9-H9) -> 0 | J9: =IF(OR(D9="",D9+G9=0),"",D9/(D9+G9)) -> 0.32722008 | K9: =IF(E9="","",E9/(E9+H9)) -> 0.33492366 | L9: =IF(OR(K9="",J9=""),"",(J9-K9)*100) -> -0.77035869 | M9: 3.6523583 | N9: 2.0764544 | O9: =SQRT(M9^2+N9^2) -> 4.201355 | P9: =IF(J9="","",MAX(0,J9-1.96*O9/100)) -> 0.24487352 | Q9: =IF(J9="","",MIN(1,J9+1.96*O9/100)) -> 0.40956664 | R9: =IF(L9="","",IF(ABS(L9)<=O9,"Yes","No")) -> Yes | S9: =IF(L9="","",IF(ABS(L9)<=1.96*O9,"Yes","No")) -> Yes | T9: =IF(D9="","",ROUND(SQRT(((D9+G9)*O9/100)^2+(J9*(D9+G9)*0.09173)^2),0)) -> 53
A10: Carbon | B10: LANSFORD BOROUGH | C10: (whole municipality) | D10: 586 | E10: 575 | F10: =IF(E10="","",D10-E10) -> 11 | G10: 823 | H10: 880 | I10: =IF(H10="","",G10-H10) -> -57 | J10: =IF(OR(D10="",D10+G10=0),"",D10/(D10+G10)) -> 0.4158978 | K10: =IF(E10="","",E10/(E10+H10)) -> 0.395189 | L10: =IF(OR(K10="",J10=""),"",(J10-K10)*100) -> 2.0708796 | M10: 3.6523583 | N10: 2.0764544 | O10: =SQRT(M10^2+N10^2) -> 4.201355 | P10: =IF(J10="","",MAX(0,J10-1.96*O10/100)) -> 0.33355124 | Q10: =IF(J10="","",MIN(1,J10+1.96*O10/100)) -> 0.49824436 | R10: =IF(L10="","",IF(ABS(L10)<=O10,"Yes","No")) -> Yes | S10: =IF(L10="","",IF(ABS(L10)<=1.96*O10,"Yes","No")) -> Yes | T10: =IF(D10="","",ROUND(SQRT(((D10+G10)*O10/100)^2+(J10*(D10+G10)*0.09173)^2),0)) -> 80
A11: Carbon | B11: LAUSANNE TOWNSHIP | C11: (whole municipality) | D11: 43 | E11: 38 | F11: =IF(E11="","",D11-E11) -> 5 | G11: 96 | H11: 107 | I11: =IF(H11="","",G11-H11) -> -11 | J11: =IF(OR(D11="",D11+G11=0),"",D11/(D11+G11)) -> 0.30935252 | K11: =IF(E11="","",E11/(E11+H11)) -> 0.26206897 | L11: =IF(OR(K11="",J11=""),"",(J11-K11)*100) -> 4.7283552 | M11: 3.6523583 | N11: 2.0764544 | O11: =SQRT(M11^2+N11^2) -> 4.201355 | P11: =IF(J11="","",MAX(0,J11-1.96*O11/100)) -> 0.22700596 | Q11: =IF(J11="","",MIN(1,J11+1.96*O11/100)) -> 0.39169908 | R11: =IF(L11="","",IF(ABS(L11)<=O11,"Yes","No")) -> No | S11: =IF(L11="","",IF(ABS(L11)<=1.96*O11,"Yes","No")) -> Yes | T11: =IF(D11="","",ROUND(SQRT(((D11+G11)*O11/100)^2+(J11*(D11+G11)*0.09173)^2),0)) -> 7
A12: Carbon | B12: LEHIGH TOWNSHIP | C12: (whole municipality) | D12: 48 | E12: 58 | F12: =IF(E12="","",D12-E12) -> -10 | G12: 216 | H12: 216 | I12: =IF(H12="","",G12-H12) -> 0 | J12: =IF(OR(D12="",D12+G12=0),"",D12/(D12+G12)) -> 0.18181818 | K12: =IF(E12="","",E12/(E12+H12)) -> 0.21167883 | L12: =IF(OR(K12="",J12=""),"",(J12-K12)*100) -> -2.986065 | M12: 3.6523583 | N12: 2.0764544 | O12: =SQRT(M12^2+N12^2) -> 4.201355 | P12: =IF(J12="","",MAX(0,J12-1.96*O12/100)) -> 0.099471624 | Q12: =IF(J12="","",MIN(1,J12+1.96*O12/100)) -> 0.26416474 | R12: =IF(L12="","",IF(ABS(L12)<=O12,"Yes","No")) -> Yes | S12: =IF(L12="","",IF(ABS(L12)<=1.96*O12,"Yes","No")) -> Yes | T12: =IF(D12="","",ROUND(SQRT(((D12+G12)*O12/100)^2+(J12*(D12+G12)*0.09173)^2),0)) -> 12
A13: Carbon | B13: LEHIGHTON BOROUGH | C13: (whole municipality) | D13: 908 | E13: 944 | F13: =IF(E13="","",D13-E13) -> -36 | G13: 1356 | H13: 1486 | I13: =IF(H13="","",G13-H13) -> -130 | J13: =IF(OR(D13="",D13+G13=0),"",D13/(D13+G13)) -> 0.40106007 | K13: =IF(E13="","",E13/(E13+H13)) -> 0.38847737 | L13: =IF(OR(K13="",J13=""),"",(J13-K13)*100) -> 1.2582704 | M13: 2.3700269 | N13: 2.0764544 | O13: =SQRT(M13^2+N13^2) -> 3.1509825 | P13: =IF(J13="","",MAX(0,J13-1.96*O13/100)) -> 0.33930081 | Q13: =IF(J13="","",MIN(1,J13+1.96*O13/100)) -> 0.46281933 | R13: =IF(L13="","",IF(ABS(L13)<=O13,"Yes","No")) -> Yes | S13: =IF(L13="","",IF(ABS(L13)<=1.96*O13,"Yes","No")) -> Yes | T13: =IF(D13="","",ROUND(SQRT(((D13+G13)*O13/100)^2+(J13*(D13+G13)*0.07048)^2),0)) -> 96
A14: Carbon | B14: LOWER TOWAMENSING TOWNSHIP | C14: (whole municipality) | D14: 504 | E14: 515 | F14: =IF(E14="","",D14-E14) -> -11 | G14: 1177 | H14: 1293 | I14: =IF(H14="","",G14-H14) -> -116 | J14: =IF(OR(D14="",D14+G14=0),"",D14/(D14+G14)) -> 0.29982153 | K14: =IF(E14="","",E14/(E14+H14)) -> 0.28484513 | L14: =IF(OR(K14="",J14=""),"",(J14-K14)*100) -> 1.4976402 | M14: 2.3700269 | N14: 2.0764544 | O14: =SQRT(M14^2+N14^2) -> 3.1509825 | P14: =IF(J14="","",MAX(0,J14-1.96*O14/100)) -> 0.23806228 | Q14: =IF(J14="","",MIN(1,J14+1.96*O14/100)) -> 0.36158079 | R14: =IF(L14="","",IF(ABS(L14)<=O14,"Yes","No")) -> Yes | S14: =IF(L14="","",IF(ABS(L14)<=1.96*O14,"Yes","No")) -> Yes | T14: =IF(D14="","",ROUND(SQRT(((D14+G14)*O14/100)^2+(J14*(D14+G14)*0.07048)^2),0)) -> 64
A15: Carbon | B15: MAHONING TOWNSHIP | C15: (whole municipality) | D15: 625 | E15: 694 | F15: =IF(E15="","",D15-E15) -> -69 | G15: 1564 | H15: 1695 | I15: =IF(H15="","",G15-H15) -> -131 | J15: =IF(OR(D15="",D15+G15=0),"",D15/(D15+G15)) -> 0.2855185 | K15: =IF(E15="","",E15/(E15+H15)) -> 0.29049812 | L15: =IF(OR(K15="",J15=""),"",(J15-K15)*100) -> -0.49796148 | M15: 2.3700269 | N15: 2.0764544 | O15: =SQRT(M15^2+N15^2) -> 3.1509825 | P15: =IF(J15="","",MAX(0,J15-1.96*O15/100)) -> 0.22375925 | Q15: =IF(J15="","",MIN(1,J15+1.96*O15/100)) -> 0.34727776 | R15: =IF(L15="","",IF(ABS(L15)<=O15,"Yes","No")) -> Yes | S15: =IF(L15="","",IF(ABS(L15)<=1.96*O15,"Yes","No")) -> Yes | T15: =IF(D15="","",ROUND(SQRT(((D15+G15)*O15/100)^2+(J15*(D15+G15)*0.07048)^2),0)) -> 82
A16: Carbon | B16: NESQUEHONING BOROUGH | C16: (whole municipality) | D16: 578 | E16: 601 | F16: =IF(E16="","",D16-E16) -> -23 | G16: 878 | H16: 955 | I16: =IF(H16="","",G16-H16) -> -77 | J16: =IF(OR(D16="",D16+G16=0),"",D16/(D16+G16)) -> 0.39697802 | K16: =IF(E16="","",E16/(E16+H16)) -> 0.38624679 | L16: =IF(OR(K16="",J16=""),"",(J16-K16)*100) -> 1.0731235 | M16: 3.6523583 | N16: 2.0764544 | O16: =SQRT(M16^2+N16^2) -> 4.201355 | P16: =IF(J16="","",MAX(0,J16-1.96*O16/100)) -> 0.31463146 | Q16: =IF(J16="","",MIN(1,J16+1.96*O16/100)) -> 0.47932458 | R16: =IF(L16="","",IF(ABS(L16)<=O16,"Yes","No")) -> Yes | S16: =IF(L16="","",IF(ABS(L16)<=1.96*O16,"Yes","No")) -> Yes | T16: =IF(D16="","",ROUND(SQRT(((D16+G16)*O16/100)^2+(J16*(D16+G16)*0.09173)^2),0)) -> 81
A17: Carbon | B17: PACKER TOWNSHIP | C17: (whole municipality) | D17: 104 | E17: 134 | F17: =IF(E17="","",D17-E17) -> -30 | G17: 491 | H17: 505 | I17: =IF(H17="","",G17-H17) -> -14 | J17: =IF(OR(D17="",D17+G17=0),"",D17/(D17+G17)) -> 0.17478992 | K17: =IF(E17="","",E17/(E17+H17)) -> 0.20970266 | L17: =IF(OR(K17="",J17=""),"",(J17-K17)*100) -> -3.4912744 | M17: 3.6523583 | N17: 2.0764544 | O17: =SQRT(M17^2+N17^2) -> 4.201355 | P17: =IF(J17="","",MAX(0,J17-1.96*O17/100)) -> 0.092443358 | Q17: =IF(J17="","",MIN(1,J17+1.96*O17/100)) -> 0.25713647 | R17: =IF(L17="","",IF(ABS(L17)<=O17,"Yes","No")) -> Yes | S17: =IF(L17="","",IF(ABS(L17)<=1.96*O17,"Yes","No")) -> Yes | T17: =IF(D17="","",ROUND(SQRT(((D17+G17)*O17/100)^2+(J17*(D17+G17)*0.09173)^2),0)) -> 27
A18: Carbon | B18: PALMERTON BOROUGH | C18: (whole municipality) | D18: 908 | E18: 981 | F18: =IF(E18="","",D18-E18) -> -73 | G18: 1652 | H18: 1740 | I18: =IF(H18="","",G18-H18) -> -88 | J18: =IF(OR(D18="",D18+G18=0),"",D18/(D18+G18)) -> 0.3546875 | K18: =IF(E18="","",E18/(E18+H18)) -> 0.36052922 | L18: =IF(OR(K18="",J18=""),"",(J18-K18)*100) -> -0.58417172 | M18: 2.3700269 | N18: 2.0764544 | O18: =SQRT(M18^2+N18^2) -> 3.1509825 | P18: =IF(J18="","",MAX(0,J18-1.96*O18/100)) -> 0.29292824 | Q18: =IF(J18="","",MIN(1,J18+1.96*O18/100)) -> 0.41644676 | R18: =IF(L18="","",IF(ABS(L18)<=O18,"Yes","No")) -> Yes | S18: =IF(L18="","",IF(ABS(L18)<=1.96*O18,"Yes","No")) -> Yes | T18: =IF(D18="","",ROUND(SQRT(((D18+G18)*O18/100)^2+(J18*(D18+G18)*0.07048)^2),0)) -> 103
A19: Carbon | B19: PARRYVILLE BOROUGH | C19: (whole municipality) | D19: 55 | E19: 74 | F19: =IF(E19="","",D19-E19) -> -19 | G19: 160 | H19: 162 | I19: =IF(H19="","",G19-H19) -> -2 | J19: =IF(OR(D19="",D19+G19=0),"",D19/(D19+G19)) -> 0.25581395 | K19: =IF(E19="","",E19/(E19+H19)) -> 0.31355932 | L19: =IF(OR(K19="",J19=""),"",(J19-K19)*100) -> -5.7745369 | M19: 3.6523583 | N19: 2.0764544 | O19: =SQRT(M19^2+N19^2) -> 4.201355 | P19: =IF(J19="","",MAX(0,J19-1.96*O19/100)) -> 0.1734674 | Q19: =IF(J19="","",MIN(1,J19+1.96*O19/100)) -> 0.33816051 | R19: =IF(L19="","",IF(ABS(L19)<=O19,"Yes","No")) -> No | S19: =IF(L19="","",IF(ABS(L19)<=1.96*O19,"Yes","No")) -> Yes | T19: =IF(D19="","",ROUND(SQRT(((D19+G19)*O19/100)^2+(J19*(D19+G19)*0.09173)^2),0)) -> 10
A20: Carbon | B20: PENN FOREST TOWNSHIP | C20: (whole municipality) | D20: 1800 | E20: 2047 | F20: =IF(E20="","",D20-E20) -> -247 | G20: 3433 | H20: 3702 | I20: =IF(H20="","",G20-H20) -> -269 | J20: =IF(OR(D20="",D20+G20=0),"",D20/(D20+G20)) -> 0.34397095 | K20: =IF(E20="","",E20/(E20+H20)) -> 0.35606192 | L20: =IF(OR(K20="",J20=""),"",(J20-K20)*100) -> -1.209097 | M20: 1.8680298 | N20: 2.0764544 | O20: =SQRT(M20^2+N20^2) -> 2.7930625 | P20: =IF(J20="","",MAX(0,J20-1.96*O20/100)) -> 0.28922693 | Q20: =IF(J20="","",MIN(1,J20+1.96*O20/100)) -> 0.39871498 | R20: =IF(L20="","",IF(ABS(L20)<=O20,"Yes","No")) -> Yes | S20: =IF(L20="","",IF(ABS(L20)<=1.96*O20,"Yes","No")) -> Yes | T20: =IF(D20="","",ROUND(SQRT(((D20+G20)*O20/100)^2+(J20*(D20+G20)*0.06406)^2),0)) -> 186
A21: Carbon | B21: SUMMIT HILL BOROUGH | C21: (whole municipality) | D21: 645 | E21: 660 | F21: =IF(E21="","",D21-E21) -> -15 | G21: 893 | H21: 913 | I21: =IF(H21="","",G21-H21) -> -20 | J21: =IF(OR(D21="",D21+G21=0),"",D21/(D21+G21)) -> 0.41937581 | K21: =IF(E21="","",E21/(E21+H21)) -> 0.41958042 | L21: =IF(OR(K21="",J21=""),"",(J21-K21)*100) -> -0.020460684 | M21: 3.6523583 | N21: 2.0764544 | O21: =SQRT(M21^2+N21^2) -> 4.201355 | P21: =IF(J21="","",MAX(0,J21-1.96*O21/100)) -> 0.33702925 | Q21: =IF(J21="","",MIN(1,J21+1.96*O21/100)) -> 0.50172237 | R21: =IF(L21="","",IF(ABS(L21)<=O21,"Yes","No")) -> Yes | S21: =IF(L21="","",IF(ABS(L21)<=1.96*O21,"Yes","No")) -> Yes | T21: =IF(D21="","",ROUND(SQRT(((D21+G21)*O21/100)^2+(J21*(D21+G21)*0.09173)^2),0)) -> 88
A22: Carbon | B22: TOWAMENSING TOWNSHIP | C22: (whole municipality) | D22: 700 | E22: 802 | F22: =IF(E22="","",D22-E22) -> -102 | G22: 1944 | H22: 1955 | I22: =IF(H22="","",G22-H22) -> -11 | J22: =IF(OR(D22="",D22+G22=0),"",D22/(D22+G22)) -> 0.26475038 | K22: =IF(E22="","",E22/(E22+H22)) -> 0.2908959 | L22: =IF(OR(K22="",J22=""),"",(J22-K22)*100) -> -2.6145523 | M22: 2.3700269 | N22: 2.0764544 | O22: =SQRT(M22^2+N22^2) -> 3.1509825 | P22: =IF(J22="","",MAX(0,J22-1.96*O22/100)) -> 0.20299112 | Q22: =IF(J22="","",MIN(1,J22+1.96*O22/100)) -> 0.32650963 | R22: =IF(L22="","",IF(ABS(L22)<=O22,"Yes","No")) -> Yes | S22: =IF(L22="","",IF(ABS(L22)<=1.96*O22,"Yes","No")) -> Yes | T22: =IF(D22="","",ROUND(SQRT(((D22+G22)*O22/100)^2+(J22*(D22+G22)*0.07048)^2),0)) -> 97
A23: Carbon | B23: WEATHERLY BOROUGH | C23: (whole municipality) | D23: 320 | E23: 351 | F23: =IF(E23="","",D23-E23) -> -31 | G23: 869 | H23: 849 | I23: =IF(H23="","",G23-H23) -> 20 | J23: =IF(OR(D23="",D23+G23=0),"",D23/(D23+G23)) -> 0.26913373 | K23: =IF(E23="","",E23/(E23+H23)) -> 0.2925 | L23: =IF(OR(K23="",J23=""),"",(J23-K23)*100) -> -2.3366274 | M23: 3.6523583 | N23: 2.0764544 | O23: =SQRT(M23^2+N23^2) -> 4.201355 | P23: =IF(J23="","",MAX(0,J23-1.96*O23/100)) -> 0.18678717 | Q23: =IF(J23="","",MIN(1,J23+1.96*O23/100)) -> 0.35148028 | R23: =IF(L23="","",IF(ABS(L23)<=O23,"Yes","No")) -> Yes | S23: =IF(L23="","",IF(ABS(L23)<=1.96*O23,"Yes","No")) -> Yes | T23: =IF(D23="","",ROUND(SQRT(((D23+G23)*O23/100)^2+(J23*(D23+G23)*0.09173)^2),0)) -> 58
A24: Carbon | B24: WEISSPORT BOROUGH | C24: (whole municipality) | D24: 56 | E24: 58 | F24: =IF(E24="","",D24-E24) -> -2 | G24: 87 | H24: 105 | I24: =IF(H24="","",G24-H24) -> -18 | J24: =IF(OR(D24="",D24+G24=0),"",D24/(D24+G24)) -> 0.39160839 | K24: =IF(E24="","",E24/(E24+H24)) -> 0.35582822 | L24: =IF(OR(K24="",J24=""),"",(J24-K24)*100) -> 3.5780171 | M24: 3.6523583 | N24: 2.0764544 | O24: =SQRT(M24^2+N24^2) -> 4.201355 | P24: =IF(J24="","",MAX(0,J24-1.96*O24/100)) -> 0.30926183 | Q24: =IF(J24="","",MIN(1,J24+1.96*O24/100)) -> 0.47395495 | R24: =IF(L24="","",IF(ABS(L24)<=O24,"Yes","No")) -> Yes | S24: =IF(L24="","",IF(ABS(L24)<=1.96*O24,"Yes","No")) -> Yes | T24: =IF(D24="","",ROUND(SQRT(((D24+G24)*O24/100)^2+(J24*(D24+G24)*0.09173)^2),0)) -> 8
A25: Lehigh | B25: ALBURTIS | C25: (whole municipality) | D25: 668 | E25: 601 | F25: =IF(E25="","",D25-E25) -> 67 | G25: 746 | H25: 766 | I25: =IF(H25="","",G25-H25) -> -20 | J25: =IF(OR(D25="",D25+G25=0),"",D25/(D25+G25)) -> 0.47241867 | K25: =IF(E25="","",E25/(E25+H25)) -> 0.43964887 | L25: =IF(OR(K25="",J25=""),"",(J25-K25)*100) -> 3.2769804 | M25: 3.6523583 | N25: 2.0764544 | O25: =SQRT(M25^2+N25^2) -> 4.201355 | P25: =IF(J25="","",MAX(0,J25-1.96*O25/100)) -> 0.39007211 | Q25: =IF(J25="","",MIN(1,J25+1.96*O25/100)) -> 0.55476523 | R25: =IF(L25="","",IF(ABS(L25)<=O25,"Yes","No")) -> Yes | S25: =IF(L25="","",IF(ABS(L25)<=1.96*O25,"Yes","No")) -> Yes | T25: =IF(D25="","",ROUND(SQRT(((D25+G25)*O25/100)^2+(J25*(D25+G25)*0.09173)^2),0)) -> 85
A26: Lehigh | B26: ALLENTOWN | C26: (whole municipality) | D26: 27454 | E26: 26568 | F26: =IF(E26="","",D26-E26) -> 886 | G26: 14231 | H26: 14583 | I26: =IF(H26="","",G26-H26) -> -352 | J26: =IF(OR(D26="",D26+G26=0),"",D26/(D26+G26)) -> 0.65860621 | K26: =IF(E26="","",E26/(E26+H26)) -> 0.64562222 | L26: =IF(OR(K26="",J26=""),"",(J26-K26)*100) -> 1.2983993 | M26: 1.8680298 | N26: 2.0764544 | O26: =SQRT(M26^2+N26^2) -> 2.7930625 | P26: =IF(J26="","",MAX(0,J26-1.96*O26/100)) -> 0.60386219 | Q26: =IF(J26="","",MIN(1,J26+1.96*O26/100)) -> 0.71335024 | R26: =IF(L26="","",IF(ABS(L26)<=O26,"Yes","No")) -> Yes | S26: =IF(L26="","",IF(ABS(L26)<=1.96*O26,"Yes","No")) -> Yes | T26: =IF(D26="","",ROUND(SQRT(((D26+G26)*O26/100)^2+(J26*(D26+G26)*0.06406)^2),0)) -> 2109
A27: Lehigh | B27: BETHLEHEM | C27: (whole municipality) | D27: 6625 | E27: 6612 | F27: =IF(E27="","",D27-E27) -> 13 | G27: 4015 | H27: 3834 | I27: =IF(H27="","",G27-H27) -> 181 | J27: =IF(OR(D27="",D27+G27=0),"",D27/(D27+G27)) -> 0.62265038 | K27: =IF(E27="","",E27/(E27+H27)) -> 0.63296956 | L27: =IF(OR(K27="",J27=""),"",(J27-K27)*100) -> -1.0319182 | M27: 1.8680298 | N27: 2.0764544 | O27: =SQRT(M27^2+N27^2) -> 2.7930625 | P27: =IF(J27="","",MAX(0,J27-1.96*O27/100)) -> 0.56790635 | Q27: =IF(J27="","",MIN(1,J27+1.96*O27/100)) -> 0.6773944 | R27: =IF(L27="","",IF(ABS(L27)<=O27,"Yes","No")) -> Yes | S27: =IF(L27="","",IF(ABS(L27)<=1.96*O27,"Yes","No")) -> Yes | T27: =IF(D27="","",ROUND(SQRT(((D27+G27)*O27/100)^2+(J27*(D27+G27)*0.06406)^2),0)) -> 518
A28: Lehigh | B28: CATASAUQUA | C28: (whole municipality) | D28: 1582 | E28: 1560 | F28: =IF(E28="","",D28-E28) -> 22 | G28: 1504 | H28: 1491 | I28: =IF(H28="","",G28-H28) -> 13 | J28: =IF(OR(D28="",D28+G28=0),"",D28/(D28+G28)) -> 0.51263772 | K28: =IF(E28="","",E28/(E28+H28)) -> 0.51130777 | L28: =IF(OR(K28="",J28=""),"",(J28-K28)*100) -> 0.13299508 | M28: 2.3700269 | N28: 2.0764544 | O28: =SQRT(M28^2+N28^2) -> 3.1509825 | P28: =IF(J28="","",MAX(0,J28-1.96*O28/100)) -> 0.45087846 | Q28: =IF(J28="","",MIN(1,J28+1.96*O28/100)) -> 0.57439697 | R28: =IF(L28="","",IF(ABS(L28)<=O28,"Yes","No")) -> Yes | S28: =IF(L28="","",IF(ABS(L28)<=1.96*O28,"Yes","No")) -> Yes | T28: =IF(D28="","",ROUND(SQRT(((D28+G28)*O28/100)^2+(J28*(D28+G28)*0.07048)^2),0)) -> 148
A29: Lehigh | B29: COOPERSBURG | C29: (whole municipality) | D29: 746 | E29: 735 | F29: =IF(E29="","",D29-E29) -> 11 | G29: 825 | H29: 804 | I29: =IF(H29="","",G29-H29) -> 21 | J29: =IF(OR(D29="",D29+G29=0),"",D29/(D29+G29)) -> 0.47485678 | K29: =IF(E29="","",E29/(E29+H29)) -> 0.47758285 | L29: =IF(OR(K29="",J29=""),"",(J29-K29)*100) -> -0.27260669 | M29: 2.3700269 | N29: 2.0764544 | O29: =SQRT(M29^2+N29^2) -> 3.1509825 | P29: =IF(J29="","",MAX(0,J29-1.96*O29/100)) -> 0.41309752 | Q29: =IF(J29="","",MIN(1,J29+1.96*O29/100)) -> 0.53661604 | R29: =IF(L29="","",IF(ABS(L29)<=O29,"Yes","No")) -> Yes | S29: =IF(L29="","",IF(ABS(L29)<=1.96*O29,"Yes","No")) -> Yes | T29: =IF(D29="","",ROUND(SQRT(((D29+G29)*O29/100)^2+(J29*(D29+G29)*0.07048)^2),0)) -> 72
A30: Lehigh | B30: COPLAY | C30: (whole municipality) | D30: 943 | E30: 899 | F30: =IF(E30="","",D30-E30) -> 44 | G30: 894 | H30: 898 | I30: =IF(H30="","",G30-H30) -> -4 | J30: =IF(OR(D30="",D30+G30=0),"",D30/(D30+G30)) -> 0.51333696 | K30: =IF(E30="","",E30/(E30+H30)) -> 0.50027824 | L30: =IF(OR(K30="",J30=""),"",(J30-K30)*100) -> 1.3058721 | M30: 2.3700269 | N30: 2.0764544 | O30: =SQRT(M30^2+N30^2) -> 3.1509825 | P30: =IF(J30="","",MAX(0,J30-1.96*O30/100)) -> 0.45157771 | Q30: =IF(J30="","",MIN(1,J30+1.96*O30/100)) -> 0.57509622 | R30: =IF(L30="","",IF(ABS(L30)<=O30,"Yes","No")) -> Yes | S30: =IF(L30="","",IF(ABS(L30)<=1.96*O30,"Yes","No")) -> Yes | T30: =IF(D30="","",ROUND(SQRT(((D30+G30)*O30/100)^2+(J30*(D30+G30)*0.07048)^2),0)) -> 88
A31: Lehigh | B31: EMMAUS | C31: (whole municipality) | D31: 3621 | E31: 3663 | F31: =IF(E31="","",D31-E31) -> -42 | G31: 3237 | H31: 3236 | I31: =IF(H31="","",G31-H31) -> 1 | J31: =IF(OR(D31="",D31+G31=0),"",D31/(D31+G31)) -> 0.5279965 | K31: =IF(E31="","",E31/(E31+H31)) -> 0.53094651 | L31: =IF(OR(K31="",J31=""),"",(J31-K31)*100) -> -0.29500136 | M31: 1.8680298 | N31: 2.0764544 | O31: =SQRT(M31^2+N31^2) -> 2.7930625 | P31: =IF(J31="","",MAX(0,J31-1.96*O31/100)) -> 0.47325248 | Q31: =IF(J31="","",MIN(1,J31+1.96*O31/100)) -> 0.58274053 | R31: =IF(L31="","",IF(ABS(L31)<=O31,"Yes","No")) -> Yes | S31: =IF(L31="","",IF(ABS(L31)<=1.96*O31,"Yes","No")) -> Yes | T31: =IF(D31="","",ROUND(SQRT(((D31+G31)*O31/100)^2+(J31*(D31+G31)*0.06406)^2),0)) -> 301
A32: Lehigh | B32: FOUNTAIN HILL | C32: (whole municipality) | D32: 1547 | E32: 1433 | F32: =IF(E32="","",D32-E32) -> 114 | G32: 794 | H32: 793 | I32: =IF(H32="","",G32-H32) -> 1 | J32: =IF(OR(D32="",D32+G32=0),"",D32/(D32+G32)) -> 0.66082871 | K32: =IF(E32="","",E32/(E32+H32)) -> 0.64375562 | L32: =IF(OR(K32="",J32=""),"",(J32-K32)*100) -> 1.707309 | M32: 2.3700269 | N32: 2.0764544 | O32: =SQRT(M32^2+N32^2) -> 3.1509825 | P32: =IF(J32="","",MAX(0,J32-1.96*O32/100)) -> 0.59906945 | Q32: =IF(J32="","",MIN(1,J32+1.96*O32/100)) -> 0.72258796 | R32: =IF(L32="","",IF(ABS(L32)<=O32,"Yes","No")) -> Yes | S32: =IF(L32="","",IF(ABS(L32)<=1.96*O32,"Yes","No")) -> Yes | T32: =IF(D32="","",ROUND(SQRT(((D32+G32)*O32/100)^2+(J32*(D32+G32)*0.07048)^2),0)) -> 132
A33: Lehigh | B33: HANOVER | C33: (whole municipality) | D33: 394 | E33: 379 | F33: =IF(E33="","",D33-E33) -> 15 | G33: 345 | H33: 330 | I33: =IF(H33="","",G33-H33) -> 15 | J33: =IF(OR(D33="",D33+G33=0),"",D33/(D33+G33)) -> 0.53315291 | K33: =IF(E33="","",E33/(E33+H33)) -> 0.53455571 | L33: =IF(OR(K33="",J33=""),"",(J33-K33)*100) -> -0.14028029 | M33: 3.6523583 | N33: 2.0764544 | O33: =SQRT(M33^2+N33^2) -> 4.201355 | P33: =IF(J33="","",MAX(0,J33-1.96*O33/100)) -> 0.45080635 | Q33: =IF(J33="","",MIN(1,J33+1.96*O33/100)) -> 0.61549947 | R33: =IF(L33="","",IF(ABS(L33)<=O33,"Yes","No")) -> Yes | S33: =IF(L33="","",IF(ABS(L33)<=1.96*O33,"Yes","No")) -> Yes | T33: =IF(D33="","",ROUND(SQRT(((D33+G33)*O33/100)^2+(J33*(D33+G33)*0.09173)^2),0)) -> 48
A34: Lehigh | B34: HEIDELBERG | C34: (whole municipality) | D34: 621 | E34: 654 | F34: =IF(E34="","",D34-E34) -> -33 | G34: 1433 | H34: 1439 | I34: =IF(H34="","",G34-H34) -> -6 | J34: =IF(OR(D34="",D34+G34=0),"",D34/(D34+G34)) -> 0.3023369 | K34: =IF(E34="","",E34/(E34+H34)) -> 0.31247014 | L34: =IF(OR(K34="",J34=""),"",(J34-K34)*100) -> -1.0133235 | M34: 2.3700269 | N34: 2.0764544 | O34: =SQRT(M34^2+N34^2) -> 3.1509825 | P34: =IF(J34="","",MAX(0,J34-1.96*O34/100)) -> 0.24057765 | Q34: =IF(J34="","",MIN(1,J34+1.96*O34/100)) -> 0.36409616 | R34: =IF(L34="","",IF(ABS(L34)<=O34,"Yes","No")) -> Yes | S34: =IF(L34="","",IF(ABS(L34)<=1.96*O34,"Yes","No")) -> Yes | T34: =IF(D34="","",ROUND(SQRT(((D34+G34)*O34/100)^2+(J34*(D34+G34)*0.07048)^2),0)) -> 78
A35: Lehigh | B35: LOWER MACUNGIE | C35: (whole municipality) | D35: 10157 | E35: 10021 | F35: =IF(E35="","",D35-E35) -> 136 | G35: 10279 | H35: 10199 | I35: =IF(H35="","",G35-H35) -> 80 | J35: =IF(OR(D35="",D35+G35=0),"",D35/(D35+G35)) -> 0.49701507 | K35: =IF(E35="","",E35/(E35+H35)) -> 0.49559842 | L35: =IF(OR(K35="",J35=""),"",(J35-K35)*100) -> 0.1416654 | M35: 1.8680298 | N35: 2.0764544 | O35: =SQRT(M35^2+N35^2) -> 2.7930625 | P35: =IF(J35="","",MAX(0,J35-1.96*O35/100)) -> 0.44227105 | Q35: =IF(J35="","",MIN(1,J35+1.96*O35/100)) -> 0.5517591 | R35: =IF(L35="","",IF(ABS(L35)<=O35,"Yes","No")) -> Yes | S35: =IF(L35="","",IF(ABS(L35)<=1.96*O35,"Yes","No")) -> Yes | T35: =IF(D35="","",ROUND(SQRT(((D35+G35)*O35/100)^2+(J35*(D35+G35)*0.06406)^2),0)) -> 866
A36: Lehigh | B36: LOWER MILFORD | C36: (whole municipality) | D36: 917 | E36: 985 | F36: =IF(E36="","",D36-E36) -> -68 | G36: 1684 | H36: 1586 | I36: =IF(H36="","",G36-H36) -> 98 | J36: =IF(OR(D36="",D36+G36=0),"",D36/(D36+G36)) -> 0.35255671 | K36: =IF(E36="","",E36/(E36+H36)) -> 0.38311941 | L36: =IF(OR(K36="",J36=""),"",(J36-K36)*100) -> -3.05627 | M36: 2.3700269 | N36: 2.0764544 | O36: =SQRT(M36^2+N36^2) -> 3.1509825 | P36: =IF(J36="","",MAX(0,J36-1.96*O36/100)) -> 0.29079745 | Q36: =IF(J36="","",MIN(1,J36+1.96*O36/100)) -> 0.41431597 | R36: =IF(L36="","",IF(ABS(L36)<=O36,"Yes","No")) -> Yes | S36: =IF(L36="","",IF(ABS(L36)<=1.96*O36,"Yes","No")) -> Yes | T36: =IF(D36="","",ROUND(SQRT(((D36+G36)*O36/100)^2+(J36*(D36+G36)*0.07048)^2),0)) -> 104
A37: Lehigh | B37: LOWHILL | C37: (whole municipality) | D37: 529 | E37: 543 | F37: =IF(E37="","",D37-E37) -> -14 | G37: 1034 | H37: 990 | I37: =IF(H37="","",G37-H37) -> 44 | J37: =IF(OR(D37="",D37+G37=0),"",D37/(D37+G37)) -> 0.3384517 | K37: =IF(E37="","",E37/(E37+H37)) -> 0.35420744 | L37: =IF(OR(K37="",J37=""),"",(J37-K37)*100) -> -1.5755741 | M37: 2.3700269 | N37: 2.0764544 | O37: =SQRT(M37^2+N37^2) -> 3.1509825 | P37: =IF(J37="","",MAX(0,J37-1.96*O37/100)) -> 0.27669244 | Q37: =IF(J37="","",MIN(1,J37+1.96*O37/100)) -> 0.40021095 | R37: =IF(L37="","",IF(ABS(L37)<=O37,"Yes","No")) -> Yes | S37: =IF(L37="","",IF(ABS(L37)<=1.96*O37,"Yes","No")) -> Yes | T37: =IF(D37="","",ROUND(SQRT(((D37+G37)*O37/100)^2+(J37*(D37+G37)*0.07048)^2),0)) -> 62
A38: Lehigh | B38: LYNN | C38: (whole municipality) | D38: 829 | E38: 850 | F38: =IF(E38="","",D38-E38) -> -21 | G38: 1870 | H38: 1856 | I38: =IF(H38="","",G38-H38) -> 14 | J38: =IF(OR(D38="",D38+G38=0),"",D38/(D38+G38)) -> 0.3071508 | K38: =IF(E38="","",E38/(E38+H38)) -> 0.31411678 | L38: =IF(OR(K38="",J38=""),"",(J38-K38)*100) -> -0.69659809 | M38: 2.3700269 | N38: 2.0764544 | O38: =SQRT(M38^2+N38^2) -> 3.1509825 | P38: =IF(J38="","",MAX(0,J38-1.96*O38/100)) -> 0.24539154 | Q38: =IF(J38="","",MIN(1,J38+1.96*O38/100)) -> 0.36891005 | R38: =IF(L38="","",IF(ABS(L38)<=O38,"Yes","No")) -> Yes | S38: =IF(L38="","",IF(ABS(L38)<=1.96*O38,"Yes","No")) -> Yes | T38: =IF(D38="","",ROUND(SQRT(((D38+G38)*O38/100)^2+(J38*(D38+G38)*0.07048)^2),0)) -> 103
A39: Lehigh | B39: MACUNGIE | C39: (whole municipality) | D39: 983 | E39: 980 | F39: =IF(E39="","",D39-E39) -> 3 | G39: 910 | H39: 872 | I39: =IF(H39="","",G39-H39) -> 38 | J39: =IF(OR(D39="",D39+G39=0),"",D39/(D39+G39)) -> 0.51928156 | K39: =IF(E39="","",E39/(E39+H39)) -> 0.52915767 | L39: =IF(OR(K39="",J39=""),"",(J39-K39)*100) -> -0.98761037 | M39: 2.3700269 | N39: 2.0764544 | O39: =SQRT(M39^2+N39^2) -> 3.1509825 | P39: =IF(J39="","",MAX(0,J39-1.96*O39/100)) -> 0.45752231 | Q39: =IF(J39="","",MIN(1,J39+1.96*O39/100)) -> 0.58104082 | R39: =IF(L39="","",IF(ABS(L39)<=O39,"Yes","No")) -> Yes | S39: =IF(L39="","",IF(ABS(L39)<=1.96*O39,"Yes","No")) -> Yes | T39: =IF(D39="","",ROUND(SQRT(((D39+G39)*O39/100)^2+(J39*(D39+G39)*0.07048)^2),0)) -> 91
A40: Lehigh | B40: NORTH WHITEHALL | C40: (whole municipality) | D40: 3938 | E40: 4022 | F40: =IF(E40="","",D40-E40) -> -84 | G40: 6099 | H40: 5915 | I40: =IF(H40="","",G40-H40) -> 184 | J40: =IF(OR(D40="",D40+G40=0),"",D40/(D40+G40)) -> 0.39234831 | K40: =IF(E40="","",E40/(E40+H40)) -> 0.40474992 | L40: =IF(OR(K40="",J40=""),"",(J40-K40)*100) -> -1.2401613 | M40: 1.8680298 | N40: 2.0764544 | O40: =SQRT(M40^2+N40^2) -> 2.7930625 | P40: =IF(J40="","",MAX(0,J40-1.96*O40/100)) -> 0.33760429 | Q40: =IF(J40="","",MIN(1,J40+1.96*O40/100)) -> 0.44709234 | R40: =IF(L40="","",IF(ABS(L40)<=O40,"Yes","No")) -> Yes | S40: =IF(L40="","",IF(ABS(L40)<=1.96*O40,"Yes","No")) -> Yes | T40: =IF(D40="","",ROUND(SQRT(((D40+G40)*O40/100)^2+(J40*(D40+G40)*0.06406)^2),0)) -> 377
A41: Lehigh | B41: SALISBURY | C41: (whole municipality) | D41: 3926 | E41: 4010 | F41: =IF(E41="","",D41-E41) -> -84 | G41: 4240 | H41: 4104 | I41: =IF(H41="","",G41-H41) -> 136 | J41: =IF(OR(D41="",D41+G41=0),"",D41/(D41+G41)) -> 0.48077394 | K41: =IF(E41="","",E41/(E41+H41)) -> 0.49420754 | L41: =IF(OR(K41="",J41=""),"",(J41-K41)*100) -> -1.3433602 | M41: 1.8680298 | N41: 2.0764544 | O41: =SQRT(M41^2+N41^2) -> 2.7930625 | P41: =IF(J41="","",MAX(0,J41-1.96*O41/100)) -> 0.42602992 | Q41: =IF(J41="","",MIN(1,J41+1.96*O41/100)) -> 0.53551797 | R41: =IF(L41="","",IF(ABS(L41)<=O41,"Yes","No")) -> Yes | S41: =IF(L41="","",IF(ABS(L41)<=1.96*O41,"Yes","No")) -> Yes | T41: =IF(D41="","",ROUND(SQRT(((D41+G41)*O41/100)^2+(J41*(D41+G41)*0.06406)^2),0)) -> 340
A42: Lehigh | B42: SLATINGTON | C42: (whole municipality) | D42: 835 | E42: 800 | F42: =IF(E42="","",D42-E42) -> 35 | G42: 1163 | H42: 1156 | I42: =IF(H42="","",G42-H42) -> 7 | J42: =IF(OR(D42="",D42+G42=0),"",D42/(D42+G42)) -> 0.41791792 | K42: =IF(E42="","",E42/(E42+H42)) -> 0.40899796 | L42: =IF(OR(K42="",J42=""),"",(J42-K42)*100) -> 0.89199629 | M42: 2.3700269 | N42: 2.0764544 | O42: =SQRT(M42^2+N42^2) -> 3.1509825 | P42: =IF(J42="","",MAX(0,J42-1.96*O42/100)) -> 0.35615866 | Q42: =IF(J42="","",MIN(1,J42+1.96*O42/100)) -> 0.47967717 | R42: =IF(L42="","",IF(ABS(L42)<=O42,"Yes","No")) -> Yes | S42: =IF(L42="","",IF(ABS(L42)<=1.96*O42,"Yes","No")) -> Yes | T42: =IF(D42="","",ROUND(SQRT(((D42+G42)*O42/100)^2+(J42*(D42+G42)*0.07048)^2),0)) -> 86
A43: Lehigh | B43: SOUTH WHITEHALL | C43: (whole municipality) | D43: 6988 | E43: 7019 | F43: =IF(E43="","",D43-E43) -> -31 | G43: 6210 | H43: 6110 | I43: =IF(H43="","",G43-H43) -> 100 | J43: =IF(OR(D43="",D43+G43=0),"",D43/(D43+G43)) -> 0.52947416 | K43: =IF(E43="","",E43/(E43+H43)) -> 0.53461802 | L43: =IF(OR(K43="",J43=""),"",(J43-K43)*100) -> -0.51438584 | M43: 1.8680298 | N43: 2.0764544 | O43: =SQRT(M43^2+N43^2) -> 2.7930625 | P43: =IF(J43="","",MAX(0,J43-1.96*O43/100)) -> 0.47473014 | Q43: =IF(J43="","",MIN(1,J43+1.96*O43/100)) -> 0.58421819 | R43: =IF(L43="","",IF(ABS(L43)<=O43,"Yes","No")) -> Yes | S43: =IF(L43="","",IF(ABS(L43)<=1.96*O43,"Yes","No")) -> Yes | T43: =IF(D43="","",ROUND(SQRT(((D43+G43)*O43/100)^2+(J43*(D43+G43)*0.06406)^2),0)) -> 580
A44: Lehigh | B44: UPPER MACUNGIE | C44: (whole municipality) | D44: 8090 | E44: 8020 | F44: =IF(E44="","",D44-E44) -> 70 | G44: 7870 | H44: 7607 | I44: =IF(H44="","",G44-H44) -> 263 | J44: =IF(OR(D44="",D44+G44=0),"",D44/(D44+G44)) -> 0.50689223 | K44: =IF(E44="","",E44/(E44+H44)) -> 0.51321431 | L44: =IF(OR(K44="",J44=""),"",(J44-K44)*100) -> -0.6322078 | M44: 1.8680298 | N44: 2.0764544 | O44: =SQRT(M44^2+N44^2) -> 2.7930625 | P44: =IF(J44="","",MAX(0,J44-1.96*O44/100)) -> 0.45214821 | Q44: =IF(J44="","",MIN(1,J44+1.96*O44/100)) -> 0.56163626 | R44: =IF(L44="","",IF(ABS(L44)<=O44,"Yes","No")) -> Yes | S44: =IF(L44="","",IF(ABS(L44)<=1.96*O44,"Yes","No")) -> Yes | T44: =IF(D44="","",ROUND(SQRT(((D44+G44)*O44/100)^2+(J44*(D44+G44)*0.06406)^2),0)) -> 684
A45: Lehigh | B45: UPPER MILFORD | C45: (whole municipality) | D45: 2270 | E45: 2380 | F45: =IF(E45="","",D45-E45) -> -110 | G45: 3184 | H45: 3135 | I45: =IF(H45="","",G45-H45) -> 49 | J45: =IF(OR(D45="",D45+G45=0),"",D45/(D45+G45)) -> 0.41620829 | K45: =IF(E45="","",E45/(E45+H45)) -> 0.43155032 | L45: =IF(OR(K45="",J45=""),"",(J45-K45)*100) -> -1.534203 | M45: 1.8680298 | N45: 2.0764544 | O45: =SQRT(M45^2+N45^2) -> 2.7930625 | P45: =IF(J45="","",MAX(0,J45-1.96*O45/100)) -> 0.36146426 | Q45: =IF(J45="","",MIN(1,J45+1.96*O45/100)) -> 0.47095231 | R45: =IF(L45="","",IF(ABS(L45)<=O45,"Yes","No")) -> Yes | S45: =IF(L45="","",IF(ABS(L45)<=1.96*O45,"Yes","No")) -> Yes | T45: =IF(D45="","",ROUND(SQRT(((D45+G45)*O45/100)^2+(J45*(D45+G45)*0.06406)^2),0)) -> 211
A46: Lehigh | B46: UPPER SAUCON | C46: (whole municipality) | D46: 5299 | E46: 5462 | F46: =IF(E46="","",D46-E46) -> -163 | G46: 5887 | H46: 5740 | I46: =IF(H46="","",G46-H46) -> 147 | J46: =IF(OR(D46="",D46+G46=0),"",D46/(D46+G46)) -> 0.47371715 | K46: =IF(E46="","",E46/(E46+H46)) -> 0.4875915 | L46: =IF(OR(K46="",J46=""),"",(J46-K46)*100) -> -1.3874355 | M46: 1.8680298 | N46: 2.0764544 | O46: =SQRT(M46^2+N46^2) -> 2.7930625 | P46: =IF(J46="","",MAX(0,J46-1.96*O46/100)) -> 0.41897312 | Q46: =IF(J46="","",MIN(1,J46+1.96*O46/100)) -> 0.52846117 | R46: =IF(L46="","",IF(ABS(L46)<=O46,"Yes","No")) -> Yes | S46: =IF(L46="","",IF(ABS(L46)<=1.96*O46,"Yes","No")) -> Yes | T46: =IF(D46="","",ROUND(SQRT(((D46+G46)*O46/100)^2+(J46*(D46+G46)*0.06406)^2),0)) -> 461
A47: Lehigh | B47: WASHINGTON | C47: (whole municipality) | D47: 1287 | E47: 1266 | F47: =IF(E47="","",D47-E47) -> 21 | G47: 2646 | H47: 2669 | I47: =IF(H47="","",G47-H47) -> -23 | J47: =IF(OR(D47="",D47+G47=0),"",D47/(D47+G47)) -> 0.32723112 | K47: =IF(E47="","",E47/(E47+H47)) -> 0.32172808 | L47: =IF(OR(K47="",J47=""),"",(J47-K47)*100) -> 0.550304 | M47: 1.8680298 | N47: 2.0764544 | O47: =SQRT(M47^2+N47^2) -> 2.7930625 | P47: =IF(J47="","",MAX(0,J47-1.96*O47/100)) -> 0.2724871 | Q47: =IF(J47="","",MIN(1,J47+1.96*O47/100)) -> 0.38197515 | R47: =IF(L47="","",IF(ABS(L47)<=O47,"Yes","No")) -> Yes | S47: =IF(L47="","",IF(ABS(L47)<=1.96*O47,"Yes","No")) -> Yes | T47: =IF(D47="","",ROUND(SQRT(((D47+G47)*O47/100)^2+(J47*(D47+G47)*0.06406)^2),0)) -> 137
A48: Lehigh | B48: WEISENBERG | C48: (whole municipality) | D48: 1155 | E48: 1172 | F48: =IF(E48="","",D48-E48) -> -17 | G48: 2223 | H48: 2201 | I48: =IF(H48="","",G48-H48) -> 22 | J48: =IF(OR(D48="",D48+G48=0),"",D48/(D48+G48)) -> 0.34191829 | K48: =IF(E48="","",E48/(E48+H48)) -> 0.34746516 | L48: =IF(OR(K48="",J48=""),"",(J48-K48)*100) -> -0.55468697 | M48: 2.3700269 | N48: 2.0764544 | O48: =SQRT(M48^2+N48^2) -> 3.1509825 | P48: =IF(J48="","",MAX(0,J48-1.96*O48/100)) -> 0.28015904 | Q48: =IF(J48="","",MIN(1,J48+1.96*O48/100)) -> 0.40367755 | R48: =IF(L48="","",IF(ABS(L48)<=O48,"Yes","No")) -> Yes | S48: =IF(L48="","",IF(ABS(L48)<=1.96*O48,"Yes","No")) -> Yes | T48: =IF(D48="","",ROUND(SQRT(((D48+G48)*O48/100)^2+(J48*(D48+G48)*0.07048)^2),0)) -> 134
A49: Lehigh | B49: WHITEHALL | C49: (whole municipality) | D49: 7481 | E49: 7383 | F49: =IF(E49="","",D49-E49) -> 98 | G49: 6999 | H49: 7036 | I49: =IF(H49="","",G49-H49) -> -37 | J49: =IF(OR(D49="",D49+G49=0),"",D49/(D49+G49)) -> 0.51664365 | K49: =IF(E49="","",E49/(E49+H49)) -> 0.51203273 | L49: =IF(OR(K49="",J49=""),"",(J49-K49)*100) -> 0.46109118 | M49: 1.8680298 | N49: 2.0764544 | O49: =SQRT(M49^2+N49^2) -> 2.7930625 | P49: =IF(J49="","",MAX(0,J49-1.96*O49/100)) -> 0.46189962 | Q49: =IF(J49="","",MIN(1,J49+1.96*O49/100)) -> 0.57138767 | R49: =IF(L49="","",IF(ABS(L49)<=O49,"Yes","No")) -> Yes | S49: =IF(L49="","",IF(ABS(L49)<=1.96*O49,"Yes","No")) -> Yes | T49: =IF(D49="","",ROUND(SQRT(((D49+G49)*O49/100)^2+(J49*(D49+G49)*0.06406)^2),0)) -> 627
A50: Monroe | B50: ELDRED TOWNSHIP | C50: (whole municipality) | D50: 430 | E50: 471 | F50: =IF(E50="","",D50-E50) -> -41 | G50: 1114 | H50: 1124 | I50: =IF(H50="","",G50-H50) -> -10 | J50: =IF(OR(D50="",D50+G50=0),"",D50/(D50+G50)) -> 0.27849741 | K50: =IF(E50="","",E50/(E50+H50)) -> 0.29529781 | L50: =IF(OR(K50="",J50=""),"",(J50-K50)*100) -> -1.6800396 | M50: 3.6523583 | N50: 2.0764544 | O50: =SQRT(M50^2+N50^2) -> 4.201355 | P50: =IF(J50="","",MAX(0,J50-1.96*O50/100)) -> 0.19615085 | Q50: =IF(J50="","",MIN(1,J50+1.96*O50/100)) -> 0.36084397 | R50: =IF(L50="","",IF(ABS(L50)<=O50,"Yes","No")) -> Yes | S50: =IF(L50="","",IF(ABS(L50)<=1.96*O50,"Yes","No")) -> Yes | T50: =IF(D50="","",ROUND(SQRT(((D50+G50)*O50/100)^2+(J50*(D50+G50)*0.09173)^2),0)) -> 76
A51: Monroe | B51: POLK TOWNSHIP | C51: (whole municipality) | D51: 1353 | E51: 1414 | F51: =IF(E51="","",D51-E51) -> -61 | G51: 2816 | H51: 2894 | I51: =IF(H51="","",G51-H51) -> -78 | J51: =IF(OR(D51="",D51+G51=0),"",D51/(D51+G51)) -> 0.32453826 | K51: =IF(E51="","",E51/(E51+H51)) -> 0.32822656 | L51: =IF(OR(K51="",J51=""),"",(J51-K51)*100) -> -0.36882967 | M51: 1.8680298 | N51: 2.0764544 | O51: =SQRT(M51^2+N51^2) -> 2.7930625 | P51: =IF(J51="","",MAX(0,J51-1.96*O51/100)) -> 0.26979423 | Q51: =IF(J51="","",MIN(1,J51+1.96*O51/100)) -> 0.37928228 | R51: =IF(L51="","",IF(ABS(L51)<=O51,"Yes","No")) -> Yes | S51: =IF(L51="","",IF(ABS(L51)<=1.96*O51,"Yes","No")) -> Yes | T51: =IF(D51="","",ROUND(SQRT(((D51+G51)*O51/100)^2+(J51*(D51+G51)*0.06406)^2),0)) -> 145
A52: Monroe | B52: ROSS TOWNSHIP | C52: (whole municipality) | D52: 428 | E52: 521 | F52: =IF(E52="","",D52-E52) -> -93 | G52: 882 | H52: 997 | I52: =IF(H52="","",G52-H52) -> -115 | J52: =IF(OR(D52="",D52+G52=0),"",D52/(D52+G52)) -> 0.32671756 | K52: =IF(E52="","",E52/(E52+H52)) -> 0.34321476 | L52: =IF(OR(K52="",J52=""),"",(J52-K52)*100) -> -1.6497199 | M52: 3.6523583 | N52: 2.0764544 | O52: =SQRT(M52^2+N52^2) -> 4.201355 | P52: =IF(J52="","",MAX(0,J52-1.96*O52/100)) -> 0.244371 | Q52: =IF(J52="","",MIN(1,J52+1.96*O52/100)) -> 0.40906412 | R52: =IF(L52="","",IF(ABS(L52)<=O52,"Yes","No")) -> Yes | S52: =IF(L52="","",IF(ABS(L52)<=1.96*O52,"Yes","No")) -> Yes | T52: =IF(D52="","",ROUND(SQRT(((D52+G52)*O52/100)^2+(J52*(D52+G52)*0.09173)^2),0)) -> 68
A53: Northampton | B53: ALLEN | C53: (whole municipality) | D53: 1440 | E53: 1511 | F53: =IF(E53="","",D53-E53) -> -71 | G53: 2024 | H53: 2018 | I53: =IF(H53="","",G53-H53) -> 6 | J53: =IF(OR(D53="",D53+G53=0),"",D53/(D53+G53)) -> 0.41570439 | K53: =IF(E53="","",E53/(E53+H53)) -> 0.42816662 | L53: =IF(OR(K53="",J53=""),"",(J53-K53)*100) -> -1.2462231 | M53: 2.3700269 | N53: 2.0764544 | O53: =SQRT(M53^2+N53^2) -> 3.1509825 | P53: =IF(J53="","",MAX(0,J53-1.96*O53/100)) -> 0.35394513 | Q53: =IF(J53="","",MIN(1,J53+1.96*O53/100)) -> 0.47746364 | R53: =IF(L53="","",IF(ABS(L53)<=O53,"Yes","No")) -> Yes | S53: =IF(L53="","",IF(ABS(L53)<=1.96*O53,"Yes","No")) -> Yes | T53: =IF(D53="","",ROUND(SQRT(((D53+G53)*O53/100)^2+(J53*(D53+G53)*0.07048)^2),0)) -> 149
A54: Northampton | B54: BANGOR | C54: (whole municipality) | D54: 968 | E54: 959 | F54: =IF(E54="","",D54-E54) -> 9 | G54: 1368 | H54: 1364 | I54: =IF(H54="","",G54-H54) -> 4 | J54: =IF(OR(D54="",D54+G54=0),"",D54/(D54+G54)) -> 0.41438356 | K54: =IF(E54="","",E54/(E54+H54)) -> 0.41282824 | L54: =IF(OR(K54="",J54=""),"",(J54-K54)*100) -> 0.15553223 | M54: 2.3700269 | N54: 2.0764544 | O54: =SQRT(M54^2+N54^2) -> 3.1509825 | P54: =IF(J54="","",MAX(0,J54-1.96*O54/100)) -> 0.35262431 | Q54: =IF(J54="","",MIN(1,J54+1.96*O54/100)) -> 0.47614282 | R54: =IF(L54="","",IF(ABS(L54)<=O54,"Yes","No")) -> Yes | S54: =IF(L54="","",IF(ABS(L54)<=1.96*O54,"Yes","No")) -> Yes | T54: =IF(D54="","",ROUND(SQRT(((D54+G54)*O54/100)^2+(J54*(D54+G54)*0.07048)^2),0)) -> 100
