Workbook

Sheet Scenario & Comparison
A1: PA-07 2026 House Forecast — Precinct Level: three results-only random-forest forecasts (fixed baseline)
A2: Candidates: Brooks | Mackenzie | The two yellow cells set the district-wide Brooks share and votes cast; all three forecasts update.
A3: A, B and C weight the same random-forest inputs differently using SHAP (see How Forecasts Are Weighted). Each is backtested on 2024 with its own weights; those errors are the error terms.
A5: SCENARIO INPUTS (defaults are built from the tables below; type over them to run another scenario)
A6: District-wide Brooks share of the two-party vote (input) | C6: =C21 -> 0.49830982 | D6: ← default: like-for-like baseline (row 21) — last midterm adjusted for the registration shift
A7: Turnout multiplier (input; 1.00 = each place keeps its 2022 turnout rate) | C7: 1 | D7: ← votes cast = 2022 turnout rate × 2026 registered voters × this multiplier (row 27)
A9: HOW THE DEFAULTS ARE BUILT (today’s map applied to every year — all municipalities and precincts, as if the district had always included them)
A10: Election | C10: Democratic share | D10: Democratic votes | E10: Republican votes | F10: Registered (state rolls) | G10: Dem share of two-party registration
A11: 2018 General | C11: =D11/(D11+E11) -> 0.53259004 | D11: 136790.36 | E11: 120049.52 | F11: 483877 | G11: 0.56798799
A12: 2020 General | C12: =D12/(D12+E12) -> 0.4960879 | D12: 188855.71 | E12: 191834.3 | F12: 518873 | G12: 0.55685758
A13: 2022 General | C13: =D13/(D13+E13) -> 0.50896572 | D13: 149243 | E13: 143985 | F13: 510119 | G13: 0.54766474
A14: 2024 General | C14: =D14/(D14+E14) -> 0.49424813 | D14: 196561 | E14: 201136 | F14: 535177 | G14: 0.52758258
A15: 2026 Primary rolls | F15: 517956 | G15: 0.52223425
A16: Source: certified precinct House returns and Department of State registration (PA07_Precinct_Data.xlsx). 2018/2020 count Carbon (then PA-09) and Polk (then PA-08) as district results and include an estimate for Ross One, so every year covers the same territory as 2026.
A18: Democratic share in the last election of the same type (2022 midterm) | C18: =C13 -> 0.50896572
A19: Change in Dem share of two-party registration since 2022 (pts) | C19: =(G15-G13)*100 -> -2.543049
A20: Registration-to-vote link (k), measured on precinct changes 2018→2022 and 2020→2024 | C20: 0.41902062 | D20: Within-district slope: precincts whose registration moved 1 pt toward a party moved about this many pts in vote share (national swing removed).
A21: Like-for-like baseline for 2026 = row 18 + k × row 19 | C21: =C18+C20*C19/100 -> 0.49830982
A22: For comparison — previous rule (average of 2022 and 2024 + k × change since then) | C22: =AVERAGE(C13,C14)+C20*(G15-AVERAGE(G13,G14)) -> 0.49515845
A23: 2022 turnout in today’s district (House votes ÷ registered voters) | C23: 0.56494828
A24: 2026 registered voters (state rolls, summed over precincts) | C24: 538584.71
A25: District check: 2022 turnout × 2026 registered | C25: =C23*C24 -> 304272.51
A26: Rule applied precinct by precinct (each place’s own 2022 turnout × its 2026 registered) and summed | C26: 306117.6 | D26: Each place uses its own 2022 turnout rate, so the summed total differs slightly from the district-level check. Registration: Department of State rolls (2026 primary).
A27: Votes cast used in the forecasts (row 26 × turnout multiplier) | C27: =C26*C7 -> 306117.6
A29: DISTRICT TOTALS BY FORECAST, WITH ERROR TERMS (live from each forecast tab)
A30: Forecast | B30: Weighting | C30: Brooks votes | D30: Mackenzie votes | E30: Total votes | F30: Brooks share | G30: Error term, share (± pts) | H30: Brooks share, 95% range | I30: Error term, votes cast (±) | J30: Error term, Brooks votes (±)
A31: Forecast A | B31: Full random forest | C31: ='2026 Forecast A'!D8 -> 152544 | D31: ='2026 Forecast A'!E8 -> 153569 | E31: ='2026 Forecast A'!F8 -> 306113 | F31: ='2026 Forecast A'!G8 -> 0.49832578 | G31: ='2026 Forecast A'!L8 -> 1.2188879 | H31: =TEXT('2026 Forecast A'!M8,"0.0%")&" – "&TEXT('2026 Forecast A'!N8,"0.0%") -> 47.4% – 52.2% | I31: ='2026 Forecast A'!O8 -> 13264 | J31: ='2026 Forecast A'!P8 -> 7590
A32: Forecast B | B32: SHAP-selected forest | C32: ='2026 Forecast B'!D8 -> 152546 | D32: ='2026 Forecast B'!E8 -> 153567 | E32: ='2026 Forecast B'!F8 -> 306113 | F32: ='2026 Forecast B'!G8 -> 0.49833232 | G32: ='2026 Forecast B'!L8 -> 1.2181759 | H32: =TEXT('2026 Forecast B'!M8,"0.0%")&" – "&TEXT('2026 Forecast B'!N8,"0.0%") -> 47.4% – 52.2% | I32: ='2026 Forecast B'!O8 -> 13264 | J32: ='2026 Forecast B'!P8 -> 7589
A33: Forecast C | B33: SHAP family-reweighted forest | C33: ='2026 Forecast C'!D8 -> 152545 | D33: ='2026 Forecast C'!E8 -> 153568 | E33: ='2026 Forecast C'!F8 -> 306113 | F33: ='2026 Forecast C'!G8 -> 0.49832905 | G33: ='2026 Forecast C'!L8 -> 1.2186289 | H33: =TEXT('2026 Forecast C'!M8,"0.0%")&" – "&TEXT('2026 Forecast C'!N8,"0.0%") -> 47.4% – 52.2% | I33: ='2026 Forecast C'!O8 -> 13264 | J33: ='2026 Forecast C'!P8 -> 7590
A34: District error terms = root-mean-square of the district-wide misses in all four backtests (2018, 2020, 2022, 2024). Place pattern error terms come from the 2022 and 2024 forward backtests, which use the same inputs as the 2026 forecast.
A36: BACKTESTS FOR EVERY YEAR, WITH ERROR TERMS (same weights as the forecasts; live from each backtest tab)
A37: Forecast | B37: Backtest | C37: District Dem share miss (pts) | D37: Dem votes miss | E37: Rep votes miss | F37: Votes cast miss | G37: Pattern RMS miss per row (pts) | H37: RMS miss per row (pts) | I37: Avg error term set beforehand (± pts) | J37: Actual inside ±1 error term | K37: Actual inside 95% range | L37: Rows within 3 pts
A38: Forecast A | B38: 2024 — forward backtest | C38: ='Backtest 2024 A'!F380 -> -1.0017156 | D38: ='Backtest 2024 A'!F382 -> -0.025880967 | E38: ='Backtest 2024 A'!F383 -> 0.013971866 | F38: ='Backtest 2024 A'!F384 -> -0.0056374384 | G38: ='Backtest 2024 A'!F381 -> 2.3262976 | H38: ='Backtest 2024 A'!F379 -> 2.4418874 | I38: ='Backtest 2024 A'!F385 -> 3.4126531 | J38: ='Backtest 2024 A'!F386 -> 0.82163743 | K38: ='Backtest 2024 A'!F387 -> 0.99707602 | L38: ='Backtest 2024 A'!F388 -> 0.78947368
A39: Forecast B | B39: 2024 — forward backtest | C39: ='Backtest 2024 B'!F380 -> -1.0038744 | D39: ='Backtest 2024 B'!F382 -> -0.025924593 | E39: ='Backtest 2024 B'!F383 -> 0.014014125 | F39: ='Backtest 2024 B'!F384 -> -0.0056374384 | G39: ='Backtest 2024 B'!F381 -> 2.3572986 | H39: ='Backtest 2024 B'!F379 -> 2.4647741 | I39: ='Backtest 2024 B'!F385 -> 4.4170332 | J39: ='Backtest 2024 B'!F386 -> 0.93859649 | K39: ='Backtest 2024 B'!F387 -> 0.99707602 | L39: ='Backtest 2024 B'!F388 -> 0.76900585
A40: Forecast C | B40: 2024 — forward backtest | C40: ='Backtest 2024 C'!F380 -> -1.0049537 | D40: ='Backtest 2024 C'!F382 -> -0.025946406 | E40: ='Backtest 2024 C'!F383 -> 0.014035255 | F40: ='Backtest 2024 C'!F384 -> -0.0056374384 | G40: ='Backtest 2024 C'!F381 -> 2.7395426 | H40: ='Backtest 2024 C'!F379 -> 2.8323419 | I40: ='Backtest 2024 C'!F385 -> 4.6011549 | J40: ='Backtest 2024 C'!F386 -> 0.89473684 | K40: ='Backtest 2024 C'!F387 -> 0.99707602 | L40: ='Backtest 2024 C'!F388 -> 0.75438596
A41: Forecast A | B41: 2022 — forward backtest | C41: ='Backtest 2022 A'!F380 -> 1.0226677 | D41: ='Backtest 2022 A'!F382 -> -0.043608175 | E41: ='Backtest 2022 A'!F383 -> -0.081967213 | F41: ='Backtest 2022 A'!F384 -> -0.06249638 | G41: ='Backtest 2022 A'!F381 -> 2.7184855 | H41: ='Backtest 2022 A'!F379 -> 2.6028513 | I41: ='Backtest 2022 A'!F385 -> 3.3124797 | J41: ='Backtest 2022 A'!F386 -> 0.82507289 | K41: ='Backtest 2022 A'!F387 -> 0.97959184 | L41: ='Backtest 2022 A'!F388 -> 0.79300292
A42: Forecast B | B42: 2022 — forward backtest | C42: ='Backtest 2022 B'!F380 -> 1.0242122 | D42: ='Backtest 2022 B'!F382 -> -0.04357965 | E42: ='Backtest 2022 B'!F383 -> -0.081996618 | F42: ='Backtest 2022 B'!F384 -> -0.06249638 | G42: ='Backtest 2022 B'!F381 -> 2.7304654 | H42: ='Backtest 2022 B'!F379 -> 2.7127803 | I42: ='Backtest 2022 B'!F385 -> 4.3398801 | J42: ='Backtest 2022 B'!F386 -> 0.90379009 | K42: ='Backtest 2022 B'!F387 -> 0.99708455 | L42: ='Backtest 2022 B'!F388 -> 0.75218659
A43: Forecast C | B43: 2022 — forward backtest | C43: ='Backtest 2022 C'!F380 -> 1.0222816 | D43: ='Backtest 2022 C'!F382 -> -0.043615307 | E43: ='Backtest 2022 C'!F383 -> -0.081959862 | F43: ='Backtest 2022 C'!F384 -> -0.06249638 | G43: ='Backtest 2022 C'!F381 -> 2.8068132 | H43: ='Backtest 2022 C'!F379 -> 2.704155 | I43: ='Backtest 2022 C'!F385 -> 4.5788446 | J43: ='Backtest 2022 C'!F386 -> 0.9212828 | K43: ='Backtest 2022 C'!F387 -> 1 | L43: ='Backtest 2022 C'!F388 -> 0.77842566
A44: Forecast A | B44: 2020 — hold-out test | C44: ='Backtest 2020 A'!F380 -> 1.1305056 | D44: ='Backtest 2020 A'!F382 -> 0.023864473 | E44: ='Backtest 2020 A'!F383 -> -0.021405912 | F44: ='Backtest 2020 A'!F384 -> 0.0010371281 | G44: ='Backtest 2020 A'!F381 -> 2.7161702 | H44: ='Backtest 2020 A'!F379 -> 3.0996357 | I44: ='Backtest 2020 A'!F385 -> 3.2916731 | J44: ='Backtest 2020 A'!F386 -> 0.74782609 | K44: ='Backtest 2020 A'!F387 -> 0.95942029 | L44: ='Backtest 2020 A'!F388 -> 0.71014493
A45: Forecast B | B45: 2020 — hold-out test | C45: ='Backtest 2020 B'!F380 -> 1.1291352 | D45: ='Backtest 2020 B'!F382 -> 0.023836801 | E45: ='Backtest 2020 B'!F383 -> -0.021378706 | F45: ='Backtest 2020 B'!F384 -> 0.0010371281 | G45: ='Backtest 2020 B'!F381 -> 3.1967328 | H45: ='Backtest 2020 B'!F379 -> 3.5887838 | I45: ='Backtest 2020 B'!F385 -> 4.2314347 | J45: ='Backtest 2020 B'!F386 -> 0.8 | K45: ='Backtest 2020 B'!F387 -> 0.96811594 | L45: ='Backtest 2020 B'!F388 -> 0.65797101
A46: Forecast C | B46: 2020 — hold-out test | C46: ='Backtest 2020 C'!F380 -> 1.131876 | D46: ='Backtest 2020 C'!F382 -> 0.023892145 | E46: ='Backtest 2020 C'!F383 -> -0.021433119 | F46: ='Backtest 2020 C'!F384 -> 0.0010371281 | G46: ='Backtest 2020 C'!F381 -> 2.6652205 | H46: ='Backtest 2020 C'!F379 -> 3.0748621 | I46: ='Backtest 2020 C'!F385 -> 4.5854344 | J46: ='Backtest 2020 C'!F386 -> 0.86376812 | K46: ='Backtest 2020 C'!F387 -> 1 | L46: ='Backtest 2020 C'!F388 -> 0.71594203
A47: Forecast A | B47: 2018 — hold-out test | C47: ='Backtest 2018 A'!F380 -> -1.616995 | D47: ='Backtest 2018 A'!F382 -> 0.027587546 | E47: ='Backtest 2018 A'!F383 -> 0.096417663 | F47: ='Backtest 2018 A'!F384 -> 0.059797247 | G47: ='Backtest 2018 A'!F381 -> 4.066978 | H47: ='Backtest 2018 A'!F379 -> 4.2336555 | I47: ='Backtest 2018 A'!F385 -> 2.7298036 | J47: ='Backtest 2018 A'!F386 -> 0.52941176 | K47: ='Backtest 2018 A'!F387 -> 0.81470588 | L47: ='Backtest 2018 A'!F388 -> 0.59411765
A48: Forecast B | B48: 2018 — hold-out test | C48: ='Backtest 2018 B'!F380 -> -1.6134868 | D48: ='Backtest 2018 B'!F382 -> 0.027657427 | E48: ='Backtest 2018 B'!F383 -> 0.096338212 | F48: ='Backtest 2018 B'!F384 -> 0.059797247 | G48: ='Backtest 2018 B'!F381 -> 6.0814752 | H48: ='Backtest 2018 B'!F379 -> 5.9590706 | I48: ='Backtest 2018 B'!F385 -> 2.9322931 | J48: ='Backtest 2018 B'!F386 -> 0.41176471 | K48: ='Backtest 2018 B'!F387 -> 0.65588235 | L48: ='Backtest 2018 B'!F388 -> 0.39705882
A49: Forecast C | B49: 2018 — hold-out test | C49: ='Backtest 2018 C'!F380 -> -1.6134868 | D49: ='Backtest 2018 C'!F382 -> 0.027657427 | E49: ='Backtest 2018 C'!F383 -> 0.096338212 | F49: ='Backtest 2018 C'!F384 -> 0.059797247 | G49: ='Backtest 2018 C'!F381 -> 6.9320944 | H49: ='Backtest 2018 C'!F379 -> 7.224405 | I49: ='Backtest 2018 C'!F385 -> 2.8619314 | J49: ='Backtest 2018 C'!F386 -> 0.33823529 | K49: ='Backtest 2018 C'!F387 -> 0.59705882 | L49: ='Backtest 2018 C'!F388 -> 0.37941176
A50: Green = forward backtests (only earlier elections used; possible for 2022 and 2024). 2020 and 2018 are hold-out tests (trained on the other elections with only the inputs that existed then), because the data start in 2018. Every year’s error terms come from the other three years. The 2020 test shows the biggest district-wide miss: one earlier election (the 2018 wave) is a poor guide to a presidential year.
A52: WHAT WAS FIXED — AND WHAT CANNOT BE FIXED WITH THIS DATA
A53: Fix: district share now uses the like-for-like rule in every year.
A54: Each year’s district Democratic share = the nearest election of the same type (midterm → midterm, presidential → presidential) + k × the change in two-party registration since then. Presidential and midterm electorates differ, so comparing like with like removes most of the cycle swing that the previous rule (average of the two nearest elections) carried into the 2018 and 2020 tests. The same formula is used in all four backtests and in 2026.
A55: What it changed.
A56: Worst district-share miss across the four backtests fell from about 3.2 points to about 1.7, and the average miss across all four years fell. The trade-off: in the two forward backtests the miss grew from about 0.4–0.5 to about 0.9–1.2 points.
A57: What cannot be fixed: midterm turnout.
A58: Turnout as a share of registered voters rose from 53% in 2018 to 57% in 2022. Nothing in the data available before 2022 signals that rise, so any rule built from earlier elections misses 2022 by about −6% (and, run backwards, 2018 by about +6%). That one change is most of the remaining party vote error in those two years. It is shown separately on every backtest tab (turnout part vs share part) and as low/high turnout scenarios for 2026 below.
A60: Backtest year | B60: Actual Dem share | C60: Previous rule: share miss (pts) | D60: Like-for-like: share miss (pts) | E60: Turnout miss | F60: Previous rule: Dem votes miss (A) | G60: Previous rule: Rep votes miss (A) | H60: Like-for-like: Dem votes miss (A) | I60: Like-for-like: Rep votes miss (A) | J60: Rep votes miss with exact turnout (A)
A61: 2024 (forward backtest) | B61: 0.49424813 | C61: -0.36077408 | D61: -1.2260509 | E61: -0.0056087639 | F61: -0.008474299 | G61: -0.0028894559 | H61: -0.025880967 | I61: 0.013971866 | J61: ='Backtest 2024 A'!F397 -> 0.019609304
A62: 2022 (forward backtest) | B62: 0.50896572 | C62: -0.53500905 | D62: 0.88572416 | E62: -0.062480511 | F62: -0.069808737 | G62: -0.054958465 | H62: -0.043608175 | I62: -0.081967213 | J62: ='Backtest 2022 A'!F397 -> -0.019470833
A63: 2020 (hold-out test) | B63: 0.4960879 | C63: 3.1623204 | D63: 1.0992698 | E63: 0.0010258475 | F63: 0.06551833 | G63: -0.06235836 | H63: 0.023866124 | I63: -0.021407513 | J63: ='Backtest 2020 A'!F397 -> -0.022443041
A64: 2018 (hold-out test) | B64: 0.53259004 | C64: -1.6696188 | D64: -1.6696188 | E64: 0.059785886 | F64: 0.027584646 | G64: 0.096422304 | H64: 0.027584646 | I64: 0.096422304 | J64: ='Backtest 2018 A'!F397 -> 0.036620416
A66: 2026 turnout scenario (Forecast A) | B66: Multiplier | C66: Votes cast | D66: Brooks votes | E66: Mackenzie votes | F66: Basis
A67: Lower turnout | B67: 0.93751949 | C67: ='2026 Forecast A'!F8*B67 -> 286986.9 | D67: =ROUND(C67*'2026 Forecast A'!G8,0) -> 143013 | E67: =C67-D67 -> 143973.9 | F67: midterm turnout falls back by as much as it rose 2018→2022
A68: Central (2022 turnout rate) | B68: 1 | C68: ='2026 Forecast A'!F8*B68 -> 306113 | D68: =ROUND(C68*'2026 Forecast A'!G8,0) -> 152544 | E68: =C68-D68 -> 153569 | F68: each place keeps its 2022 turnout rate (the forecast)
A69: Higher turnout | B69: 1.0624805 | C69: ='2026 Forecast A'!F8*B69 -> 325239.1 | D69: =ROUND(C69*'2026 Forecast A'!G8,0) -> 162075 | E69: =C69-D69 -> 163164.1 | F69: midterm turnout rises again by as much as it did 2018→2022
A70: Turnout changes the vote counts for both candidates in the same direction but not the Brooks share; the share (and the winner) depends on the district share input in row 6.
A72: WHY THE WEIGHTS DIFFER BUT THE FORECASTS LOOK THE SAME
A73: 1. District totals are identical by design.
A74: The district Brooks share is set by the baseline input (row 6) and votes cast by the turnout rule (row 7). Each forecast’s place-level leans are shifted so they add up to exactly that share, and every forecast uses the same votes cast. So A, B and C cannot differ in the district totals — only in how the vote is spread across precincts.
A75: 2. The place-level forecasts do differ, but only a little.
A76: Average gap between forecasts: A vs B 0.53 pts (largest 3.1), A vs C 0.87 (largest 2.4), B vs C 1.06 (largest 3.8) — against a 12.7-point spread of leans across precincts. Correlation between forecasts ≥ 0.999.
A77: 3. The inputs whose weights change all say the same thing.
A78: Past House, presidential and Senate results, party registration and last election’s Republican share of ballots are all measures of the same underlying partisanship, and are correlated at 0.9+ with each other. Moving weight from one to another (B drops weak inputs; C shifts weight between the results family and the registration family) changes the explanation — the SHAP shares — far more than the answer. Where they disagree is in places whose registration and voting history have drifted apart; those are the rows that move most between A, B and C.
A79: 4. Where it matters.
A80: The forecasts differ most in close, fast-changing places, which is why the comparison table flags rows where A, B and C disagree on the winner. Those rows plus any row whose 95% range spans 50% are the real toss-ups.
A82: PRECINCT COMPARISON (Brooks share by forecast, live)
A83: County | B83: Municipality | C83: Precinct | D83: Forecast A | E83: Forecast B | F83: Forecast C | G83: Spread (max − min, pts) | H83: Total error term A (± pts) | I83: Total error term B (± pts) | J83: Total error term C (± pts) | K83: Votes cast | L83: Calls agree?
A84: ='2026 Forecast A'!A12 -> Carbon | B84: ='2026 Forecast A'!B12 -> BANKS TOWNSHIP | C84: ='2026 Forecast A'!C12 -> BANKS TOWNSHIP | D84: ='2026 Forecast A'!G12 -> 0.41758242 | E84: ='2026 Forecast B'!G12 -> 0.42582418 | F84: ='2026 Forecast C'!G12 -> 0.40659341 | G84: =(MAX(D84:F84)-MIN(D84:F84))*100 -> 1.9230769 | H84: ='2026 Forecast A'!L12 -> 3.6300732 | I84: ='2026 Forecast B'!L12 -> 3.4221224 | J84: ='2026 Forecast C'!L12 -> 3.9054341 | K84: ='2026 Forecast A'!F12 -> 364 | L84: =IF(OR(AND(D84>0.5,E84>0.5,F84>0.5),AND(D84<0.5,E84<0.5,F84<0.5)),"Yes","No — toss-up") -> Yes
A85: ='2026 Forecast A'!A13 -> Carbon | B85: ='2026 Forecast A'!B13 -> BEAVER MEADOWS BOROUGH | C85: ='2026 Forecast A'!C13 -> BEAVER MEADOWS BOROUGH | D85: ='2026 Forecast A'!G13 -> 0.29393939 | E85: ='2026 Forecast B'!G13 -> 0.2969697 | F85: ='2026 Forecast C'!G13 -> 0.27575758 | G85: =(MAX(D85:F85)-MIN(D85:F85))*100 -> 2.1212121 | H85: ='2026 Forecast A'!L13 -> 3.6300732 | I85: ='2026 Forecast B'!L13 -> 3.4221224 | J85: ='2026 Forecast C'!L13 -> 3.9054341 | K85: ='2026 Forecast A'!F13 -> 330 | L85: =IF(OR(AND(D85>0.5,E85>0.5,F85>0.5),AND(D85<0.5,E85<0.5,F85<0.5)),"Yes","No — toss-up") -> Yes
A86: ='2026 Forecast A'!A14 -> Carbon | B86: ='2026 Forecast A'!B14 -> BOWMANSTOWN BOROUGH | C86: ='2026 Forecast A'!C14 -> BOWMANSTOWN BOROUGH | D86: ='2026 Forecast A'!G14 -> 0.3258427 | E86: ='2026 Forecast B'!G14 -> 0.34269663 | F86: ='2026 Forecast C'!G14 -> 0.31460674 | G86: =(MAX(D86:F86)-MIN(D86:F86))*100 -> 2.8089888 | H86: ='2026 Forecast A'!L14 -> 3.6300732 | I86: ='2026 Forecast B'!L14 -> 3.4221224 | J86: ='2026 Forecast C'!L14 -> 3.9054341 | K86: ='2026 Forecast A'!F14 -> 356 | L86: =IF(OR(AND(D86>0.5,E86>0.5,F86>0.5),AND(D86<0.5,E86<0.5,F86<0.5)),"Yes","No — toss-up") -> Yes
A87: ='2026 Forecast A'!A15 -> Carbon | B87: ='2026 Forecast A'!B15 -> EAST PENN TOWNSHIP | C87: ='2026 Forecast A'!C15 -> EAST PENN TOWNSHIP-NORTH | D87: ='2026 Forecast A'!G15 -> 0.2679558 | E87: ='2026 Forecast B'!G15 -> 0.26933702 | F87: ='2026 Forecast C'!G15 -> 0.24861878 | G87: =(MAX(D87:F87)-MIN(D87:F87))*100 -> 2.0718232 | H87: ='2026 Forecast A'!L15 -> 2.442955 | I87: ='2026 Forecast B'!L15 -> 2.5365731 | J87: ='2026 Forecast C'!L15 -> 2.6675818 | K87: ='2026 Forecast A'!F15 -> 724 | L87: =IF(OR(AND(D87>0.5,E87>0.5,F87>0.5),AND(D87<0.5,E87<0.5,F87<0.5)),"Yes","No — toss-up") -> Yes
A88: ='2026 Forecast A'!A16 -> Carbon | B88: ='2026 Forecast A'!B16 -> EAST PENN TOWNSHIP | C88: ='2026 Forecast A'!C16 -> EAST PENN TOWNSHIP-SOUTH | D88: ='2026 Forecast A'!G16 -> 0.28968903 | E88: ='2026 Forecast B'!G16 -> 0.28805237 | F88: ='2026 Forecast C'!G16 -> 0.2700491 | G88: =(MAX(D88:F88)-MIN(D88:F88))*100 -> 1.9639935 | H88: ='2026 Forecast A'!L16 -> 2.442955 | I88: ='2026 Forecast B'!L16 -> 2.5365731 | J88: ='2026 Forecast C'!L16 -> 2.6675818 | K88: ='2026 Forecast A'!F16 -> 611 | L88: =IF(OR(AND(D88>0.5,E88>0.5,F88>0.5),AND(D88<0.5,E88<0.5,F88<0.5)),"Yes","No — toss-up") -> Yes
A89: ='2026 Forecast A'!A17 -> Carbon | B89: ='2026 Forecast A'!B17 -> EAST SIDE BOROUGH | C89: ='2026 Forecast A'!C17 -> EAST SIDE BOROUGH | D89: ='2026 Forecast A'!G17 -> 0.34408602 | E89: ='2026 Forecast B'!G17 -> 0.35483871 | F89: ='2026 Forecast C'!G17 -> 0.33333333 | G89: =(MAX(D89:F89)-MIN(D89:F89))*100 -> 2.1505376 | H89: ='2026 Forecast A'!L17 -> 3.6300732 | I89: ='2026 Forecast B'!L17 -> 3.4221224 | J89: ='2026 Forecast C'!L17 -> 3.9054341 | K89: ='2026 Forecast A'!F17 -> 93 | L89: =IF(OR(AND(D89>0.5,E89>0.5,F89>0.5),AND(D89<0.5,E89<0.5,F89<0.5)),"Yes","No — toss-up") -> Yes
A90: ='2026 Forecast A'!A18 -> Carbon | B90: ='2026 Forecast A'!B18 -> FRANKLIN TOWNSHIP | C90: ='2026 Forecast A'!C18 -> FRANKLIN TOWNSHIP-HARRITY | D90: ='2026 Forecast A'!G18 -> 0.2883939 | E90: ='2026 Forecast B'!G18 -> 0.28956624 | F90: ='2026 Forecast C'!G18 -> 0.26846424 | G90: =(MAX(D90:F90)-MIN(D90:F90))*100 -> 2.1101993 | H90: ='2026 Forecast A'!L18 -> 2.442955 | I90: ='2026 Forecast B'!L18 -> 2.5365731 | J90: ='2026 Forecast C'!L18 -> 2.6675818 | K90: ='2026 Forecast A'!F18 -> 853 | L90: =IF(OR(AND(D90>0.5,E90>0.5,F90>0.5),AND(D90<0.5,E90<0.5,F90<0.5)),"Yes","No — toss-up") -> Yes
A91: ='2026 Forecast A'!A19 -> Carbon | B91: ='2026 Forecast A'!B19 -> FRANKLIN TOWNSHIP | C91: ='2026 Forecast A'!C19 -> FRANKLIN TOWNSHIP-IND DIST | D91: ='2026 Forecast A'!G19 -> 0.28125 | E91: ='2026 Forecast B'!G19 -> 0.28348214 | F91: ='2026 Forecast C'!G19 -> 0.25892857 | G91: =(MAX(D91:F91)-MIN(D91:F91))*100 -> 2.4553571 | H91: ='2026 Forecast A'!L19 -> 3.6300732 | I91: ='2026 Forecast B'!L19 -> 3.4221224 | J91: ='2026 Forecast C'!L19 -> 3.9054341 | K91: ='2026 Forecast A'!F19 -> 448 | L91: =IF(OR(AND(D91>0.5,E91>0.5,F91>0.5),AND(D91<0.5,E91<0.5,F91<0.5)),"Yes","No — toss-up") -> Yes
A92: ='2026 Forecast A'!A20 -> Carbon | B92: ='2026 Forecast A'!B20 -> FRANKLIN TOWNSHIP | C92: ='2026 Forecast A'!C20 -> FRANKLIN TOWNSHIP-LONG RUN | D92: ='2026 Forecast A'!G20 -> 0.28111274 | E92: ='2026 Forecast B'!G20 -> 0.27818448 | F92: ='2026 Forecast C'!G20 -> 0.26207906 | G92: =(MAX(D92:F92)-MIN(D92:F92))*100 -> 1.9033675 | H92: ='2026 Forecast A'!L20 -> 2.442955 | I92: ='2026 Forecast B'!L20 -> 2.5365731 | J92: ='2026 Forecast C'!L20 -> 2.6675818 | K92: ='2026 Forecast A'!F20 -> 683 | L92: =IF(OR(AND(D92>0.5,E92>0.5,F92>0.5),AND(D92<0.5,E92<0.5,F92<0.5)),"Yes","No — toss-up") -> Yes
A93: ='2026 Forecast A'!A21 -> Carbon | B93: ='2026 Forecast A'!B21 -> JIM THORPE BOROUGH | C93: ='2026 Forecast A'!C21 -> JIM THORPE BOROUGH-1ST | D93: ='2026 Forecast A'!G21 -> 0.44495413 | E93: ='2026 Forecast B'!G21 -> 0.45183486 | F93: ='2026 Forecast C'!G21 -> 0.44266055 | G93: =(MAX(D93:F93)-MIN(D93:F93))*100 -> 0.91743119 | H93: ='2026 Forecast A'!L21 -> 3.6300732 | I93: ='2026 Forecast B'!L21 -> 3.4221224 | J93: ='2026 Forecast C'!L21 -> 3.9054341 | K93: ='2026 Forecast A'!F21 -> 436 | L93: =IF(OR(AND(D93>0.5,E93>0.5,F93>0.5),AND(D93<0.5,E93<0.5,F93<0.5)),"Yes","No — toss-up") -> Yes
A94: ='2026 Forecast A'!A22 -> Carbon | B94: ='2026 Forecast A'!B22 -> JIM THORPE BOROUGH | C94: ='2026 Forecast A'!C22 -> JIM THORPE BOROUGH-2ND | D94: ='2026 Forecast A'!G22 -> 0.42857143 | E94: ='2026 Forecast B'!G22 -> 0.43928571 | F94: ='2026 Forecast C'!G22 -> 0.425 | G94: =(MAX(D94:F94)-MIN(D94:F94))*100 -> 1.4285714 | H94: ='2026 Forecast A'!L22 -> 3.6300732 | I94: ='2026 Forecast B'!L22 -> 3.4221224 | J94: ='2026 Forecast C'!L22 -> 3.9054341 | K94: ='2026 Forecast A'!F22 -> 280 | L94: =IF(OR(AND(D94>0.5,E94>0.5,F94>0.5),AND(D94<0.5,E94<0.5,F94<0.5)),"Yes","No — toss-up") -> Yes
A95: ='2026 Forecast A'!A23 -> Carbon | B95: ='2026 Forecast A'!B23 -> JIM THORPE BOROUGH | C95: ='2026 Forecast A'!C23 -> JIM THORPE BOROUGH-3RD | D95: ='2026 Forecast A'!G23 -> 0.39164087 | E95: ='2026 Forecast B'!G23 -> 0.39164087 | F95: ='2026 Forecast C'!G23 -> 0.38390093 | G95: =(MAX(D95:F95)-MIN(D95:F95))*100 -> 0.77399381 | H95: ='2026 Forecast A'!L23 -> 2.442955 | I95: ='2026 Forecast B'!L23 -> 2.5365731 | J95: ='2026 Forecast C'!L23 -> 2.6675818 | K95: ='2026 Forecast A'!F23 -> 646 | L95: =IF(OR(AND(D95>0.5,E95>0.5,F95>0.5),AND(D95<0.5,E95<0.5,F95<0.5)),"Yes","No — toss-up") -> Yes
... A453: ='2026 Forecast A'!A381 -> Northampton | B453: ='2026 Forecast A'!B381 -> WIND GAP | C453: ='2026 Forecast A'!C381 -> WIND GAP | D453: ='2026 Forecast A'!G381 -> 0.43318777 | E453: ='2026 Forecast B'!G381 -> 0.4279476 | F453: ='2026 Forecast C'!G381 -> 0.4279476 | G453: =(MAX(D453:F453)-MIN(D453:F453))*100 -> 0.52401747 | H453: ='2026 Forecast A'!L381 -> 2.1149079 | I453: ='2026 Forecast B'!L381 -> 2.412985 | J453: ='2026 Forecast C'!L381 -> 2.2450552 | K453: ='2026 Forecast A'!F381 -> 1145 | L453: =IF(OR(AND(D453>0.5,E453>0.5,F453>0.5),AND(D453<0.5,E453<0.5,F453<0.5)),"Yes","No — toss-up") -> Yes

Sheet 2026 Forecast A
A1: PA-07 2026 House Forecast — Precinct-Level Predictions (Forecast A: full random forest)
A2: Candidates: Brooks | Mackenzie | District totals (yellow) are formulas over the precinct rows.
A3: Only the results are modelled (one random forest). Votes cast in each row = its 2022 turnout rate (House votes ÷ registered voters) × its 2026 registered voters. Brooks votes = votes cast × forecast Brooks share. Error terms combine the place’s own pattern error (2022 and 2024 backtests), the district-wide error and turnout error (all four backtest years).
A4: Model / scenario | B4: Random forest on results — Forecast A (Full random forest), precinct model; turnout = 2022 turnout rate × 2026 registered voters | C4: As-of date | D4: 46300 | E4: Prepared by | F4: Max | G4: Version | H4: v8.0 (current map; like-for-like baseline; backtests every year)
A5: District Brooks share (scenario) | B5: ='Scenario & Comparison'!$C$6 -> 0.49830982 | C5: Uniform shift applied | D5: =B5-SUMPRODUCT(R12:R381,S12:S381)/SUM(S12:S381)/100 -> 0.51120642 | E5: Turnout multiplier (1.00 = 2022 turnout) | F5: ='Scenario & Comparison'!$C$7 -> 1
A6: DISTRICT TOTALS (auto-sum — do not type over)
A7: Geography | B7: (muni) | C7: (precinct) | D7: Brooks votes | E7: Mackenzie votes | F7: Total votes | G7: Brooks share | H7: Mackenzie share | I7: Notes | J7: Error term: place pattern (± pts) | K7: Error term: district-wide (± pts) | L7: Error term: total (± pts) | M7: Brooks share, 95% low | N7: Brooks share, 95% high | O7: Error term: votes cast (± votes) | P7: Error term: Brooks votes (± votes)
A8: PA-07 District | B8: (all precincts) | D8: =SUM(D12:D381) -> 152544 | E8: =SUM(E12:E381) -> 153569 | F8: =D8+E8 -> 306113 | G8: =IF(F8=0,"",D8/F8) -> 0.49832578 | H8: =IF(F8=0,"",E8/F8) -> 0.50167422 | I8: Headline forecast for the briefing | J8: 0 | K8: 1.2188879 | L8: =SQRT(J8^2+K8^2) -> 1.2188879 | M8: =G8-1.96*L8/100 -> 0.47443558 | N8: =G8+1.96*L8/100 -> 0.52221598 | O8: =ROUND(F8*0.04333,0) -> 13264 | P8: =ROUND(SQRT((F8*L8/100)^2+(G8*O8)^2),0) -> 7590
A9: Error terms are ±1 standard error: place pattern error by place size (2022 and 2024 forward backtests) plus district-wide and turnout error (all four backtest years, 2018–2024). 95% low/high = Brooks share ± 1.96 × total error term.
A10: PRECINCT DETAIL | R10: MODEL INPUTS (from the random forest — do not edit)
A11: County | B11: Municipality | C11: Precinct | D11: Brooks votes | E11: Mackenzie votes | F11: Total votes | G11: Brooks share | H11: Mackenzie share | I11: Notes / source method | J11: Error term: place pattern (± pts) | K11: Error term: district-wide (± pts) | L11: Error term: total (± pts) | M11: Brooks share, 95% low | N11: Brooks share, 95% high | O11: Error term: votes cast (± votes) | P11: Error term: Brooks votes (± votes) | R11: Model lean vs district (pts) | S11: Votes cast = 2022 turnout × 2026 registered | T11: Forecast Brooks share (unrounded) | U11: 2022 turnout (House votes ÷ registered) | V11: 2026 registered voters | W11: Votes-cast error (% of votes) | X11: Size group (backtest error band) | Y11: Registration source
A12: Carbon | B12: BANKS TOWNSHIP | C12: BANKS TOWNSHIP | D12: =ROUND(S12*T12,0) -> 152 | E12: =ROUND(S12,0)-D12 -> 212 | F12: =IF(COUNTA(D12:E12)=0,"",SUM(D12:E12)) -> 364 | G12: =IF(OR(F12="",F12=0),"",D12/F12) -> 0.41758242 | H12: =IF(OR(F12="",F12=0),"",E12/F12) -> 0.58241758 | I12: random forest (results only) | J12: 3.4193192 | K12: =$K$8 -> 1.2188879 | L12: =SQRT(J12^2+K12^2) -> 3.6300732 | M12: =IF(G12="","",MAX(0,G12-1.96*L12/100)) -> 0.34643298 | N12: =IF(G12="","",MIN(1,G12+1.96*L12/100)) -> 0.48873185 | O12: =ROUND(S12*W12,0) -> 54 | P12: =IF(F12="","",ROUND(SQRT((F12*L12/100)^2+(G12*O12)^2),0)) -> 26 | R12: -9.3825015 | S12: =U12*V12*$F$5 -> 364.49096 | T12: =MAX(0,MIN(1,R12/100+$D$5)) -> 0.41738141 | U12: 0.5813253 | V12: 627 | W12: 0.14779328 | X12: Small | Y12: state rolls, precinct
A13: Carbon | B13: BEAVER MEADOWS BOROUGH | C13: BEAVER MEADOWS BOROUGH | D13: =ROUND(S13*T13,0) -> 97 | E13: =ROUND(S13,0)-D13 -> 233 | F13: =IF(COUNTA(D13:E13)=0,"",SUM(D13:E13)) -> 330 | G13: =IF(OR(F13="",F13=0),"",D13/F13) -> 0.29393939 | H13: =IF(OR(F13="",F13=0),"",E13/F13) -> 0.70606061 | I13: random forest (results only) | J13: 3.4193192 | K13: =$K$8 -> 1.2188879 | L13: =SQRT(J13^2+K13^2) -> 3.6300732 | M13: =IF(G13="","",MAX(0,G13-1.96*L13/100)) -> 0.22278996 | N13: =IF(G13="","",MIN(1,G13+1.96*L13/100)) -> 0.36508883 | O13: =ROUND(S13*W13,0) -> 49 | P13: =IF(F13="","",ROUND(SQRT((F13*L13/100)^2+(G13*O13)^2),0)) -> 19 | R13: -21.723744 | S13: =U13*V13*$F$5 -> 330.13014 | T13: =MAX(0,MIN(1,R13/100+$D$5)) -> 0.29396898 | U13: 0.53767123 | V13: 614 | W13: 0.14779328 | X13: Small | Y13: state rolls, precinct
A14: Carbon | B14: BOWMANSTOWN BOROUGH | C14: BOWMANSTOWN BOROUGH | D14: =ROUND(S14*T14,0) -> 116 | E14: =ROUND(S14,0)-D14 -> 240 | F14: =IF(COUNTA(D14:E14)=0,"",SUM(D14:E14)) -> 356 | G14: =IF(OR(F14="",F14=0),"",D14/F14) -> 0.3258427 | H14: =IF(OR(F14="",F14=0),"",E14/F14) -> 0.6741573 | I14: random forest (results only) | J14: 3.4193192 | K14: =$K$8 -> 1.2188879 | L14: =SQRT(J14^2+K14^2) -> 3.6300732 | M14: =IF(G14="","",MAX(0,G14-1.96*L14/100)) -> 0.25469326 | N14: =IF(G14="","",MIN(1,G14+1.96*L14/100)) -> 0.39699213 | O14: =ROUND(S14*W14,0) -> 53 | P14: =IF(F14="","",ROUND(SQRT((F14*L14/100)^2+(G14*O14)^2),0)) -> 22 | R14: -18.412818 | S14: =U14*V14*$F$5 -> 355.63437 | T14: =MAX(0,MIN(1,R14/100+$D$5)) -> 0.32707824 | U14: 0.63619744 | V14: 559 | W14: 0.14779328 | X14: Small | Y14: state rolls, precinct
A15: Carbon | B15: EAST PENN TOWNSHIP | C15: EAST PENN TOWNSHIP-NORTH | D15: =ROUND(S15*T15,0) -> 194 | E15: =ROUND(S15,0)-D15 -> 530 | F15: =IF(COUNTA(D15:E15)=0,"",SUM(D15:E15)) -> 724 | G15: =IF(OR(F15="",F15=0),"",D15/F15) -> 0.2679558 | H15: =IF(OR(F15="",F15=0),"",E15/F15) -> 0.7320442 | I15: random forest (results only) | J15: 2.1171541 | K15: =$K$8 -> 1.2188879 | L15: =SQRT(J15^2+K15^2) -> 2.442955 | M15: =IF(G15="","",MAX(0,G15-1.96*L15/100)) -> 0.22007388 | N15: =IF(G15="","",MIN(1,G15+1.96*L15/100)) -> 0.31583772 | O15: =ROUND(S15*W15,0) -> 64 | P15: =IF(F15="","",ROUND(SQRT((F15*L15/100)^2+(G15*O15)^2),0)) -> 25 | R15: -24.334957 | S15: =U15*V15*$F$5 -> 724.37791 | T15: =MAX(0,MIN(1,R15/100+$D$5)) -> 0.26785685 | U15: 0.67635659 | V15: 1071 | W15: 0.088236166 | X15: Medium | Y15: state rolls, precinct
A16: Carbon | B16: EAST PENN TOWNSHIP | C16: EAST PENN TOWNSHIP-SOUTH | D16: =ROUND(S16*T16,0) -> 177 | E16: =ROUND(S16,0)-D16 -> 434 | F16: =IF(COUNTA(D16:E16)=0,"",SUM(D16:E16)) -> 611 | G16: =IF(OR(F16="",F16=0),"",D16/F16) -> 0.28968903 | H16: =IF(OR(F16="",F16=0),"",E16/F16) -> 0.71031097 | I16: random forest (results only) | J16: 2.1171541 | K16: =$K$8 -> 1.2188879 | L16: =SQRT(J16^2+K16^2) -> 2.442955 | M16: =IF(G16="","",MAX(0,G16-1.96*L16/100)) -> 0.24180712 | N16: =IF(G16="","",MIN(1,G16+1.96*L16/100)) -> 0.33757095 | O16: =ROUND(S16*W16,0) -> 54 | P16: =IF(F16="","",ROUND(SQRT((F16*L16/100)^2+(G16*O16)^2),0)) -> 22 | R16: -22.147157 | S16: =U16*V16*$F$5 -> 610.89237 | T16: =MAX(0,MIN(1,R16/100+$D$5)) -> 0.28973485 | U16: 0.62591432 | V16: 976 | W16: 0.088236166 | X16: Medium | Y16: state rolls, precinct
A17: Carbon | B17: EAST SIDE BOROUGH | C17: EAST SIDE BOROUGH | D17: =ROUND(S17*T17,0) -> 32 | E17: =ROUND(S17,0)-D17 -> 61 | F17: =IF(COUNTA(D17:E17)=0,"",SUM(D17:E17)) -> 93 | G17: =IF(OR(F17="",F17=0),"",D17/F17) -> 0.34408602 | H17: =IF(OR(F17="",F17=0),"",E17/F17) -> 0.65591398 | I17: random forest (results only) | J17: 3.4193192 | K17: =$K$8 -> 1.2188879 | L17: =SQRT(J17^2+K17^2) -> 3.6300732 | M17: =IF(G17="","",MAX(0,G17-1.96*L17/100)) -> 0.27293659 | N17: =IF(G17="","",MIN(1,G17+1.96*L17/100)) -> 0.41523546 | O17: =ROUND(S17*W17,0) -> 14 | P17: =IF(F17="","",ROUND(SQRT((F17*L17/100)^2+(G17*O17)^2),0)) -> 6 | R17: -16.935318 | S17: =U17*V17*$F$5 -> 93.426829 | T17: =MAX(0,MIN(1,R17/100+$D$5)) -> 0.34185324 | U17: 0.57317073 | V17: 163 | W17: 0.14779328 | X17: Small | Y17: state rolls, precinct
A18: Carbon | B18: FRANKLIN TOWNSHIP | C18: FRANKLIN TOWNSHIP-HARRITY | D18: =ROUND(S18*T18,0) -> 246 | E18: =ROUND(S18,0)-D18 -> 607 | F18: =IF(COUNTA(D18:E18)=0,"",SUM(D18:E18)) -> 853 | G18: =IF(OR(F18="",F18=0),"",D18/F18) -> 0.2883939 | H18: =IF(OR(F18="",F18=0),"",E18/F18) -> 0.7116061 | I18: random forest (results only) | J18: 2.1171541 | K18: =$K$8 -> 1.2188879 | L18: =SQRT(J18^2+K18^2) -> 2.442955 | M18: =IF(G18="","",MAX(0,G18-1.96*L18/100)) -> 0.24051199 | N18: =IF(G18="","",MIN(1,G18+1.96*L18/100)) -> 0.33627582 | O18: =ROUND(S18*W18,0) -> 75 | P18: =IF(F18="","",ROUND(SQRT((F18*L18/100)^2+(G18*O18)^2),0)) -> 30 | R18: -22.26495 | S18: =U18*V18*$F$5 -> 852.99444 | T18: =MAX(0,MIN(1,R18/100+$D$5)) -> 0.28855692 | U18: 0.66640191 | V18: 1280 | W18: 0.088236166 | X18: Medium | Y18: state rolls, precinct
A19: Carbon | B19: FRANKLIN TOWNSHIP | C19: FRANKLIN TOWNSHIP-IND DIST | D19: =ROUND(S19*T19,0) -> 126 | E19: =ROUND(S19,0)-D19 -> 322 | F19: =IF(COUNTA(D19:E19)=0,"",SUM(D19:E19)) -> 448 | G19: =IF(OR(F19="",F19=0),"",D19/F19) -> 0.28125 | H19: =IF(OR(F19="",F19=0),"",E19/F19) -> 0.71875 | I19: random forest (results only) | J19: 3.4193192 | K19: =$K$8 -> 1.2188879 | L19: =SQRT(J19^2+K19^2) -> 3.6300732 | M19: =IF(G19="","",MAX(0,G19-1.96*L19/100)) -> 0.21010057 | N19: =IF(G19="","",MIN(1,G19+1.96*L19/100)) -> 0.35239943 | O19: =ROUND(S19*W19,0) -> 66 | P19: =IF(F19="","",ROUND(SQRT((F19*L19/100)^2+(G19*O19)^2),0)) -> 25 | R19: -23.021767 | S19: =U19*V19*$F$5 -> 447.93932 | T19: =MAX(0,MIN(1,R19/100+$D$5)) -> 0.28098875 | U19: 0.55097087 | V19: 813 | W19: 0.14779328 | X19: Small | Y19: state rolls, precinct
A20: Carbon | B20: FRANKLIN TOWNSHIP | C20: FRANKLIN TOWNSHIP-LONG RUN | D20: =ROUND(S20*T20,0) -> 192 | E20: =ROUND(S20,0)-D20 -> 491 | F20: =IF(COUNTA(D20:E20)=0,"",SUM(D20:E20)) -> 683 | G20: =IF(OR(F20="",F20=0),"",D20/F20) -> 0.28111274 | H20: =IF(OR(F20="",F20=0),"",E20/F20) -> 0.71888726 | I20: random forest (results only) | J20: 2.1171541 | K20: =$K$8 -> 1.2188879 | L20: =SQRT(J20^2+K20^2) -> 2.442955 | M20: =IF(G20="","",MAX(0,G20-1.96*L20/100)) -> 0.23323082 | N20: =IF(G20="","",MIN(1,G20+1.96*L20/100)) -> 0.32899466 | O20: =ROUND(S20*W20,0) -> 60 | P20: =IF(F20="","",ROUND(SQRT((F20*L20/100)^2+(G20*O20)^2),0)) -> 24 | R20: -22.998693 | S20: =U20*V20*$F$5 -> 683.32677 | T20: =MAX(0,MIN(1,R20/100+$D$5)) -> 0.28121949 | U20: 0.65452756 | V20: 1044 | W20: 0.088236166 | X20: Medium | Y20: state rolls, precinct
A21: Carbon | B21: JIM THORPE BOROUGH | C21: JIM THORPE BOROUGH-1ST | D21: =ROUND(S21*T21,0) -> 194 | E21: =ROUND(S21,0)-D21 -> 242 | F21: =IF(COUNTA(D21:E21)=0,"",SUM(D21:E21)) -> 436 | G21: =IF(OR(F21="",F21=0),"",D21/F21) -> 0.44495413 | H21: =IF(OR(F21="",F21=0),"",E21/F21) -> 0.55504587 | I21: random forest (results only) | J21: 3.4193192 | K21: =$K$8 -> 1.2188879 | L21: =SQRT(J21^2+K21^2) -> 3.6300732 | M21: =IF(G21="","",MAX(0,G21-1.96*L21/100)) -> 0.37380469 | N21: =IF(G21="","",MIN(1,G21+1.96*L21/100)) -> 0.51610356 | O21: =ROUND(S21*W21,0) -> 64 | P21: =IF(F21="","",ROUND(SQRT((F21*L21/100)^2+(G21*O21)^2),0)) -> 33 | R21: -6.540268 | S21: =U21*V21*$F$5 -> 436.24467 | T21: =MAX(0,MIN(1,R21/100+$D$5)) -> 0.44580374 | U21: 0.62588905 | V21: 697 | W21: 0.14779328 | X21: Small | Y21: state rolls, precinct
A22: Carbon | B22: JIM THORPE BOROUGH | C22: JIM THORPE BOROUGH-2ND | D22: =ROUND(S22*T22,0) -> 120 | E22: =ROUND(S22,0)-D22 -> 160 | F22: =IF(COUNTA(D22:E22)=0,"",SUM(D22:E22)) -> 280 | G22: =IF(OR(F22="",F22=0),"",D22/F22) -> 0.42857143 | H22: =IF(OR(F22="",F22=0),"",E22/F22) -> 0.57142857 | I22: random forest (results only) | J22: 3.4193192 | K22: =$K$8 -> 1.2188879 | L22: =SQRT(J22^2+K22^2) -> 3.6300732 | M22: =IF(G22="","",MAX(0,G22-1.96*L22/100)) -> 0.35742199 | N22: =IF(G22="","",MIN(1,G22+1.96*L22/100)) -> 0.49972086 | O22: =ROUND(S22*W22,0) -> 41 | P22: =IF(F22="","",ROUND(SQRT((F22*L22/100)^2+(G22*O22)^2),0)) -> 20 | R22: -8.5045743 | S22: =U22*V22*$F$5 -> 280.5 | T22: =MAX(0,MIN(1,R22/100+$D$5)) -> 0.42616068 | U22: 0.56896552 | V22: 493 | W22: 0.14779328 | X22: Small | Y22: state rolls, precinct
A23: Carbon | B23: JIM THORPE BOROUGH | C23: JIM THORPE BOROUGH-3RD | D23: =ROUND(S23*T23,0) -> 253 | E23: =ROUND(S23,0)-D23 -> 393 | F23: =IF(COUNTA(D23:E23)=0,"",SUM(D23:E23)) -> 646 | G23: =IF(OR(F23="",F23=0),"",D23/F23) -> 0.39164087 | H23: =IF(OR(F23="",F23=0),"",E23/F23) -> 0.60835913 | I23: random forest (results only) | J23: 2.1171541 | K23: =$K$8 -> 1.2188879 | L23: =SQRT(J23^2+K23^2) -> 2.442955 | M23: =IF(G23="","",MAX(0,G23-1.96*L23/100)) -> 0.34375895 | N23: =IF(G23="","",MIN(1,G23+1.96*L23/100)) -> 0.43952278 | O23: =ROUND(S23*W23,0) -> 57 | P23: =IF(F23="","",ROUND(SQRT((F23*L23/100)^2+(G23*O23)^2),0)) -> 27 | R23: -11.896239 | S23: =U23*V23*$F$5 -> 645.69536 | T23: =MAX(0,MIN(1,R23/100+$D$5)) -> 0.39224403 | U23: 0.68984547 | V23: 936 | W23: 0.088236166 | X23: Medium | Y23: state rolls, precinct
... A381: Northampton | B381: WIND GAP | C381: WIND GAP | D381: =ROUND(S381*T381,0) -> 496 | E381: =ROUND(S381,0)-D381 -> 649 | F381: =IF(COUNTA(D381:E381)=0,"",SUM(D381:E381)) -> 1145 | G381: =IF(OR(F381="",F381=0),"",D381/F381) -> 0.43318777 | H381: =IF(OR(F381="",F381=0),"",E381/F381) -> 0.56681223 | I381: random forest (results only) | J381: 1.7283367 | K381: =$K$8 -> 1.2188879 | L381: =SQRT(J381^2+K381^2) -> 2.1149079 | M381: =IF(G381="","",MAX(0,G381-1.96*L381/100)) -> 0.39173558 | N381: =IF(G381="","",MIN(1,G381+1.96*L381/100)) -> 0.47463997 | O381: =ROUND(S381*W381,0) -> 78 | P381: =IF(F381="","",ROUND(SQRT((F381*L381/100)^2+(G381*O381)^2),0)) -> 42 | R381: -7.8616141 | S381: =U381*V381*$F$5 -> 1145.4806 | T381: =MAX(0,MIN(1,R381/100+$D$5)) -> 0.43259028 | U381: 0.53702795 | V381: 2133 | W381: 0.067815102 | X381: Large | Y381: state rolls, precinct

Sheet 2026 Forecast B
A1: PA-07 2026 House Forecast — Precinct-Level Predictions (Forecast B: shap-selected forest)
A2: Candidates: Brooks | Mackenzie | District totals (yellow) are formulas over the precinct rows.
A3: Only the results are modelled (one random forest). Votes cast in each row = its 2022 turnout rate (House votes ÷ registered voters) × its 2026 registered voters. Brooks votes = votes cast × forecast Brooks share. Error terms combine the place’s own pattern error (2022 and 2024 backtests), the district-wide error and turnout error (all four backtest years).
A4: Model / scenario | B4: Random forest on results — Forecast B (SHAP-selected forest), precinct model; turnout = 2022 turnout rate × 2026 registered voters | C4: As-of date | D4: 46300 | E4: Prepared by | F4: Max | G4: Version | H4: v8.0 (current map; like-for-like baseline; backtests every year)
A5: District Brooks share (scenario) | B5: ='Scenario & Comparison'!$C$6 -> 0.49830982 | C5: Uniform shift applied | D5: =B5-SUMPRODUCT(R12:R381,S12:S381)/SUM(S12:S381)/100 -> 0.51514479 | E5: Turnout multiplier (1.00 = 2022 turnout) | F5: ='Scenario & Comparison'!$C$7 -> 1
A6: DISTRICT TOTALS (auto-sum — do not type over)
A7: Geography | B7: (muni) | C7: (precinct) | D7: Brooks votes | E7: Mackenzie votes | F7: Total votes | G7: Brooks share | H7: Mackenzie share | I7: Notes | J7: Error term: place pattern (± pts) | K7: Error term: district-wide (± pts) | L7: Error term: total (± pts) | M7: Brooks share, 95% low | N7: Brooks share, 95% high | O7: Error term: votes cast (± votes) | P7: Error term: Brooks votes (± votes)
A8: PA-07 District | B8: (all precincts) | D8: =SUM(D12:D381) -> 152546 | E8: =SUM(E12:E381) -> 153567 | F8: =D8+E8 -> 306113 | G8: =IF(F8=0,"",D8/F8) -> 0.49833232 | H8: =IF(F8=0,"",E8/F8) -> 0.50166768 | I8: Headline forecast for the briefing | J8: 0 | K8: 1.2181759 | L8: =SQRT(J8^2+K8^2) -> 1.2181759 | M8: =G8-1.96*L8/100 -> 0.47445607 | N8: =G8+1.96*L8/100 -> 0.52220856 | O8: =ROUND(F8*0.04333,0) -> 13264 | P8: =ROUND(SQRT((F8*L8/100)^2+(G8*O8)^2),0) -> 7589
A9: Error terms are ±1 standard error: place pattern error by place size (2022 and 2024 forward backtests) plus district-wide and turnout error (all four backtest years, 2018–2024). 95% low/high = Brooks share ± 1.96 × total error term.
A10: PRECINCT DETAIL | R10: MODEL INPUTS (from the random forest — do not edit)
A11: County | B11: Municipality | C11: Precinct | D11: Brooks votes | E11: Mackenzie votes | F11: Total votes | G11: Brooks share | H11: Mackenzie share | I11: Notes / source method | J11: Error term: place pattern (± pts) | K11: Error term: district-wide (± pts) | L11: Error term: total (± pts) | M11: Brooks share, 95% low | N11: Brooks share, 95% high | O11: Error term: votes cast (± votes) | P11: Error term: Brooks votes (± votes) | R11: Model lean vs district (pts) | S11: Votes cast = 2022 turnout × 2026 registered | T11: Forecast Brooks share (unrounded) | U11: 2022 turnout (House votes ÷ registered) | V11: 2026 registered voters | W11: Votes-cast error (% of votes) | X11: Size group (backtest error band) | Y11: Registration source
A12: Carbon | B12: BANKS TOWNSHIP | C12: BANKS TOWNSHIP | D12: =ROUND(S12*T12,0) -> 155 | E12: =ROUND(S12,0)-D12 -> 209 | F12: =IF(COUNTA(D12:E12)=0,"",SUM(D12:E12)) -> 364 | G12: =IF(OR(F12="",F12=0),"",D12/F12) -> 0.42582418 | H12: =IF(OR(F12="",F12=0),"",E12/F12) -> 0.57417582 | I12: random forest (results only) | J12: 3.1979633 | K12: =$K$8 -> 1.2181759 | L12: =SQRT(J12^2+K12^2) -> 3.4221224 | M12: =IF(G12="","",MAX(0,G12-1.96*L12/100)) -> 0.35875058 | N12: =IF(G12="","",MIN(1,G12+1.96*L12/100)) -> 0.49289778 | O12: =ROUND(S12*W12,0) -> 54 | P12: =IF(F12="","",ROUND(SQRT((F12*L12/100)^2+(G12*O12)^2),0)) -> 26 | R12: -8.9602389 | S12: =U12*V12*$F$5 -> 364.49096 | T12: =MAX(0,MIN(1,R12/100+$D$5)) -> 0.4255424 | U12: 0.5813253 | V12: 627 | W12: 0.14779328 | X12: Small | Y12: state rolls, precinct
A13: Carbon | B13: BEAVER MEADOWS BOROUGH | C13: BEAVER MEADOWS BOROUGH | D13: =ROUND(S13*T13,0) -> 98 | E13: =ROUND(S13,0)-D13 -> 232 | F13: =IF(COUNTA(D13:E13)=0,"",SUM(D13:E13)) -> 330 | G13: =IF(OR(F13="",F13=0),"",D13/F13) -> 0.2969697 | H13: =IF(OR(F13="",F13=0),"",E13/F13) -> 0.7030303 | I13: random forest (results only) | J13: 3.1979633 | K13: =$K$8 -> 1.2181759 | L13: =SQRT(J13^2+K13^2) -> 3.4221224 | M13: =IF(G13="","",MAX(0,G13-1.96*L13/100)) -> 0.2298961 | N13: =IF(G13="","",MIN(1,G13+1.96*L13/100)) -> 0.3640433 | O13: =ROUND(S13*W13,0) -> 49 | P13: =IF(F13="","",ROUND(SQRT((F13*L13/100)^2+(G13*O13)^2),0)) -> 18 | R13: -21.892882 | S13: =U13*V13*$F$5 -> 330.13014 | T13: =MAX(0,MIN(1,R13/100+$D$5)) -> 0.29621597 | U13: 0.53767123 | V13: 614 | W13: 0.14779328 | X13: Small | Y13: state rolls, precinct
A14: Carbon | B14: BOWMANSTOWN BOROUGH | C14: BOWMANSTOWN BOROUGH | D14: =ROUND(S14*T14,0) -> 122 | E14: =ROUND(S14,0)-D14 -> 234 | F14: =IF(COUNTA(D14:E14)=0,"",SUM(D14:E14)) -> 356 | G14: =IF(OR(F14="",F14=0),"",D14/F14) -> 0.34269663 | H14: =IF(OR(F14="",F14=0),"",E14/F14) -> 0.65730337 | I14: random forest (results only) | J14: 3.1979633 | K14: =$K$8 -> 1.2181759 | L14: =SQRT(J14^2+K14^2) -> 3.4221224 | M14: =IF(G14="","",MAX(0,G14-1.96*L14/100)) -> 0.27562303 | N14: =IF(G14="","",MIN(1,G14+1.96*L14/100)) -> 0.40977023 | O14: =ROUND(S14*W14,0) -> 53 | P14: =IF(F14="","",ROUND(SQRT((F14*L14/100)^2+(G14*O14)^2),0)) -> 22 | R14: -17.273159 | S14: =U14*V14*$F$5 -> 355.63437 | T14: =MAX(0,MIN(1,R14/100+$D$5)) -> 0.3424132 | U14: 0.63619744 | V14: 559 | W14: 0.14779328 | X14: Small | Y14: state rolls, precinct
A15: Carbon | B15: EAST PENN TOWNSHIP | C15: EAST PENN TOWNSHIP-NORTH | D15: =ROUND(S15*T15,0) -> 195 | E15: =ROUND(S15,0)-D15 -> 529 | F15: =IF(COUNTA(D15:E15)=0,"",SUM(D15:E15)) -> 724 | G15: =IF(OR(F15="",F15=0),"",D15/F15) -> 0.26933702 | H15: =IF(OR(F15="",F15=0),"",E15/F15) -> 0.73066298 | I15: random forest (results only) | J15: 2.2249159 | K15: =$K$8 -> 1.2181759 | L15: =SQRT(J15^2+K15^2) -> 2.5365731 | M15: =IF(G15="","",MAX(0,G15-1.96*L15/100)) -> 0.21962018 | N15: =IF(G15="","",MIN(1,G15+1.96*L15/100)) -> 0.31905385 | O15: =ROUND(S15*W15,0) -> 64 | P15: =IF(F15="","",ROUND(SQRT((F15*L15/100)^2+(G15*O15)^2),0)) -> 25 | R15: -24.642821 | S15: =U15*V15*$F$5 -> 724.37791 | T15: =MAX(0,MIN(1,R15/100+$D$5)) -> 0.26871658 | U15: 0.67635659 | V15: 1071 | W15: 0.088236166 | X15: Medium | Y15: state rolls, precinct
A16: Carbon | B16: EAST PENN TOWNSHIP | C16: EAST PENN TOWNSHIP-SOUTH | D16: =ROUND(S16*T16,0) -> 176 | E16: =ROUND(S16,0)-D16 -> 435 | F16: =IF(COUNTA(D16:E16)=0,"",SUM(D16:E16)) -> 611 | G16: =IF(OR(F16="",F16=0),"",D16/F16) -> 0.28805237 | H16: =IF(OR(F16="",F16=0),"",E16/F16) -> 0.71194763 | I16: random forest (results only) | J16: 2.2249159 | K16: =$K$8 -> 1.2181759 | L16: =SQRT(J16^2+K16^2) -> 2.5365731 | M16: =IF(G16="","",MAX(0,G16-1.96*L16/100)) -> 0.23833554 | N16: =IF(G16="","",MIN(1,G16+1.96*L16/100)) -> 0.33776921 | O16: =ROUND(S16*W16,0) -> 54 | P16: =IF(F16="","",ROUND(SQRT((F16*L16/100)^2+(G16*O16)^2),0)) -> 22 | R16: -22.755724 | S16: =U16*V16*$F$5 -> 610.89237 | T16: =MAX(0,MIN(1,R16/100+$D$5)) -> 0.28758755 | U16: 0.62591432 | V16: 976 | W16: 0.088236166 | X16: Medium | Y16: state rolls, precinct
A17: Carbon | B17: EAST SIDE BOROUGH | C17: EAST SIDE BOROUGH | D17: =ROUND(S17*T17,0) -> 33 | E17: =ROUND(S17,0)-D17 -> 60 | F17: =IF(COUNTA(D17:E17)=0,"",SUM(D17:E17)) -> 93 | G17: =IF(OR(F17="",F17=0),"",D17/F17) -> 0.35483871 | H17: =IF(OR(F17="",F17=0),"",E17/F17) -> 0.64516129 | I17: random forest (results only) | J17: 3.1979633 | K17: =$K$8 -> 1.2181759 | L17: =SQRT(J17^2+K17^2) -> 3.4221224 | M17: =IF(G17="","",MAX(0,G17-1.96*L17/100)) -> 0.28776511 | N17: =IF(G17="","",MIN(1,G17+1.96*L17/100)) -> 0.42191231 | O17: =ROUND(S17*W17,0) -> 14 | P17: =IF(F17="","",ROUND(SQRT((F17*L17/100)^2+(G17*O17)^2),0)) -> 6 | R17: -15.909605 | S17: =U17*V17*$F$5 -> 93.426829 | T17: =MAX(0,MIN(1,R17/100+$D$5)) -> 0.35604873 | U17: 0.57317073 | V17: 163 | W17: 0.14779328 | X17: Small | Y17: state rolls, precinct
A18: Carbon | B18: FRANKLIN TOWNSHIP | C18: FRANKLIN TOWNSHIP-HARRITY | D18: =ROUND(S18*T18,0) -> 247 | E18: =ROUND(S18,0)-D18 -> 606 | F18: =IF(COUNTA(D18:E18)=0,"",SUM(D18:E18)) -> 853 | G18: =IF(OR(F18="",F18=0),"",D18/F18) -> 0.28956624 | H18: =IF(OR(F18="",F18=0),"",E18/F18) -> 0.71043376 | I18: random forest (results only) | J18: 2.2249159 | K18: =$K$8 -> 1.2181759 | L18: =SQRT(J18^2+K18^2) -> 2.5365731 | M18: =IF(G18="","",MAX(0,G18-1.96*L18/100)) -> 0.2398494 | N18: =IF(G18="","",MIN(1,G18+1.96*L18/100)) -> 0.33928307 | O18: =ROUND(S18*W18,0) -> 75 | P18: =IF(F18="","",ROUND(SQRT((F18*L18/100)^2+(G18*O18)^2),0)) -> 31 | R18: -22.505631 | S18: =U18*V18*$F$5 -> 852.99444 | T18: =MAX(0,MIN(1,R18/100+$D$5)) -> 0.29008848 | U18: 0.66640191 | V18: 1280 | W18: 0.088236166 | X18: Medium | Y18: state rolls, precinct
A19: Carbon | B19: FRANKLIN TOWNSHIP | C19: FRANKLIN TOWNSHIP-IND DIST | D19: =ROUND(S19*T19,0) -> 127 | E19: =ROUND(S19,0)-D19 -> 321 | F19: =IF(COUNTA(D19:E19)=0,"",SUM(D19:E19)) -> 448 | G19: =IF(OR(F19="",F19=0),"",D19/F19) -> 0.28348214 | H19: =IF(OR(F19="",F19=0),"",E19/F19) -> 0.71651786 | I19: random forest (results only) | J19: 3.1979633 | K19: =$K$8 -> 1.2181759 | L19: =SQRT(J19^2+K19^2) -> 3.4221224 | M19: =IF(G19="","",MAX(0,G19-1.96*L19/100)) -> 0.21640854 | N19: =IF(G19="","",MIN(1,G19+1.96*L19/100)) -> 0.35055574 | O19: =ROUND(S19*W19,0) -> 66 | P19: =IF(F19="","",ROUND(SQRT((F19*L19/100)^2+(G19*O19)^2),0)) -> 24 | R19: -23.193736 | S19: =U19*V19*$F$5 -> 447.93932 | T19: =MAX(0,MIN(1,R19/100+$D$5)) -> 0.28320743 | U19: 0.55097087 | V19: 813 | W19: 0.14779328 | X19: Small | Y19: state rolls, precinct
A20: Carbon | B20: FRANKLIN TOWNSHIP | C20: FRANKLIN TOWNSHIP-LONG RUN | D20: =ROUND(S20*T20,0) -> 190 | E20: =ROUND(S20,0)-D20 -> 493 | F20: =IF(COUNTA(D20:E20)=0,"",SUM(D20:E20)) -> 683 | G20: =IF(OR(F20="",F20=0),"",D20/F20) -> 0.27818448 | H20: =IF(OR(F20="",F20=0),"",E20/F20) -> 0.72181552 | I20: random forest (results only) | J20: 2.2249159 | K20: =$K$8 -> 1.2181759 | L20: =SQRT(J20^2+K20^2) -> 2.5365731 | M20: =IF(G20="","",MAX(0,G20-1.96*L20/100)) -> 0.22846765 | N20: =IF(G20="","",MIN(1,G20+1.96*L20/100)) -> 0.32790131 | O20: =ROUND(S20*W20,0) -> 60 | P20: =IF(F20="","",ROUND(SQRT((F20*L20/100)^2+(G20*O20)^2),0)) -> 24 | R20: -23.639155 | S20: =U20*V20*$F$5 -> 683.32677 | T20: =MAX(0,MIN(1,R20/100+$D$5)) -> 0.27875323 | U20: 0.65452756 | V20: 1044 | W20: 0.088236166 | X20: Medium | Y20: state rolls, precinct
A21: Carbon | B21: JIM THORPE BOROUGH | C21: JIM THORPE BOROUGH-1ST | D21: =ROUND(S21*T21,0) -> 197 | E21: =ROUND(S21,0)-D21 -> 239 | F21: =IF(COUNTA(D21:E21)=0,"",SUM(D21:E21)) -> 436 | G21: =IF(OR(F21="",F21=0),"",D21/F21) -> 0.45183486 | H21: =IF(OR(F21="",F21=0),"",E21/F21) -> 0.54816514 | I21: random forest (results only) | J21: 3.1979633 | K21: =$K$8 -> 1.2181759 | L21: =SQRT(J21^2+K21^2) -> 3.4221224 | M21: =IF(G21="","",MAX(0,G21-1.96*L21/100)) -> 0.38476126 | N21: =IF(G21="","",MIN(1,G21+1.96*L21/100)) -> 0.51890846 | O21: =ROUND(S21*W21,0) -> 64 | P21: =IF(F21="","",ROUND(SQRT((F21*L21/100)^2+(G21*O21)^2),0)) -> 33 | R21: -6.2977772 | S21: =U21*V21*$F$5 -> 436.24467 | T21: =MAX(0,MIN(1,R21/100+$D$5)) -> 0.45216701 | U21: 0.62588905 | V21: 697 | W21: 0.14779328 | X21: Small | Y21: state rolls, precinct
A22: Carbon | B22: JIM THORPE BOROUGH | C22: JIM THORPE BOROUGH-2ND | D22: =ROUND(S22*T22,0) -> 123 | E22: =ROUND(S22,0)-D22 -> 157 | F22: =IF(COUNTA(D22:E22)=0,"",SUM(D22:E22)) -> 280 | G22: =IF(OR(F22="",F22=0),"",D22/F22) -> 0.43928571 | H22: =IF(OR(F22="",F22=0),"",E22/F22) -> 0.56071429 | I22: random forest (results only) | J22: 3.1979633 | K22: =$K$8 -> 1.2181759 | L22: =SQRT(J22^2+K22^2) -> 3.4221224 | M22: =IF(G22="","",MAX(0,G22-1.96*L22/100)) -> 0.37221211 | N22: =IF(G22="","",MIN(1,G22+1.96*L22/100)) -> 0.50635931 | O22: =ROUND(S22*W22,0) -> 41 | P22: =IF(F22="","",ROUND(SQRT((F22*L22/100)^2+(G22*O22)^2),0)) -> 20 | R22: -7.6322666 | S22: =U22*V22*$F$5 -> 280.5 | T22: =MAX(0,MIN(1,R22/100+$D$5)) -> 0.43882212 | U22: 0.56896552 | V22: 493 | W22: 0.14779328 | X22: Small | Y22: state rolls, precinct
A23: Carbon | B23: JIM THORPE BOROUGH | C23: JIM THORPE BOROUGH-3RD | D23: =ROUND(S23*T23,0) -> 253 | E23: =ROUND(S23,0)-D23 -> 393 | F23: =IF(COUNTA(D23:E23)=0,"",SUM(D23:E23)) -> 646 | G23: =IF(OR(F23="",F23=0),"",D23/F23) -> 0.39164087 | H23: =IF(OR(F23="",F23=0),"",E23/F23) -> 0.60835913 | I23: random forest (results only) | J23: 2.2249159 | K23: =$K$8 -> 1.2181759 | L23: =SQRT(J23^2+K23^2) -> 2.5365731 | M23: =IF(G23="","",MAX(0,G23-1.96*L23/100)) -> 0.34192403 | N23: =IF(G23="","",MIN(1,G23+1.96*L23/100)) -> 0.4413577 | O23: =ROUND(S23*W23,0) -> 57 | P23: =IF(F23="","",ROUND(SQRT((F23*L23/100)^2+(G23*O23)^2),0)) -> 28 | R23: -12.305978 | S23: =U23*V23*$F$5 -> 645.69536 | T23: =MAX(0,MIN(1,R23/100+$D$5)) -> 0.39208501 | U23: 0.68984547 | V23: 936 | W23: 0.088236166 | X23: Medium | Y23: state rolls, precinct
... A381: Northampton | B381: WIND GAP | C381: WIND GAP | D381: =ROUND(S381*T381,0) -> 490 | E381: =ROUND(S381,0)-D381 -> 655 | F381: =IF(COUNTA(D381:E381)=0,"",SUM(D381:E381)) -> 1145 | G381: =IF(OR(F381="",F381=0),"",D381/F381) -> 0.4279476 | H381: =IF(OR(F381="",F381=0),"",E381/F381) -> 0.5720524 | I381: random forest (results only) | J381: 2.0829171 | K381: =$K$8 -> 1.2181759 | L381: =SQRT(J381^2+K381^2) -> 2.412985 | M381: =IF(G381="","",MAX(0,G381-1.96*L381/100)) -> 0.38065309 | N381: =IF(G381="","",MIN(1,G381+1.96*L381/100)) -> 0.4752421 | O381: =ROUND(S381*W381,0) -> 78 | P381: =IF(F381="","",ROUND(SQRT((F381*L381/100)^2+(G381*O381)^2),0)) -> 43 | R381: -8.7138028 | S381: =U381*V381*$F$5 -> 1145.4806 | T381: =MAX(0,MIN(1,R381/100+$D$5)) -> 0.42800676 | U381: 0.53702795 | V381: 2133 | W381: 0.067815102 | X381: Large | Y381: state rolls, precinct

Sheet 2026 Forecast C
A1: PA-07 2026 House Forecast — Precinct-Level Predictions (Forecast C: shap family-reweighted forest)
A2: Candidates: Brooks | Mackenzie | District totals (yellow) are formulas over the precinct rows.
A3: Only the results are modelled (one random forest). Votes cast in each row = its 2022 turnout rate (House votes ÷ registered voters) × its 2026 registered voters. Brooks votes = votes cast × forecast Brooks share. Error terms combine the place’s own pattern error (2022 and 2024 backtests), the district-wide error and turnout error (all four backtest years).
A4: Model / scenario | B4: Random forest on results — Forecast C (SHAP family-reweighted forest), precinct model; turnout = 2022 turnout rate × 2026 registered voters | C4: As-of date | D4: 46300 | E4: Prepared by | F4: Max | G4: Version | H4: v8.0 (current map; like-for-like baseline; backtests every year)
A5: District Brooks share (scenario) | B5: ='Scenario & Comparison'!$C$6 -> 0.49830982 | C5: Uniform shift applied | D5: =B5-SUMPRODUCT(R12:R381,S12:S381)/SUM(S12:S381)/100 -> 0.51070748 | E5: Turnout multiplier (1.00 = 2022 turnout) | F5: ='Scenario & Comparison'!$C$7 -> 1
A6: DISTRICT TOTALS (auto-sum — do not type over)
A7: Geography | B7: (muni) | C7: (precinct) | D7: Brooks votes | E7: Mackenzie votes | F7: Total votes | G7: Brooks share | H7: Mackenzie share | I7: Notes | J7: Error term: place pattern (± pts) | K7: Error term: district-wide (± pts) | L7: Error term: total (± pts) | M7: Brooks share, 95% low | N7: Brooks share, 95% high | O7: Error term: votes cast (± votes) | P7: Error term: Brooks votes (± votes)
A8: PA-07 District | B8: (all precincts) | D8: =SUM(D12:D381) -> 152545 | E8: =SUM(E12:E381) -> 153568 | F8: =D8+E8 -> 306113 | G8: =IF(F8=0,"",D8/F8) -> 0.49832905 | H8: =IF(F8=0,"",E8/F8) -> 0.50167095 | I8: Headline forecast for the briefing | J8: 0 | K8: 1.2186289 | L8: =SQRT(J8^2+K8^2) -> 1.2186289 | M8: =G8-1.96*L8/100 -> 0.47444392 | N8: =G8+1.96*L8/100 -> 0.52221417 | O8: =ROUND(F8*0.04333,0) -> 13264 | P8: =ROUND(SQRT((F8*L8/100)^2+(G8*O8)^2),0) -> 7590
A9: Error terms are ±1 standard error: place pattern error by place size (2022 and 2024 forward backtests) plus district-wide and turnout error (all four backtest years, 2018–2024). 95% low/high = Brooks share ± 1.96 × total error term.
A10: PRECINCT DETAIL | R10: MODEL INPUTS (from the random forest — do not edit)
A11: County | B11: Municipality | C11: Precinct | D11: Brooks votes | E11: Mackenzie votes | F11: Total votes | G11: Brooks share | H11: Mackenzie share | I11: Notes / source method | J11: Error term: place pattern (± pts) | K11: Error term: district-wide (± pts) | L11: Error term: total (± pts) | M11: Brooks share, 95% low | N11: Brooks share, 95% high | O11: Error term: votes cast (± votes) | P11: Error term: Brooks votes (± votes) | R11: Model lean vs district (pts) | S11: Votes cast = 2022 turnout × 2026 registered | T11: Forecast Brooks share (unrounded) | U11: 2022 turnout (House votes ÷ registered) | V11: 2026 registered voters | W11: Votes-cast error (% of votes) | X11: Size group (backtest error band) | Y11: Registration source
A12: Carbon | B12: BANKS TOWNSHIP | C12: BANKS TOWNSHIP | D12: =ROUND(S12*T12,0) -> 148 | E12: =ROUND(S12,0)-D12 -> 216 | F12: =IF(COUNTA(D12:E12)=0,"",SUM(D12:E12)) -> 364 | G12: =IF(OR(F12="",F12=0),"",D12/F12) -> 0.40659341 | H12: =IF(OR(F12="",F12=0),"",E12/F12) -> 0.59340659 | I12: random forest (results only) | J12: 3.7104392 | K12: =$K$8 -> 1.2186289 | L12: =SQRT(J12^2+K12^2) -> 3.9054341 | M12: =IF(G12="","",MAX(0,G12-1.96*L12/100)) -> 0.3300469 | N12: =IF(G12="","",MIN(1,G12+1.96*L12/100)) -> 0.48313992 | O12: =ROUND(S12*W12,0) -> 54 | P12: =IF(F12="","",ROUND(SQRT((F12*L12/100)^2+(G12*O12)^2),0)) -> 26 | R12: -10.472152 | S12: =U12*V12*$F$5 -> 364.49096 | T12: =MAX(0,MIN(1,R12/100+$D$5)) -> 0.40598595 | U12: 0.5813253 | V12: 627 | W12: 0.14779328 | X12: Small | Y12: state rolls, precinct
A13: Carbon | B13: BEAVER MEADOWS BOROUGH | C13: BEAVER MEADOWS BOROUGH | D13: =ROUND(S13*T13,0) -> 91 | E13: =ROUND(S13,0)-D13 -> 239 | F13: =IF(COUNTA(D13:E13)=0,"",SUM(D13:E13)) -> 330 | G13: =IF(OR(F13="",F13=0),"",D13/F13) -> 0.27575758 | H13: =IF(OR(F13="",F13=0),"",E13/F13) -> 0.72424242 | I13: random forest (results only) | J13: 3.7104392 | K13: =$K$8 -> 1.2186289 | L13: =SQRT(J13^2+K13^2) -> 3.9054341 | M13: =IF(G13="","",MAX(0,G13-1.96*L13/100)) -> 0.19921107 | N13: =IF(G13="","",MIN(1,G13+1.96*L13/100)) -> 0.35230408 | O13: =ROUND(S13*W13,0) -> 49 | P13: =IF(F13="","",ROUND(SQRT((F13*L13/100)^2+(G13*O13)^2),0)) -> 19 | R13: -23.559984 | S13: =U13*V13*$F$5 -> 330.13014 | T13: =MAX(0,MIN(1,R13/100+$D$5)) -> 0.27510764 | U13: 0.53767123 | V13: 614 | W13: 0.14779328 | X13: Small | Y13: state rolls, precinct
A14: Carbon | B14: BOWMANSTOWN BOROUGH | C14: BOWMANSTOWN BOROUGH | D14: =ROUND(S14*T14,0) -> 112 | E14: =ROUND(S14,0)-D14 -> 244 | F14: =IF(COUNTA(D14:E14)=0,"",SUM(D14:E14)) -> 356 | G14: =IF(OR(F14="",F14=0),"",D14/F14) -> 0.31460674 | H14: =IF(OR(F14="",F14=0),"",E14/F14) -> 0.68539326 | I14: random forest (results only) | J14: 3.7104392 | K14: =$K$8 -> 1.2186289 | L14: =SQRT(J14^2+K14^2) -> 3.9054341 | M14: =IF(G14="","",MAX(0,G14-1.96*L14/100)) -> 0.23806023 | N14: =IF(G14="","",MIN(1,G14+1.96*L14/100)) -> 0.39115325 | O14: =ROUND(S14*W14,0) -> 53 | P14: =IF(F14="","",ROUND(SQRT((F14*L14/100)^2+(G14*O14)^2),0)) -> 22 | R14: -19.445609 | S14: =U14*V14*$F$5 -> 355.63437 | T14: =MAX(0,MIN(1,R14/100+$D$5)) -> 0.31625139 | U14: 0.63619744 | V14: 559 | W14: 0.14779328 | X14: Small | Y14: state rolls, precinct
A15: Carbon | B15: EAST PENN TOWNSHIP | C15: EAST PENN TOWNSHIP-NORTH | D15: =ROUND(S15*T15,0) -> 180 | E15: =ROUND(S15,0)-D15 -> 544 | F15: =IF(COUNTA(D15:E15)=0,"",SUM(D15:E15)) -> 724 | G15: =IF(OR(F15="",F15=0),"",D15/F15) -> 0.24861878 | H15: =IF(OR(F15="",F15=0),"",E15/F15) -> 0.75138122 | I15: random forest (results only) | J15: 2.3729594 | K15: =$K$8 -> 1.2186289 | L15: =SQRT(J15^2+K15^2) -> 2.6675818 | M15: =IF(G15="","",MAX(0,G15-1.96*L15/100)) -> 0.19633418 | N15: =IF(G15="","",MIN(1,G15+1.96*L15/100)) -> 0.30090339 | O15: =ROUND(S15*W15,0) -> 64 | P15: =IF(F15="","",ROUND(SQRT((F15*L15/100)^2+(G15*O15)^2),0)) -> 25 | R15: -26.255514 | S15: =U15*V15*$F$5 -> 724.37791 | T15: =MAX(0,MIN(1,R15/100+$D$5)) -> 0.24815234 | U15: 0.67635659 | V15: 1071 | W15: 0.088236166 | X15: Medium | Y15: state rolls, precinct
A16: Carbon | B16: EAST PENN TOWNSHIP | C16: EAST PENN TOWNSHIP-SOUTH | D16: =ROUND(S16*T16,0) -> 165 | E16: =ROUND(S16,0)-D16 -> 446 | F16: =IF(COUNTA(D16:E16)=0,"",SUM(D16:E16)) -> 611 | G16: =IF(OR(F16="",F16=0),"",D16/F16) -> 0.2700491 | H16: =IF(OR(F16="",F16=0),"",E16/F16) -> 0.7299509 | I16: random forest (results only) | J16: 2.3729594 | K16: =$K$8 -> 1.2186289 | L16: =SQRT(J16^2+K16^2) -> 2.6675818 | M16: =IF(G16="","",MAX(0,G16-1.96*L16/100)) -> 0.2177645 | N16: =IF(G16="","",MIN(1,G16+1.96*L16/100)) -> 0.3223337 | O16: =ROUND(S16*W16,0) -> 54 | P16: =IF(F16="","",ROUND(SQRT((F16*L16/100)^2+(G16*O16)^2),0)) -> 22 | R16: -24.093993 | S16: =U16*V16*$F$5 -> 610.89237 | T16: =MAX(0,MIN(1,R16/100+$D$5)) -> 0.26976755 | U16: 0.62591432 | V16: 976 | W16: 0.088236166 | X16: Medium | Y16: state rolls, precinct
A17: Carbon | B17: EAST SIDE BOROUGH | C17: EAST SIDE BOROUGH | D17: =ROUND(S17*T17,0) -> 31 | E17: =ROUND(S17,0)-D17 -> 62 | F17: =IF(COUNTA(D17:E17)=0,"",SUM(D17:E17)) -> 93 | G17: =IF(OR(F17="",F17=0),"",D17/F17) -> 0.33333333 | H17: =IF(OR(F17="",F17=0),"",E17/F17) -> 0.66666667 | I17: random forest (results only) | J17: 3.7104392 | K17: =$K$8 -> 1.2186289 | L17: =SQRT(J17^2+K17^2) -> 3.9054341 | M17: =IF(G17="","",MAX(0,G17-1.96*L17/100)) -> 0.25678682 | N17: =IF(G17="","",MIN(1,G17+1.96*L17/100)) -> 0.40987984 | O17: =ROUND(S17*W17,0) -> 14 | P17: =IF(F17="","",ROUND(SQRT((F17*L17/100)^2+(G17*O17)^2),0)) -> 6 | R17: -17.924857 | S17: =U17*V17*$F$5 -> 93.426829 | T17: =MAX(0,MIN(1,R17/100+$D$5)) -> 0.33145891 | U17: 0.57317073 | V17: 163 | W17: 0.14779328 | X17: Small | Y17: state rolls, precinct
A18: Carbon | B18: FRANKLIN TOWNSHIP | C18: FRANKLIN TOWNSHIP-HARRITY | D18: =ROUND(S18*T18,0) -> 229 | E18: =ROUND(S18,0)-D18 -> 624 | F18: =IF(COUNTA(D18:E18)=0,"",SUM(D18:E18)) -> 853 | G18: =IF(OR(F18="",F18=0),"",D18/F18) -> 0.26846424 | H18: =IF(OR(F18="",F18=0),"",E18/F18) -> 0.73153576 | I18: random forest (results only) | J18: 2.3729594 | K18: =$K$8 -> 1.2186289 | L18: =SQRT(J18^2+K18^2) -> 2.6675818 | M18: =IF(G18="","",MAX(0,G18-1.96*L18/100)) -> 0.21617964 | N18: =IF(G18="","",MIN(1,G18+1.96*L18/100)) -> 0.32074885 | O18: =ROUND(S18*W18,0) -> 75 | P18: =IF(F18="","",ROUND(SQRT((F18*L18/100)^2+(G18*O18)^2),0)) -> 30 | R18: -24.166982 | S18: =U18*V18*$F$5 -> 852.99444 | T18: =MAX(0,MIN(1,R18/100+$D$5)) -> 0.26903765 | U18: 0.66640191 | V18: 1280 | W18: 0.088236166 | X18: Medium | Y18: state rolls, precinct
A19: Carbon | B19: FRANKLIN TOWNSHIP | C19: FRANKLIN TOWNSHIP-IND DIST | D19: =ROUND(S19*T19,0) -> 116 | E19: =ROUND(S19,0)-D19 -> 332 | F19: =IF(COUNTA(D19:E19)=0,"",SUM(D19:E19)) -> 448 | G19: =IF(OR(F19="",F19=0),"",D19/F19) -> 0.25892857 | H19: =IF(OR(F19="",F19=0),"",E19/F19) -> 0.74107143 | I19: random forest (results only) | J19: 3.7104392 | K19: =$K$8 -> 1.2186289 | L19: =SQRT(J19^2+K19^2) -> 3.9054341 | M19: =IF(G19="","",MAX(0,G19-1.96*L19/100)) -> 0.18238206 | N19: =IF(G19="","",MIN(1,G19+1.96*L19/100)) -> 0.33547508 | O19: =ROUND(S19*W19,0) -> 66 | P19: =IF(F19="","",ROUND(SQRT((F19*L19/100)^2+(G19*O19)^2),0)) -> 24 | R19: -25.0896 | S19: =U19*V19*$F$5 -> 447.93932 | T19: =MAX(0,MIN(1,R19/100+$D$5)) -> 0.25981148 | U19: 0.55097087 | V19: 813 | W19: 0.14779328 | X19: Small | Y19: state rolls, precinct
A20: Carbon | B20: FRANKLIN TOWNSHIP | C20: FRANKLIN TOWNSHIP-LONG RUN | D20: =ROUND(S20*T20,0) -> 179 | E20: =ROUND(S20,0)-D20 -> 504 | F20: =IF(COUNTA(D20:E20)=0,"",SUM(D20:E20)) -> 683 | G20: =IF(OR(F20="",F20=0),"",D20/F20) -> 0.26207906 | H20: =IF(OR(F20="",F20=0),"",E20/F20) -> 0.73792094 | I20: random forest (results only) | J20: 2.3729594 | K20: =$K$8 -> 1.2186289 | L20: =SQRT(J20^2+K20^2) -> 2.6675818 | M20: =IF(G20="","",MAX(0,G20-1.96*L20/100)) -> 0.20979446 | N20: =IF(G20="","",MIN(1,G20+1.96*L20/100)) -> 0.31436367 | O20: =ROUND(S20*W20,0) -> 60 | P20: =IF(F20="","",ROUND(SQRT((F20*L20/100)^2+(G20*O20)^2),0)) -> 24 | R20: -24.90423 | S20: =U20*V20*$F$5 -> 683.32677 | T20: =MAX(0,MIN(1,R20/100+$D$5)) -> 0.26166518 | U20: 0.65452756 | V20: 1044 | W20: 0.088236166 | X20: Medium | Y20: state rolls, precinct
A21: Carbon | B21: JIM THORPE BOROUGH | C21: JIM THORPE BOROUGH-1ST | D21: =ROUND(S21*T21,0) -> 193 | E21: =ROUND(S21,0)-D21 -> 243 | F21: =IF(COUNTA(D21:E21)=0,"",SUM(D21:E21)) -> 436 | G21: =IF(OR(F21="",F21=0),"",D21/F21) -> 0.44266055 | H21: =IF(OR(F21="",F21=0),"",E21/F21) -> 0.55733945 | I21: random forest (results only) | J21: 3.7104392 | K21: =$K$8 -> 1.2186289 | L21: =SQRT(J21^2+K21^2) -> 3.9054341 | M21: =IF(G21="","",MAX(0,G21-1.96*L21/100)) -> 0.36611404 | N21: =IF(G21="","",MIN(1,G21+1.96*L21/100)) -> 0.51920706 | O21: =ROUND(S21*W21,0) -> 64 | P21: =IF(F21="","",ROUND(SQRT((F21*L21/100)^2+(G21*O21)^2),0)) -> 33 | R21: -6.8428827 | S21: =U21*V21*$F$5 -> 436.24467 | T21: =MAX(0,MIN(1,R21/100+$D$5)) -> 0.44227865 | U21: 0.62588905 | V21: 697 | W21: 0.14779328 | X21: Small | Y21: state rolls, precinct
A22: Carbon | B22: JIM THORPE BOROUGH | C22: JIM THORPE BOROUGH-2ND | D22: =ROUND(S22*T22,0) -> 119 | E22: =ROUND(S22,0)-D22 -> 161 | F22: =IF(COUNTA(D22:E22)=0,"",SUM(D22:E22)) -> 280 | G22: =IF(OR(F22="",F22=0),"",D22/F22) -> 0.425 | H22: =IF(OR(F22="",F22=0),"",E22/F22) -> 0.575 | I22: random forest (results only) | J22: 3.7104392 | K22: =$K$8 -> 1.2186289 | L22: =SQRT(J22^2+K22^2) -> 3.9054341 | M22: =IF(G22="","",MAX(0,G22-1.96*L22/100)) -> 0.34845349 | N22: =IF(G22="","",MIN(1,G22+1.96*L22/100)) -> 0.50154651 | O22: =ROUND(S22*W22,0) -> 41 | P22: =IF(F22="","",ROUND(SQRT((F22*L22/100)^2+(G22*O22)^2),0)) -> 21 | R22: -8.7745582 | S22: =U22*V22*$F$5 -> 280.5 | T22: =MAX(0,MIN(1,R22/100+$D$5)) -> 0.4229619 | U22: 0.56896552 | V22: 493 | W22: 0.14779328 | X22: Small | Y22: state rolls, precinct
A23: Carbon | B23: JIM THORPE BOROUGH | C23: JIM THORPE BOROUGH-3RD | D23: =ROUND(S23*T23,0) -> 248 | E23: =ROUND(S23,0)-D23 -> 398 | F23: =IF(COUNTA(D23:E23)=0,"",SUM(D23:E23)) -> 646 | G23: =IF(OR(F23="",F23=0),"",D23/F23) -> 0.38390093 | H23: =IF(OR(F23="",F23=0),"",E23/F23) -> 0.61609907 | I23: random forest (results only) | J23: 2.3729594 | K23: =$K$8 -> 1.2186289 | L23: =SQRT(J23^2+K23^2) -> 2.6675818 | M23: =IF(G23="","",MAX(0,G23-1.96*L23/100)) -> 0.33161632 | N23: =IF(G23="","",MIN(1,G23+1.96*L23/100)) -> 0.43618553 | O23: =ROUND(S23*W23,0) -> 57 | P23: =IF(F23="","",ROUND(SQRT((F23*L23/100)^2+(G23*O23)^2),0)) -> 28 | R23: -12.665571 | S23: =U23*V23*$F$5 -> 645.69536 | T23: =MAX(0,MIN(1,R23/100+$D$5)) -> 0.38405177 | U23: 0.68984547 | V23: 936 | W23: 0.088236166 | X23: Medium | Y23: state rolls, precinct
... A381: Northampton | B381: WIND GAP | C381: WIND GAP | D381: =ROUND(S381*T381,0) -> 490 | E381: =ROUND(S381,0)-D381 -> 655 | F381: =IF(COUNTA(D381:E381)=0,"",SUM(D381:E381)) -> 1145 | G381: =IF(OR(F381="",F381=0),"",D381/F381) -> 0.4279476 | H381: =IF(OR(F381="",F381=0),"",E381/F381) -> 0.5720524 | I381: random forest (results only) | J381: 1.8855282 | K381: =$K$8 -> 1.2186289 | L381: =SQRT(J381^2+K381^2) -> 2.2450552 | M381: =IF(G381="","",MAX(0,G381-1.96*L381/100)) -> 0.38394452 | N381: =IF(G381="","",MIN(1,G381+1.96*L381/100)) -> 0.47195068 | O381: =ROUND(S381*W381,0) -> 78 | P381: =IF(F381="","",ROUND(SQRT((F381*L381/100)^2+(G381*O381)^2),0)) -> 42 | R381: -8.3179097 | S381: =U381*V381*$F$5 -> 1145.4806 | T381: =MAX(0,MIN(1,R381/100+$D$5)) -> 0.42752838 | U381: 0.53702795 | V381: 2133 | W381: 0.067815102 | X381: Large | Y381: state rolls, precinct

Sheet How Forecasts Are Weighted
A1: How the three precinct-level forecasts weigh their inputs (SHAP) — results-only random forests
A3: Forecast A — Full random forest.
A4: All 23 candidate inputs go into one random forest that forecasts the Democratic share. Nothing is weighted by hand; SHAP measures what the forest learned. This is the reference.
A5: Forecast B — SHAP-selected forest.
A6: Keeps only inputs whose average |SHAP| beat all 10 random columns in at least 18 of 20 refits and that held at least 2% of Forecast A’s SHAP total (6 of 23 kept), then refits the forest on them. Weight that was spread thinly over weak inputs is concentrated on the strong ones.
A7: Forecast C — SHAP family-reweighted forest.
A8: Keeps Forecast A’s forest but multiplies each input family’s SHAP values by a weight fitted to how well that family predicted elections the forest had not seen (leave-one-election-out, fitted within each election). Families under 3% of SHAP stay at ×1; others are limited to ×0.5–×2 because there are only three training elections.
A9: Backtests.
A10: Each 2024 backtest uses its own forecast’s weighting: A’s full input set, B’s selected inputs, and C’s exact family weights — refit only on 2020 and 2022.
A11: Turnout.
A12: Not modelled in any forecast: votes cast = each place’s 2022 turnout rate × its 2026 registered voters (2020 turnout × 2024 registered in the backtest). All differences between A, B and C come from the results model.
A14: Family share of SHAP value in votes, 2026 forecast rows
A15: Input family | B15: Forecast A | C15: Forecast B | D15: Forecast C | E15: Forecast C weight (×)
A16: Election type | B16: 0.0012953602 | C16: 0 | D16: 0.0012389737 | E16: 1
A17: Geography & municipal context | B17: 0.030777014 | C17: 0 | D17: 0.029437303 | E17: 1
A18: Historical voter data | B18: 0.73043895 | C18: 0.70204884 | D18: 0.81714939 | E18: 1.1696232
A19: Voter registration data | B19: 0.23748868 | C19: 0.29795116 | D19: 0.15217433 | E19: 0.66992619
A20: Out-of-fold pattern error before → after Forecast C’s re-weighting: 3.20 → 3.08 points.
A22: Top inputs in each forecast (share of SHAP value in votes)
A23: # | B23: Forecast A | C23: Share | D23: Forecast B | E23: Share | F23: Forecast C | G23: Share
A24: 1 | B24: Precinct House lean, last election (t−2) | C24: 0.32339513 | D24: Precinct House lean, last election (t−2) | E24: 0.21105414 | F24: Precinct House lean, last election (t−2) | G24: 0.36178538
A25: 2 | B25: Electorate last election: R % of ballots | C25: 0.19395967 | D25: Municipality House lean, last election (t−2) | E25: 0.18802891 | F25: Electorate last election: R % of ballots | G25: 0.21698463
A26: 3 | B26: Municipality House lean, last election (t−2) | C26: 0.15495316 | D26: Electorate last election: R % of ballots | E26: 0.16872764 | F26: Municipality House lean, last election (t−2) | G26: 0.17334765
A27: 4 | B27: State registration: R % (as of election) | C27: 0.10710037 | D27: State registration: R % (as of election) | E27: 0.15795358 | F27: State registration: R % (as of election) | G27: 0.068626125
A28: 5 | B28: State registration: D % (as of election) | C28: 0.069696116 | D28: State registration: D % (as of election) | E28: 0.13999758 | F28: Precinct House lean, last same-type election (t−4) | G28: 0.051334404
A29: 6 | B29: Precinct House lean, last same-type election (t−4) | C29: 0.04588714 | D29: Precinct House lean, last same-type election (t−4) | E29: 0.13423815 | F29: State registration: D % (as of election) | G29: 0.044658803
A30: 7 | B30: State registration: change in D−R margin since t−2 | C30: 0.023030423 | F30: State registration: change in D−R margin since t−2 | G30: 0.01475708
A31: 8 | B31: County: Carbon | C31: 0.013975294 | F31: County: Carbon | G31: 0.013366955
A32: 9 | B32: Precinct vs. its municipality, last election (pts) | C32: 0.012367595 | F32: Precinct vs. its municipality, last election (pts) | G32: 0.011829239
A33: 10 | B33: Voter-file party switch gap (today’s R % − state R %) | C33: 0.01173328 | F33: Voter-file party switch gap (today’s R % − state R %) | G33: 0.0075182702
A35: Forecast B — random-column test and selection
A36: Input | B36: Beat random columns (of 20) | C36: Share of SHAP in A | D36: Kept in B?
A37: Precinct House lean, last election (t−2) | B37: 20 | C37: 0.33256994 | D37: Yes
A38: Electorate last election: R % of ballots | B38: 20 | C38: 0.19581568 | D38: Yes
A39: Municipality House lean, last election (t−2) | B39: 20 | C39: 0.15379393 | D39: Yes
A40: State registration: R % (as of election) | B40: 20 | C40: 0.10618256 | D40: Yes
A41: State registration: D % (as of election) | B41: 20 | C41: 0.066351754 | D41: Yes
A42: Precinct House lean, last same-type election (t−4) | B42: 20 | C42: 0.045028211 | D42: Yes
A43: State registration: change in D−R margin since t−2 | B43: 20 | C43: 0.019772857 | D43: No
A44: County: Carbon | B44: 20 | C44: 0.013690227 | D44: No
A45: Precinct vs. its municipality, last election (pts) | B45: 20 | C45: 0.01223724 | D45: No
A46: Voter-file party switch gap (today’s R % − state R %) | B46: 20 | C46: 0.01052499 | D46: No
A47: Registrants: Boomer + Silent % | B47: 20 | C47: 0.0067086285 | D47: No
A48: Registered voters (log, state) | B48: 20 | C48: 0.0061086753 | D48: No
... A59: Midterm year (1/0) | B59: 0 | C59: 0.0011140559 | D59: No

Sheet Feature Ranking A
A1: Rank | B1: Feature | C1: Input family | D1: Share of model | E1: Share within its family | F1: SHAP value in votes | G1: Used to forecast | H1: Significance test result | I1: Variable (short name) | J1: Status in Forecast B
A2: 1 | B2: Democratic percent of the two-party House vote, 2024 (certified precinct results), above or below the district average | C2: Historical voter data | D2: 0.32339513 | E2: 0.4427408 | F2: 58.969595 | G2: Democratic percent of the two-party vote | H2: Beat all 10 random comparison columns in 20 of 20 refits. | I2: Precinct House lean, last election (t−2) | J2: Kept in B
A3: 2 | B3: Registered Republicans as a percent of everyone who voted, 2024 (voter file) | C3: Historical voter data | D3: 0.19395967 | E3: 0.26553851 | F3: 35.367642 | G3: Democratic percent of the two-party vote | H3: Beat all 10 random comparison columns in 20 of 20 refits. | I3: Electorate last election: R % of ballots | J3: Kept in B
A4: 3 | B4: Democratic percent of the two-party House vote in the precinct’s whole municipality, 2024, above or below the district average | C4: Historical voter data | D4: 0.15495316 | E4: 0.21213704 | F4: 28.254986 | G4: Democratic percent of the two-party vote | H4: Beat all 10 random comparison columns in 20 of 20 refits. | I4: Municipality House lean, last election (t−2) | J4: Kept in B
A5: 4 | B5: Registered Republicans as a percent of all registered voters, 2026 primary rolls (Department of State) | C5: Voter registration data | D5: 0.10710037 | E5: 0.45097043 | F5: 19.529253 | G5: Democratic percent of the two-party vote | H5: Beat all 10 random comparison columns in 20 of 20 refits. | I5: State registration: R % (as of election) | J5: Kept in B
A6: 5 | B6: Registered Democrats as a percent of all registered voters, 2026 primary rolls (Department of State) | C6: Voter registration data | D6: 0.069696116 | E6: 0.29347133 | F6: 12.708762 | G6: Democratic percent of the two-party vote | H6: Beat all 10 random comparison columns in 20 of 20 refits. | I6: State registration: D % (as of election) | J6: Kept in B
A7: 6 | B7: Democratic percent of the two-party House vote, 2022 — the last midterm (certified precinct results), above or below the district average | C7: Historical voter data | D7: 0.04588714 | E7: 0.062821321 | F7: 8.3673061 | G7: Democratic percent of the two-party vote | H7: Beat all 10 random comparison columns in 20 of 20 refits. | I7: Precinct House lean, last same-type election (t−4) | J7: Kept in B
A8: 7 | B8: Change in registered Democrats minus Republicans (percent of registered) from the 2024 general to the 2026 primary (Department of State) | C8: Voter registration data | D8: 0.023030423 | E8: 0.096974828 | F8: 4.1994904 | G8: Democratic percent of the two-party vote | H8: Beat all 10 random comparison columns in 20 of 20 refits. | I8: State registration: change in D−R margin since t−2 | J8: Dropped from B
A9: 8 | B9: Precinct is in Carbon County (1/0) | C9: Geography & municipal context | D9: 0.013975294 | E9: 0.4540822 | F9: 2.5483297 | G9: Democratic percent of the two-party vote | H9: Beat all 10 random comparison columns in 20 of 20 refits. | I9: County: Carbon | J9: Dropped from B
A10: 9 | B10: Precinct’s 2024 House Democratic percent minus its municipality’s, in points | C10: Geography & municipal context | D10: 0.012367595 | E10: 0.4018452 | F10: 2.2551734 | G10: Democratic percent of the two-party vote | H10: Beat all 10 random comparison columns in 20 of 20 refits. | I10: Precinct vs. its municipality, last election (pts) | J10: Dropped from B
A11: 10 | B11: Republican percent of registered voters in the 2026 voter file minus the Republican percent on the 2026 state rolls (a party-switching signal) | C11: Voter registration data | D11: 0.01173328 | E11: 0.049405639 | F11: 2.1395089 | G11: Democratic percent of the two-party vote | H11: Beat all 10 random comparison columns in 20 of 20 refits. | I11: Voter-file party switch gap (today’s R % − state R %) | J11: Dropped from B
A12: 11 | B12: Number of registered voters, 2026 primary rolls, on a log scale (Department of State) | C12: Voter registration data | D12: 0.0069734462 | E12: 0.029363279 | F12: 1.2715754 | G12: Democratic percent of the two-party vote | H12: Beat all 10 random comparison columns in 20 of 20 refits. | I12: Registered voters (log, state) | J12: Dropped from B
A13: 12 | B13: Registered voters born 1964 or earlier, as a percent of all registered voters, 2026 (voter file) | C13: Voter registration data | D13: 0.0062749133 | E13: 0.026421948 | F13: 1.1442012 | G13: Democratic percent of the two-party vote | H13: Beat all 10 random comparison columns in 20 of 20 refits. | I13: Registrants: Boomer + Silent % | J13: Dropped from B
... A24: 23 | B24: Election type: 1 for a midterm year (2026), 0 for a presidential year | C24: Election type | D24: 0.0012953602 | E24: 1 | F24: 0.23620289 | G24: Democratic percent of the two-party vote | H24: Beat all 10 random comparison columns in 0 of 20 refits. | I24: Midterm year (1/0) | J24: Dropped from B
B26: Historical voter data, total | C26: Historical voter data | D26: =SUMIF(C2:C24,"Historical voter data",D2:D24) -> 0.73043895 | F26: =SUMIF(C2:C24,"Historical voter data",F2:F24) -> 133.19214
B27: Voter registration data, total | C27: Voter registration data | D27: =SUMIF(C2:C24,"Voter registration data",D2:D24) -> 0.23748868 | F27: =SUMIF(C2:C24,"Voter registration data",F2:F24) -> 43.304953
B28: Geography & municipal context, total | C28: Geography & municipal context | D28: =SUMIF(C2:C24,"Geography & municipal context",D2:D24) -> 0.030777014 | F28: =SUMIF(C2:C24,"Geography & municipal context",F2:F24) -> 5.612045
B29: Election type, total | C29: Election type | D29: =SUMIF(C2:C24,"Election type",D2:D24) -> 0.0012953602 | F29: =SUMIF(C2:C24,"Election type",F2:F24) -> 0.23620289
B30: All features, total | D30: =SUM(D2:D24) -> 1 | F30: =SUM(F2:F24) -> 182.34534
B32: Notes
B33: How to read this table. Each row is one input that this forecast uses, ranked by SHAP value in votes on the 2026 forecast rows.
B34: SHAP value: for one place, the number of votes that one input added to or took away from that place’s forecast, measured from the model’s starting value (the average over the places and years it was trained on). Exact TreeSHAP over every tree.
B35: SHAP value in votes is the average over the 370 precincts of the votes the input moved, ignoring direction. Brooks votes and Mackenzie votes are counted together (moving 10 votes from Mackenzie to Brooks counts as 20). Votes cast = each place’s 2022 turnout rate × its 2026 registered voters.
B36: Share of model = the input’s SHAP value in votes ÷ the total for all inputs. Share within its family divides by its family’s total instead.
B37: What the model forecasts. One random forest forecasts each place’s Democratic percent of the two-party House vote, above or below the district average for that election. Turnout is not forecast: each place’s votes cast = its 2022 turnout rate × its 2026 registered voters. Brooks share = forecast pattern + one uniform shift so the district total equals the scenario (default: registration-adjusted baseline).
B38: Forecast A weighting: none imposed. Each input’s weight is exactly what the full forest learned; SHAP shows it after the fact.
B39: Significance test. The full forest was refit 20 times with 10 extra columns of random numbers (5 that change row to row, 5 that keep one value per place). The column counts the refits in which the input’s average |SHAP| on the 2026 rows beat every random column.
B40: Settings: max_features=0.33, min_samples_leaf=1, 500 trees, trained on 1030 precinct-elections (2020, 2022, 2024).

Sheet Feature Ranking B
A1: Rank | B1: Feature | C1: Input family | D1: Share of model | E1: Share within its family | F1: SHAP value in votes | G1: Used to forecast | H1: Significance test result | I1: Variable (short name) | J1: Status in Forecast B
A2: 1 | B2: Democratic percent of the two-party House vote, 2024 (certified precinct results), above or below the district average | C2: Historical voter data | D2: 0.21105414 | E2: 0.300626 | F2: 34.24091 | G2: Democratic percent of the two-party vote | H2: Beat all 10 random comparison columns in 20 of 20 refits. | I2: Precinct House lean, last election (t−2) | J2: Kept in B
A3: 2 | B3: Democratic percent of the two-party House vote in the precinct’s whole municipality, 2024, above or below the district average | C3: Historical voter data | D3: 0.18802891 | E3: 0.26782882 | F3: 30.505354 | G3: Democratic percent of the two-party vote | H3: Beat all 10 random comparison columns in 20 of 20 refits. | I3: Municipality House lean, last election (t−2) | J3: Kept in B
A4: 3 | B4: Registered Republicans as a percent of everyone who voted, 2024 (voter file) | C4: Historical voter data | D4: 0.16872764 | E4: 0.24033604 | F4: 27.373962 | G4: Democratic percent of the two-party vote | H4: Beat all 10 random comparison columns in 20 of 20 refits. | I4: Electorate last election: R % of ballots | J4: Kept in B
A5: 4 | B5: Registered Republicans as a percent of all registered voters, 2026 primary rolls (Department of State) | C5: Voter registration data | D5: 0.15795358 | E5: 0.53013245 | F5: 25.626005 | G5: Democratic percent of the two-party vote | H5: Beat all 10 random comparison columns in 20 of 20 refits. | I5: State registration: R % (as of election) | J5: Kept in B
A6: 5 | B6: Registered Democrats as a percent of all registered voters, 2026 primary rolls (Department of State) | C6: Voter registration data | D6: 0.13999758 | E6: 0.46986755 | F6: 22.712868 | G6: Democratic percent of the two-party vote | H6: Beat all 10 random comparison columns in 20 of 20 refits. | I6: State registration: D % (as of election) | J6: Kept in B
A7: 6 | B7: Democratic percent of the two-party House vote, 2022 — the last midterm (certified precinct results), above or below the district average | C7: Historical voter data | D7: 0.13423815 | E7: 0.19120913 | F7: 21.778471 | G7: Democratic percent of the two-party vote | H7: Beat all 10 random comparison columns in 20 of 20 refits. | I7: Precinct House lean, last same-type election (t−4) | J7: Kept in B
B9: Historical voter data, total | C9: Historical voter data | D9: =SUMIF(C2:C7,"Historical voter data",D2:D7) -> 0.70204884 | F9: =SUMIF(C2:C7,"Historical voter data",F2:F7) -> 113.8987
B10: Voter registration data, total | C10: Voter registration data | D10: =SUMIF(C2:C7,"Voter registration data",D2:D7) -> 0.29795116 | F10: =SUMIF(C2:C7,"Voter registration data",F2:F7) -> 48.338872
B11: All features, total | D11: =SUM(D2:D7) -> 1 | F11: =SUM(F2:F7) -> 162.23757
B13: Notes
B14: How to read this table. Each row is one input that this forecast uses, ranked by SHAP value in votes on the 2026 forecast rows.
B15: SHAP value: for one place, the number of votes that one input added to or took away from that place’s forecast, measured from the model’s starting value (the average over the places and years it was trained on). Exact TreeSHAP over every tree.
B16: SHAP value in votes is the average over the 370 precincts of the votes the input moved, ignoring direction. Brooks votes and Mackenzie votes are counted together (moving 10 votes from Mackenzie to Brooks counts as 20). Votes cast = each place’s 2022 turnout rate × its 2026 registered voters.
B17: Share of model = the input’s SHAP value in votes ÷ the total for all inputs. Share within its family divides by its family’s total instead.
B18: What the model forecasts. One random forest forecasts each place’s Democratic percent of the two-party House vote, above or below the district average for that election. Turnout is not forecast: each place’s votes cast = its 2022 turnout rate × its 2026 registered voters. Brooks share = forecast pattern + one uniform shift so the district total equals the scenario (default: registration-adjusted baseline).
B19: Forecast B weighting: SHAP-selected. Only inputs that beat all 10 random columns in at least 18 of 20 refits AND held at least 2% of Forecast A’s SHAP total were kept; the forest was refit on those inputs alone, so weight that was spread over weak inputs is concentrated on the strong ones.
B20: Significance test. The full forest was refit 20 times with 10 extra columns of random numbers (5 that change row to row, 5 that keep one value per place). The column counts the refits in which the input’s average |SHAP| on the 2026 rows beat every random column.
B21: Settings: max_features=0.33, min_samples_leaf=1, 500 trees, trained on 1030 precinct-elections (2020, 2022, 2024).

Sheet Feature Ranking C
A1: Rank | B1: Feature | C1: Input family | D1: Share of model | E1: Share within its family | F1: SHAP value in votes | G1: Used to forecast | H1: Significance test result | I1: Variable (short name) | J1: Status in Forecast B
A2: 1 | B2: Democratic percent of the two-party House vote, 2024 (certified precinct results), above or below the district average | C2: Historical voter data | D2: 0.36178538 | E2: 0.4427408 | F2: 68.972208 | G2: Democratic percent of the two-party vote | H2: Beat all 10 random comparison columns in 20 of 20 refits. | I2: Precinct House lean, last election (t−2) | J2: Kept in B
A3: 2 | B3: Registered Republicans as a percent of everyone who voted, 2024 (voter file) | C3: Historical voter data | D3: 0.21698463 | E3: 0.26553851 | F3: 41.366817 | G3: Democratic percent of the two-party vote | H3: Beat all 10 random comparison columns in 20 of 20 refits. | I3: Electorate last election: R % of ballots | J3: Kept in B
A4: 3 | B4: Democratic percent of the two-party House vote in the precinct’s whole municipality, 2024, above or below the district average | C4: Historical voter data | D4: 0.17334765 | E4: 0.21213704 | F4: 33.047689 | G4: Democratic percent of the two-party vote | H4: Beat all 10 random comparison columns in 20 of 20 refits. | I4: Municipality House lean, last election (t−2) | J4: Kept in B
A5: 4 | B5: Registered Republicans as a percent of all registered voters, 2026 primary rolls (Department of State) | C5: Voter registration data | D5: 0.068626125 | E5: 0.45097043 | F5: 13.083158 | G5: Democratic percent of the two-party vote | H5: Beat all 10 random comparison columns in 20 of 20 refits. | I5: State registration: R % (as of election) | J5: Kept in B
A6: 5 | B6: Democratic percent of the two-party House vote, 2022 — the last midterm (certified precinct results), above or below the district average | C6: Historical voter data | D6: 0.051334404 | E6: 0.062821321 | F6: 9.7865957 | G6: Democratic percent of the two-party vote | H6: Beat all 10 random comparison columns in 20 of 20 refits. | I6: Precinct House lean, last same-type election (t−4) | J6: Kept in B
A7: 6 | B7: Registered Democrats as a percent of all registered voters, 2026 primary rolls (Department of State) | C7: Voter registration data | D7: 0.044658803 | E7: 0.29347133 | F7: 8.5139325 | G7: Democratic percent of the two-party vote | H7: Beat all 10 random comparison columns in 20 of 20 refits. | I7: State registration: D % (as of election) | J7: Kept in B
A8: 7 | B8: Change in registered Democrats minus Republicans (percent of registered) from the 2024 general to the 2026 primary (Department of State) | C8: Voter registration data | D8: 0.01475708 | E8: 0.096974828 | F8: 2.8133486 | G8: Democratic percent of the two-party vote | H8: Beat all 10 random comparison columns in 20 of 20 refits. | I8: State registration: change in D−R margin since t−2 | J8: Dropped from B
A9: 8 | B9: Precinct is in Carbon County (1/0) | C9: Geography & municipal context | D9: 0.013366955 | E9: 0.4540822 | F9: 2.5483297 | G9: Democratic percent of the two-party vote | H9: Beat all 10 random comparison columns in 20 of 20 refits. | I9: County: Carbon | J9: Dropped from B
A10: 9 | B10: Precinct’s 2024 House Democratic percent minus its municipality’s, in points | C10: Geography & municipal context | D10: 0.011829239 | E10: 0.4018452 | F10: 2.2551734 | G10: Democratic percent of the two-party vote | H10: Beat all 10 random comparison columns in 20 of 20 refits. | I10: Precinct vs. its municipality, last election (pts) | J10: Dropped from B
A11: 10 | B11: Republican percent of registered voters in the 2026 voter file minus the Republican percent on the 2026 state rolls (a party-switching signal) | C11: Voter registration data | D11: 0.0075182702 | E11: 0.049405639 | F11: 1.433313 | G11: Democratic percent of the two-party vote | H11: Beat all 10 random comparison columns in 20 of 20 refits. | I11: Voter-file party switch gap (today’s R % − state R %) | J11: Dropped from B
A12: 11 | B12: Number of registered voters, 2026 primary rolls, on a log scale (Department of State) | C12: Voter registration data | D12: 0.0044683374 | E12: 0.029363279 | F12: 0.85186168 | G12: Democratic percent of the two-party vote | H12: Beat all 10 random comparison columns in 20 of 20 refits. | I12: Registered voters (log, state) | J12: Dropped from B
A13: 12 | B13: Registered voters born 1964 or earlier, as a percent of all registered voters, 2026 (voter file) | C13: Voter registration data | D13: 0.0040207423 | E13: 0.026421948 | F13: 0.76653035 | G13: Democratic percent of the two-party vote | H13: Beat all 10 random comparison columns in 20 of 20 refits. | I13: Registrants: Boomer + Silent % | J13: Dropped from B
... A24: 23 | B24: Election type: 1 for a midterm year (2026), 0 for a presidential year | C24: Election type | D24: 0.0012389737 | E24: 1 | F24: 0.23620289 | G24: Democratic percent of the two-party vote | H24: Beat all 10 random comparison columns in 0 of 20 refits. | I24: Midterm year (1/0) | J24: Dropped from B
B26: Historical voter data, total | C26: Historical voter data | D26: =SUMIF(C2:C24,"Historical voter data",D2:D24) -> 0.81714939 | F26: =SUMIF(C2:C24,"Historical voter data",F2:F24) -> 155.78462
B27: Voter registration data, total | C27: Voter registration data | D27: =SUMIF(C2:C24,"Voter registration data",D2:D24) -> 0.15217433 | F27: =SUMIF(C2:C24,"Voter registration data",F2:F24) -> 29.011122
B28: Geography & municipal context, total | C28: Geography & municipal context | D28: =SUMIF(C2:C24,"Geography & municipal context",D2:D24) -> 0.029437303 | F28: =SUMIF(C2:C24,"Geography & municipal context",F2:F24) -> 5.612045
B29: Election type, total | C29: Election type | D29: =SUMIF(C2:C24,"Election type",D2:D24) -> 0.0012389737 | F29: =SUMIF(C2:C24,"Election type",F2:F24) -> 0.23620289
B30: All features, total | D30: =SUM(D2:D24) -> 1 | F30: =SUM(F2:F24) -> 190.64399
B32: Notes
B33: How to read this table. Each row is one input that this forecast uses, ranked by SHAP value in votes on the 2026 forecast rows.
B34: SHAP value: for one place, the number of votes that one input added to or took away from that place’s forecast, measured from the model’s starting value (the average over the places and years it was trained on). Exact TreeSHAP over every tree.
B35: SHAP value in votes is the average over the 370 precincts of the votes the input moved, ignoring direction. Brooks votes and Mackenzie votes are counted together (moving 10 votes from Mackenzie to Brooks counts as 20). Votes cast = each place’s 2022 turnout rate × its 2026 registered voters.
B36: Share of model = the input’s SHAP value in votes ÷ the total for all inputs. Share within its family divides by its family’s total instead.
B37: What the model forecasts. One random forest forecasts each place’s Democratic percent of the two-party House vote, above or below the district average for that election. Turnout is not forecast: each place’s votes cast = its 2022 turnout rate × its 2026 registered voters. Brooks share = forecast pattern + one uniform shift so the district total equals the scenario (default: registration-adjusted baseline).
B38: Forecast C weighting: SHAP family re-weighting. Forecast A’s forest is kept, but each input family’s SHAP contribution is multiplied by a weight fitted to out-of-sample accuracy: Election type ×1.00; Geography & municipal context ×1.00; Historical voter data ×1.17; Voter registration data ×0.67. The forecast is the forest’s starting value plus the re-weighted SHAP values, so the SHAP values here are already re-weighted.
B39: Significance test. The full forest was refit 20 times with 10 extra columns of random numbers (5 that change row to row, 5 that keep one value per place). The column counts the refits in which the input’s average |SHAP| on the 2026 rows beat every random column.
B40: Settings: max_features=0.33, min_samples_leaf=1, 500 trees, trained on 1030 precinct-elections (2020, 2022, 2024).

Sheet Backtest 2024 A
A1: County | B1: Municipality | C1: Precinct | D1: Predicted Democratic (Wild) votes | E1: Actual Democratic votes | F1: Error, Democratic votes (predicted minus actual) | G1: Predicted Republican (Mackenzie) votes | H1: Actual Republican votes | I1: Error, Republican votes (predicted minus actual) | J1: Predicted Democratic share of the two-party vote | K1: Actual Democratic share of the two-party vote | L1: Error in Democratic share, percentage points (predicted minus actual) | M1: Error term: place pattern (± pts, from 2018, 2020, 2022) | N1: Error term: district-wide (± pts, from 2018, 2020, 2022) | O1: Error term: total (± pts) | P1: Predicted share, 95% low | Q1: Predicted share, 95% high | R1: Actual inside ±1 error term? | S1: Actual inside 95% range? | T1: Error term: Democratic votes (± votes) | U1: Note
A2: Carbon | B2: BANKS TOWNSHIP | C2: BANKS TOWNSHIP | D2: 149 | E2: 181 | F2: =IF(E2="","",D2-E2) -> -32 | G2: 289 | H2: 284 | I2: =IF(H2="","",G2-H2) -> 5 | J2: =IF(OR(D2="",D2+G2=0),"",D2/(D2+G2)) -> 0.34018265 | K2: =IF(E2="","",E2/(E2+H2)) -> 0.38924731 | L2: =IF(OR(K2="",J2=""),"",(J2-K2)*100) -> -4.9064663 | M2: 4.0874752 | N2: 1.2831364 | O2: =SQRT(M2^2+N2^2) -> 4.2841443 | P2: =IF(J2="","",MAX(0,J2-1.96*O2/100)) -> 0.25621342 | Q2: =IF(J2="","",MIN(1,J2+1.96*O2/100)) -> 0.42415188 | R2: =IF(L2="","",IF(ABS(L2)<=O2,"Yes","No")) -> No | S2: =IF(L2="","",IF(ABS(L2)<=1.96*O2,"Yes","No")) -> Yes | T2: =IF(D2="","",ROUND(SQRT(((D2+G2)*O2/100)^2+(J2*(D2+G2)*0.15542)^2),0)) -> 30
A3: Carbon | B3: BEAVER MEADOWS BOROUGH | C3: BEAVER MEADOWS BOROUGH | D3: 102 | E3: 118 | F3: =IF(E3="","",D3-E3) -> -16 | G3: 302 | H3: 298 | I3: =IF(H3="","",G3-H3) -> 4 | J3: =IF(OR(D3="",D3+G3=0),"",D3/(D3+G3)) -> 0.25247525 | K3: =IF(E3="","",E3/(E3+H3)) -> 0.28365385 | L3: =IF(OR(K3="",J3=""),"",(J3-K3)*100) -> -3.1178599 | M3: 4.0874752 | N3: 1.2831364 | O3: =SQRT(M3^2+N3^2) -> 4.2841443 | P3: =IF(J3="","",MAX(0,J3-1.96*O3/100)) -> 0.16850602 | Q3: =IF(J3="","",MIN(1,J3+1.96*O3/100)) -> 0.33644448 | R3: =IF(L3="","",IF(ABS(L3)<=O3,"Yes","No")) -> Yes | S3: =IF(L3="","",IF(ABS(L3)<=1.96*O3,"Yes","No")) -> Yes | T3: =IF(D3="","",ROUND(SQRT(((D3+G3)*O3/100)^2+(J3*(D3+G3)*0.15542)^2),0)) -> 23
A4: Carbon | B4: BOWMANSTOWN BOROUGH | C4: BOWMANSTOWN BOROUGH | D4: 125 | E4: 143 | F4: =IF(E4="","",D4-E4) -> -18 | G4: 278 | H4: 309 | I4: =IF(H4="","",G4-H4) -> -31 | J4: =IF(OR(D4="",D4+G4=0),"",D4/(D4+G4)) -> 0.3101737 | K4: =IF(E4="","",E4/(E4+H4)) -> 0.31637168 | L4: =IF(OR(K4="",J4=""),"",(J4-K4)*100) -> -0.61979841 | M4: 4.0874752 | N4: 1.2831364 | O4: =SQRT(M4^2+N4^2) -> 4.2841443 | P4: =IF(J4="","",MAX(0,J4-1.96*O4/100)) -> 0.22620447 | Q4: =IF(J4="","",MIN(1,J4+1.96*O4/100)) -> 0.39414293 | R4: =IF(L4="","",IF(ABS(L4)<=O4,"Yes","No")) -> Yes | S4: =IF(L4="","",IF(ABS(L4)<=1.96*O4,"Yes","No")) -> Yes | T4: =IF(D4="","",ROUND(SQRT(((D4+G4)*O4/100)^2+(J4*(D4+G4)*0.15542)^2),0)) -> 26
A5: Carbon | B5: EAST PENN TOWNSHIP | C5: EAST PENN TOWNSHIP-NORTH | D5: 197 | E5: 202 | F5: =IF(E5="","",D5-E5) -> -5 | G5: 595 | H5: 640 | I5: =IF(H5="","",G5-H5) -> -45 | J5: =IF(OR(D5="",D5+G5=0),"",D5/(D5+G5)) -> 0.24873737 | K5: =IF(E5="","",E5/(E5+H5)) -> 0.23990499 | L5: =IF(OR(K5="",J5=""),"",(J5-K5)*100) -> 0.88323856 | M5: 2.8128054 | N5: 1.2831364 | O5: =SQRT(M5^2+N5^2) -> 3.0916521 | P5: =IF(J5="","",MAX(0,J5-1.96*O5/100)) -> 0.18814099 | Q5: =IF(J5="","",MIN(1,J5+1.96*O5/100)) -> 0.30933376 | R5: =IF(L5="","",IF(ABS(L5)<=O5,"Yes","No")) -> Yes | S5: =IF(L5="","",IF(ABS(L5)<=1.96*O5,"Yes","No")) -> Yes | T5: =IF(D5="","",ROUND(SQRT(((D5+G5)*O5/100)^2+(J5*(D5+G5)*0.09439)^2),0)) -> 31
A6: Carbon | B6: EAST PENN TOWNSHIP | C6: EAST PENN TOWNSHIP-SOUTH | D6: 200 | E6: 232 | F6: =IF(E6="","",D6-E6) -> -32 | G6: 583 | H6: 603 | I6: =IF(H6="","",G6-H6) -> -20 | J6: =IF(OR(D6="",D6+G6=0),"",D6/(D6+G6)) -> 0.25542784 | K6: =IF(E6="","",E6/(E6+H6)) -> 0.27784431 | L6: =IF(OR(K6="",J6=""),"",(J6-K6)*100) -> -2.241647 | M6: 2.8128054 | N6: 1.2831364 | O6: =SQRT(M6^2+N6^2) -> 3.0916521 | P6: =IF(J6="","",MAX(0,J6-1.96*O6/100)) -> 0.19483146 | Q6: =IF(J6="","",MIN(1,J6+1.96*O6/100)) -> 0.31602422 | R6: =IF(L6="","",IF(ABS(L6)<=O6,"Yes","No")) -> Yes | S6: =IF(L6="","",IF(ABS(L6)<=1.96*O6,"Yes","No")) -> Yes | T6: =IF(D6="","",ROUND(SQRT(((D6+G6)*O6/100)^2+(J6*(D6+G6)*0.09439)^2),0)) -> 31
A7: Carbon | B7: EAST SIDE BOROUGH | C7: EAST SIDE BOROUGH | D7: 37 | E7: 38 | F7: =IF(E7="","",D7-E7) -> -1 | G7: 75 | H7: 78 | I7: =IF(H7="","",G7-H7) -> -3 | J7: =IF(OR(D7="",D7+G7=0),"",D7/(D7+G7)) -> 0.33035714 | K7: =IF(E7="","",E7/(E7+H7)) -> 0.32758621 | L7: =IF(OR(K7="",J7=""),"",(J7-K7)*100) -> 0.2770936 | M7: 4.0874752 | N7: 1.2831364 | O7: =SQRT(M7^2+N7^2) -> 4.2841443 | P7: =IF(J7="","",MAX(0,J7-1.96*O7/100)) -> 0.24638791 | Q7: =IF(J7="","",MIN(1,J7+1.96*O7/100)) -> 0.41432637 | R7: =IF(L7="","",IF(ABS(L7)<=O7,"Yes","No")) -> Yes | S7: =IF(L7="","",IF(ABS(L7)<=1.96*O7,"Yes","No")) -> Yes | T7: =IF(D7="","",ROUND(SQRT(((D7+G7)*O7/100)^2+(J7*(D7+G7)*0.15542)^2),0)) -> 7
A8: Carbon | B8: FRANKLIN TOWNSHIP | C8: FRANKLIN TOWNSHIP-HARRITY | D8: 263 | E8: 301 | F8: =IF(E8="","",D8-E8) -> -38 | G8: 746 | H8: 760 | I8: =IF(H8="","",G8-H8) -> -14 | J8: =IF(OR(D8="",D8+G8=0),"",D8/(D8+G8)) -> 0.26065411 | K8: =IF(E8="","",E8/(E8+H8)) -> 0.28369463 | L8: =IF(OR(K8="",J8=""),"",(J8-K8)*100) -> -2.3040515 | M8: 2.8128054 | N8: 1.2831364 | O8: =SQRT(M8^2+N8^2) -> 3.0916521 | P8: =IF(J8="","",MAX(0,J8-1.96*O8/100)) -> 0.20005773 | Q8: =IF(J8="","",MIN(1,J8+1.96*O8/100)) -> 0.3212505 | R8: =IF(L8="","",IF(ABS(L8)<=O8,"Yes","No")) -> Yes | S8: =IF(L8="","",IF(ABS(L8)<=1.96*O8,"Yes","No")) -> Yes | T8: =IF(D8="","",ROUND(SQRT(((D8+G8)*O8/100)^2+(J8*(D8+G8)*0.09439)^2),0)) -> 40
A9: Carbon | B9: FRANKLIN TOWNSHIP | C9: FRANKLIN TOWNSHIP-IND DIST | D9: 152 | E9: 164 | F9: =IF(E9="","",D9-E9) -> -12 | G9: 436 | H9: 450 | I9: =IF(H9="","",G9-H9) -> -14 | J9: =IF(OR(D9="",D9+G9=0),"",D9/(D9+G9)) -> 0.2585034 | K9: =IF(E9="","",E9/(E9+H9)) -> 0.26710098 | L9: =IF(OR(K9="",J9=""),"",(J9-K9)*100) -> -0.85975758 | M9: 4.0874752 | N9: 1.2831364 | O9: =SQRT(M9^2+N9^2) -> 4.2841443 | P9: =IF(J9="","",MAX(0,J9-1.96*O9/100)) -> 0.17453417 | Q9: =IF(J9="","",MIN(1,J9+1.96*O9/100)) -> 0.34247263 | R9: =IF(L9="","",IF(ABS(L9)<=O9,"Yes","No")) -> Yes | S9: =IF(L9="","",IF(ABS(L9)<=1.96*O9,"Yes","No")) -> Yes | T9: =IF(D9="","",ROUND(SQRT(((D9+G9)*O9/100)^2+(J9*(D9+G9)*0.15542)^2),0)) -> 35
A10: Carbon | B10: FRANKLIN TOWNSHIP | C10: FRANKLIN TOWNSHIP-LONG RUN | D10: 208 | E10: 235 | F10: =IF(E10="","",D10-E10) -> -27 | G10: 630 | H10: 626 | I10: =IF(H10="","",G10-H10) -> 4 | J10: =IF(OR(D10="",D10+G10=0),"",D10/(D10+G10)) -> 0.24821002 | K10: =IF(E10="","",E10/(E10+H10)) -> 0.27293844 | L10: =IF(OR(K10="",J10=""),"",(J10-K10)*100) -> -2.472842 | M10: 2.8128054 | N10: 1.2831364 | O10: =SQRT(M10^2+N10^2) -> 3.0916521 | P10: =IF(J10="","",MAX(0,J10-1.96*O10/100)) -> 0.18761364 | Q10: =IF(J10="","",MIN(1,J10+1.96*O10/100)) -> 0.30880641 | R10: =IF(L10="","",IF(ABS(L10)<=O10,"Yes","No")) -> Yes | S10: =IF(L10="","",IF(ABS(L10)<=1.96*O10,"Yes","No")) -> Yes | T10: =IF(D10="","",ROUND(SQRT(((D10+G10)*O10/100)^2+(J10*(D10+G10)*0.09439)^2),0)) -> 33
A11: Carbon | B11: JIM THORPE BOROUGH | C11: JIM THORPE BOROUGH-1ST | D11: 214 | E11: 229 | F11: =IF(E11="","",D11-E11) -> -15 | G11: 281 | H11: 297 | I11: =IF(H11="","",G11-H11) -> -16 | J11: =IF(OR(D11="",D11+G11=0),"",D11/(D11+G11)) -> 0.43232323 | K11: =IF(E11="","",E11/(E11+H11)) -> 0.43536122 | L11: =IF(OR(K11="",J11=""),"",(J11-K11)*100) -> -0.30379844 | M11: 4.0874752 | N11: 1.2831364 | O11: =SQRT(M11^2+N11^2) -> 4.2841443 | P11: =IF(J11="","",MAX(0,J11-1.96*O11/100)) -> 0.348354 | Q11: =IF(J11="","",MIN(1,J11+1.96*O11/100)) -> 0.51629246 | R11: =IF(L11="","",IF(ABS(L11)<=O11,"Yes","No")) -> Yes | S11: =IF(L11="","",IF(ABS(L11)<=1.96*O11,"Yes","No")) -> Yes | T11: =IF(D11="","",ROUND(SQRT(((D11+G11)*O11/100)^2+(J11*(D11+G11)*0.15542)^2),0)) -> 39
A12: Carbon | B12: JIM THORPE BOROUGH | C12: JIM THORPE BOROUGH-2ND | D12: 155 | E12: 163 | F12: =IF(E12="","",D12-E12) -> -8 | G12: 215 | H12: 226 | I12: =IF(H12="","",G12-H12) -> -11 | J12: =IF(OR(D12="",D12+G12=0),"",D12/(D12+G12)) -> 0.41891892 | K12: =IF(E12="","",E12/(E12+H12)) -> 0.41902314 | L12: =IF(OR(K12="",J12=""),"",(J12-K12)*100) -> -0.010421733 | M12: 4.0874752 | N12: 1.2831364 | O12: =SQRT(M12^2+N12^2) -> 4.2841443 | P12: =IF(J12="","",MAX(0,J12-1.96*O12/100)) -> 0.33494969 | Q12: =IF(J12="","",MIN(1,J12+1.96*O12/100)) -> 0.50288815 | R12: =IF(L12="","",IF(ABS(L12)<=O12,"Yes","No")) -> Yes | S12: =IF(L12="","",IF(ABS(L12)<=1.96*O12,"Yes","No")) -> Yes | T12: =IF(D12="","",ROUND(SQRT(((D12+G12)*O12/100)^2+(J12*(D12+G12)*0.15542)^2),0)) -> 29
A13: Carbon | B13: JIM THORPE BOROUGH | C13: JIM THORPE BOROUGH-3RD | D13: 267 | E13: 286 | F13: =IF(E13="","",D13-E13) -> -19 | G13: 458 | H13: 464 | I13: =IF(H13="","",G13-H13) -> -6 | J13: =IF(OR(D13="",D13+G13=0),"",D13/(D13+G13)) -> 0.36827586 | K13: =IF(E13="","",E13/(E13+H13)) -> 0.38133333 | L13: =IF(OR(K13="",J13=""),"",(J13-K13)*100) -> -1.3057471 | M13: 4.0874752 | N13: 1.2831364 | O13: =SQRT(M13^2+N13^2) -> 4.2841443 | P13: =IF(J13="","",MAX(0,J13-1.96*O13/100)) -> 0.28430663 | Q13: =IF(J13="","",MIN(1,J13+1.96*O13/100)) -> 0.45224509 | R13: =IF(L13="","",IF(ABS(L13)<=O13,"Yes","No")) -> Yes | S13: =IF(L13="","",IF(ABS(L13)<=1.96*O13,"Yes","No")) -> Yes | T13: =IF(D13="","",ROUND(SQRT(((D13+G13)*O13/100)^2+(J13*(D13+G13)*0.15542)^2),0)) -> 52
A14: Carbon | B14: JIM THORPE BOROUGH | C14: JIM THORPE BOROUGH-4TH | D14: 126 | E14: 138 | F14: =IF(E14="","",D14-E14) -> -12 | G14: 123 | H14: 134 | I14: =IF(H14="","",G14-H14) -> -11 | J14: =IF(OR(D14="",D14+G14=0),"",D14/(D14+G14)) -> 0.5060241 | K14: =IF(E14="","",E14/(E14+H14)) -> 0.50735294 | L14: =IF(OR(K14="",J14=""),"",(J14-K14)*100) -> -0.13288448 | M14: 4.0874752 | N14: 1.2831364 | O14: =SQRT(M14^2+N14^2) -> 4.2841443 | P14: =IF(J14="","",MAX(0,J14-1.96*O14/100)) -> 0.42205487 | Q14: =IF(J14="","",MIN(1,J14+1.96*O14/100)) -> 0.58999333 | R14: =IF(L14="","",IF(ABS(L14)<=O14,"Yes","No")) -> Yes | S14: =IF(L14="","",IF(ABS(L14)<=1.96*O14,"Yes","No")) -> Yes | T14: =IF(D14="","",ROUND(SQRT(((D14+G14)*O14/100)^2+(J14*(D14+G14)*0.15542)^2),0)) -> 22
A15: Carbon | B15: JIM THORPE BOROUGH | C15: JIM THORPE BOROUGH-5TH | D15: 262 | E15: 275 | F15: =IF(E15="","",D15-E15) -> -13 | G15: 330 | H15: 352 | I15: =IF(H15="","",G15-H15) -> -22 | J15: =IF(OR(D15="",D15+G15=0),"",D15/(D15+G15)) -> 0.44256757 | K15: =IF(E15="","",E15/(E15+H15)) -> 0.43859649 | L15: =IF(OR(K15="",J15=""),"",(J15-K15)*100) -> 0.39710763 | M15: 4.0874752 | N15: 1.2831364 | O15: =SQRT(M15^2+N15^2) -> 4.2841443 | P15: =IF(J15="","",MAX(0,J15-1.96*O15/100)) -> 0.35859834 | Q15: =IF(J15="","",MIN(1,J15+1.96*O15/100)) -> 0.5265368 | R15: =IF(L15="","",IF(ABS(L15)<=O15,"Yes","No")) -> Yes | S15: =IF(L15="","",IF(ABS(L15)<=1.96*O15,"Yes","No")) -> Yes | T15: =IF(D15="","",ROUND(SQRT(((D15+G15)*O15/100)^2+(J15*(D15+G15)*0.15542)^2),0)) -> 48
A16: Carbon | B16: KIDDER TOWNSHIP | C16: KIDDER TOWNSHIP-NORTH | D16: 104 | E16: 120 | F16: =IF(E16="","",D16-E16) -> -16 | G16: 222 | H16: 202 | I16: =IF(H16="","",G16-H16) -> 20 | J16: =IF(OR(D16="",D16+G16=0),"",D16/(D16+G16)) -> 0.3190184 | K16: =IF(E16="","",E16/(E16+H16)) -> 0.37267081 | L16: =IF(OR(K16="",J16=""),"",(J16-K16)*100) -> -5.3652403 | M16: 4.0874752 | N16: 1.2831364 | O16: =SQRT(M16^2+N16^2) -> 4.2841443 | P16: =IF(J16="","",MAX(0,J16-1.96*O16/100)) -> 0.23504918 | Q16: =IF(J16="","",MIN(1,J16+1.96*O16/100)) -> 0.40298763 | R16: =IF(L16="","",IF(ABS(L16)<=O16,"Yes","No")) -> No | S16: =IF(L16="","",IF(ABS(L16)<=1.96*O16,"Yes","No")) -> Yes | T16: =IF(D16="","",ROUND(SQRT(((D16+G16)*O16/100)^2+(J16*(D16+G16)*0.15542)^2),0)) -> 21
A17: Carbon | B17: KIDDER TOWNSHIP | C17: KIDDER TOWNSHIP-SOUTH | D17: 208 | E17: 227 | F17: =IF(E17="","",D17-E17) -> -19 | G17: 508 | H17: 484 | I17: =IF(H17="","",G17-H17) -> 24 | J17: =IF(OR(D17="",D17+G17=0),"",D17/(D17+G17)) -> 0.29050279 | K17: =IF(E17="","",E17/(E17+H17)) -> 0.31926864 | L17: =IF(OR(K17="",J17=""),"",(J17-K17)*100) -> -2.8765842 | M17: 4.0874752 | N17: 1.2831364 | O17: =SQRT(M17^2+N17^2) -> 4.2841443 | P17: =IF(J17="","",MAX(0,J17-1.96*O17/100)) -> 0.20653356 | Q17: =IF(J17="","",MIN(1,J17+1.96*O17/100)) -> 0.37447202 | R17: =IF(L17="","",IF(ABS(L17)<=O17,"Yes","No")) -> Yes | S17: =IF(L17="","",IF(ABS(L17)<=1.96*O17,"Yes","No")) -> Yes | T17: =IF(D17="","",ROUND(SQRT(((D17+G17)*O17/100)^2+(J17*(D17+G17)*0.15542)^2),0)) -> 45
A18: Carbon | B18: LANSFORD BOROUGH | C18: LANSFORD BOROUGH - EAST WARD | D18: 255 | E18: 249 | F18: =IF(E18="","",D18-E18) -> 6 | G18: 398 | H18: 392 | I18: =IF(H18="","",G18-H18) -> 6 | J18: =IF(OR(D18="",D18+G18=0),"",D18/(D18+G18)) -> 0.39050536 | K18: =IF(E18="","",E18/(E18+H18)) -> 0.38845554 | L18: =IF(OR(K18="",J18=""),"",(J18-K18)*100) -> 0.20498217 | M18: 4.0874752 | N18: 1.2831364 | O18: =SQRT(M18^2+N18^2) -> 4.2841443 | P18: =IF(J18="","",MAX(0,J18-1.96*O18/100)) -> 0.30653613 | Q18: =IF(J18="","",MIN(1,J18+1.96*O18/100)) -> 0.47447459 | R18: =IF(L18="","",IF(ABS(L18)<=O18,"Yes","No")) -> Yes | S18: =IF(L18="","",IF(ABS(L18)<=1.96*O18,"Yes","No")) -> Yes | T18: =IF(D18="","",ROUND(SQRT(((D18+G18)*O18/100)^2+(J18*(D18+G18)*0.15542)^2),0)) -> 49
A19: Carbon | B19: LANSFORD BOROUGH | C19: LANSFORD BOROUGH-MIDDLE WARD | D19: 163 | E19: 152 | F19: =IF(E19="","",D19-E19) -> 11 | G19: 246 | H19: 246 | I19: =IF(H19="","",G19-H19) -> 0 | J19: =IF(OR(D19="",D19+G19=0),"",D19/(D19+G19)) -> 0.39853301 | K19: =IF(E19="","",E19/(E19+H19)) -> 0.38190955 | L19: =IF(OR(K19="",J19=""),"",(J19-K19)*100) -> 1.662346 | M19: 4.0874752 | N19: 1.2831364 | O19: =SQRT(M19^2+N19^2) -> 4.2841443 | P19: =IF(J19="","",MAX(0,J19-1.96*O19/100)) -> 0.31456378 | Q19: =IF(J19="","",MIN(1,J19+1.96*O19/100)) -> 0.48250224 | R19: =IF(L19="","",IF(ABS(L19)<=O19,"Yes","No")) -> Yes | S19: =IF(L19="","",IF(ABS(L19)<=1.96*O19,"Yes","No")) -> Yes | T19: =IF(D19="","",ROUND(SQRT(((D19+G19)*O19/100)^2+(J19*(D19+G19)*0.15542)^2),0)) -> 31
A20: Carbon | B20: LANSFORD BOROUGH | C20: LANSFORD BOROUGH-WEST WARD | D20: 144 | E20: 165 | F20: =IF(E20="","",D20-E20) -> -21 | G20: 203 | H20: 237 | I20: =IF(H20="","",G20-H20) -> -34 | J20: =IF(OR(D20="",D20+G20=0),"",D20/(D20+G20)) -> 0.41498559 | K20: =IF(E20="","",E20/(E20+H20)) -> 0.41044776 | L20: =IF(OR(K20="",J20=""),"",(J20-K20)*100) -> 0.45378296 | M20: 4.0874752 | N20: 1.2831364 | O20: =SQRT(M20^2+N20^2) -> 4.2841443 | P20: =IF(J20="","",MAX(0,J20-1.96*O20/100)) -> 0.33101636 | Q20: =IF(J20="","",MIN(1,J20+1.96*O20/100)) -> 0.49895482 | R20: =IF(L20="","",IF(ABS(L20)<=O20,"Yes","No")) -> Yes | S20: =IF(L20="","",IF(ABS(L20)<=1.96*O20,"Yes","No")) -> Yes | T20: =IF(D20="","",ROUND(SQRT(((D20+G20)*O20/100)^2+(J20*(D20+G20)*0.15542)^2),0)) -> 27
A21: Carbon | B21: LAUSANNE TOWNSHIP | C21: LAUSANNE TOWNSHIP | D21: 38 | E21: 38 | F21: =IF(E21="","",D21-E21) -> 0 | G21: 101 | H21: 106 | I21: =IF(H21="","",G21-H21) -> -5 | J21: =IF(OR(D21="",D21+G21=0),"",D21/(D21+G21)) -> 0.27338129 | K21: =IF(E21="","",E21/(E21+H21)) -> 0.26388889 | L21: =IF(OR(K21="",J21=""),"",(J21-K21)*100) -> 0.94924061 | M21: 4.0874752 | N21: 1.2831364 | O21: =SQRT(M21^2+N21^2) -> 4.2841443 | P21: =IF(J21="","",MAX(0,J21-1.96*O21/100)) -> 0.18941207 | Q21: =IF(J21="","",MIN(1,J21+1.96*O21/100)) -> 0.35735052 | R21: =IF(L21="","",IF(ABS(L21)<=O21,"Yes","No")) -> Yes | S21: =IF(L21="","",IF(ABS(L21)<=1.96*O21,"Yes","No")) -> Yes | T21: =IF(D21="","",ROUND(SQRT(((D21+G21)*O21/100)^2+(J21*(D21+G21)*0.15542)^2),0)) -> 8
A22: Carbon | B22: LEHIGH TOWNSHIP | C22: LEHIGH TOWNSHIP | D22: 47 | E22: 58 | F22: =IF(E22="","",D22-E22) -> -11 | G22: 217 | H22: 214 | I22: =IF(H22="","",G22-H22) -> 3 | J22: =IF(OR(D22="",D22+G22=0),"",D22/(D22+G22)) -> 0.1780303 | K22: =IF(E22="","",E22/(E22+H22)) -> 0.21323529 | L22: =IF(OR(K22="",J22=""),"",(J22-K22)*100) -> -3.5204991 | M22: 4.0874752 | N22: 1.2831364 | O22: =SQRT(M22^2+N22^2) -> 4.2841443 | P22: =IF(J22="","",MAX(0,J22-1.96*O22/100)) -> 0.094061074 | Q22: =IF(J22="","",MIN(1,J22+1.96*O22/100)) -> 0.26199953 | R22: =IF(L22="","",IF(ABS(L22)<=O22,"Yes","No")) -> Yes | S22: =IF(L22="","",IF(ABS(L22)<=1.96*O22,"Yes","No")) -> Yes | T22: =IF(D22="","",ROUND(SQRT(((D22+G22)*O22/100)^2+(J22*(D22+G22)*0.15542)^2),0)) -> 13
A23: Carbon | B23: LEHIGHTON BOROUGH | C23: LEHIGHTON BOROUGH-1ST | D23: 299 | E23: 321 | F23: =IF(E23="","",D23-E23) -> -22 | G23: 486 | H23: 498 | I23: =IF(H23="","",G23-H23) -> -12 | J23: =IF(OR(D23="",D23+G23=0),"",D23/(D23+G23)) -> 0.38089172 | K23: =IF(E23="","",E23/(E23+H23)) -> 0.39194139 | L23: =IF(OR(K23="",J23=""),"",(J23-K23)*100) -> -1.1049672 | M23: 2.8128054 | N23: 1.2831364 | O23: =SQRT(M23^2+N23^2) -> 3.0916521 | P23: =IF(J23="","",MAX(0,J23-1.96*O23/100)) -> 0.32029534 | Q23: =IF(J23="","",MIN(1,J23+1.96*O23/100)) -> 0.4414881 | R23: =IF(L23="","",IF(ABS(L23)<=O23,"Yes","No")) -> Yes | S23: =IF(L23="","",IF(ABS(L23)<=1.96*O23,"Yes","No")) -> Yes | T23: =IF(D23="","",ROUND(SQRT(((D23+G23)*O23/100)^2+(J23*(D23+G23)*0.09439)^2),0)) -> 37
A24: Carbon | B24: LEHIGHTON BOROUGH | C24: LEHIGHTON BOROUGH-2ND | D24: 281 | E24: 288 | F24: =IF(E24="","",D24-E24) -> -7 | G24: 423 | H24: 448 | I24: =IF(H24="","",G24-H24) -> -25 | J24: =IF(OR(D24="",D24+G24=0),"",D24/(D24+G24)) -> 0.39914773 | K24: =IF(E24="","",E24/(E24+H24)) -> 0.39130435 | L24: =IF(OR(K24="",J24=""),"",(J24-K24)*100) -> 0.78433794 | M24: 4.0874752 | N24: 1.2831364 | O24: =SQRT(M24^2+N24^2) -> 4.2841443 | P24: =IF(J24="","",MAX(0,J24-1.96*O24/100)) -> 0.3151785 | Q24: =IF(J24="","",MIN(1,J24+1.96*O24/100)) -> 0.48311696 | R24: =IF(L24="","",IF(ABS(L24)<=O24,"Yes","No")) -> Yes | S24: =IF(L24="","",IF(ABS(L24)<=1.96*O24,"Yes","No")) -> Yes | T24: =IF(D24="","",ROUND(SQRT(((D24+G24)*O24/100)^2+(J24*(D24+G24)*0.15542)^2),0)) -> 53
A25: Carbon | B25: LEHIGHTON BOROUGH | C25: LEHIGHTON BOROUGH-3RD | D25: 293 | E25: 317 | F25: =IF(E25="","",D25-E25) -> -24 | G25: 482 | H25: 527 | I25: =IF(H25="","",G25-H25) -> -45 | J25: =IF(OR(D25="",D25+G25=0),"",D25/(D25+G25)) -> 0.37806452 | K25: =IF(E25="","",E25/(E25+H25)) -> 0.37559242 | L25: =IF(OR(K25="",J25=""),"",(J25-K25)*100) -> 0.24720991 | M25: 2.8128054 | N25: 1.2831364 | O25: =SQRT(M25^2+N25^2) -> 3.0916521 | P25: =IF(J25="","",MAX(0,J25-1.96*O25/100)) -> 0.31746813 | Q25: =IF(J25="","",MIN(1,J25+1.96*O25/100)) -> 0.4386609 | R25: =IF(L25="","",IF(ABS(L25)<=O25,"Yes","No")) -> Yes | S25: =IF(L25="","",IF(ABS(L25)<=1.96*O25,"Yes","No")) -> Yes | T25: =IF(D25="","",ROUND(SQRT(((D25+G25)*O25/100)^2+(J25*(D25+G25)*0.09439)^2),0)) -> 37
A26: Carbon | B26: LOWER TOWAMENSING TOWNSHIP | C26: LOWER TOWAMENSING TWP.-NORTH | D26: 278 | E26: 285 | F26: =IF(E26="","",D26-E26) -> -7 | G26: 727 | H26: 760 | I26: =IF(H26="","",G26-H26) -> -33 | J26: =IF(OR(D26="",D26+G26=0),"",D26/(D26+G26)) -> 0.27661692 | K26: =IF(E26="","",E26/(E26+H26)) -> 0.27272727 | L26: =IF(OR(K26="",J26=""),"",(J26-K26)*100) -> 0.38896427 | M26: 2.8128054 | N26: 1.2831364 | O26: =SQRT(M26^2+N26^2) -> 3.0916521 | P26: =IF(J26="","",MAX(0,J26-1.96*O26/100)) -> 0.21602053 | Q26: =IF(J26="","",MIN(1,J26+1.96*O26/100)) -> 0.3372133 | R26: =IF(L26="","",IF(ABS(L26)<=O26,"Yes","No")) -> Yes | S26: =IF(L26="","",IF(ABS(L26)<=1.96*O26,"Yes","No")) -> Yes | T26: =IF(D26="","",ROUND(SQRT(((D26+G26)*O26/100)^2+(J26*(D26+G26)*0.09439)^2),0)) -> 41
A27: Carbon | B27: LOWER TOWAMENSING TOWNSHIP | C27: LOWER TOWAMENSING TWP.-SOUTH | D27: 197 | E27: 228 | F27: =IF(E27="","",D27-E27) -> -31 | G27: 478 | H27: 522 | I27: =IF(H27="","",G27-H27) -> -44 | J27: =IF(OR(D27="",D27+G27=0),"",D27/(D27+G27)) -> 0.29185185 | K27: =IF(E27="","",E27/(E27+H27)) -> 0.304 | L27: =IF(OR(K27="",J27=""),"",(J27-K27)*100) -> -1.2148148 | M27: 4.0874752 | N27: 1.2831364 | O27: =SQRT(M27^2+N27^2) -> 4.2841443 | P27: =IF(J27="","",MAX(0,J27-1.96*O27/100)) -> 0.20788262 | Q27: =IF(J27="","",MIN(1,J27+1.96*O27/100)) -> 0.37582108 | R27: =IF(L27="","",IF(ABS(L27)<=O27,"Yes","No")) -> Yes | S27: =IF(L27="","",IF(ABS(L27)<=1.96*O27,"Yes","No")) -> Yes | T27: =IF(D27="","",ROUND(SQRT(((D27+G27)*O27/100)^2+(J27*(D27+G27)*0.15542)^2),0)) -> 42
A28: Carbon | B28: MAHONING TOWNSHIP | C28: MAHONING TOWNSHIP - NEW MAHONING | D28: 126 | E28: 135 | F28: =IF(E28="","",D28-E28) -> -9 | G28: 391 | H28: 395 | I28: =IF(H28="","",G28-H28) -> -4 | J28: =IF(OR(D28="",D28+G28=0),"",D28/(D28+G28)) -> 0.24371373 | K28: =IF(E28="","",E28/(E28+H28)) -> 0.25471698 | L28: =IF(OR(K28="",J28=""),"",(J28-K28)*100) -> -1.1003248 | M28: 4.0874752 | N28: 1.2831364 | O28: =SQRT(M28^2+N28^2) -> 4.2841443 | P28: =IF(J28="","",MAX(0,J28-1.96*O28/100)) -> 0.1597445 | Q28: =IF(J28="","",MIN(1,J28+1.96*O28/100)) -> 0.32768296 | R28: =IF(L28="","",IF(ABS(L28)<=O28,"Yes","No")) -> Yes | S28: =IF(L28="","",IF(ABS(L28)<=1.96*O28,"Yes","No")) -> Yes | T28: =IF(D28="","",ROUND(SQRT(((D28+G28)*O28/100)^2+(J28*(D28+G28)*0.15542)^2),0)) -> 30
A29: Carbon | B29: MAHONING TOWNSHIP | C29: MAHONING TOWNSHIP - PACKERTON/JAMESTOWN | D29: 108 | E29: 124 | F29: =IF(E29="","",D29-E29) -> -16 | G29: 287 | H29: 298 | I29: =IF(H29="","",G29-H29) -> -11 | J29: =IF(OR(D29="",D29+G29=0),"",D29/(D29+G29)) -> 0.27341772 | K29: =IF(E29="","",E29/(E29+H29)) -> 0.29383886 | L29: =IF(OR(K29="",J29=""),"",(J29-K29)*100) -> -2.0421141 | M29: 4.0874752 | N29: 1.2831364 | O29: =SQRT(M29^2+N29^2) -> 4.2841443 | P29: =IF(J29="","",MAX(0,J29-1.96*O29/100)) -> 0.18944849 | Q29: =IF(J29="","",MIN(1,J29+1.96*O29/100)) -> 0.35738695 | R29: =IF(L29="","",IF(ABS(L29)<=O29,"Yes","No")) -> Yes | S29: =IF(L29="","",IF(ABS(L29)<=1.96*O29,"Yes","No")) -> Yes | T29: =IF(D29="","",ROUND(SQRT(((D29+G29)*O29/100)^2+(J29*(D29+G29)*0.15542)^2),0)) -> 24
A30: Carbon | B30: MAHONING TOWNSHIP | C30: MAHONING TOWNSHIP-MAHONING | D30: 341 | E30: 424 | F30: =IF(E30="","",D30-E30) -> -83 | G30: 936 | H30: 988 | I30: =IF(H30="","",G30-H30) -> -52 | J30: =IF(OR(D30="",D30+G30=0),"",D30/(D30+G30)) -> 0.26703211 | K30: =IF(E30="","",E30/(E30+H30)) -> 0.30028329 | L30: =IF(OR(K30="",J30=""),"",(J30-K30)*100) -> -3.325118 | M30: 2.5613438 | N30: 1.2831364 | O30: =SQRT(M30^2+N30^2) -> 2.8647724 | P30: =IF(J30="","",MAX(0,J30-1.96*O30/100)) -> 0.21088257 | Q30: =IF(J30="","",MIN(1,J30+1.96*O30/100)) -> 0.32318165 | R30: =IF(L30="","",IF(ABS(L30)<=O30,"Yes","No")) -> No | S30: =IF(L30="","",IF(ABS(L30)<=1.96*O30,"Yes","No")) -> Yes | T30: =IF(D30="","",ROUND(SQRT(((D30+G30)*O30/100)^2+(J30*(D30+G30)*0.09179)^2),0)) -> 48
A31: Carbon | B31: NESQUEHONING BOROUGH | C31: NESQUEHONING BOROUGH-EAST | D31: 281 | E31: 279 | F31: =IF(E31="","",D31-E31) -> 2 | G31: 423 | H31: 445 | I31: =IF(H31="","",G31-H31) -> -22 | J31: =IF(OR(D31="",D31+G31=0),"",D31/(D31+G31)) -> 0.39914773 | K31: =IF(E31="","",E31/(E31+H31)) -> 0.38535912 | L31: =IF(OR(K31="",J31=""),"",(J31-K31)*100) -> 1.3788611 | M31: 4.0874752 | N31: 1.2831364 | O31: =SQRT(M31^2+N31^2) -> 4.2841443 | P31: =IF(J31="","",MAX(0,J31-1.96*O31/100)) -> 0.3151785 | Q31: =IF(J31="","",MIN(1,J31+1.96*O31/100)) -> 0.48311696 | R31: =IF(L31="","",IF(ABS(L31)<=O31,"Yes","No")) -> Yes | S31: =IF(L31="","",IF(ABS(L31)<=1.96*O31,"Yes","No")) -> Yes | T31: =IF(D31="","",ROUND(SQRT(((D31+G31)*O31/100)^2+(J31*(D31+G31)*0.15542)^2),0)) -> 53
A32: Carbon | B32: NESQUEHONING BOROUGH | C32: NESQUEHONING BOROUGH-WEST | D32: 282 | E32: 309 | F32: =IF(E32="","",D32-E32) -> -27 | G32: 471 | H32: 488 | I32: =IF(H32="","",G32-H32) -> -17 | J32: =IF(OR(D32="",D32+G32=0),"",D32/(D32+G32)) -> 0.37450199 | K32: =IF(E32="","",E32/(E32+H32)) -> 0.38770389 | L32: =IF(OR(K32="",J32=""),"",(J32-K32)*100) -> -1.3201898 | M32: 4.0874752 | N32: 1.2831364 | O32: =SQRT(M32^2+N32^2) -> 4.2841443 | P32: =IF(J32="","",MAX(0,J32-1.96*O32/100)) -> 0.29053276 | Q32: =IF(J32="","",MIN(1,J32+1.96*O32/100)) -> 0.45847122 | R32: =IF(L32="","",IF(ABS(L32)<=O32,"Yes","No")) -> Yes | S32: =IF(L32="","",IF(ABS(L32)<=1.96*O32,"Yes","No")) -> Yes | T32: =IF(D32="","",ROUND(SQRT(((D32+G32)*O32/100)^2+(J32*(D32+G32)*0.15542)^2),0)) -> 54
A33: Carbon | B33: PACKER TOWNSHIP | C33: PACKER TOWNSHIP | D33: 107 | E33: 134 | F33: =IF(E33="","",D33-E33) -> -27 | G33: 488 | H33: 503 | I33: =IF(H33="","",G33-H33) -> -15 | J33: =IF(OR(D33="",D33+G33=0),"",D33/(D33+G33)) -> 0.17983193 | K33: =IF(E33="","",E33/(E33+H33)) -> 0.21036107 | L33: =IF(OR(K33="",J33=""),"",(J33-K33)*100) -> -3.0529135 | M33: 4.0874752 | N33: 1.2831364 | O33: =SQRT(M33^2+N33^2) -> 4.2841443 | P33: =IF(J33="","",MAX(0,J33-1.96*O33/100)) -> 0.095862704 | Q33: =IF(J33="","",MIN(1,J33+1.96*O33/100)) -> 0.26380116 | R33: =IF(L33="","",IF(ABS(L33)<=O33,"Yes","No")) -> Yes | S33: =IF(L33="","",IF(ABS(L33)<=1.96*O33,"Yes","No")) -> Yes | T33: =IF(D33="","",ROUND(SQRT(((D33+G33)*O33/100)^2+(J33*(D33+G33)*0.15542)^2),0)) -> 30
A34: Carbon | B34: PALMERTON BOROUGH | C34: PALMERTON BOROUGH-EASTERN | D34: 278 | E34: 281 | F34: =IF(E34="","",D34-E34) -> -3 | G34: 591 | H34: 592 | I34: =IF(H34="","",G34-H34) -> -1 | J34: =IF(OR(D34="",D34+G34=0),"",D34/(D34+G34)) -> 0.31990794 | K34: =IF(E34="","",E34/(E34+H34)) -> 0.32187858 | L34: =IF(OR(K34="",J34=""),"",(J34-K34)*100) -> -0.19706394 | M34: 2.8128054 | N34: 1.2831364 | O34: =SQRT(M34^2+N34^2) -> 3.0916521 | P34: =IF(J34="","",MAX(0,J34-1.96*O34/100)) -> 0.25931156 | Q34: =IF(J34="","",MIN(1,J34+1.96*O34/100)) -> 0.38050432 | R34: =IF(L34="","",IF(ABS(L34)<=O34,"Yes","No")) -> Yes | S34: =IF(L34="","",IF(ABS(L34)<=1.96*O34,"Yes","No")) -> Yes | T34: =IF(D34="","",ROUND(SQRT(((D34+G34)*O34/100)^2+(J34*(D34+G34)*0.09439)^2),0)) -> 38
A35: Carbon | B35: PALMERTON BOROUGH | C35: PALMERTON BOROUGH-MIDDLE | D35: 484 | E35: 467 | F35: =IF(E35="","",D35-E35) -> 17 | G35: 792 | H35: 782 | I35: =IF(H35="","",G35-H35) -> 10 | J35: =IF(OR(D35="",D35+G35=0),"",D35/(D35+G35)) -> 0.37931034 | K35: =IF(E35="","",E35/(E35+H35)) -> 0.37389912 | L35: =IF(OR(K35="",J35=""),"",(J35-K35)*100) -> 0.54112255 | M35: 2.5613438 | N35: 1.2831364 | O35: =SQRT(M35^2+N35^2) -> 2.8647724 | P35: =IF(J35="","",MAX(0,J35-1.96*O35/100)) -> 0.32316081 | Q35: =IF(J35="","",MIN(1,J35+1.96*O35/100)) -> 0.43545988 | R35: =IF(L35="","",IF(ABS(L35)<=O35,"Yes","No")) -> Yes | S35: =IF(L35="","",IF(ABS(L35)<=1.96*O35,"Yes","No")) -> Yes | T35: =IF(D35="","",ROUND(SQRT(((D35+G35)*O35/100)^2+(J35*(D35+G35)*0.09179)^2),0)) -> 58
A36: Carbon | B36: PALMERTON BOROUGH | C36: PALMERTON BOROUGH-WESTERN | D36: 143 | E36: 136 | F36: =IF(E36="","",D36-E36) -> 7 | G36: 272 | H36: 278 | I36: =IF(H36="","",G36-H36) -> -6 | J36: =IF(OR(D36="",D36+G36=0),"",D36/(D36+G36)) -> 0.34457831 | K36: =IF(E36="","",E36/(E36+H36)) -> 0.32850242 | L36: =IF(OR(K36="",J36=""),"",(J36-K36)*100) -> 1.6075898 | M36: 4.0874752 | N36: 1.2831364 | O36: =SQRT(M36^2+N36^2) -> 4.2841443 | P36: =IF(J36="","",MAX(0,J36-1.96*O36/100)) -> 0.26060908 | Q36: =IF(J36="","",MIN(1,J36+1.96*O36/100)) -> 0.42854754 | R36: =IF(L36="","",IF(ABS(L36)<=O36,"Yes","No")) -> Yes | S36: =IF(L36="","",IF(ABS(L36)<=1.96*O36,"Yes","No")) -> Yes | T36: =IF(D36="","",ROUND(SQRT(((D36+G36)*O36/100)^2+(J36*(D36+G36)*0.15542)^2),0)) -> 28
A37: Carbon | B37: PARRYVILLE BOROUGH | C37: PARRYVILLE BOROUGH | D37: 56 | E37: 68 | F37: =IF(E37="","",D37-E37) -> -12 | G37: 159 | H37: 153 | I37: =IF(H37="","",G37-H37) -> 6 | J37: =IF(OR(D37="",D37+G37=0),"",D37/(D37+G37)) -> 0.26046512 | K37: =IF(E37="","",E37/(E37+H37)) -> 0.30769231 | L37: =IF(OR(K37="",J37=""),"",(J37-K37)*100) -> -4.7227191 | M37: 4.0874752 | N37: 1.2831364 | O37: =SQRT(M37^2+N37^2) -> 4.2841443 | P37: =IF(J37="","",MAX(0,J37-1.96*O37/100)) -> 0.17649589 | Q37: =IF(J37="","",MIN(1,J37+1.96*O37/100)) -> 0.34443435 | R37: =IF(L37="","",IF(ABS(L37)<=O37,"Yes","No")) -> No | S37: =IF(L37="","",IF(ABS(L37)<=1.96*O37,"Yes","No")) -> Yes | T37: =IF(D37="","",ROUND(SQRT(((D37+G37)*O37/100)^2+(J37*(D37+G37)*0.15542)^2),0)) -> 13
A38: Carbon | B38: PENN FOREST TOWNSHIP | C38: PENN FOREST TOWNSHIP-EAST | D38: 373 | E38: 432 | F38: =IF(E38="","",D38-E38) -> -59 | G38: 663 | H38: 705 | I38: =IF(H38="","",G38-H38) -> -42 | J38: =IF(OR(D38="",D38+G38=0),"",D38/(D38+G38)) -> 0.36003861 | K38: =IF(E38="","",E38/(E38+H38)) -> 0.37994723 | L38: =IF(OR(K38="",J38=""),"",(J38-K38)*100) -> -1.990862 | M38: 2.8128054 | N38: 1.2831364 | O38: =SQRT(M38^2+N38^2) -> 3.0916521 | P38: =IF(J38="","",MAX(0,J38-1.96*O38/100)) -> 0.29944223 | Q38: =IF(J38="","",MIN(1,J38+1.96*O38/100)) -> 0.42063499 | R38: =IF(L38="","",IF(ABS(L38)<=O38,"Yes","No")) -> Yes | S38: =IF(L38="","",IF(ABS(L38)<=1.96*O38,"Yes","No")) -> Yes | T38: =IF(D38="","",ROUND(SQRT(((D38+G38)*O38/100)^2+(J38*(D38+G38)*0.09439)^2),0)) -> 48
A39: Carbon | B39: PENN FOREST TOWNSHIP | C39: PENN FOREST TOWNSHIP-MIDDLE | D39: 277 | E39: 296 | F39: =IF(E39="","",D39-E39) -> -19 | G39: 528 | H39: 529 | I39: =IF(H39="","",G39-H39) -> -1 | J39: =IF(OR(D39="",D39+G39=0),"",D39/(D39+G39)) -> 0.34409938 | K39: =IF(E39="","",E39/(E39+H39)) -> 0.35878788 | L39: =IF(OR(K39="",J39=""),"",(J39-K39)*100) -> -1.46885 | M39: 2.8128054 | N39: 1.2831364 | O39: =SQRT(M39^2+N39^2) -> 3.0916521 | P39: =IF(J39="","",MAX(0,J39-1.96*O39/100)) -> 0.283503 | Q39: =IF(J39="","",MIN(1,J39+1.96*O39/100)) -> 0.40469576 | R39: =IF(L39="","",IF(ABS(L39)<=O39,"Yes","No")) -> Yes | S39: =IF(L39="","",IF(ABS(L39)<=1.96*O39,"Yes","No")) -> Yes | T39: =IF(D39="","",ROUND(SQRT(((D39+G39)*O39/100)^2+(J39*(D39+G39)*0.09439)^2),0)) -> 36
A40: Carbon | B40: PENN FOREST TOWNSHIP | C40: PENN FOREST TOWNSHIP-NORTH EAST | D40: 410 | E40: 460 | F40: =IF(E40="","",D40-E40) -> -50 | G40: 750 | H40: 791 | I40: =IF(H40="","",G40-H40) -> -41 | J40: =IF(OR(D40="",D40+G40=0),"",D40/(D40+G40)) -> 0.35344828 | K40: =IF(E40="","",E40/(E40+H40)) -> 0.36770584 | L40: =IF(OR(K40="",J40=""),"",(J40-K40)*100) -> -1.4257559 | M40: 2.8128054 | N40: 1.2831364 | O40: =SQRT(M40^2+N40^2) -> 3.0916521 | P40: =IF(J40="","",MAX(0,J40-1.96*O40/100)) -> 0.29285189 | Q40: =IF(J40="","",MIN(1,J40+1.96*O40/100)) -> 0.41404466 | R40: =IF(L40="","",IF(ABS(L40)<=O40,"Yes","No")) -> Yes | S40: =IF(L40="","",IF(ABS(L40)<=1.96*O40,"Yes","No")) -> Yes | T40: =IF(D40="","",ROUND(SQRT(((D40+G40)*O40/100)^2+(J40*(D40+G40)*0.09439)^2),0)) -> 53
A41: Carbon | B41: PENN FOREST TOWNSHIP | C41: PENN FOREST TOWNSHIP-NORTH WEST | D41: 349 | E41: 425 | F41: =IF(E41="","",D41-E41) -> -76 | G41: 846 | H41: 920 | I41: =IF(H41="","",G41-H41) -> -74 | J41: =IF(OR(D41="",D41+G41=0),"",D41/(D41+G41)) -> 0.29205021 | K41: =IF(E41="","",E41/(E41+H41)) -> 0.31598513 | L41: =IF(OR(K41="",J41=""),"",(J41-K41)*100) -> -2.3934921 | M41: 2.5613438 | N41: 1.2831364 | O41: =SQRT(M41^2+N41^2) -> 2.8647724 | P41: =IF(J41="","",MAX(0,J41-1.96*O41/100)) -> 0.23590067 | Q41: =IF(J41="","",MIN(1,J41+1.96*O41/100)) -> 0.34819975 | R41: =IF(L41="","",IF(ABS(L41)<=O41,"Yes","No")) -> Yes | S41: =IF(L41="","",IF(ABS(L41)<=1.96*O41,"Yes","No")) -> Yes | T41: =IF(D41="","",ROUND(SQRT(((D41+G41)*O41/100)^2+(J41*(D41+G41)*0.09179)^2),0)) -> 47
A42: Carbon | B42: PENN FOREST TOWNSHIP | C42: PENN FOREST TOWNSHIP-SOUTH WEST | D42: 338 | E42: 397 | F42: =IF(E42="","",D42-E42) -> -59 | G42: 711 | H42: 692 | I42: =IF(H42="","",G42-H42) -> 19 | J42: =IF(OR(D42="",D42+G42=0),"",D42/(D42+G42)) -> 0.32221163 | K42: =IF(E42="","",E42/(E42+H42)) -> 0.36455464 | L42: =IF(OR(K42="",J42=""),"",(J42-K42)*100) -> -4.2343007 | M42: 2.8128054 | N42: 1.2831364 | O42: =SQRT(M42^2+N42^2) -> 3.0916521 | P42: =IF(J42="","",MAX(0,J42-1.96*O42/100)) -> 0.26161525 | Q42: =IF(J42="","",MIN(1,J42+1.96*O42/100)) -> 0.38280801 | R42: =IF(L42="","",IF(ABS(L42)<=O42,"Yes","No")) -> No | S42: =IF(L42="","",IF(ABS(L42)<=1.96*O42,"Yes","No")) -> Yes | T42: =IF(D42="","",ROUND(SQRT(((D42+G42)*O42/100)^2+(J42*(D42+G42)*0.09439)^2),0)) -> 45
A43: Carbon | B43: SUMMIT HILL BOROUGH | C43: SUMMIT HILL BOROUGH-1ST | D43: 174 | E43: 175 | F43: =IF(E43="","",D43-E43) -> -1 | G43: 206 | H43: 212 | I43: =IF(H43="","",G43-H43) -> -6 | J43: =IF(OR(D43="",D43+G43=0),"",D43/(D43+G43)) -> 0.45789474 | K43: =IF(E43="","",E43/(E43+H43)) -> 0.45219638 | L43: =IF(OR(K43="",J43=""),"",(J43-K43)*100) -> 0.56983544 | M43: 4.0874752 | N43: 1.2831364 | O43: =SQRT(M43^2+N43^2) -> 4.2841443 | P43: =IF(J43="","",MAX(0,J43-1.96*O43/100)) -> 0.37392551 | Q43: =IF(J43="","",MIN(1,J43+1.96*O43/100)) -> 0.54186397 | R43: =IF(L43="","",IF(ABS(L43)<=O43,"Yes","No")) -> Yes | S43: =IF(L43="","",IF(ABS(L43)<=1.96*O43,"Yes","No")) -> Yes | T43: =IF(D43="","",ROUND(SQRT(((D43+G43)*O43/100)^2+(J43*(D43+G43)*0.15542)^2),0)) -> 32
A44: Carbon | B44: SUMMIT HILL BOROUGH | C44: SUMMIT HILL BOROUGH-2ND | D44: 178 | E44: 184 | F44: =IF(E44="","",D44-E44) -> -6 | G44: 213 | H44: 208 | I44: =IF(H44="","",G44-H44) -> 5 | J44: =IF(OR(D44="",D44+G44=0),"",D44/(D44+G44)) -> 0.45524297 | K44: =IF(E44="","",E44/(E44+H44)) -> 0.46938776 | L44: =IF(OR(K44="",J44=""),"",(J44-K44)*100) -> -1.4144788 | M44: 4.0874752 | N44: 1.2831364 | O44: =SQRT(M44^2+N44^2) -> 4.2841443 | P44: =IF(J44="","",MAX(0,J44-1.96*O44/100)) -> 0.37127374 | Q44: =IF(J44="","",MIN(1,J44+1.96*O44/100)) -> 0.5392122 | R44: =IF(L44="","",IF(ABS(L44)<=O44,"Yes","No")) -> Yes | S44: =IF(L44="","",IF(ABS(L44)<=1.96*O44,"Yes","No")) -> Yes | T44: =IF(D44="","",ROUND(SQRT(((D44+G44)*O44/100)^2+(J44*(D44+G44)*0.15542)^2),0)) -> 32
A45: Carbon | B45: SUMMIT HILL BOROUGH | C45: SUMMIT HILL BOROUGH-3RD/2ND | D45: 116 | E45: 102 | F45: =IF(E45="","",D45-E45) -> 14 | G45: 189 | H45: 192 | I45: =IF(H45="","",G45-H45) -> -3 | J45: =IF(OR(D45="",D45+G45=0),"",D45/(D45+G45)) -> 0.38032787 | K45: =IF(E45="","",E45/(E45+H45)) -> 0.34693878 | L45: =IF(OR(K45="",J45=""),"",(J45-K45)*100) -> 3.3389093 | M45: 4.0874752 | N45: 1.2831364 | O45: =SQRT(M45^2+N45^2) -> 4.2841443 | P45: =IF(J45="","",MAX(0,J45-1.96*O45/100)) -> 0.29635864 | Q45: =IF(J45="","",MIN(1,J45+1.96*O45/100)) -> 0.4642971 | R45: =IF(L45="","",IF(ABS(L45)<=O45,"Yes","No")) -> Yes | S45: =IF(L45="","",IF(ABS(L45)<=1.96*O45,"Yes","No")) -> Yes | T45: =IF(D45="","",ROUND(SQRT(((D45+G45)*O45/100)^2+(J45*(D45+G45)*0.15542)^2),0)) -> 22
A46: Carbon | B46: SUMMIT HILL BOROUGH | C46: SUMMIT HILL-3RD/1ST DIST | D46: 183 | E46: 194 | F46: =IF(E46="","",D46-E46) -> -11 | G46: 280 | H46: 296 | I46: =IF(H46="","",G46-H46) -> -16 | J46: =IF(OR(D46="",D46+G46=0),"",D46/(D46+G46)) -> 0.39524838 | K46: =IF(E46="","",E46/(E46+H46)) -> 0.39591837 | L46: =IF(OR(K46="",J46=""),"",(J46-K46)*100) -> -0.066998722 | M46: 4.0874752 | N46: 1.2831364 | O46: =SQRT(M46^2+N46^2) -> 4.2841443 | P46: =IF(J46="","",MAX(0,J46-1.96*O46/100)) -> 0.31127915 | Q46: =IF(J46="","",MIN(1,J46+1.96*O46/100)) -> 0.47921761 | R46: =IF(L46="","",IF(ABS(L46)<=O46,"Yes","No")) -> Yes | S46: =IF(L46="","",IF(ABS(L46)<=1.96*O46,"Yes","No")) -> Yes | T46: =IF(D46="","",ROUND(SQRT(((D46+G46)*O46/100)^2+(J46*(D46+G46)*0.15542)^2),0)) -> 35
A47: Carbon | B47: TOWAMENSING TOWNSHIP | C47: TOWAMENSING TOWNSHIP-NORTH | D47: 248 | E47: 298 | F47: =IF(E47="","",D47-E47) -> -50 | G47: 676 | H47: 649 | I47: =IF(H47="","",G47-H47) -> 27 | J47: =IF(OR(D47="",D47+G47=0),"",D47/(D47+G47)) -> 0.26839827 | K47: =IF(E47="","",E47/(E47+H47)) -> 0.31467793 | L47: =IF(OR(K47="",J47=""),"",(J47-K47)*100) -> -4.6279662 | M47: 2.8128054 | N47: 1.2831364 | O47: =SQRT(M47^2+N47^2) -> 3.0916521 | P47: =IF(J47="","",MAX(0,J47-1.96*O47/100)) -> 0.20780189 | Q47: =IF(J47="","",MIN(1,J47+1.96*O47/100)) -> 0.32899465 | R47: =IF(L47="","",IF(ABS(L47)<=O47,"Yes","No")) -> No | S47: =IF(L47="","",IF(ABS(L47)<=1.96*O47,"Yes","No")) -> Yes | T47: =IF(D47="","",ROUND(SQRT(((D47+G47)*O47/100)^2+(J47*(D47+G47)*0.09439)^2),0)) -> 37
A48: Carbon | B48: TOWAMENSING TOWNSHIP | C48: TOWAMENSING TOWNSHIP-SOUTH-1 | D48: 231 | E48: 253 | F48: =IF(E48="","",D48-E48) -> -22 | G48: 670 | H48: 710 | I48: =IF(H48="","",G48-H48) -> -40 | J48: =IF(OR(D48="",D48+G48=0),"",D48/(D48+G48)) -> 0.2563818 | K48: =IF(E48="","",E48/(E48+H48)) -> 0.26272066 | L48: =IF(OR(K48="",J48=""),"",(J48-K48)*100) -> -0.63388666 | M48: 2.8128054 | N48: 1.2831364 | O48: =SQRT(M48^2+N48^2) -> 3.0916521 | P48: =IF(J48="","",MAX(0,J48-1.96*O48/100)) -> 0.19578542 | Q48: =IF(J48="","",MIN(1,J48+1.96*O48/100)) -> 0.31697818 | R48: =IF(L48="","",IF(ABS(L48)<=O48,"Yes","No")) -> Yes | S48: =IF(L48="","",IF(ABS(L48)<=1.96*O48,"Yes","No")) -> Yes | T48: =IF(D48="","",ROUND(SQRT(((D48+G48)*O48/100)^2+(J48*(D48+G48)*0.09439)^2),0)) -> 35
A49: Carbon | B49: TOWAMENSING TOWNSHIP | C49: TOWAMENSING TOWNSHIP-SOUTH-2 | D49: 213 | E49: 238 | F49: =IF(E49="","",D49-E49) -> -25 | G49: 605 | H49: 586 | I49: =IF(H49="","",G49-H49) -> 19 | J49: =IF(OR(D49="",D49+G49=0),"",D49/(D49+G49)) -> 0.2603912 | K49: =IF(E49="","",E49/(E49+H49)) -> 0.28883495 | L49: =IF(OR(K49="",J49=""),"",(J49-K49)*100) -> -2.8443753 | M49: 2.8128054 | N49: 1.2831364 | O49: =SQRT(M49^2+N49^2) -> 3.0916521 | P49: =IF(J49="","",MAX(0,J49-1.96*O49/100)) -> 0.19979482 | Q49: =IF(J49="","",MIN(1,J49+1.96*O49/100)) -> 0.32098758 | R49: =IF(L49="","",IF(ABS(L49)<=O49,"Yes","No")) -> Yes | S49: =IF(L49="","",IF(ABS(L49)<=1.96*O49,"Yes","No")) -> Yes | T49: =IF(D49="","",ROUND(SQRT(((D49+G49)*O49/100)^2+(J49*(D49+G49)*0.09439)^2),0)) -> 32
A50: Carbon | B50: WEATHERLY BOROUGH | C50: WEATHERLY BOROUGH-EAST | D50: 202 | E50: 238 | F50: =IF(E50="","",D50-E50) -> -36 | G50: 591 | H50: 541 | I50: =IF(H50="","",G50-H50) -> 50 | J50: =IF(OR(D50="",D50+G50=0),"",D50/(D50+G50)) -> 0.25472888 | K50: =IF(E50="","",E50/(E50+H50)) -> 0.3055199 | L50: =IF(OR(K50="",J50=""),"",(J50-K50)*100) -> -5.079102 | M50: 2.8128054 | N50: 1.2831364 | O50: =SQRT(M50^2+N50^2) -> 3.0916521 | P50: =IF(J50="","",MAX(0,J50-1.96*O50/100)) -> 0.1941325 | Q50: =IF(J50="","",MIN(1,J50+1.96*O50/100)) -> 0.31532526 | R50: =IF(L50="","",IF(ABS(L50)<=O50,"Yes","No")) -> No | S50: =IF(L50="","",IF(ABS(L50)<=1.96*O50,"Yes","No")) -> Yes | T50: =IF(D50="","",ROUND(SQRT(((D50+G50)*O50/100)^2+(J50*(D50+G50)*0.09439)^2),0)) -> 31
A51: Carbon | B51: WEATHERLY BOROUGH | C51: WEATHERLY BOROUGH-WEST | D51: 101 | E51: 103 | F51: =IF(E51="","",D51-E51) -> -2 | G51: 295 | H51: 292 | I51: =IF(H51="","",G51-H51) -> 3 | J51: =IF(OR(D51="",D51+G51=0),"",D51/(D51+G51)) -> 0.25505051 | K51: =IF(E51="","",E51/(E51+H51)) -> 0.26075949 | L51: =IF(OR(K51="",J51=""),"",(J51-K51)*100) -> -0.57089886 | M51: 4.0874752 | N51: 1.2831364 | O51: =SQRT(M51^2+N51^2) -> 4.2841443 | P51: =IF(J51="","",MAX(0,J51-1.96*O51/100)) -> 0.17108128 | Q51: =IF(J51="","",MIN(1,J51+1.96*O51/100)) -> 0.33901973 | R51: =IF(L51="","",IF(ABS(L51)<=O51,"Yes","No")) -> Yes | S51: =IF(L51="","",IF(ABS(L51)<=1.96*O51,"Yes","No")) -> Yes | T51: =IF(D51="","",ROUND(SQRT(((D51+G51)*O51/100)^2+(J51*(D51+G51)*0.15542)^2),0)) -> 23
A52: Carbon | B52: WEISSPORT BOROUGH | C52: WEISSPORT BOROUGH | D52: 55 | E52: 53 | F52: =IF(E52="","",D52-E52) -> 2 | G52: 88 | H52: 99 | I52: =IF(H52="","",G52-H52) -> -11 | J52: =IF(OR(D52="",D52+G52=0),"",D52/(D52+G52)) -> 0.38461538 | K52: =IF(E52="","",E52/(E52+H52)) -> 0.34868421 | L52: =IF(OR(K52="",J52=""),"",(J52-K52)*100) -> 3.5931174 | M52: 4.0874752 | N52: 1.2831364 | O52: =SQRT(M52^2+N52^2) -> 4.2841443 | P52: =IF(J52="","",MAX(0,J52-1.96*O52/100)) -> 0.30064616 | Q52: =IF(J52="","",MIN(1,J52+1.96*O52/100)) -> 0.46858461 | R52: =IF(L52="","",IF(ABS(L52)<=O52,"Yes","No")) -> Yes | S52: =IF(L52="","",IF(ABS(L52)<=1.96*O52,"Yes","No")) -> Yes | T52: =IF(D52="","",ROUND(SQRT(((D52+G52)*O52/100)^2+(J52*(D52+G52)*0.15542)^2),0)) -> 11
A53: Lehigh | B53: ALBURTIS | C53: ALBURTIS | D53: 655 | E53: 601 | F53: =IF(E53="","",D53-E53) -> 54 | G53: 764 | H53: 766 | I53: =IF(H53="","",G53-H53) -> -2 | J53: =IF(OR(D53="",D53+G53=0),"",D53/(D53+G53)) -> 0.46159267 | K53: =IF(E53="","",E53/(E53+H53)) -> 0.43964887 | L53: =IF(OR(K53="",J53=""),"",(J53-K53)*100) -> 2.1943805 | M53: 2.5613438 | N53: 1.2831364 | O53: =SQRT(M53^2+N53^2) -> 2.8647724 | P53: =IF(J53="","",MAX(0,J53-1.96*O53/100)) -> 0.40544313 | Q53: =IF(J53="","",MIN(1,J53+1.96*O53/100)) -> 0.51774221 | R53: =IF(L53="","",IF(ABS(L53)<=O53,"Yes","No")) -> Yes | S53: =IF(L53="","",IF(ABS(L53)<=1.96*O53,"Yes","No")) -> Yes | T53: =IF(D53="","",ROUND(SQRT(((D53+G53)*O53/100)^2+(J53*(D53+G53)*0.09179)^2),0)) -> 73
A54: Lehigh | B54: ALLENTOWN | C54: ALLENTOWN 10TH WARD 1ST DIST | D54: 538 | E54: 437 | F54: =IF(E54="","",D54-E54) -> 101 | G54: 176 | H54: 173 | I54: =IF(H54="","",G54-H54) -> 3 | J54: =IF(OR(D54="",D54+G54=0),"",D54/(D54+G54)) -> 0.7535014 | K54: =IF(E54="","",E54/(E54+H54)) -> 0.71639344 | L54: =IF(OR(K54="",J54=""),"",(J54-K54)*100) -> 3.7107958 | M54: 4.0874752 | N54: 1.2831364 | O54: =SQRT(M54^2+N54^2) -> 4.2841443 | P54: =IF(J54="","",MAX(0,J54-1.96*O54/100)) -> 0.66953217 | Q54: =IF(J54="","",MIN(1,J54+1.96*O54/100)) -> 0.83747063 | R54: =IF(L54="","",IF(ABS(L54)<=O54,"Yes","No")) -> Yes | S54: =IF(L54="","",IF(ABS(L54)<=1.96*O54,"Yes","No")) -> Yes | T54: =IF(D54="","",ROUND(SQRT(((D54+G54)*O54/100)^2+(J54*(D54+G54)*0.15542)^2),0)) -> 89
A55: Lehigh | B55: ALLENTOWN | C55: ALLENTOWN 10TH WARD 3RD DIST | D55: 345 | E55: 328 | F55: =IF(E55="","",D55-E55) -> 17 | G55: 131 | H55: 173 | I55: =IF(H55="","",G55-H55) -> -42 | J55: =IF(OR(D55="",D55+G55=0),"",D55/(D55+G55)) -> 0.72478992 | K55: =IF(E55="","",E55/(E55+H55)) -> 0.65469062 | L55: =IF(OR(K55="",J55=""),"",(J55-K55)*100) -> 7.0099297 | M55: 4.0874752 | N55: 1.2831364 | O55: =SQRT(M55^2+N55^2) -> 4.2841443 | P55: =IF(J55="","",MAX(0,J55-1.96*O55/100)) -> 0.64082069 | Q55: =IF(J55="","",MIN(1,J55+1.96*O55/100)) -> 0.80875915 | R55: =IF(L55="","",IF(ABS(L55)<=O55,"Yes","No")) -> No | S55: =IF(L55="","",IF(ABS(L55)<=1.96*O55,"Yes","No")) -> Yes | T55: =IF(D55="","",ROUND(SQRT(((D55+G55)*O55/100)^2+(J55*(D55+G55)*0.15542)^2),0)) -> 57
A56: Lehigh | B56: ALLENTOWN | C56: ALLENTOWN 10TH WARD 4TH DIST | D56: 387 | E56: 347 | F56: =IF(E56="","",D56-E56) -> 40 | G56: 126 | H56: 147 | I56: =IF(H56="","",G56-H56) -> -21 | J56: =IF(OR(D56="",D56+G56=0),"",D56/(D56+G56)) -> 0.75438596 | K56: =IF(E56="","",E56/(E56+H56)) -> 0.70242915 | L56: =IF(OR(K56="",J56=""),"",(J56-K56)*100) -> 5.1956815 | M56: 4.0874752 | N56: 1.2831364 | O56: =SQRT(M56^2+N56^2) -> 4.2841443 | P56: =IF(J56="","",MAX(0,J56-1.96*O56/100)) -> 0.67041674 | Q56: =IF(J56="","",MIN(1,J56+1.96*O56/100)) -> 0.83835519 | R56: =IF(L56="","",IF(ABS(L56)<=O56,"Yes","No")) -> No | S56: =IF(L56="","",IF(ABS(L56)<=1.96*O56,"Yes","No")) -> Yes | T56: =IF(D56="","",ROUND(SQRT(((D56+G56)*O56/100)^2+(J56*(D56+G56)*0.15542)^2),0)) -> 64
A57: Lehigh | B57: ALLENTOWN | C57: ALLENTOWN 11TH WARD 1ST DIST | D57: 343 | E57: 314 | F57: =IF(E57="","",D57-E57) -> 29 | G57: 131 | H57: 149 | I57: =IF(H57="","",G57-H57) -> -18 | J57: =IF(OR(D57="",D57+G57=0),"",D57/(D57+G57)) -> 0.72362869 | K57: =IF(E57="","",E57/(E57+H57)) -> 0.67818575 | L57: =IF(OR(K57="",J57=""),"",(J57-K57)*100) -> 4.5442947 | M57: 4.0874752 | N57: 1.2831364 | O57: =SQRT(M57^2+N57^2) -> 4.2841443 | P57: =IF(J57="","",MAX(0,J57-1.96*O57/100)) -> 0.63965946 | Q57: =IF(J57="","",MIN(1,J57+1.96*O57/100)) -> 0.80759792 | R57: =IF(L57="","",IF(ABS(L57)<=O57,"Yes","No")) -> No | S57: =IF(L57="","",IF(ABS(L57)<=1.96*O57,"Yes","No")) -> Yes | T57: =IF(D57="","",ROUND(SQRT(((D57+G57)*O57/100)^2+(J57*(D57+G57)*0.15542)^2),0)) -> 57
A58: Lehigh | B58: ALLENTOWN | C58: ALLENTOWN 11TH WARD 2ND DIST | D58: 390 | E58: 364 | F58: =IF(E58="","",D58-E58) -> 26 | G58: 130 | H58: 137 | I58: =IF(H58="","",G58-H58) -> -7 | J58: =IF(OR(D58="",D58+G58=0),"",D58/(D58+G58)) -> 0.75 | K58: =IF(E58="","",E58/(E58+H58)) -> 0.72654691 | L58: =IF(OR(K58="",J58=""),"",(J58-K58)*100) -> 2.3453094 | M58: 4.0874752 | N58: 1.2831364 | O58: =SQRT(M58^2+N58^2) -> 4.2841443 | P58: =IF(J58="","",MAX(0,J58-1.96*O58/100)) -> 0.66603077 | Q58: =IF(J58="","",MIN(1,J58+1.96*O58/100)) -> 0.83396923 | R58: =IF(L58="","",IF(ABS(L58)<=O58,"Yes","No")) -> Yes | S58: =IF(L58="","",IF(ABS(L58)<=1.96*O58,"Yes","No")) -> Yes | T58: =IF(D58="","",ROUND(SQRT(((D58+G58)*O58/100)^2+(J58*(D58+G58)*0.15542)^2),0)) -> 65
A59: Lehigh | B59: ALLENTOWN | C59: ALLENTOWN 11TH WARD 3RD DIST | D59: 448 | E59: 399 | F59: =IF(E59="","",D59-E59) -> 49 | G59: 189 | H59: 171 | I59: =IF(H59="","",G59-H59) -> 18 | J59: =IF(OR(D59="",D59+G59=0),"",D59/(D59+G59)) -> 0.7032967 | K59: =IF(E59="","",E59/(E59+H59)) -> 0.7 | L59: =IF(OR(K59="",J59=""),"",(J59-K59)*100) -> 0.32967033 | M59: 4.0874752 | N59: 1.2831364 | O59: =SQRT(M59^2+N59^2) -> 4.2841443 | P59: =IF(J59="","",MAX(0,J59-1.96*O59/100)) -> 0.61932747 | Q59: =IF(J59="","",MIN(1,J59+1.96*O59/100)) -> 0.78726593 | R59: =IF(L59="","",IF(ABS(L59)<=O59,"Yes","No")) -> Yes | S59: =IF(L59="","",IF(ABS(L59)<=1.96*O59,"Yes","No")) -> Yes | T59: =IF(D59="","",ROUND(SQRT(((D59+G59)*O59/100)^2+(J59*(D59+G59)*0.15542)^2),0)) -> 75
A60: Lehigh | B60: ALLENTOWN | C60: ALLENTOWN 11TH WARD 4TH DIST | D60: 979 | E60: 1034 | F60: =IF(E60="","",D60-E60) -> -55 | G60: 294 | H60: 285 | I60: =IF(H60="","",G60-H60) -> 9 | J60: =IF(OR(D60="",D60+G60=0),"",D60/(D60+G60)) -> 0.76904949 | K60: =IF(E60="","",E60/(E60+H60)) -> 0.78392722 | L60: =IF(OR(K60="",J60=""),"",(J60-K60)*100) -> -1.4877728 | M60: 2.5613438 | N60: 1.2831364 | O60: =SQRT(M60^2+N60^2) -> 2.8647724 | P60: =IF(J60="","",MAX(0,J60-1.96*O60/100)) -> 0.71289995 | Q60: =IF(J60="","",MIN(1,J60+1.96*O60/100)) -> 0.82519903 | R60: =IF(L60="","",IF(ABS(L60)<=O60,"Yes","No")) -> Yes | S60: =IF(L60="","",IF(ABS(L60)<=1.96*O60,"Yes","No")) -> Yes | T60: =IF(D60="","",ROUND(SQRT(((D60+G60)*O60/100)^2+(J60*(D60+G60)*0.09179)^2),0)) -> 97
A61: Lehigh | B61: ALLENTOWN | C61: ALLENTOWN 11TH WARD 5TH DIST | D61: 386 | E61: 377 | F61: =IF(E61="","",D61-E61) -> 9 | G61: 219 | H61: 190 | I61: =IF(H61="","",G61-H61) -> 29 | J61: =IF(OR(D61="",D61+G61=0),"",D61/(D61+G61)) -> 0.63801653 | K61: =IF(E61="","",E61/(E61+H61)) -> 0.664903 | L61: =IF(OR(K61="",J61=""),"",(J61-K61)*100) -> -2.6886469 | M61: 4.0874752 | N61: 1.2831364 | O61: =SQRT(M61^2+N61^2) -> 4.2841443 | P61: =IF(J61="","",MAX(0,J61-1.96*O61/100)) -> 0.5540473 | Q61: =IF(J61="","",MIN(1,J61+1.96*O61/100)) -> 0.72198576 | R61: =IF(L61="","",IF(ABS(L61)<=O61,"Yes","No")) -> Yes | S61: =IF(L61="","",IF(ABS(L61)<=1.96*O61,"Yes","No")) -> Yes | T61: =IF(D61="","",ROUND(SQRT(((D61+G61)*O61/100)^2+(J61*(D61+G61)*0.15542)^2),0)) -> 65
A62: Lehigh | B62: ALLENTOWN | C62: ALLENTOWN 11TH WARD 6TH DIST | D62: 588 | E62: 619 | F62: =IF(E62="","",D62-E62) -> -31 | G62: 410 | H62: 400 | I62: =IF(H62="","",G62-H62) -> 10 | J62: =IF(OR(D62="",D62+G62=0),"",D62/(D62+G62)) -> 0.58917836 | K62: =IF(E62="","",E62/(E62+H62)) -> 0.60745829 | L62: =IF(OR(K62="",J62=""),"",(J62-K62)*100) -> -1.8279936 | M62: 2.8128054 | N62: 1.2831364 | O62: =SQRT(M62^2+N62^2) -> 3.0916521 | P62: =IF(J62="","",MAX(0,J62-1.96*O62/100)) -> 0.52858197 | Q62: =IF(J62="","",MIN(1,J62+1.96*O62/100)) -> 0.64977474 | R62: =IF(L62="","",IF(ABS(L62)<=O62,"Yes","No")) -> Yes | S62: =IF(L62="","",IF(ABS(L62)<=1.96*O62,"Yes","No")) -> Yes | T62: =IF(D62="","",ROUND(SQRT(((D62+G62)*O62/100)^2+(J62*(D62+G62)*0.09439)^2),0)) -> 64
A63: Lehigh | B63: ALLENTOWN | C63: ALLENTOWN 11TH WARD 7TH DIST | D63: 424 | E63: 438 | F63: =IF(E63="","",D63-E63) -> -14 | G63: 292 | H63: 259 | I63: =IF(H63="","",G63-H63) -> 33 | J63: =IF(OR(D63="",D63+G63=0),"",D63/(D63+G63)) -> 0.59217877 | K63: =IF(E63="","",E63/(E63+H63)) -> 0.62840746 | L63: =IF(OR(K63="",J63=""),"",(J63-K63)*100) -> -3.622869 | M63: 4.0874752 | N63: 1.2831364 | O63: =SQRT(M63^2+N63^2) -> 4.2841443 | P63: =IF(J63="","",MAX(0,J63-1.96*O63/100)) -> 0.50820954 | Q63: =IF(J63="","",MIN(1,J63+1.96*O63/100)) -> 0.676148 | R63: =IF(L63="","",IF(ABS(L63)<=O63,"Yes","No")) -> Yes | S63: =IF(L63="","",IF(ABS(L63)<=1.96*O63,"Yes","No")) -> Yes | T63: =IF(D63="","",ROUND(SQRT(((D63+G63)*O63/100)^2+(J63*(D63+G63)*0.15542)^2),0)) -> 73
A64: Lehigh | B64: ALLENTOWN | C64: ALLENTOWN 12TH WARD 1ST DIST | D64: 466 | E64: 428 | F64: =IF(E64="","",D64-E64) -> 38 | G64: 194 | H64: 195 | I64: =IF(H64="","",G64-H64) -> -1 | J64: =IF(OR(D64="",D64+G64=0),"",D64/(D64+G64)) -> 0.70606061 | K64: =IF(E64="","",E64/(E64+H64)) -> 0.68699839 | L64: =IF(OR(K64="",J64=""),"",(J64-K64)*100) -> 1.9062211 | M64: 4.0874752 | N64: 1.2831364 | O64: =SQRT(M64^2+N64^2) -> 4.2841443 | P64: =IF(J64="","",MAX(0,J64-1.96*O64/100)) -> 0.62209138 | Q64: =IF(J64="","",MIN(1,J64+1.96*O64/100)) -> 0.79002984 | R64: =IF(L64="","",IF(ABS(L64)<=O64,"Yes","No")) -> Yes | S64: =IF(L64="","",IF(ABS(L64)<=1.96*O64,"Yes","No")) -> Yes | T64: =IF(D64="","",ROUND(SQRT(((D64+G64)*O64/100)^2+(J64*(D64+G64)*0.15542)^2),0)) -> 78
A65: Lehigh | B65: ALLENTOWN | C65: ALLENTOWN 12TH WARD 2ND DIST | D65: 532 | E65: 563 | F65: =IF(E65="","",D65-E65) -> -31 | G65: 315 | H65: 322 | I65: =IF(H65="","",G65-H65) -> -7 | J65: =IF(OR(D65="",D65+G65=0),"",D65/(D65+G65)) -> 0.62809917 | K65: =IF(E65="","",E65/(E65+H65)) -> 0.63615819 | L65: =IF(OR(K65="",J65=""),"",(J65-K65)*100) -> -0.80590185 | M65: 2.8128054 | N65: 1.2831364 | O65: =SQRT(M65^2+N65^2) -> 3.0916521 | P65: =IF(J65="","",MAX(0,J65-1.96*O65/100)) -> 0.56750279 | Q65: =IF(J65="","",MIN(1,J65+1.96*O65/100)) -> 0.68869556 | R65: =IF(L65="","",IF(ABS(L65)<=O65,"Yes","No")) -> Yes | S65: =IF(L65="","",IF(ABS(L65)<=1.96*O65,"Yes","No")) -> Yes | T65: =IF(D65="","",ROUND(SQRT(((D65+G65)*O65/100)^2+(J65*(D65+G65)*0.09439)^2),0)) -> 57
A66: Lehigh | B66: ALLENTOWN | C66: ALLENTOWN 12TH WARD 3RD DIST | D66: 458 | E66: 472 | F66: =IF(E66="","",D66-E66) -> -14 | G66: 310 | H66: 273 | I66: =IF(H66="","",G66-H66) -> 37 | J66: =IF(OR(D66="",D66+G66=0),"",D66/(D66+G66)) -> 0.59635417 | K66: =IF(E66="","",E66/(E66+H66)) -> 0.63355705 | L66: =IF(OR(K66="",J66=""),"",(J66-K66)*100) -> -3.720288 | M66: 2.8128054 | N66: 1.2831364 | O66: =SQRT(M66^2+N66^2) -> 3.0916521 | P66: =IF(J66="","",MAX(0,J66-1.96*O66/100)) -> 0.53575778 | Q66: =IF(J66="","",MIN(1,J66+1.96*O66/100)) -> 0.65695055 | R66: =IF(L66="","",IF(ABS(L66)<=O66,"Yes","No")) -> No | S66: =IF(L66="","",IF(ABS(L66)<=1.96*O66,"Yes","No")) -> Yes | T66: =IF(D66="","",ROUND(SQRT(((D66+G66)*O66/100)^2+(J66*(D66+G66)*0.09439)^2),0)) -> 49
A67: Lehigh | B67: ALLENTOWN | C67: ALLENTOWN 12TH WARD 4TH DIST | D67: 418 | E67: 426 | F67: =IF(E67="","",D67-E67) -> -8 | G67: 340 | H67: 331 | I67: =IF(H67="","",G67-H67) -> 9 | J67: =IF(OR(D67="",D67+G67=0),"",D67/(D67+G67)) -> 0.55145119 | K67: =IF(E67="","",E67/(E67+H67)) -> 0.56274769 | L67: =IF(OR(K67="",J67=""),"",(J67-K67)*100) -> -1.1296501 | M67: 2.8128054 | N67: 1.2831364 | O67: =SQRT(M67^2+N67^2) -> 3.0916521 | P67: =IF(J67="","",MAX(0,J67-1.96*O67/100)) -> 0.49085481 | Q67: =IF(J67="","",MIN(1,J67+1.96*O67/100)) -> 0.61204757 | R67: =IF(L67="","",IF(ABS(L67)<=O67,"Yes","No")) -> Yes | S67: =IF(L67="","",IF(ABS(L67)<=1.96*O67,"Yes","No")) -> Yes | T67: =IF(D67="","",ROUND(SQRT(((D67+G67)*O67/100)^2+(J67*(D67+G67)*0.09439)^2),0)) -> 46
A68: Lehigh | B68: ALLENTOWN | C68: ALLENTOWN 12TH WARD 5TH DIST | D68: 438 | E68: 418 | F68: =IF(E68="","",D68-E68) -> 20 | G68: 279 | H68: 278 | I68: =IF(H68="","",G68-H68) -> 1 | J68: =IF(OR(D68="",D68+G68=0),"",D68/(D68+G68)) -> 0.61087866 | K68: =IF(E68="","",E68/(E68+H68)) -> 0.60057471 | L68: =IF(OR(K68="",J68=""),"",(J68-K68)*100) -> 1.0303948 | M68: 4.0874752 | N68: 1.2831364 | O68: =SQRT(M68^2+N68^2) -> 4.2841443 | P68: =IF(J68="","",MAX(0,J68-1.96*O68/100)) -> 0.52690943 | Q68: =IF(J68="","",MIN(1,J68+1.96*O68/100)) -> 0.69484789 | R68: =IF(L68="","",IF(ABS(L68)<=O68,"Yes","No")) -> Yes | S68: =IF(L68="","",IF(ABS(L68)<=1.96*O68,"Yes","No")) -> Yes | T68: =IF(D68="","",ROUND(SQRT(((D68+G68)*O68/100)^2+(J68*(D68+G68)*0.15542)^2),0)) -> 75
A69: Lehigh | B69: ALLENTOWN | C69: ALLENTOWN 13TH WARD 1ST DIST | D69: 462 | E69: 424 | F69: =IF(E69="","",D69-E69) -> 38 | G69: 166 | H69: 188 | I69: =IF(H69="","",G69-H69) -> -22 | J69: =IF(OR(D69="",D69+G69=0),"",D69/(D69+G69)) -> 0.73566879 | K69: =IF(E69="","",E69/(E69+H69)) -> 0.69281046 | L69: =IF(OR(K69="",J69=""),"",(J69-K69)*100) -> 4.2858332 | M69: 4.0874752 | N69: 1.2831364 | O69: =SQRT(M69^2+N69^2) -> 4.2841443 | P69: =IF(J69="","",MAX(0,J69-1.96*O69/100)) -> 0.65169956 | Q69: =IF(J69="","",MIN(1,J69+1.96*O69/100)) -> 0.81963802 | R69: =IF(L69="","",IF(ABS(L69)<=O69,"Yes","No")) -> No | S69: =IF(L69="","",IF(ABS(L69)<=1.96*O69,"Yes","No")) -> Yes | T69: =IF(D69="","",ROUND(SQRT(((D69+G69)*O69/100)^2+(J69*(D69+G69)*0.15542)^2),0)) -> 77
A70: Lehigh | B70: ALLENTOWN | C70: ALLENTOWN 13TH WARD 2ND DIST | D70: 375 | E70: 330 | F70: =IF(E70="","",D70-E70) -> 45 | G70: 168 | H70: 195 | I70: =IF(H70="","",G70-H70) -> -27 | J70: =IF(OR(D70="",D70+G70=0),"",D70/(D70+G70)) -> 0.69060773 | K70: =IF(E70="","",E70/(E70+H70)) -> 0.62857143 | L70: =IF(OR(K70="",J70=""),"",(J70-K70)*100) -> 6.2036306 | M70: 4.0874752 | N70: 1.2831364 | O70: =SQRT(M70^2+N70^2) -> 4.2841443 | P70: =IF(J70="","",MAX(0,J70-1.96*O70/100)) -> 0.60663851 | Q70: =IF(J70="","",MIN(1,J70+1.96*O70/100)) -> 0.77457696 | R70: =IF(L70="","",IF(ABS(L70)<=O70,"Yes","No")) -> No | S70: =IF(L70="","",IF(ABS(L70)<=1.96*O70,"Yes","No")) -> Yes | T70: =IF(D70="","",ROUND(SQRT(((D70+G70)*O70/100)^2+(J70*(D70+G70)*0.15542)^2),0)) -> 63
A71: Lehigh | B71: ALLENTOWN | C71: ALLENTOWN 13TH WARD 3RD DIST | D71: 440 | E71: 441 | F71: =IF(E71="","",D71-E71) -> -1 | G71: 250 | H71: 232 | I71: =IF(H71="","",G71-H71) -> 18 | J71: =IF(OR(D71="",D71+G71=0),"",D71/(D71+G71)) -> 0.63768116 | K71: =IF(E71="","",E71/(E71+H71)) -> 0.65527489 | L71: =IF(OR(K71="",J71=""),"",(J71-K71)*100) -> -1.7593729 | M71: 4.0874752 | N71: 1.2831364 | O71: =SQRT(M71^2+N71^2) -> 4.2841443 | P71: =IF(J71="","",MAX(0,J71-1.96*O71/100)) -> 0.55371193 | Q71: =IF(J71="","",MIN(1,J71+1.96*O71/100)) -> 0.72165039 | R71: =IF(L71="","",IF(ABS(L71)<=O71,"Yes","No")) -> Yes | S71: =IF(L71="","",IF(ABS(L71)<=1.96*O71,"Yes","No")) -> Yes | T71: =IF(D71="","",ROUND(SQRT(((D71+G71)*O71/100)^2+(J71*(D71+G71)*0.15542)^2),0)) -> 75
A72: Lehigh | B72: ALLENTOWN | C72: ALLENTOWN 13TH WARD 4TH DIST | D72: 315 | E72: 313 | F72: =IF(E72="","",D72-E72) -> 2 | G72: 143 | H72: 155 | I72: =IF(H72="","",G72-H72) -> -12 | J72: =IF(OR(D72="",D72+G72=0),"",D72/(D72+G72)) -> 0.68777293 | K72: =IF(E72="","",E72/(E72+H72)) -> 0.66880342 | L72: =IF(OR(K72="",J72=""),"",(J72-K72)*100) -> 1.8969507 | M72: 4.0874752 | N72: 1.2831364 | O72: =SQRT(M72^2+N72^2) -> 4.2841443 | P72: =IF(J72="","",MAX(0,J72-1.96*O72/100)) -> 0.6038037 | Q72: =IF(J72="","",MIN(1,J72+1.96*O72/100)) -> 0.77174215 | R72: =IF(L72="","",IF(ABS(L72)<=O72,"Yes","No")) -> Yes | S72: =IF(L72="","",IF(ABS(L72)<=1.96*O72,"Yes","No")) -> Yes | T72: =IF(D72="","",ROUND(SQRT(((D72+G72)*O72/100)^2+(J72*(D72+G72)*0.15542)^2),0)) -> 53
A73: Lehigh | B73: ALLENTOWN | C73: ALLENTOWN 14TH WARD 1ST DIST | D73: 672 | E73: 658 | F73: =IF(E73="","",D73-E73) -> 14 | G73: 398 | H73: 375 | I73: =IF(H73="","",G73-H73) -> 23 | J73: =IF(OR(D73="",D73+G73=0),"",D73/(D73+G73)) -> 0.62803738 | K73: =IF(E73="","",E73/(E73+H73)) -> 0.63697967 | L73: =IF(OR(K73="",J73=""),"",(J73-K73)*100) -> -0.89422877 | M73: 2.8128054 | N73: 1.2831364 | O73: =SQRT(M73^2+N73^2) -> 3.0916521 | P73: =IF(J73="","",MAX(0,J73-1.96*O73/100)) -> 0.567441 | Q73: =IF(J73="","",MIN(1,J73+1.96*O73/100)) -> 0.68863377 | R73: =IF(L73="","",IF(ABS(L73)<=O73,"Yes","No")) -> Yes | S73: =IF(L73="","",IF(ABS(L73)<=1.96*O73,"Yes","No")) -> Yes | T73: =IF(D73="","",ROUND(SQRT(((D73+G73)*O73/100)^2+(J73*(D73+G73)*0.09439)^2),0)) -> 72
A74: Lehigh | B74: ALLENTOWN | C74: ALLENTOWN 14TH WARD 2ND DIST | D74: 753 | E74: 693 | F74: =IF(E74="","",D74-E74) -> 60 | G74: 397 | H74: 389 | I74: =IF(H74="","",G74-H74) -> 8 | J74: =IF(OR(D74="",D74+G74=0),"",D74/(D74+G74)) -> 0.65478261 | K74: =IF(E74="","",E74/(E74+H74)) -> 0.64048059 | L74: =IF(OR(K74="",J74=""),"",(J74-K74)*100) -> 1.4302017 | M74: 2.8128054 | N74: 1.2831364 | O74: =SQRT(M74^2+N74^2) -> 3.0916521 | P74: =IF(J74="","",MAX(0,J74-1.96*O74/100)) -> 0.59418623 | Q74: =IF(J74="","",MIN(1,J74+1.96*O74/100)) -> 0.71537899 | R74: =IF(L74="","",IF(ABS(L74)<=O74,"Yes","No")) -> Yes | S74: =IF(L74="","",IF(ABS(L74)<=1.96*O74,"Yes","No")) -> Yes | T74: =IF(D74="","",ROUND(SQRT(((D74+G74)*O74/100)^2+(J74*(D74+G74)*0.09439)^2),0)) -> 79
A75: Lehigh | B75: ALLENTOWN | C75: ALLENTOWN 15TH WARD 1ST DIST | D75: 483 | E75: 446 | F75: =IF(E75="","",D75-E75) -> 37 | G75: 350 | H75: 382 | I75: =IF(H75="","",G75-H75) -> -32 | J75: =IF(OR(D75="",D75+G75=0),"",D75/(D75+G75)) -> 0.57983193 | K75: =IF(E75="","",E75/(E75+H75)) -> 0.53864734 | L75: =IF(OR(K75="",J75=""),"",(J75-K75)*100) -> 4.118459 | M75: 2.8128054 | N75: 1.2831364 | O75: =SQRT(M75^2+N75^2) -> 3.0916521 | P75: =IF(J75="","",MAX(0,J75-1.96*O75/100)) -> 0.51923555 | Q75: =IF(J75="","",MIN(1,J75+1.96*O75/100)) -> 0.64042831 | R75: =IF(L75="","",IF(ABS(L75)<=O75,"Yes","No")) -> No | S75: =IF(L75="","",IF(ABS(L75)<=1.96*O75,"Yes","No")) -> Yes | T75: =IF(D75="","",ROUND(SQRT(((D75+G75)*O75/100)^2+(J75*(D75+G75)*0.09439)^2),0)) -> 52
A76: Lehigh | B76: ALLENTOWN | C76: ALLENTOWN 15TH WARD 2ND DIST | D76: 610 | E76: 627 | F76: =IF(E76="","",D76-E76) -> -17 | G76: 400 | H76: 389 | I76: =IF(H76="","",G76-H76) -> 11 | J76: =IF(OR(D76="",D76+G76=0),"",D76/(D76+G76)) -> 0.6039604 | K76: =IF(E76="","",E76/(E76+H76)) -> 0.61712598 | L76: =IF(OR(K76="",J76=""),"",(J76-K76)*100) -> -1.3165588 | M76: 2.8128054 | N76: 1.2831364 | O76: =SQRT(M76^2+N76^2) -> 3.0916521 | P76: =IF(J76="","",MAX(0,J76-1.96*O76/100)) -> 0.54336401 | Q76: =IF(J76="","",MIN(1,J76+1.96*O76/100)) -> 0.66455678 | R76: =IF(L76="","",IF(ABS(L76)<=O76,"Yes","No")) -> Yes | S76: =IF(L76="","",IF(ABS(L76)<=1.96*O76,"Yes","No")) -> Yes | T76: =IF(D76="","",ROUND(SQRT(((D76+G76)*O76/100)^2+(J76*(D76+G76)*0.09439)^2),0)) -> 66
A77: Lehigh | B77: ALLENTOWN | C77: ALLENTOWN 15TH WARD 3RD DIST | D77: 629 | E77: 645 | F77: =IF(E77="","",D77-E77) -> -16 | G77: 402 | H77: 418 | I77: =IF(H77="","",G77-H77) -> -16 | J77: =IF(OR(D77="",D77+G77=0),"",D77/(D77+G77)) -> 0.61008729 | K77: =IF(E77="","",E77/(E77+H77)) -> 0.60677328 | L77: =IF(OR(K77="",J77=""),"",(J77-K77)*100) -> 0.33140107 | M77: 2.8128054 | N77: 1.2831364 | O77: =SQRT(M77^2+N77^2) -> 3.0916521 | P77: =IF(J77="","",MAX(0,J77-1.96*O77/100)) -> 0.54949091 | Q77: =IF(J77="","",MIN(1,J77+1.96*O77/100)) -> 0.67068368 | R77: =IF(L77="","",IF(ABS(L77)<=O77,"Yes","No")) -> Yes | S77: =IF(L77="","",IF(ABS(L77)<=1.96*O77,"Yes","No")) -> Yes | T77: =IF(D77="","",ROUND(SQRT(((D77+G77)*O77/100)^2+(J77*(D77+G77)*0.09439)^2),0)) -> 67
A78: Lehigh | B78: ALLENTOWN | C78: ALLENTOWN 15TH WARD 4TH DIST | D78: 489 | E78: 452 | F78: =IF(E78="","",D78-E78) -> 37 | G78: 321 | H78: 341 | I78: =IF(H78="","",G78-H78) -> -20 | J78: =IF(OR(D78="",D78+G78=0),"",D78/(D78+G78)) -> 0.6037037 | K78: =IF(E78="","",E78/(E78+H78)) -> 0.56998739 | L78: =IF(OR(K78="",J78=""),"",(J78-K78)*100) -> 3.3716314 | M78: 2.8128054 | N78: 1.2831364 | O78: =SQRT(M78^2+N78^2) -> 3.0916521 | P78: =IF(J78="","",MAX(0,J78-1.96*O78/100)) -> 0.54310732 | Q78: =IF(J78="","",MIN(1,J78+1.96*O78/100)) -> 0.66430009 | R78: =IF(L78="","",IF(ABS(L78)<=O78,"Yes","No")) -> No | S78: =IF(L78="","",IF(ABS(L78)<=1.96*O78,"Yes","No")) -> Yes | T78: =IF(D78="","",ROUND(SQRT(((D78+G78)*O78/100)^2+(J78*(D78+G78)*0.09439)^2),0)) -> 53
A79: Lehigh | B79: ALLENTOWN | C79: ALLENTOWN 16TH WARD 1ST DIST | D79: 554 | E79: 541 | F79: =IF(E79="","",D79-E79) -> 13 | G79: 355 | H79: 325 | I79: =IF(H79="","",G79-H79) -> 30 | J79: =IF(OR(D79="",D79+G79=0),"",D79/(D79+G79)) -> 0.60946095 | K79: =IF(E79="","",E79/(E79+H79)) -> 0.62471132 | L79: =IF(OR(K79="",J79=""),"",(J79-K79)*100) -> -1.525037 | M79: 2.8128054 | N79: 1.2831364 | O79: =SQRT(M79^2+N79^2) -> 3.0916521 | P79: =IF(J79="","",MAX(0,J79-1.96*O79/100)) -> 0.54886456 | Q79: =IF(J79="","",MIN(1,J79+1.96*O79/100)) -> 0.67005733 | R79: =IF(L79="","",IF(ABS(L79)<=O79,"Yes","No")) -> Yes | S79: =IF(L79="","",IF(ABS(L79)<=1.96*O79,"Yes","No")) -> Yes | T79: =IF(D79="","",ROUND(SQRT(((D79+G79)*O79/100)^2+(J79*(D79+G79)*0.09439)^2),0)) -> 59
A80: Lehigh | B80: ALLENTOWN | C80: ALLENTOWN 16TH WARD 2ND DIST | D80: 789 | E80: 783 | F80: =IF(E80="","",D80-E80) -> 6 | G80: 544 | H80: 562 | I80: =IF(H80="","",G80-H80) -> -18 | J80: =IF(OR(D80="",D80+G80=0),"",D80/(D80+G80)) -> 0.59189797 | K80: =IF(E80="","",E80/(E80+H80)) -> 0.58215613 | L80: =IF(OR(K80="",J80=""),"",(J80-K80)*100) -> 0.97418407 | M80: 2.5613438 | N80: 1.2831364 | O80: =SQRT(M80^2+N80^2) -> 2.8647724 | P80: =IF(J80="","",MAX(0,J80-1.96*O80/100)) -> 0.53574843 | Q80: =IF(J80="","",MIN(1,J80+1.96*O80/100)) -> 0.64804751 | R80: =IF(L80="","",IF(ABS(L80)<=O80,"Yes","No")) -> Yes | S80: =IF(L80="","",IF(ABS(L80)<=1.96*O80,"Yes","No")) -> Yes | T80: =IF(D80="","",ROUND(SQRT(((D80+G80)*O80/100)^2+(J80*(D80+G80)*0.09179)^2),0)) -> 82
A81: Lehigh | B81: ALLENTOWN | C81: ALLENTOWN 17TH WARD 1ST DIST | D81: 458 | E81: 454 | F81: =IF(E81="","",D81-E81) -> 4 | G81: 241 | H81: 218 | I81: =IF(H81="","",G81-H81) -> 23 | J81: =IF(OR(D81="",D81+G81=0),"",D81/(D81+G81)) -> 0.65522175 | K81: =IF(E81="","",E81/(E81+H81)) -> 0.67559524 | L81: =IF(OR(K81="",J81=""),"",(J81-K81)*100) -> -2.0373493 | M81: 4.0874752 | N81: 1.2831364 | O81: =SQRT(M81^2+N81^2) -> 4.2841443 | P81: =IF(J81="","",MAX(0,J81-1.96*O81/100)) -> 0.57125252 | Q81: =IF(J81="","",MIN(1,J81+1.96*O81/100)) -> 0.73919097 | R81: =IF(L81="","",IF(ABS(L81)<=O81,"Yes","No")) -> Yes | S81: =IF(L81="","",IF(ABS(L81)<=1.96*O81,"Yes","No")) -> Yes | T81: =IF(D81="","",ROUND(SQRT(((D81+G81)*O81/100)^2+(J81*(D81+G81)*0.15542)^2),0)) -> 77
A82: Lehigh | B82: ALLENTOWN | C82: ALLENTOWN 17TH WARD 2ND DIST | D82: 470 | E82: 502 | F82: =IF(E82="","",D82-E82) -> -32 | G82: 301 | H82: 274 | I82: =IF(H82="","",G82-H82) -> 27 | J82: =IF(OR(D82="",D82+G82=0),"",D82/(D82+G82)) -> 0.60959792 | K82: =IF(E82="","",E82/(E82+H82)) -> 0.64690722 | L82: =IF(OR(K82="",J82=""),"",(J82-K82)*100) -> -3.7309292 | M82: 2.8128054 | N82: 1.2831364 | O82: =SQRT(M82^2+N82^2) -> 3.0916521 | P82: =IF(J82="","",MAX(0,J82-1.96*O82/100)) -> 0.54900154 | Q82: =IF(J82="","",MIN(1,J82+1.96*O82/100)) -> 0.67019431 | R82: =IF(L82="","",IF(ABS(L82)<=O82,"Yes","No")) -> No | S82: =IF(L82="","",IF(ABS(L82)<=1.96*O82,"Yes","No")) -> Yes | T82: =IF(D82="","",ROUND(SQRT(((D82+G82)*O82/100)^2+(J82*(D82+G82)*0.09439)^2),0)) -> 50
A83: Lehigh | B83: ALLENTOWN | C83: ALLENTOWN 17TH WARD 3RD DIST | D83: 479 | E83: 502 | F83: =IF(E83="","",D83-E83) -> -23 | G83: 324 | H83: 283 | I83: =IF(H83="","",G83-H83) -> 41 | J83: =IF(OR(D83="",D83+G83=0),"",D83/(D83+G83)) -> 0.59651308 | K83: =IF(E83="","",E83/(E83+H83)) -> 0.63949045 | L83: =IF(OR(K83="",J83=""),"",(J83-K83)*100) -> -4.297737 | M83: 2.8128054 | N83: 1.2831364 | O83: =SQRT(M83^2+N83^2) -> 3.0916521 | P83: =IF(J83="","",MAX(0,J83-1.96*O83/100)) -> 0.53591669 | Q83: =IF(J83="","",MIN(1,J83+1.96*O83/100)) -> 0.65710946 | R83: =IF(L83="","",IF(ABS(L83)<=O83,"Yes","No")) -> No | S83: =IF(L83="","",IF(ABS(L83)<=1.96*O83,"Yes","No")) -> Yes | T83: =IF(D83="","",ROUND(SQRT(((D83+G83)*O83/100)^2+(J83*(D83+G83)*0.09439)^2),0)) -> 52
A84: Lehigh | B84: ALLENTOWN | C84: ALLENTOWN 17TH WARD 4TH DIST | D84: 366 | F84: =IF(E84="","",D84-E84) | G84: 237 | I84: =IF(H84="","",G84-H84) | J84: =IF(OR(D84="",D84+G84=0),"",D84/(D84+G84)) -> 0.60696517 | K84: =IF(E84="","",E84/(E84+H84)) | L84: =IF(OR(K84="",J84=""),"",(J84-K84)*100) | M84: 4.0874752 | N84: 1.2831364 | O84: =SQRT(M84^2+N84^2) -> 4.2841443 | P84: =IF(J84="","",MAX(0,J84-1.96*O84/100)) -> 0.52299594 | Q84: =IF(J84="","",MIN(1,J84+1.96*O84/100)) -> 0.6909344 | R84: =IF(L84="","",IF(ABS(L84)<=O84,"Yes","No")) | S84: =IF(L84="","",IF(ABS(L84)<=1.96*O84,"Yes","No")) | T84: =IF(D84="","",ROUND(SQRT(((D84+G84)*O84/100)^2+(J84*(D84+G84)*0.15542)^2),0)) -> 62 | U84: No comparable 2024 result
A85: Lehigh | B85: ALLENTOWN | C85: ALLENTOWN 17TH WD 4TH DT PARK | D85: 921 | F85: =IF(E85="","",D85-E85) | G85: 616 | I85: =IF(H85="","",G85-H85) | J85: =IF(OR(D85="",D85+G85=0),"",D85/(D85+G85)) -> 0.59921926 | K85: =IF(E85="","",E85/(E85+H85)) | L85: =IF(OR(K85="",J85=""),"",(J85-K85)*100) | M85: 2.5613438 | N85: 1.2831364 | O85: =SQRT(M85^2+N85^2) -> 2.8647724 | P85: =IF(J85="","",MAX(0,J85-1.96*O85/100)) -> 0.54306972 | Q85: =IF(J85="","",MIN(1,J85+1.96*O85/100)) -> 0.6553688 | R85: =IF(L85="","",IF(ABS(L85)<=O85,"Yes","No")) | S85: =IF(L85="","",IF(ABS(L85)<=1.96*O85,"Yes","No")) | T85: =IF(D85="","",ROUND(SQRT(((D85+G85)*O85/100)^2+(J85*(D85+G85)*0.09179)^2),0)) -> 95 | U85: No comparable 2024 result
A86: Lehigh | B86: ALLENTOWN | C86: ALLENTOWN 18TH WARD 1ST DIST | D86: 488 | E86: 488 | F86: =IF(E86="","",D86-E86) -> 0 | G86: 262 | H86: 252 | I86: =IF(H86="","",G86-H86) -> 10 | J86: =IF(OR(D86="",D86+G86=0),"",D86/(D86+G86)) -> 0.65066667 | K86: =IF(E86="","",E86/(E86+H86)) -> 0.65945946 | L86: =IF(OR(K86="",J86=""),"",(J86-K86)*100) -> -0.87927928 | M86: 4.0874752 | N86: 1.2831364 | O86: =SQRT(M86^2+N86^2) -> 4.2841443 | P86: =IF(J86="","",MAX(0,J86-1.96*O86/100)) -> 0.56669744 | Q86: =IF(J86="","",MIN(1,J86+1.96*O86/100)) -> 0.7346359 | R86: =IF(L86="","",IF(ABS(L86)<=O86,"Yes","No")) -> Yes | S86: =IF(L86="","",IF(ABS(L86)<=1.96*O86,"Yes","No")) -> Yes | T86: =IF(D86="","",ROUND(SQRT(((D86+G86)*O86/100)^2+(J86*(D86+G86)*0.15542)^2),0)) -> 82
A87: Lehigh | B87: ALLENTOWN | C87: ALLENTOWN 18TH WARD 2ND DIST | D87: 613 | E87: 601 | F87: =IF(E87="","",D87-E87) -> 12 | G87: 417 | H87: 394 | I87: =IF(H87="","",G87-H87) -> 23 | J87: =IF(OR(D87="",D87+G87=0),"",D87/(D87+G87)) -> 0.59514563 | K87: =IF(E87="","",E87/(E87+H87)) -> 0.6040201 | L87: =IF(OR(K87="",J87=""),"",(J87-K87)*100) -> -0.88744694 | M87: 2.8128054 | N87: 1.2831364 | O87: =SQRT(M87^2+N87^2) -> 3.0916521 | P87: =IF(J87="","",MAX(0,J87-1.96*O87/100)) -> 0.53454925 | Q87: =IF(J87="","",MIN(1,J87+1.96*O87/100)) -> 0.65574201 | R87: =IF(L87="","",IF(ABS(L87)<=O87,"Yes","No")) -> Yes | S87: =IF(L87="","",IF(ABS(L87)<=1.96*O87,"Yes","No")) -> Yes | T87: =IF(D87="","",ROUND(SQRT(((D87+G87)*O87/100)^2+(J87*(D87+G87)*0.09439)^2),0)) -> 66
A88: Lehigh | B88: ALLENTOWN | C88: ALLENTOWN 18TH WD 2ND DT PARK | D88: 17 | F88: =IF(E88="","",D88-E88) | G88: 12 | I88: =IF(H88="","",G88-H88) | J88: =IF(OR(D88="",D88+G88=0),"",D88/(D88+G88)) -> 0.5862069 | K88: =IF(E88="","",E88/(E88+H88)) | L88: =IF(OR(K88="",J88=""),"",(J88-K88)*100) | M88: 4.0874752 | N88: 1.2831364 | O88: =SQRT(M88^2+N88^2) -> 4.2841443 | P88: =IF(J88="","",MAX(0,J88-1.96*O88/100)) -> 0.50223767 | Q88: =IF(J88="","",MIN(1,J88+1.96*O88/100)) -> 0.67017613 | R88: =IF(L88="","",IF(ABS(L88)<=O88,"Yes","No")) | S88: =IF(L88="","",IF(ABS(L88)<=1.96*O88,"Yes","No")) | T88: =IF(D88="","",ROUND(SQRT(((D88+G88)*O88/100)^2+(J88*(D88+G88)*0.15542)^2),0)) -> 3 | U88: No comparable 2024 result
A89: Lehigh | B89: ALLENTOWN | C89: ALLENTOWN 19TH WARD 1ST DIST | D89: 340 | E89: 330 | F89: =IF(E89="","",D89-E89) -> 10 | G89: 263 | H89: 270 | I89: =IF(H89="","",G89-H89) -> -7 | J89: =IF(OR(D89="",D89+G89=0),"",D89/(D89+G89)) -> 0.56384743 | K89: =IF(E89="","",E89/(E89+H89)) -> 0.55 | L89: =IF(OR(K89="",J89=""),"",(J89-K89)*100) -> 1.384743 | M89: 4.0874752 | N89: 1.2831364 | O89: =SQRT(M89^2+N89^2) -> 4.2841443 | P89: =IF(J89="","",MAX(0,J89-1.96*O89/100)) -> 0.4798782 | Q89: =IF(J89="","",MIN(1,J89+1.96*O89/100)) -> 0.64781666 | R89: =IF(L89="","",IF(ABS(L89)<=O89,"Yes","No")) -> Yes | S89: =IF(L89="","",IF(ABS(L89)<=1.96*O89,"Yes","No")) -> Yes | T89: =IF(D89="","",ROUND(SQRT(((D89+G89)*O89/100)^2+(J89*(D89+G89)*0.15542)^2),0)) -> 59
A90: Lehigh | B90: ALLENTOWN | C90: ALLENTOWN 19TH WARD 2ND DIST | D90: 612 | E90: 591 | F90: =IF(E90="","",D90-E90) -> 21 | G90: 319 | H90: 333 | I90: =IF(H90="","",G90-H90) -> -14 | J90: =IF(OR(D90="",D90+G90=0),"",D90/(D90+G90)) -> 0.65735768 | K90: =IF(E90="","",E90/(E90+H90)) -> 0.63961039 | L90: =IF(OR(K90="",J90=""),"",(J90-K90)*100) -> 1.774729 | M90: 2.8128054 | N90: 1.2831364 | O90: =SQRT(M90^2+N90^2) -> 3.0916521 | P90: =IF(J90="","",MAX(0,J90-1.96*O90/100)) -> 0.5967613 | Q90: =IF(J90="","",MIN(1,J90+1.96*O90/100)) -> 0.71795406 | R90: =IF(L90="","",IF(ABS(L90)<=O90,"Yes","No")) -> Yes | S90: =IF(L90="","",IF(ABS(L90)<=1.96*O90,"Yes","No")) -> Yes | T90: =IF(D90="","",ROUND(SQRT(((D90+G90)*O90/100)^2+(J90*(D90+G90)*0.09439)^2),0)) -> 65
A91: Lehigh | B91: ALLENTOWN | C91: ALLENTOWN 19TH WARD 3RD DIST | D91: 336 | E91: 347 | F91: =IF(E91="","",D91-E91) -> -11 | G91: 256 | H91: 243 | I91: =IF(H91="","",G91-H91) -> 13 | J91: =IF(OR(D91="",D91+G91=0),"",D91/(D91+G91)) -> 0.56756757 | K91: =IF(E91="","",E91/(E91+H91)) -> 0.58813559 | L91: =IF(OR(K91="",J91=""),"",(J91-K91)*100) -> -2.0568026 | M91: 4.0874752 | N91: 1.2831364 | O91: =SQRT(M91^2+N91^2) -> 4.2841443 | P91: =IF(J91="","",MAX(0,J91-1.96*O91/100)) -> 0.48359834 | Q91: =IF(J91="","",MIN(1,J91+1.96*O91/100)) -> 0.6515368 | R91: =IF(L91="","",IF(ABS(L91)<=O91,"Yes","No")) -> Yes | S91: =IF(L91="","",IF(ABS(L91)<=1.96*O91,"Yes","No")) -> Yes | T91: =IF(D91="","",ROUND(SQRT(((D91+G91)*O91/100)^2+(J91*(D91+G91)*0.15542)^2),0)) -> 58
A92: Lehigh | B92: ALLENTOWN | C92: ALLENTOWN 19TH WARD 4TH DIST | D92: 460 | E92: 440 | F92: =IF(E92="","",D92-E92) -> 20 | G92: 256 | H92: 259 | I92: =IF(H92="","",G92-H92) -> -3 | J92: =IF(OR(D92="",D92+G92=0),"",D92/(D92+G92)) -> 0.6424581 | K92: =IF(E92="","",E92/(E92+H92)) -> 0.62947067 | L92: =IF(OR(K92="",J92=""),"",(J92-K92)*100) -> 1.2987428 | M92: 4.0874752 | N92: 1.2831364 | O92: =SQRT(M92^2+N92^2) -> 4.2841443 | P92: =IF(J92="","",MAX(0,J92-1.96*O92/100)) -> 0.55848887 | Q92: =IF(J92="","",MIN(1,J92+1.96*O92/100)) -> 0.72642733 | R92: =IF(L92="","",IF(ABS(L92)<=O92,"Yes","No")) -> Yes | S92: =IF(L92="","",IF(ABS(L92)<=1.96*O92,"Yes","No")) -> Yes | T92: =IF(D92="","",ROUND(SQRT(((D92+G92)*O92/100)^2+(J92*(D92+G92)*0.15542)^2),0)) -> 78
A93: Lehigh | B93: ALLENTOWN | C93: ALLENTOWN 19TH WARD 5TH DIST | D93: 555 | E93: 553 | F93: =IF(E93="","",D93-E93) -> 2 | G93: 418 | H93: 367 | I93: =IF(H93="","",G93-H93) -> 51 | J93: =IF(OR(D93="",D93+G93=0),"",D93/(D93+G93)) -> 0.57040082 | K93: =IF(E93="","",E93/(E93+H93)) -> 0.60108696 | L93: =IF(OR(K93="",J93=""),"",(J93-K93)*100) -> -3.0686134 | M93: 2.8128054 | N93: 1.2831364 | O93: =SQRT(M93^2+N93^2) -> 3.0916521 | P93: =IF(J93="","",MAX(0,J93-1.96*O93/100)) -> 0.50980444 | Q93: =IF(J93="","",MIN(1,J93+1.96*O93/100)) -> 0.6309972 | R93: =IF(L93="","",IF(ABS(L93)<=O93,"Yes","No")) -> Yes | S93: =IF(L93="","",IF(ABS(L93)<=1.96*O93,"Yes","No")) -> Yes | T93: =IF(D93="","",ROUND(SQRT(((D93+G93)*O93/100)^2+(J93*(D93+G93)*0.09439)^2),0)) -> 60
A94: Lehigh | B94: ALLENTOWN | C94: ALLENTOWN 19TH WARD 5TH DT SAL | D94: 1 | F94: =IF(E94="","",D94-E94) | G94: 1 | I94: =IF(H94="","",G94-H94) | J94: =IF(OR(D94="",D94+G94=0),"",D94/(D94+G94)) -> 0.5 | K94: =IF(E94="","",E94/(E94+H94)) | L94: =IF(OR(K94="",J94=""),"",(J94-K94)*100) | M94: 4.0874752 | N94: 1.2831364 | O94: =SQRT(M94^2+N94^2) -> 4.2841443 | P94: =IF(J94="","",MAX(0,J94-1.96*O94/100)) -> 0.41603077 | Q94: =IF(J94="","",MIN(1,J94+1.96*O94/100)) -> 0.58396923 | R94: =IF(L94="","",IF(ABS(L94)<=O94,"Yes","No")) | S94: =IF(L94="","",IF(ABS(L94)<=1.96*O94,"Yes","No")) | T94: =IF(D94="","",ROUND(SQRT(((D94+G94)*O94/100)^2+(J94*(D94+G94)*0.15542)^2),0)) -> 0 | U94: No comparable 2024 result
A95: Lehigh | B95: ALLENTOWN | C95: ALLENTOWN 19TH WARD 6TH DIST | D95: 843 | E95: 821 | F95: =IF(E95="","",D95-E95) -> 22 | G95: 535 | H95: 504 | I95: =IF(H95="","",G95-H95) -> 31 | J95: =IF(OR(D95="",D95+G95=0),"",D95/(D95+G95)) -> 0.61175617 | K95: =IF(E95="","",E95/(E95+H95)) -> 0.61962264 | L95: =IF(OR(K95="",J95=""),"",(J95-K95)*100) -> -0.78664731 | M95: 2.5613438 | N95: 1.2831364 | O95: =SQRT(M95^2+N95^2) -> 2.8647724 | P95: =IF(J95="","",MAX(0,J95-1.96*O95/100)) -> 0.55560663 | Q95: =IF(J95="","",MIN(1,J95+1.96*O95/100)) -> 0.66790571 | R95: =IF(L95="","",IF(ABS(L95)<=O95,"Yes","No")) -> Yes | S95: =IF(L95="","",IF(ABS(L95)<=1.96*O95,"Yes","No")) -> Yes | T95: =IF(D95="","",ROUND(SQRT(((D95+G95)*O95/100)^2+(J95*(D95+G95)*0.09179)^2),0)) -> 87
A96: Lehigh | B96: ALLENTOWN | C96: ALLENTOWN 1ST WARD | D96: 510 | E96: 487 | F96: =IF(E96="","",D96-E96) -> 23 | G96: 160 | H96: 191 | I96: =IF(H96="","",G96-H96) -> -31 | J96: =IF(OR(D96="",D96+G96=0),"",D96/(D96+G96)) -> 0.76119403 | K96: =IF(E96="","",E96/(E96+H96)) -> 0.71828909 | L96: =IF(OR(K96="",J96=""),"",(J96-K96)*100) -> 4.2904944 | M96: 4.0874752 | N96: 1.2831364 | O96: =SQRT(M96^2+N96^2) -> 4.2841443 | P96: =IF(J96="","",MAX(0,J96-1.96*O96/100)) -> 0.6772248 | Q96: =IF(J96="","",MIN(1,J96+1.96*O96/100)) -> 0.84516326 | R96: =IF(L96="","",IF(ABS(L96)<=O96,"Yes","No")) -> No | S96: =IF(L96="","",IF(ABS(L96)<=1.96*O96,"Yes","No")) -> Yes | T96: =IF(D96="","",ROUND(SQRT(((D96+G96)*O96/100)^2+(J96*(D96+G96)*0.15542)^2),0)) -> 84
A97: Lehigh | B97: ALLENTOWN | C97: ALLENTOWN 2ND WARD | D97: 470 | E97: 418 | F97: =IF(E97="","",D97-E97) -> 52 | G97: 162 | H97: 181 | I97: =IF(H97="","",G97-H97) -> -19 | J97: =IF(OR(D97="",D97+G97=0),"",D97/(D97+G97)) -> 0.74367089 | K97: =IF(E97="","",E97/(E97+H97)) -> 0.69782972 | L97: =IF(OR(K97="",J97=""),"",(J97-K97)*100) -> 4.584117 | M97: 4.0874752 | N97: 1.2831364 | O97: =SQRT(M97^2+N97^2) -> 4.2841443 | P97: =IF(J97="","",MAX(0,J97-1.96*O97/100)) -> 0.65970166 | Q97: =IF(J97="","",MIN(1,J97+1.96*O97/100)) -> 0.82764012 | R97: =IF(L97="","",IF(ABS(L97)<=O97,"Yes","No")) -> No | S97: =IF(L97="","",IF(ABS(L97)<=1.96*O97,"Yes","No")) -> Yes | T97: =IF(D97="","",ROUND(SQRT(((D97+G97)*O97/100)^2+(J97*(D97+G97)*0.15542)^2),0)) -> 78
A98: Lehigh | B98: ALLENTOWN | C98: ALLENTOWN 3RD WARD | D98: 661 | E98: 677 | F98: =IF(E98="","",D98-E98) -> -16 | G98: 205 | H98: 264 | I98: =IF(H98="","",G98-H98) -> -59 | J98: =IF(OR(D98="",D98+G98=0),"",D98/(D98+G98)) -> 0.76327945 | K98: =IF(E98="","",E98/(E98+H98)) -> 0.7194474 | L98: =IF(OR(K98="",J98=""),"",(J98-K98)*100) -> 4.3832049 | M98: 2.8128054 | N98: 1.2831364 | O98: =SQRT(M98^2+N98^2) -> 3.0916521 | P98: =IF(J98="","",MAX(0,J98-1.96*O98/100)) -> 0.70268306 | Q98: =IF(J98="","",MIN(1,J98+1.96*O98/100)) -> 0.82387583 | R98: =IF(L98="","",IF(ABS(L98)<=O98,"Yes","No")) -> No | S98: =IF(L98="","",IF(ABS(L98)<=1.96*O98,"Yes","No")) -> Yes | T98: =IF(D98="","",ROUND(SQRT(((D98+G98)*O98/100)^2+(J98*(D98+G98)*0.09439)^2),0)) -> 68
A99: Lehigh | B99: ALLENTOWN | C99: ALLENTOWN 4TH WARD | D99: 299 | E99: 283 | F99: =IF(E99="","",D99-E99) -> 16 | G99: 113 | H99: 138 | I99: =IF(H99="","",G99-H99) -> -25 | J99: =IF(OR(D99="",D99+G99=0),"",D99/(D99+G99)) -> 0.72572816 | K99: =IF(E99="","",E99/(E99+H99)) -> 0.67220903 | L99: =IF(OR(K99="",J99=""),"",(J99-K99)*100) -> 5.3519129 | M99: 4.0874752 | N99: 1.2831364 | O99: =SQRT(M99^2+N99^2) -> 4.2841443 | P99: =IF(J99="","",MAX(0,J99-1.96*O99/100)) -> 0.64175893 | Q99: =IF(J99="","",MIN(1,J99+1.96*O99/100)) -> 0.80969738 | R99: =IF(L99="","",IF(ABS(L99)<=O99,"Yes","No")) -> No | S99: =IF(L99="","",IF(ABS(L99)<=1.96*O99,"Yes","No")) -> Yes | T99: =IF(D99="","",ROUND(SQRT(((D99+G99)*O99/100)^2+(J99*(D99+G99)*0.15542)^2),0)) -> 50
A100: Lehigh | B100: ALLENTOWN | C100: ALLENTOWN 5TH WARD | D100: 464 | E100: 447 | F100: =IF(E100="","",D100-E100) -> 17 | G100: 146 | H100: 152 | I100: =IF(H100="","",G100-H100) -> -6 | J100: =IF(OR(D100="",D100+G100=0),"",D100/(D100+G100)) -> 0.76065574 | K100: =IF(E100="","",E100/(E100+H100)) -> 0.74624374 | L100: =IF(OR(K100="",J100=""),"",(J100-K100)*100) -> 1.4411998 | M100: 4.0874752 | N100: 1.2831364 | O100: =SQRT(M100^2+N100^2) -> 4.2841443 | P100: =IF(J100="","",MAX(0,J100-1.96*O100/100)) -> 0.67668651 | Q100: =IF(J100="","",MIN(1,J100+1.96*O100/100)) -> 0.84462497 | R100: =IF(L100="","",IF(ABS(L100)<=O100,"Yes","No")) -> Yes | S100: =IF(L100="","",IF(ABS(L100)<=1.96*O100,"Yes","No")) -> Yes | T100: =IF(D100="","",ROUND(SQRT(((D100+G100)*O100/100)^2+(J100*(D100+G100)*0.15542)^2),0)) -> 77
...

Sheet Backtest 2024 B
A1: County | B1: Municipality | C1: Precinct | D1: Predicted Democratic (Wild) votes | E1: Actual Democratic votes | F1: Error, Democratic votes (predicted minus actual) | G1: Predicted Republican (Mackenzie) votes | H1: Actual Republican votes | I1: Error, Republican votes (predicted minus actual) | J1: Predicted Democratic share of the two-party vote | K1: Actual Democratic share of the two-party vote | L1: Error in Democratic share, percentage points (predicted minus actual) | M1: Error term: place pattern (± pts, from 2018, 2020, 2022) | N1: Error term: district-wide (± pts, from 2018, 2020, 2022) | O1: Error term: total (± pts) | P1: Predicted share, 95% low | Q1: Predicted share, 95% high | R1: Actual inside ±1 error term? | S1: Actual inside 95% range? | T1: Error term: Democratic votes (± votes) | U1: Note
A2: Carbon | B2: BANKS TOWNSHIP | C2: BANKS TOWNSHIP | D2: 156 | E2: 181 | F2: =IF(E2="","",D2-E2) -> -25 | G2: 282 | H2: 284 | I2: =IF(H2="","",G2-H2) -> -2 | J2: =IF(OR(D2="",D2+G2=0),"",D2/(D2+G2)) -> 0.35616438 | K2: =IF(E2="","",E2/(E2+H2)) -> 0.38924731 | L2: =IF(OR(K2="",J2=""),"",(J2-K2)*100) -> -3.3082928 | M2: 4.9543028 | N2: 1.2816717 | O2: =SQRT(M2^2+N2^2) -> 5.1174015 | P2: =IF(J2="","",MAX(0,J2-1.96*O2/100)) -> 0.25586331 | Q2: =IF(J2="","",MIN(1,J2+1.96*O2/100)) -> 0.45646545 | R2: =IF(L2="","",IF(ABS(L2)<=O2,"Yes","No")) -> Yes | S2: =IF(L2="","",IF(ABS(L2)<=1.96*O2,"Yes","No")) -> Yes | T2: =IF(D2="","",ROUND(SQRT(((D2+G2)*O2/100)^2+(J2*(D2+G2)*0.15542)^2),0)) -> 33
A3: Carbon | B3: BEAVER MEADOWS BOROUGH | C3: BEAVER MEADOWS BOROUGH | D3: 99 | E3: 118 | F3: =IF(E3="","",D3-E3) -> -19 | G3: 305 | H3: 298 | I3: =IF(H3="","",G3-H3) -> 7 | J3: =IF(OR(D3="",D3+G3=0),"",D3/(D3+G3)) -> 0.2450495 | K3: =IF(E3="","",E3/(E3+H3)) -> 0.28365385 | L3: =IF(OR(K3="",J3=""),"",(J3-K3)*100) -> -3.8604341 | M3: 4.9543028 | N3: 1.2816717 | O3: =SQRT(M3^2+N3^2) -> 5.1174015 | P3: =IF(J3="","",MAX(0,J3-1.96*O3/100)) -> 0.14474844 | Q3: =IF(J3="","",MIN(1,J3+1.96*O3/100)) -> 0.34535057 | R3: =IF(L3="","",IF(ABS(L3)<=O3,"Yes","No")) -> Yes | S3: =IF(L3="","",IF(ABS(L3)<=1.96*O3,"Yes","No")) -> Yes | T3: =IF(D3="","",ROUND(SQRT(((D3+G3)*O3/100)^2+(J3*(D3+G3)*0.15542)^2),0)) -> 26
A4: Carbon | B4: BOWMANSTOWN BOROUGH | C4: BOWMANSTOWN BOROUGH | D4: 122 | E4: 143 | F4: =IF(E4="","",D4-E4) -> -21 | G4: 281 | H4: 309 | I4: =IF(H4="","",G4-H4) -> -28 | J4: =IF(OR(D4="",D4+G4=0),"",D4/(D4+G4)) -> 0.30272953 | K4: =IF(E4="","",E4/(E4+H4)) -> 0.31637168 | L4: =IF(OR(K4="",J4=""),"",(J4-K4)*100) -> -1.3642153 | M4: 4.9543028 | N4: 1.2816717 | O4: =SQRT(M4^2+N4^2) -> 5.1174015 | P4: =IF(J4="","",MAX(0,J4-1.96*O4/100)) -> 0.20242846 | Q4: =IF(J4="","",MIN(1,J4+1.96*O4/100)) -> 0.4030306 | R4: =IF(L4="","",IF(ABS(L4)<=O4,"Yes","No")) -> Yes | S4: =IF(L4="","",IF(ABS(L4)<=1.96*O4,"Yes","No")) -> Yes | T4: =IF(D4="","",ROUND(SQRT(((D4+G4)*O4/100)^2+(J4*(D4+G4)*0.15542)^2),0)) -> 28
A5: Carbon | B5: EAST PENN TOWNSHIP | C5: EAST PENN TOWNSHIP-NORTH | D5: 193 | E5: 202 | F5: =IF(E5="","",D5-E5) -> -9 | G5: 599 | H5: 640 | I5: =IF(H5="","",G5-H5) -> -41 | J5: =IF(OR(D5="",D5+G5=0),"",D5/(D5+G5)) -> 0.24368687 | K5: =IF(E5="","",E5/(E5+H5)) -> 0.23990499 | L5: =IF(OR(K5="",J5=""),"",(J5-K5)*100) -> 0.37818806 | M5: 3.905858 | N5: 1.2816717 | O5: =SQRT(M5^2+N5^2) -> 4.1107675 | P5: =IF(J5="","",MAX(0,J5-1.96*O5/100)) -> 0.16311583 | Q5: =IF(J5="","",MIN(1,J5+1.96*O5/100)) -> 0.32425791 | R5: =IF(L5="","",IF(ABS(L5)<=O5,"Yes","No")) -> Yes | S5: =IF(L5="","",IF(ABS(L5)<=1.96*O5,"Yes","No")) -> Yes | T5: =IF(D5="","",ROUND(SQRT(((D5+G5)*O5/100)^2+(J5*(D5+G5)*0.09439)^2),0)) -> 37
A6: Carbon | B6: EAST PENN TOWNSHIP | C6: EAST PENN TOWNSHIP-SOUTH | D6: 194 | E6: 232 | F6: =IF(E6="","",D6-E6) -> -38 | G6: 589 | H6: 603 | I6: =IF(H6="","",G6-H6) -> -14 | J6: =IF(OR(D6="",D6+G6=0),"",D6/(D6+G6)) -> 0.24776501 | K6: =IF(E6="","",E6/(E6+H6)) -> 0.27784431 | L6: =IF(OR(K6="",J6=""),"",(J6-K6)*100) -> -3.0079305 | M6: 3.905858 | N6: 1.2816717 | O6: =SQRT(M6^2+N6^2) -> 4.1107675 | P6: =IF(J6="","",MAX(0,J6-1.96*O6/100)) -> 0.16719396 | Q6: =IF(J6="","",MIN(1,J6+1.96*O6/100)) -> 0.32833605 | R6: =IF(L6="","",IF(ABS(L6)<=O6,"Yes","No")) -> Yes | S6: =IF(L6="","",IF(ABS(L6)<=1.96*O6,"Yes","No")) -> Yes | T6: =IF(D6="","",ROUND(SQRT(((D6+G6)*O6/100)^2+(J6*(D6+G6)*0.09439)^2),0)) -> 37
A7: Carbon | B7: EAST SIDE BOROUGH | C7: EAST SIDE BOROUGH | D7: 39 | E7: 38 | F7: =IF(E7="","",D7-E7) -> 1 | G7: 73 | H7: 78 | I7: =IF(H7="","",G7-H7) -> -5 | J7: =IF(OR(D7="",D7+G7=0),"",D7/(D7+G7)) -> 0.34821429 | K7: =IF(E7="","",E7/(E7+H7)) -> 0.32758621 | L7: =IF(OR(K7="",J7=""),"",(J7-K7)*100) -> 2.0628079 | M7: 4.9543028 | N7: 1.2816717 | O7: =SQRT(M7^2+N7^2) -> 5.1174015 | P7: =IF(J7="","",MAX(0,J7-1.96*O7/100)) -> 0.24791322 | Q7: =IF(J7="","",MIN(1,J7+1.96*O7/100)) -> 0.44851536 | R7: =IF(L7="","",IF(ABS(L7)<=O7,"Yes","No")) -> Yes | S7: =IF(L7="","",IF(ABS(L7)<=1.96*O7,"Yes","No")) -> Yes | T7: =IF(D7="","",ROUND(SQRT(((D7+G7)*O7/100)^2+(J7*(D7+G7)*0.15542)^2),0)) -> 8
A8: Carbon | B8: FRANKLIN TOWNSHIP | C8: FRANKLIN TOWNSHIP-HARRITY | D8: 255 | E8: 301 | F8: =IF(E8="","",D8-E8) -> -46 | G8: 754 | H8: 760 | I8: =IF(H8="","",G8-H8) -> -6 | J8: =IF(OR(D8="",D8+G8=0),"",D8/(D8+G8)) -> 0.25272547 | K8: =IF(E8="","",E8/(E8+H8)) -> 0.28369463 | L8: =IF(OR(K8="",J8=""),"",(J8-K8)*100) -> -3.0969157 | M8: 3.905858 | N8: 1.2816717 | O8: =SQRT(M8^2+N8^2) -> 4.1107675 | P8: =IF(J8="","",MAX(0,J8-1.96*O8/100)) -> 0.17215443 | Q8: =IF(J8="","",MIN(1,J8+1.96*O8/100)) -> 0.33329651 | R8: =IF(L8="","",IF(ABS(L8)<=O8,"Yes","No")) -> Yes | S8: =IF(L8="","",IF(ABS(L8)<=1.96*O8,"Yes","No")) -> Yes | T8: =IF(D8="","",ROUND(SQRT(((D8+G8)*O8/100)^2+(J8*(D8+G8)*0.09439)^2),0)) -> 48
A9: Carbon | B9: FRANKLIN TOWNSHIP | C9: FRANKLIN TOWNSHIP-IND DIST | D9: 147 | E9: 164 | F9: =IF(E9="","",D9-E9) -> -17 | G9: 441 | H9: 450 | I9: =IF(H9="","",G9-H9) -> -9 | J9: =IF(OR(D9="",D9+G9=0),"",D9/(D9+G9)) -> 0.25 | K9: =IF(E9="","",E9/(E9+H9)) -> 0.26710098 | L9: =IF(OR(K9="",J9=""),"",(J9-K9)*100) -> -1.7100977 | M9: 4.9543028 | N9: 1.2816717 | O9: =SQRT(M9^2+N9^2) -> 5.1174015 | P9: =IF(J9="","",MAX(0,J9-1.96*O9/100)) -> 0.14969893 | Q9: =IF(J9="","",MIN(1,J9+1.96*O9/100)) -> 0.35030107 | R9: =IF(L9="","",IF(ABS(L9)<=O9,"Yes","No")) -> Yes | S9: =IF(L9="","",IF(ABS(L9)<=1.96*O9,"Yes","No")) -> Yes | T9: =IF(D9="","",ROUND(SQRT(((D9+G9)*O9/100)^2+(J9*(D9+G9)*0.15542)^2),0)) -> 38
A10: Carbon | B10: FRANKLIN TOWNSHIP | C10: FRANKLIN TOWNSHIP-LONG RUN | D10: 201 | E10: 235 | F10: =IF(E10="","",D10-E10) -> -34 | G10: 637 | H10: 626 | I10: =IF(H10="","",G10-H10) -> 11 | J10: =IF(OR(D10="",D10+G10=0),"",D10/(D10+G10)) -> 0.2398568 | K10: =IF(E10="","",E10/(E10+H10)) -> 0.27293844 | L10: =IF(OR(K10="",J10=""),"",(J10-K10)*100) -> -3.3081642 | M10: 3.905858 | N10: 1.2816717 | O10: =SQRT(M10^2+N10^2) -> 4.1107675 | P10: =IF(J10="","",MAX(0,J10-1.96*O10/100)) -> 0.15928576 | Q10: =IF(J10="","",MIN(1,J10+1.96*O10/100)) -> 0.32042784 | R10: =IF(L10="","",IF(ABS(L10)<=O10,"Yes","No")) -> Yes | S10: =IF(L10="","",IF(ABS(L10)<=1.96*O10,"Yes","No")) -> Yes | T10: =IF(D10="","",ROUND(SQRT(((D10+G10)*O10/100)^2+(J10*(D10+G10)*0.09439)^2),0)) -> 39
A11: Carbon | B11: JIM THORPE BOROUGH | C11: JIM THORPE BOROUGH-1ST | D11: 215 | E11: 229 | F11: =IF(E11="","",D11-E11) -> -14 | G11: 280 | H11: 297 | I11: =IF(H11="","",G11-H11) -> -17 | J11: =IF(OR(D11="",D11+G11=0),"",D11/(D11+G11)) -> 0.43434343 | K11: =IF(E11="","",E11/(E11+H11)) -> 0.43536122 | L11: =IF(OR(K11="",J11=""),"",(J11-K11)*100) -> -0.10177824 | M11: 4.9543028 | N11: 1.2816717 | O11: =SQRT(M11^2+N11^2) -> 5.1174015 | P11: =IF(J11="","",MAX(0,J11-1.96*O11/100)) -> 0.33404236 | Q11: =IF(J11="","",MIN(1,J11+1.96*O11/100)) -> 0.5346445 | R11: =IF(L11="","",IF(ABS(L11)<=O11,"Yes","No")) -> Yes | S11: =IF(L11="","",IF(ABS(L11)<=1.96*O11,"Yes","No")) -> Yes | T11: =IF(D11="","",ROUND(SQRT(((D11+G11)*O11/100)^2+(J11*(D11+G11)*0.15542)^2),0)) -> 42
A12: Carbon | B12: JIM THORPE BOROUGH | C12: JIM THORPE BOROUGH-2ND | D12: 158 | E12: 163 | F12: =IF(E12="","",D12-E12) -> -5 | G12: 212 | H12: 226 | I12: =IF(H12="","",G12-H12) -> -14 | J12: =IF(OR(D12="",D12+G12=0),"",D12/(D12+G12)) -> 0.42702703 | K12: =IF(E12="","",E12/(E12+H12)) -> 0.41902314 | L12: =IF(OR(K12="",J12=""),"",(J12-K12)*100) -> 0.80038908 | M12: 4.9543028 | N12: 1.2816717 | O12: =SQRT(M12^2+N12^2) -> 5.1174015 | P12: =IF(J12="","",MAX(0,J12-1.96*O12/100)) -> 0.32672596 | Q12: =IF(J12="","",MIN(1,J12+1.96*O12/100)) -> 0.5273281 | R12: =IF(L12="","",IF(ABS(L12)<=O12,"Yes","No")) -> Yes | S12: =IF(L12="","",IF(ABS(L12)<=1.96*O12,"Yes","No")) -> Yes | T12: =IF(D12="","",ROUND(SQRT(((D12+G12)*O12/100)^2+(J12*(D12+G12)*0.15542)^2),0)) -> 31
A13: Carbon | B13: JIM THORPE BOROUGH | C13: JIM THORPE BOROUGH-3RD | D13: 273 | E13: 286 | F13: =IF(E13="","",D13-E13) -> -13 | G13: 452 | H13: 464 | I13: =IF(H13="","",G13-H13) -> -12 | J13: =IF(OR(D13="",D13+G13=0),"",D13/(D13+G13)) -> 0.37655172 | K13: =IF(E13="","",E13/(E13+H13)) -> 0.38133333 | L13: =IF(OR(K13="",J13=""),"",(J13-K13)*100) -> -0.47816092 | M13: 4.9543028 | N13: 1.2816717 | O13: =SQRT(M13^2+N13^2) -> 5.1174015 | P13: =IF(J13="","",MAX(0,J13-1.96*O13/100)) -> 0.27625065 | Q13: =IF(J13="","",MIN(1,J13+1.96*O13/100)) -> 0.47685279 | R13: =IF(L13="","",IF(ABS(L13)<=O13,"Yes","No")) -> Yes | S13: =IF(L13="","",IF(ABS(L13)<=1.96*O13,"Yes","No")) -> Yes | T13: =IF(D13="","",ROUND(SQRT(((D13+G13)*O13/100)^2+(J13*(D13+G13)*0.15542)^2),0)) -> 56
A14: Carbon | B14: JIM THORPE BOROUGH | C14: JIM THORPE BOROUGH-4TH | D14: 125 | E14: 138 | F14: =IF(E14="","",D14-E14) -> -13 | G14: 124 | H14: 134 | I14: =IF(H14="","",G14-H14) -> -10 | J14: =IF(OR(D14="",D14+G14=0),"",D14/(D14+G14)) -> 0.50200803 | K14: =IF(E14="","",E14/(E14+H14)) -> 0.50735294 | L14: =IF(OR(K14="",J14=""),"",(J14-K14)*100) -> -0.5344909 | M14: 4.9543028 | N14: 1.2816717 | O14: =SQRT(M14^2+N14^2) -> 5.1174015 | P14: =IF(J14="","",MAX(0,J14-1.96*O14/100)) -> 0.40170696 | Q14: =IF(J14="","",MIN(1,J14+1.96*O14/100)) -> 0.6023091 | R14: =IF(L14="","",IF(ABS(L14)<=O14,"Yes","No")) -> Yes | S14: =IF(L14="","",IF(ABS(L14)<=1.96*O14,"Yes","No")) -> Yes | T14: =IF(D14="","",ROUND(SQRT(((D14+G14)*O14/100)^2+(J14*(D14+G14)*0.15542)^2),0)) -> 23
A15: Carbon | B15: JIM THORPE BOROUGH | C15: JIM THORPE BOROUGH-5TH | D15: 264 | E15: 275 | F15: =IF(E15="","",D15-E15) -> -11 | G15: 328 | H15: 352 | I15: =IF(H15="","",G15-H15) -> -24 | J15: =IF(OR(D15="",D15+G15=0),"",D15/(D15+G15)) -> 0.44594595 | K15: =IF(E15="","",E15/(E15+H15)) -> 0.43859649 | L15: =IF(OR(K15="",J15=""),"",(J15-K15)*100) -> 0.73494547 | M15: 4.9543028 | N15: 1.2816717 | O15: =SQRT(M15^2+N15^2) -> 5.1174015 | P15: =IF(J15="","",MAX(0,J15-1.96*O15/100)) -> 0.34564488 | Q15: =IF(J15="","",MIN(1,J15+1.96*O15/100)) -> 0.54624702 | R15: =IF(L15="","",IF(ABS(L15)<=O15,"Yes","No")) -> Yes | S15: =IF(L15="","",IF(ABS(L15)<=1.96*O15,"Yes","No")) -> Yes | T15: =IF(D15="","",ROUND(SQRT(((D15+G15)*O15/100)^2+(J15*(D15+G15)*0.15542)^2),0)) -> 51
A16: Carbon | B16: KIDDER TOWNSHIP | C16: KIDDER TOWNSHIP-NORTH | D16: 105 | E16: 120 | F16: =IF(E16="","",D16-E16) -> -15 | G16: 221 | H16: 202 | I16: =IF(H16="","",G16-H16) -> 19 | J16: =IF(OR(D16="",D16+G16=0),"",D16/(D16+G16)) -> 0.32208589 | K16: =IF(E16="","",E16/(E16+H16)) -> 0.37267081 | L16: =IF(OR(K16="",J16=""),"",(J16-K16)*100) -> -5.0584918 | M16: 4.9543028 | N16: 1.2816717 | O16: =SQRT(M16^2+N16^2) -> 5.1174015 | P16: =IF(J16="","",MAX(0,J16-1.96*O16/100)) -> 0.22178482 | Q16: =IF(J16="","",MIN(1,J16+1.96*O16/100)) -> 0.42238696 | R16: =IF(L16="","",IF(ABS(L16)<=O16,"Yes","No")) -> Yes | S16: =IF(L16="","",IF(ABS(L16)<=1.96*O16,"Yes","No")) -> Yes | T16: =IF(D16="","",ROUND(SQRT(((D16+G16)*O16/100)^2+(J16*(D16+G16)*0.15542)^2),0)) -> 23
A17: Carbon | B17: KIDDER TOWNSHIP | C17: KIDDER TOWNSHIP-SOUTH | D17: 206 | E17: 227 | F17: =IF(E17="","",D17-E17) -> -21 | G17: 510 | H17: 484 | I17: =IF(H17="","",G17-H17) -> 26 | J17: =IF(OR(D17="",D17+G17=0),"",D17/(D17+G17)) -> 0.2877095 | K17: =IF(E17="","",E17/(E17+H17)) -> 0.31926864 | L17: =IF(OR(K17="",J17=""),"",(J17-K17)*100) -> -3.1559139 | M17: 4.9543028 | N17: 1.2816717 | O17: =SQRT(M17^2+N17^2) -> 5.1174015 | P17: =IF(J17="","",MAX(0,J17-1.96*O17/100)) -> 0.18740843 | Q17: =IF(J17="","",MIN(1,J17+1.96*O17/100)) -> 0.38801057 | R17: =IF(L17="","",IF(ABS(L17)<=O17,"Yes","No")) -> Yes | S17: =IF(L17="","",IF(ABS(L17)<=1.96*O17,"Yes","No")) -> Yes | T17: =IF(D17="","",ROUND(SQRT(((D17+G17)*O17/100)^2+(J17*(D17+G17)*0.15542)^2),0)) -> 49
A18: Carbon | B18: LANSFORD BOROUGH | C18: LANSFORD BOROUGH - EAST WARD | D18: 266 | E18: 249 | F18: =IF(E18="","",D18-E18) -> 17 | G18: 387 | H18: 392 | I18: =IF(H18="","",G18-H18) -> -5 | J18: =IF(OR(D18="",D18+G18=0),"",D18/(D18+G18)) -> 0.40735069 | K18: =IF(E18="","",E18/(E18+H18)) -> 0.38845554 | L18: =IF(OR(K18="",J18=""),"",(J18-K18)*100) -> 1.8895151 | M18: 4.9543028 | N18: 1.2816717 | O18: =SQRT(M18^2+N18^2) -> 5.1174015 | P18: =IF(J18="","",MAX(0,J18-1.96*O18/100)) -> 0.30704962 | Q18: =IF(J18="","",MIN(1,J18+1.96*O18/100)) -> 0.50765176 | R18: =IF(L18="","",IF(ABS(L18)<=O18,"Yes","No")) -> Yes | S18: =IF(L18="","",IF(ABS(L18)<=1.96*O18,"Yes","No")) -> Yes | T18: =IF(D18="","",ROUND(SQRT(((D18+G18)*O18/100)^2+(J18*(D18+G18)*0.15542)^2),0)) -> 53
A19: Carbon | B19: LANSFORD BOROUGH | C19: LANSFORD BOROUGH-MIDDLE WARD | D19: 165 | E19: 152 | F19: =IF(E19="","",D19-E19) -> 13 | G19: 244 | H19: 246 | I19: =IF(H19="","",G19-H19) -> -2 | J19: =IF(OR(D19="",D19+G19=0),"",D19/(D19+G19)) -> 0.40342298 | K19: =IF(E19="","",E19/(E19+H19)) -> 0.38190955 | L19: =IF(OR(K19="",J19=""),"",(J19-K19)*100) -> 2.1513435 | M19: 4.9543028 | N19: 1.2816717 | O19: =SQRT(M19^2+N19^2) -> 5.1174015 | P19: =IF(J19="","",MAX(0,J19-1.96*O19/100)) -> 0.30312191 | Q19: =IF(J19="","",MIN(1,J19+1.96*O19/100)) -> 0.50372405 | R19: =IF(L19="","",IF(ABS(L19)<=O19,"Yes","No")) -> Yes | S19: =IF(L19="","",IF(ABS(L19)<=1.96*O19,"Yes","No")) -> Yes | T19: =IF(D19="","",ROUND(SQRT(((D19+G19)*O19/100)^2+(J19*(D19+G19)*0.15542)^2),0)) -> 33
A20: Carbon | B20: LANSFORD BOROUGH | C20: LANSFORD BOROUGH-WEST WARD | D20: 151 | E20: 165 | F20: =IF(E20="","",D20-E20) -> -14 | G20: 196 | H20: 237 | I20: =IF(H20="","",G20-H20) -> -41 | J20: =IF(OR(D20="",D20+G20=0),"",D20/(D20+G20)) -> 0.4351585 | K20: =IF(E20="","",E20/(E20+H20)) -> 0.41044776 | L20: =IF(OR(K20="",J20=""),"",(J20-K20)*100) -> 2.471074 | M20: 4.9543028 | N20: 1.2816717 | O20: =SQRT(M20^2+N20^2) -> 5.1174015 | P20: =IF(J20="","",MAX(0,J20-1.96*O20/100)) -> 0.33485743 | Q20: =IF(J20="","",MIN(1,J20+1.96*O20/100)) -> 0.53545957 | R20: =IF(L20="","",IF(ABS(L20)<=O20,"Yes","No")) -> Yes | S20: =IF(L20="","",IF(ABS(L20)<=1.96*O20,"Yes","No")) -> Yes | T20: =IF(D20="","",ROUND(SQRT(((D20+G20)*O20/100)^2+(J20*(D20+G20)*0.15542)^2),0)) -> 29
A21: Carbon | B21: LAUSANNE TOWNSHIP | C21: LAUSANNE TOWNSHIP | D21: 38 | E21: 38 | F21: =IF(E21="","",D21-E21) -> 0 | G21: 101 | H21: 106 | I21: =IF(H21="","",G21-H21) -> -5 | J21: =IF(OR(D21="",D21+G21=0),"",D21/(D21+G21)) -> 0.27338129 | K21: =IF(E21="","",E21/(E21+H21)) -> 0.26388889 | L21: =IF(OR(K21="",J21=""),"",(J21-K21)*100) -> 0.94924061 | M21: 4.9543028 | N21: 1.2816717 | O21: =SQRT(M21^2+N21^2) -> 5.1174015 | P21: =IF(J21="","",MAX(0,J21-1.96*O21/100)) -> 0.17308023 | Q21: =IF(J21="","",MIN(1,J21+1.96*O21/100)) -> 0.37368236 | R21: =IF(L21="","",IF(ABS(L21)<=O21,"Yes","No")) -> Yes | S21: =IF(L21="","",IF(ABS(L21)<=1.96*O21,"Yes","No")) -> Yes | T21: =IF(D21="","",ROUND(SQRT(((D21+G21)*O21/100)^2+(J21*(D21+G21)*0.15542)^2),0)) -> 9
A22: Carbon | B22: LEHIGH TOWNSHIP | C22: LEHIGH TOWNSHIP | D22: 46 | E22: 58 | F22: =IF(E22="","",D22-E22) -> -12 | G22: 218 | H22: 214 | I22: =IF(H22="","",G22-H22) -> 4 | J22: =IF(OR(D22="",D22+G22=0),"",D22/(D22+G22)) -> 0.17424242 | K22: =IF(E22="","",E22/(E22+H22)) -> 0.21323529 | L22: =IF(OR(K22="",J22=""),"",(J22-K22)*100) -> -3.899287 | M22: 4.9543028 | N22: 1.2816717 | O22: =SQRT(M22^2+N22^2) -> 5.1174015 | P22: =IF(J22="","",MAX(0,J22-1.96*O22/100)) -> 0.073941354 | Q22: =IF(J22="","",MIN(1,J22+1.96*O22/100)) -> 0.27454349 | R22: =IF(L22="","",IF(ABS(L22)<=O22,"Yes","No")) -> Yes | S22: =IF(L22="","",IF(ABS(L22)<=1.96*O22,"Yes","No")) -> Yes | T22: =IF(D22="","",ROUND(SQRT(((D22+G22)*O22/100)^2+(J22*(D22+G22)*0.15542)^2),0)) -> 15
A23: Carbon | B23: LEHIGHTON BOROUGH | C23: LEHIGHTON BOROUGH-1ST | D23: 300 | E23: 321 | F23: =IF(E23="","",D23-E23) -> -21 | G23: 485 | H23: 498 | I23: =IF(H23="","",G23-H23) -> -13 | J23: =IF(OR(D23="",D23+G23=0),"",D23/(D23+G23)) -> 0.38216561 | K23: =IF(E23="","",E23/(E23+H23)) -> 0.39194139 | L23: =IF(OR(K23="",J23=""),"",(J23-K23)*100) -> -0.97757868 | M23: 3.905858 | N23: 1.2816717 | O23: =SQRT(M23^2+N23^2) -> 4.1107675 | P23: =IF(J23="","",MAX(0,J23-1.96*O23/100)) -> 0.30159456 | Q23: =IF(J23="","",MIN(1,J23+1.96*O23/100)) -> 0.46273665 | R23: =IF(L23="","",IF(ABS(L23)<=O23,"Yes","No")) -> Yes | S23: =IF(L23="","",IF(ABS(L23)<=1.96*O23,"Yes","No")) -> Yes | T23: =IF(D23="","",ROUND(SQRT(((D23+G23)*O23/100)^2+(J23*(D23+G23)*0.09439)^2),0)) -> 43
A24: Carbon | B24: LEHIGHTON BOROUGH | C24: LEHIGHTON BOROUGH-2ND | D24: 281 | E24: 288 | F24: =IF(E24="","",D24-E24) -> -7 | G24: 423 | H24: 448 | I24: =IF(H24="","",G24-H24) -> -25 | J24: =IF(OR(D24="",D24+G24=0),"",D24/(D24+G24)) -> 0.39914773 | K24: =IF(E24="","",E24/(E24+H24)) -> 0.39130435 | L24: =IF(OR(K24="",J24=""),"",(J24-K24)*100) -> 0.78433794 | M24: 4.9543028 | N24: 1.2816717 | O24: =SQRT(M24^2+N24^2) -> 5.1174015 | P24: =IF(J24="","",MAX(0,J24-1.96*O24/100)) -> 0.29884666 | Q24: =IF(J24="","",MIN(1,J24+1.96*O24/100)) -> 0.4994488 | R24: =IF(L24="","",IF(ABS(L24)<=O24,"Yes","No")) -> Yes | S24: =IF(L24="","",IF(ABS(L24)<=1.96*O24,"Yes","No")) -> Yes | T24: =IF(D24="","",ROUND(SQRT(((D24+G24)*O24/100)^2+(J24*(D24+G24)*0.15542)^2),0)) -> 57
A25: Carbon | B25: LEHIGHTON BOROUGH | C25: LEHIGHTON BOROUGH-3RD | D25: 296 | E25: 317 | F25: =IF(E25="","",D25-E25) -> -21 | G25: 479 | H25: 527 | I25: =IF(H25="","",G25-H25) -> -48 | J25: =IF(OR(D25="",D25+G25=0),"",D25/(D25+G25)) -> 0.38193548 | K25: =IF(E25="","",E25/(E25+H25)) -> 0.37559242 | L25: =IF(OR(K25="",J25=""),"",(J25-K25)*100) -> 0.63430668 | M25: 3.905858 | N25: 1.2816717 | O25: =SQRT(M25^2+N25^2) -> 4.1107675 | P25: =IF(J25="","",MAX(0,J25-1.96*O25/100)) -> 0.30136444 | Q25: =IF(J25="","",MIN(1,J25+1.96*O25/100)) -> 0.46250653 | R25: =IF(L25="","",IF(ABS(L25)<=O25,"Yes","No")) -> Yes | S25: =IF(L25="","",IF(ABS(L25)<=1.96*O25,"Yes","No")) -> Yes | T25: =IF(D25="","",ROUND(SQRT(((D25+G25)*O25/100)^2+(J25*(D25+G25)*0.09439)^2),0)) -> 42
A26: Carbon | B26: LOWER TOWAMENSING TOWNSHIP | C26: LOWER TOWAMENSING TWP.-NORTH | D26: 283 | E26: 285 | F26: =IF(E26="","",D26-E26) -> -2 | G26: 722 | H26: 760 | I26: =IF(H26="","",G26-H26) -> -38 | J26: =IF(OR(D26="",D26+G26=0),"",D26/(D26+G26)) -> 0.28159204 | K26: =IF(E26="","",E26/(E26+H26)) -> 0.27272727 | L26: =IF(OR(K26="",J26=""),"",(J26-K26)*100) -> 0.88647671 | M26: 3.905858 | N26: 1.2816717 | O26: =SQRT(M26^2+N26^2) -> 4.1107675 | P26: =IF(J26="","",MAX(0,J26-1.96*O26/100)) -> 0.201021 | Q26: =IF(J26="","",MIN(1,J26+1.96*O26/100)) -> 0.36216308 | R26: =IF(L26="","",IF(ABS(L26)<=O26,"Yes","No")) -> Yes | S26: =IF(L26="","",IF(ABS(L26)<=1.96*O26,"Yes","No")) -> Yes | T26: =IF(D26="","",ROUND(SQRT(((D26+G26)*O26/100)^2+(J26*(D26+G26)*0.09439)^2),0)) -> 49
A27: Carbon | B27: LOWER TOWAMENSING TOWNSHIP | C27: LOWER TOWAMENSING TWP.-SOUTH | D27: 204 | E27: 228 | F27: =IF(E27="","",D27-E27) -> -24 | G27: 471 | H27: 522 | I27: =IF(H27="","",G27-H27) -> -51 | J27: =IF(OR(D27="",D27+G27=0),"",D27/(D27+G27)) -> 0.30222222 | K27: =IF(E27="","",E27/(E27+H27)) -> 0.304 | L27: =IF(OR(K27="",J27=""),"",(J27-K27)*100) -> -0.17777778 | M27: 4.9543028 | N27: 1.2816717 | O27: =SQRT(M27^2+N27^2) -> 5.1174015 | P27: =IF(J27="","",MAX(0,J27-1.96*O27/100)) -> 0.20192115 | Q27: =IF(J27="","",MIN(1,J27+1.96*O27/100)) -> 0.40252329 | R27: =IF(L27="","",IF(ABS(L27)<=O27,"Yes","No")) -> Yes | S27: =IF(L27="","",IF(ABS(L27)<=1.96*O27,"Yes","No")) -> Yes | T27: =IF(D27="","",ROUND(SQRT(((D27+G27)*O27/100)^2+(J27*(D27+G27)*0.15542)^2),0)) -> 47
A28: Carbon | B28: MAHONING TOWNSHIP | C28: MAHONING TOWNSHIP - NEW MAHONING | D28: 125 | E28: 135 | F28: =IF(E28="","",D28-E28) -> -10 | G28: 392 | H28: 395 | I28: =IF(H28="","",G28-H28) -> -3 | J28: =IF(OR(D28="",D28+G28=0),"",D28/(D28+G28)) -> 0.2417795 | K28: =IF(E28="","",E28/(E28+H28)) -> 0.25471698 | L28: =IF(OR(K28="",J28=""),"",(J28-K28)*100) -> -1.2937484 | M28: 4.9543028 | N28: 1.2816717 | O28: =SQRT(M28^2+N28^2) -> 5.1174015 | P28: =IF(J28="","",MAX(0,J28-1.96*O28/100)) -> 0.14147843 | Q28: =IF(J28="","",MIN(1,J28+1.96*O28/100)) -> 0.34208057 | R28: =IF(L28="","",IF(ABS(L28)<=O28,"Yes","No")) -> Yes | S28: =IF(L28="","",IF(ABS(L28)<=1.96*O28,"Yes","No")) -> Yes | T28: =IF(D28="","",ROUND(SQRT(((D28+G28)*O28/100)^2+(J28*(D28+G28)*0.15542)^2),0)) -> 33
A29: Carbon | B29: MAHONING TOWNSHIP | C29: MAHONING TOWNSHIP - PACKERTON/JAMESTOWN | D29: 109 | E29: 124 | F29: =IF(E29="","",D29-E29) -> -15 | G29: 286 | H29: 298 | I29: =IF(H29="","",G29-H29) -> -12 | J29: =IF(OR(D29="",D29+G29=0),"",D29/(D29+G29)) -> 0.27594937 | K29: =IF(E29="","",E29/(E29+H29)) -> 0.29383886 | L29: =IF(OR(K29="",J29=""),"",(J29-K29)*100) -> -1.7889495 | M29: 4.9543028 | N29: 1.2816717 | O29: =SQRT(M29^2+N29^2) -> 5.1174015 | P29: =IF(J29="","",MAX(0,J29-1.96*O29/100)) -> 0.1756483 | Q29: =IF(J29="","",MIN(1,J29+1.96*O29/100)) -> 0.37625044 | R29: =IF(L29="","",IF(ABS(L29)<=O29,"Yes","No")) -> Yes | S29: =IF(L29="","",IF(ABS(L29)<=1.96*O29,"Yes","No")) -> Yes | T29: =IF(D29="","",ROUND(SQRT(((D29+G29)*O29/100)^2+(J29*(D29+G29)*0.15542)^2),0)) -> 26
A30: Carbon | B30: MAHONING TOWNSHIP | C30: MAHONING TOWNSHIP-MAHONING | D30: 343 | E30: 424 | F30: =IF(E30="","",D30-E30) -> -81 | G30: 934 | H30: 988 | I30: =IF(H30="","",G30-H30) -> -54 | J30: =IF(OR(D30="",D30+G30=0),"",D30/(D30+G30)) -> 0.26859828 | K30: =IF(E30="","",E30/(E30+H30)) -> 0.30028329 | L30: =IF(OR(K30="",J30=""),"",(J30-K30)*100) -> -3.1685009 | M30: 3.815931 | N30: 1.2816717 | O30: =SQRT(M30^2+N30^2) -> 4.0254207 | P30: =IF(J30="","",MAX(0,J30-1.96*O30/100)) -> 0.18970003 | Q30: =IF(J30="","",MIN(1,J30+1.96*O30/100)) -> 0.34749652 | R30: =IF(L30="","",IF(ABS(L30)<=O30,"Yes","No")) -> Yes | S30: =IF(L30="","",IF(ABS(L30)<=1.96*O30,"Yes","No")) -> Yes | T30: =IF(D30="","",ROUND(SQRT(((D30+G30)*O30/100)^2+(J30*(D30+G30)*0.09179)^2),0)) -> 60
A31: Carbon | B31: NESQUEHONING BOROUGH | C31: NESQUEHONING BOROUGH-EAST | D31: 280 | E31: 279 | F31: =IF(E31="","",D31-E31) -> 1 | G31: 424 | H31: 445 | I31: =IF(H31="","",G31-H31) -> -21 | J31: =IF(OR(D31="",D31+G31=0),"",D31/(D31+G31)) -> 0.39772727 | K31: =IF(E31="","",E31/(E31+H31)) -> 0.38535912 | L31: =IF(OR(K31="",J31=""),"",(J31-K31)*100) -> 1.2368157 | M31: 4.9543028 | N31: 1.2816717 | O31: =SQRT(M31^2+N31^2) -> 5.1174015 | P31: =IF(J31="","",MAX(0,J31-1.96*O31/100)) -> 0.2974262 | Q31: =IF(J31="","",MIN(1,J31+1.96*O31/100)) -> 0.49802834 | R31: =IF(L31="","",IF(ABS(L31)<=O31,"Yes","No")) -> Yes | S31: =IF(L31="","",IF(ABS(L31)<=1.96*O31,"Yes","No")) -> Yes | T31: =IF(D31="","",ROUND(SQRT(((D31+G31)*O31/100)^2+(J31*(D31+G31)*0.15542)^2),0)) -> 56
A32: Carbon | B32: NESQUEHONING BOROUGH | C32: NESQUEHONING BOROUGH-WEST | D32: 279 | E32: 309 | F32: =IF(E32="","",D32-E32) -> -30 | G32: 474 | H32: 488 | I32: =IF(H32="","",G32-H32) -> -14 | J32: =IF(OR(D32="",D32+G32=0),"",D32/(D32+G32)) -> 0.37051793 | K32: =IF(E32="","",E32/(E32+H32)) -> 0.38770389 | L32: =IF(OR(K32="",J32=""),"",(J32-K32)*100) -> -1.7185961 | M32: 4.9543028 | N32: 1.2816717 | O32: =SQRT(M32^2+N32^2) -> 5.1174015 | P32: =IF(J32="","",MAX(0,J32-1.96*O32/100)) -> 0.27021686 | Q32: =IF(J32="","",MIN(1,J32+1.96*O32/100)) -> 0.470819 | R32: =IF(L32="","",IF(ABS(L32)<=O32,"Yes","No")) -> Yes | S32: =IF(L32="","",IF(ABS(L32)<=1.96*O32,"Yes","No")) -> Yes | T32: =IF(D32="","",ROUND(SQRT(((D32+G32)*O32/100)^2+(J32*(D32+G32)*0.15542)^2),0)) -> 58
A33: Carbon | B33: PACKER TOWNSHIP | C33: PACKER TOWNSHIP | D33: 101 | E33: 134 | F33: =IF(E33="","",D33-E33) -> -33 | G33: 494 | H33: 503 | I33: =IF(H33="","",G33-H33) -> -9 | J33: =IF(OR(D33="",D33+G33=0),"",D33/(D33+G33)) -> 0.1697479 | K33: =IF(E33="","",E33/(E33+H33)) -> 0.21036107 | L33: =IF(OR(K33="",J33=""),"",(J33-K33)*100) -> -4.0613168 | M33: 4.9543028 | N33: 1.2816717 | O33: =SQRT(M33^2+N33^2) -> 5.1174015 | P33: =IF(J33="","",MAX(0,J33-1.96*O33/100)) -> 0.069446829 | Q33: =IF(J33="","",MIN(1,J33+1.96*O33/100)) -> 0.27004897 | R33: =IF(L33="","",IF(ABS(L33)<=O33,"Yes","No")) -> Yes | S33: =IF(L33="","",IF(ABS(L33)<=1.96*O33,"Yes","No")) -> Yes | T33: =IF(D33="","",ROUND(SQRT(((D33+G33)*O33/100)^2+(J33*(D33+G33)*0.15542)^2),0)) -> 34
A34: Carbon | B34: PALMERTON BOROUGH | C34: PALMERTON BOROUGH-EASTERN | D34: 287 | E34: 281 | F34: =IF(E34="","",D34-E34) -> 6 | G34: 582 | H34: 592 | I34: =IF(H34="","",G34-H34) -> -10 | J34: =IF(OR(D34="",D34+G34=0),"",D34/(D34+G34)) -> 0.33026467 | K34: =IF(E34="","",E34/(E34+H34)) -> 0.32187858 | L34: =IF(OR(K34="",J34=""),"",(J34-K34)*100) -> 0.83860924 | M34: 3.905858 | N34: 1.2816717 | O34: =SQRT(M34^2+N34^2) -> 4.1107675 | P34: =IF(J34="","",MAX(0,J34-1.96*O34/100)) -> 0.24969363 | Q34: =IF(J34="","",MIN(1,J34+1.96*O34/100)) -> 0.41083571 | R34: =IF(L34="","",IF(ABS(L34)<=O34,"Yes","No")) -> Yes | S34: =IF(L34="","",IF(ABS(L34)<=1.96*O34,"Yes","No")) -> Yes | T34: =IF(D34="","",ROUND(SQRT(((D34+G34)*O34/100)^2+(J34*(D34+G34)*0.09439)^2),0)) -> 45
A35: Carbon | B35: PALMERTON BOROUGH | C35: PALMERTON BOROUGH-MIDDLE | D35: 474 | E35: 467 | F35: =IF(E35="","",D35-E35) -> 7 | G35: 802 | H35: 782 | I35: =IF(H35="","",G35-H35) -> 20 | J35: =IF(OR(D35="",D35+G35=0),"",D35/(D35+G35)) -> 0.37147335 | K35: =IF(E35="","",E35/(E35+H35)) -> 0.37389912 | L35: =IF(OR(K35="",J35=""),"",(J35-K35)*100) -> -0.24257651 | M35: 3.815931 | N35: 1.2816717 | O35: =SQRT(M35^2+N35^2) -> 4.0254207 | P35: =IF(J35="","",MAX(0,J35-1.96*O35/100)) -> 0.29257511 | Q35: =IF(J35="","",MIN(1,J35+1.96*O35/100)) -> 0.4503716 | R35: =IF(L35="","",IF(ABS(L35)<=O35,"Yes","No")) -> Yes | S35: =IF(L35="","",IF(ABS(L35)<=1.96*O35,"Yes","No")) -> Yes | T35: =IF(D35="","",ROUND(SQRT(((D35+G35)*O35/100)^2+(J35*(D35+G35)*0.09179)^2),0)) -> 67
A36: Carbon | B36: PALMERTON BOROUGH | C36: PALMERTON BOROUGH-WESTERN | D36: 140 | E36: 136 | F36: =IF(E36="","",D36-E36) -> 4 | G36: 275 | H36: 278 | I36: =IF(H36="","",G36-H36) -> -3 | J36: =IF(OR(D36="",D36+G36=0),"",D36/(D36+G36)) -> 0.3373494 | K36: =IF(E36="","",E36/(E36+H36)) -> 0.32850242 | L36: =IF(OR(K36="",J36=""),"",(J36-K36)*100) -> 0.88469821 | M36: 4.9543028 | N36: 1.2816717 | O36: =SQRT(M36^2+N36^2) -> 5.1174015 | P36: =IF(J36="","",MAX(0,J36-1.96*O36/100)) -> 0.23704833 | Q36: =IF(J36="","",MIN(1,J36+1.96*O36/100)) -> 0.43765047 | R36: =IF(L36="","",IF(ABS(L36)<=O36,"Yes","No")) -> Yes | S36: =IF(L36="","",IF(ABS(L36)<=1.96*O36,"Yes","No")) -> Yes | T36: =IF(D36="","",ROUND(SQRT(((D36+G36)*O36/100)^2+(J36*(D36+G36)*0.15542)^2),0)) -> 30
A37: Carbon | B37: PARRYVILLE BOROUGH | C37: PARRYVILLE BOROUGH | D37: 55 | E37: 68 | F37: =IF(E37="","",D37-E37) -> -13 | G37: 160 | H37: 153 | I37: =IF(H37="","",G37-H37) -> 7 | J37: =IF(OR(D37="",D37+G37=0),"",D37/(D37+G37)) -> 0.25581395 | K37: =IF(E37="","",E37/(E37+H37)) -> 0.30769231 | L37: =IF(OR(K37="",J37=""),"",(J37-K37)*100) -> -5.1878354 | M37: 4.9543028 | N37: 1.2816717 | O37: =SQRT(M37^2+N37^2) -> 5.1174015 | P37: =IF(J37="","",MAX(0,J37-1.96*O37/100)) -> 0.15551288 | Q37: =IF(J37="","",MIN(1,J37+1.96*O37/100)) -> 0.35611502 | R37: =IF(L37="","",IF(ABS(L37)<=O37,"Yes","No")) -> No | S37: =IF(L37="","",IF(ABS(L37)<=1.96*O37,"Yes","No")) -> Yes | T37: =IF(D37="","",ROUND(SQRT(((D37+G37)*O37/100)^2+(J37*(D37+G37)*0.15542)^2),0)) -> 14
A38: Carbon | B38: PENN FOREST TOWNSHIP | C38: PENN FOREST TOWNSHIP-EAST | D38: 376 | E38: 432 | F38: =IF(E38="","",D38-E38) -> -56 | G38: 660 | H38: 705 | I38: =IF(H38="","",G38-H38) -> -45 | J38: =IF(OR(D38="",D38+G38=0),"",D38/(D38+G38)) -> 0.36293436 | K38: =IF(E38="","",E38/(E38+H38)) -> 0.37994723 | L38: =IF(OR(K38="",J38=""),"",(J38-K38)*100) -> -1.7012867 | M38: 3.905858 | N38: 1.2816717 | O38: =SQRT(M38^2+N38^2) -> 4.1107675 | P38: =IF(J38="","",MAX(0,J38-1.96*O38/100)) -> 0.28236332 | Q38: =IF(J38="","",MIN(1,J38+1.96*O38/100)) -> 0.44350541 | R38: =IF(L38="","",IF(ABS(L38)<=O38,"Yes","No")) -> Yes | S38: =IF(L38="","",IF(ABS(L38)<=1.96*O38,"Yes","No")) -> Yes | T38: =IF(D38="","",ROUND(SQRT(((D38+G38)*O38/100)^2+(J38*(D38+G38)*0.09439)^2),0)) -> 55
A39: Carbon | B39: PENN FOREST TOWNSHIP | C39: PENN FOREST TOWNSHIP-MIDDLE | D39: 279 | E39: 296 | F39: =IF(E39="","",D39-E39) -> -17 | G39: 526 | H39: 529 | I39: =IF(H39="","",G39-H39) -> -3 | J39: =IF(OR(D39="",D39+G39=0),"",D39/(D39+G39)) -> 0.34658385 | K39: =IF(E39="","",E39/(E39+H39)) -> 0.35878788 | L39: =IF(OR(K39="",J39=""),"",(J39-K39)*100) -> -1.2204028 | M39: 3.905858 | N39: 1.2816717 | O39: =SQRT(M39^2+N39^2) -> 4.1107675 | P39: =IF(J39="","",MAX(0,J39-1.96*O39/100)) -> 0.26601281 | Q39: =IF(J39="","",MIN(1,J39+1.96*O39/100)) -> 0.42715489 | R39: =IF(L39="","",IF(ABS(L39)<=O39,"Yes","No")) -> Yes | S39: =IF(L39="","",IF(ABS(L39)<=1.96*O39,"Yes","No")) -> Yes | T39: =IF(D39="","",ROUND(SQRT(((D39+G39)*O39/100)^2+(J39*(D39+G39)*0.09439)^2),0)) -> 42
A40: Carbon | B40: PENN FOREST TOWNSHIP | C40: PENN FOREST TOWNSHIP-NORTH EAST | D40: 409 | E40: 460 | F40: =IF(E40="","",D40-E40) -> -51 | G40: 751 | H40: 791 | I40: =IF(H40="","",G40-H40) -> -40 | J40: =IF(OR(D40="",D40+G40=0),"",D40/(D40+G40)) -> 0.35258621 | K40: =IF(E40="","",E40/(E40+H40)) -> 0.36770584 | L40: =IF(OR(K40="",J40=""),"",(J40-K40)*100) -> -1.5119628 | M40: 3.905858 | N40: 1.2816717 | O40: =SQRT(M40^2+N40^2) -> 4.1107675 | P40: =IF(J40="","",MAX(0,J40-1.96*O40/100)) -> 0.27201516 | Q40: =IF(J40="","",MIN(1,J40+1.96*O40/100)) -> 0.43315725 | R40: =IF(L40="","",IF(ABS(L40)<=O40,"Yes","No")) -> Yes | S40: =IF(L40="","",IF(ABS(L40)<=1.96*O40,"Yes","No")) -> Yes | T40: =IF(D40="","",ROUND(SQRT(((D40+G40)*O40/100)^2+(J40*(D40+G40)*0.09439)^2),0)) -> 61
A41: Carbon | B41: PENN FOREST TOWNSHIP | C41: PENN FOREST TOWNSHIP-NORTH WEST | D41: 360 | E41: 425 | F41: =IF(E41="","",D41-E41) -> -65 | G41: 835 | H41: 920 | I41: =IF(H41="","",G41-H41) -> -85 | J41: =IF(OR(D41="",D41+G41=0),"",D41/(D41+G41)) -> 0.30125523 | K41: =IF(E41="","",E41/(E41+H41)) -> 0.31598513 | L41: =IF(OR(K41="",J41=""),"",(J41-K41)*100) -> -1.47299 | M41: 3.815931 | N41: 1.2816717 | O41: =SQRT(M41^2+N41^2) -> 4.0254207 | P41: =IF(J41="","",MAX(0,J41-1.96*O41/100)) -> 0.22235698 | Q41: =IF(J41="","",MIN(1,J41+1.96*O41/100)) -> 0.38015348 | R41: =IF(L41="","",IF(ABS(L41)<=O41,"Yes","No")) -> Yes | S41: =IF(L41="","",IF(ABS(L41)<=1.96*O41,"Yes","No")) -> Yes | T41: =IF(D41="","",ROUND(SQRT(((D41+G41)*O41/100)^2+(J41*(D41+G41)*0.09179)^2),0)) -> 58
