Workbook

Sheet Scenario & Comparison
A1: PA-07 2026 House Forecast — Precinct Level: three results-only random-forest forecasts (fixed baseline)
A2: Candidates: Brooks | Mackenzie | The two yellow cells set the district-wide Brooks share and votes cast; all three forecasts update.
A3: A, B and C weight the same random-forest inputs differently using SHAP (see How Forecasts Are Weighted). Each is backtested on 2024 with its own weights; those errors are the error terms.
A5: SCENARIO INPUTS (defaults are built from the tables below; type over them to run another scenario)
A6: District-wide Brooks share of the two-party vote (input) | C6: =C21 -> 0.49515845 | D6: ← default: registration-adjusted baseline (row 21)
A7: District House votes cast, 2026 (input) | C7: =C26 -> 312191.92 | D7: ← default: 2022 votes × registration growth, summed over precincts (row 26)
A9: HOW THE DEFAULTS ARE BUILT (all current-district precincts, Carbon and Polk included)
A10: Election | C10: Democratic share | D10: Democratic votes | E10: Republican votes | F10: Registered (state rolls) | G10: Dem share of two-party registration
A11: 2018 General | C11: =D11/(D11+E11) -> 0.53299447 | D11: 136421 | E11: 119531 | F11: 483877 | G11: 0.56798799
A12: 2020 General | C12: =D12/(D12+E12) -> 0.49646525 | D12: 188347 | E12: 191029 | F12: 518873 | G12: 0.55685758
A13: 2022 General | C13: =D13/(D13+E13) -> 0.50896572 | D13: 149243 | E13: 143985 | F13: 510119 | G13: 0.54766474
A14: 2024 General | C14: =D14/(D14+E14) -> 0.49424813 | D14: 196561 | E14: 201136 | F14: 535177 | G14: 0.52758258
A15: 2026 Primary rolls | F15: 517956 | G15: 0.52223425
A16: Source: certified precinct House returns and Department of State registration (PA07_Precinct_Data.xlsx). 2018/2020 include Carbon (PA-09 race) and Polk (PA-08) so every year covers the same territory as 2026.
A18: Average Democratic share, 2022 and 2024 | C18: =AVERAGE(C13,C14) -> 0.50160693
A19: Change in Dem share of two-party registration since then (pts) | C19: =(G15-AVERAGE(G13,G14))*100 -> -1.5389407
A20: Registration-to-vote link (k), measured on precinct changes 2018→2022 and 2020→2024 | C20: 0.41902062 | D20: Within-district slope: precincts whose registration moved 1 pt toward a party moved about this many pts in vote share (national swing removed).
A21: Registration-adjusted baseline for 2026 = row 18 + k × row 19 | C21: =C18+C20*C19/100 -> 0.49515845
A23: 2022 House votes in today’s district | C23: =D13+E13 -> 293228
A24: Registration growth, 2022 general → 2026 primary rolls | C24: =F15/F13 -> 1.0153631
A25: District-level check: 2022 votes × growth | C25: =C23*C24 -> 297732.89
A26: Rule applied precinct by precinct and summed (default votes cast) | C26: 312191.92 | D26: Precinct/municipal growth rates differ slightly, so the summed total differs a little from the district-level check.
A28: WHAT WENT WRONG WITH THE BACKTESTS — AND HOW IT WAS FIXED
A29: Problem 1 — the district baseline left out Carbon and Polk.
A30: The old 2024 backtest set the district Democratic share to the 2020 result, 51.4%. That figure dropped Carbon County and Polk Township because they voted in PA-09 and PA-08 in 2020. Both lean Republican, so the baseline overstated the Democratic share by about 2 points (51.4% vs 49.6% with them counted), moving roughly 8,000 votes from Mackenzie to Wild in the backtest.
A31: Problem 2 — turnout was frozen at 2020 levels.
A32: Each place was given its 2020 House votes. About 3% more people voted in 2024, so both columns shrank. For Democrats the two errors offset (+4% and −3%); for Republicans they stacked (−4% and −3%), which is why only the Republican vote looked badly under-counted (about −7%).
A33: Fix 1 — a complete, registration-adjusted baseline.
A34: The district share now comes from every current-district precinct (Carbon and Polk included), averaged over the last two elections so one unusual year (like 2018) does not dominate, and moved by k × the change in registration since then. k is measured from precinct-level changes in earlier elections only (k = 0.48 for the 2024 backtest, 0.42 for 2026) — it is not tuned to the 2024 result. Backtest baseline: 49.1% vs actual 49.4%.
A35: Fix 2 — turnout grows with the voter roll.
A36: Votes cast = the last same-type election’s House votes × that place’s registration growth since then. In the backtests this rule missed 2024 total votes by -1.6% at district level (vs about −3% before). For 2026 it gives about 312,192 votes, inside the expected 300,000–320,000 range. Turnout is still a rule, not a model: there is only one random forest, on the results.
A37: Result.
A38: The Republican vote in the backtests is now within about 1% of the actual count for every forecast, the Democratic vote within about 1%, and the district-wide share miss fell from about 2 points to under half a point. Row-level (pattern) errors are unchanged because the random forests themselves were not changed.
A40: Forecast | B40: Backtest version | C40: District Dem share miss (pts) | D40: Democratic votes miss | E40: Republican votes miss | F40: Total votes miss
A41: Forecast A | B41: Before fix (2020 level without Carbon/Polk; 2020 turnout) | C41: 2.2311014 | D41: 0.014952721 | E41: -0.071718724 | F41: -0.029072653
A42: Forecast A | B42: After fix (registration-adjusted baseline; turnout × registration growth) | C42: -0.12202765 | D42: 0.0003544591 | E42: 0.0052506748 | F42: 0.0028415265
A43: Forecast B | B43: Before fix (2020 level without Carbon/Polk; 2020 turnout) | C43: 2.2335886 | D43: 0.0150018 | E43: -0.071766266 | F43: -0.029072653
A44: Forecast B | B44: After fix (registration-adjusted baseline; turnout × registration growth) | C44: -0.12042228 | D44: 0.0003871784 | E44: 0.0052189806 | F44: 0.0028415265
A45: Forecast C | B45: Before fix (2020 level without Carbon/Polk; 2020 turnout) | C45: 2.2319305 | D45: 0.01496908 | E45: -0.071734572 | F45: -0.029072653
A46: Forecast C | B46: After fix (registration-adjusted baseline; turnout × registration growth) | C46: -0.12122496 | D46: 0.00037081875 | E46: 0.0052348277 | F46: 0.0028415265
A48: DISTRICT TOTALS BY FORECAST (live from each forecast tab)
A49: Forecast | B49: Weighting | C49: Brooks votes | D49: Mackenzie votes | E49: Total votes | F49: Brooks share | G49: Error term (± pts) | H49: Brooks share range | I49: Error term, Brooks votes (±)
A50: Forecast A | B50: Full random forest | C50: ='2026 Forecast A'!D8 -> 154595 | D50: ='2026 Forecast A'!E8 -> 157594 | E50: ='2026 Forecast A'!F8 -> 312189 | F50: ='2026 Forecast A'!G8 -> 0.49519682 | G50: ='2026 Forecast A'!J8 -> 0.12202765 | H50: =TEXT('2026 Forecast A'!K8,"0.0%")&" – "&TEXT('2026 Forecast A'!L8,"0.0%") -> 49.4% – 49.6% | I50: ='2026 Forecast A'!M8 -> 381
A51: Forecast B | B51: SHAP-selected forest | C51: ='2026 Forecast B'!D8 -> 154579 | D51: ='2026 Forecast B'!E8 -> 157610 | E51: ='2026 Forecast B'!F8 -> 312189 | F51: ='2026 Forecast B'!G8 -> 0.49514557 | G51: ='2026 Forecast B'!J8 -> 0.12042228 | H51: =TEXT('2026 Forecast B'!K8,"0.0%")&" – "&TEXT('2026 Forecast B'!L8,"0.0%") -> 49.4% – 49.6% | I51: ='2026 Forecast B'!M8 -> 376
A52: Forecast C | B52: SHAP family-reweighted forest | C52: ='2026 Forecast C'!D8 -> 154594 | D52: ='2026 Forecast C'!E8 -> 157595 | E52: ='2026 Forecast C'!F8 -> 312189 | F52: ='2026 Forecast C'!G8 -> 0.49519362 | G52: ='2026 Forecast C'!J8 -> 0.12122496 | H52: =TEXT('2026 Forecast C'!K8,"0.0%")&" – "&TEXT('2026 Forecast C'!L8,"0.0%") -> 49.4% – 49.6% | I52: ='2026 Forecast C'!M8 -> 378
A54: ERROR TERMS — FIXED 2024 BACKTEST OF EACH FORECAST (same weights as the forecast)
A55: Forecast | B55: Rows scored | C55: Avg miss per row, Dem share (pts) | D55: RMS miss per row, Dem share (pts) | E55: District-wide miss (pts) | F55: Pattern RMS miss (pts) | G55: Rows within 3 pts | H55: Avg miss per row, Dem votes | I55: Votes cast miss (turnout rule)
A56: Forecast A | B56: ='2024 Backtest A'!F384 -> 342 | C56: ='2024 Backtest A'!F378 -> 1.5684052 | D56: ='2024 Backtest A'!F379 -> 2.1468586 | E56: ='2024 Backtest A'!F380 -> -0.12202765 | F56: ='2024 Backtest A'!F381 -> 2.1625812 | G56: ='2024 Backtest A'!F383 -> 0.85380117 | H56: ='2024 Backtest A'!F376 -> 26.096491 | I56: ='2024 Backtest A'!F382 -> 0.0028415265
A57: Forecast B | B57: ='2024 Backtest B'!F384 -> 342 | C57: ='2024 Backtest B'!F378 -> 1.724555 | D57: ='2024 Backtest B'!F379 -> 2.2522419 | E57: ='2024 Backtest B'!F380 -> -0.12042228 | F57: ='2024 Backtest B'!F381 -> 2.269685 | G57: ='2024 Backtest B'!F383 -> 0.82748538 | H57: ='2024 Backtest B'!F376 -> 28.552632 | I57: ='2024 Backtest B'!F382 -> 0.0028415265
A58: Forecast C | B58: ='2024 Backtest C'!F384 -> 342 | C58: ='2024 Backtest C'!F378 -> 1.6269909 | D58: ='2024 Backtest C'!F379 -> 2.2229944 | E58: ='2024 Backtest C'!F380 -> -0.12122496 | F58: ='2024 Backtest C'!F381 -> 2.2380245 | G58: ='2024 Backtest C'!F383 -> 0.85087719 | H58: ='2024 Backtest C'!F376 -> 26.795322 | I58: ='2024 Backtest C'!F382 -> 0.0028415265
A60: PRECINCT COMPARISON (Brooks share by forecast, live)
A61: County | B61: Municipality | C61: Precinct | D61: Forecast A | E61: Forecast B | F61: Forecast C | G61: Spread (max − min, pts) | H61: Error term A (± pts) | I61: Error term B (± pts) | J61: Error term C (± pts) | K61: Votes cast | L61: Calls agree?
A62: ='2026 Forecast A'!A12 -> Carbon | B62: ='2026 Forecast A'!B12 -> BANKS TOWNSHIP | C62: ='2026 Forecast A'!C12 -> BANKS TOWNSHIP | D62: ='2026 Forecast A'!G12 -> 0.41208791 | E62: ='2026 Forecast B'!G12 -> 0.41208791 | F62: ='2026 Forecast C'!G12 -> 0.40384615 | G62: =(MAX(D62:F62)-MIN(D62:F62))*100 -> 0.82417582 | H62: ='2026 Forecast A'!J12 -> 3.0236301 | I62: ='2026 Forecast B'!J12 -> 2.8791897 | J62: ='2026 Forecast C'!J12 -> 3.1546623 | K62: ='2026 Forecast A'!F12 -> 364 | L62: =IF(OR(AND(D62>0.5,E62>0.5,F62>0.5),AND(D62<0.5,E62<0.5,F62<0.5)),"Yes","No — toss-up") -> Yes
A63: ='2026 Forecast A'!A13 -> Carbon | B63: ='2026 Forecast A'!B13 -> BEAVER MEADOWS BOROUGH | C63: ='2026 Forecast A'!C13 -> BEAVER MEADOWS BOROUGH | D63: ='2026 Forecast A'!G13 -> 0.29090909 | E63: ='2026 Forecast B'!G13 -> 0.3 | F63: ='2026 Forecast C'!G13 -> 0.28181818 | G63: =(MAX(D63:F63)-MIN(D63:F63))*100 -> 1.8181818 | H63: ='2026 Forecast A'!J13 -> 3.0236301 | I63: ='2026 Forecast B'!J13 -> 2.8791897 | J63: ='2026 Forecast C'!J13 -> 3.1546623 | K63: ='2026 Forecast A'!F13 -> 330 | L63: =IF(OR(AND(D63>0.5,E63>0.5,F63>0.5),AND(D63<0.5,E63<0.5,F63<0.5)),"Yes","No — toss-up") -> Yes
A64: ='2026 Forecast A'!A14 -> Carbon | B64: ='2026 Forecast A'!B14 -> BOWMANSTOWN BOROUGH | C64: ='2026 Forecast A'!C14 -> BOWMANSTOWN BOROUGH | D64: ='2026 Forecast A'!G14 -> 0.3258427 | E64: ='2026 Forecast B'!G14 -> 0.33988764 | F64: ='2026 Forecast C'!G14 -> 0.32022472 | G64: =(MAX(D64:F64)-MIN(D64:F64))*100 -> 1.9662921 | H64: ='2026 Forecast A'!J14 -> 3.0236301 | I64: ='2026 Forecast B'!J14 -> 2.8791897 | J64: ='2026 Forecast C'!J14 -> 3.1546623 | K64: ='2026 Forecast A'!F14 -> 356 | L64: =IF(OR(AND(D64>0.5,E64>0.5,F64>0.5),AND(D64<0.5,E64<0.5,F64<0.5)),"Yes","No — toss-up") -> Yes
A65: ='2026 Forecast A'!A15 -> Carbon | B65: ='2026 Forecast A'!B15 -> EAST PENN TOWNSHIP | C65: ='2026 Forecast A'!C15 -> EAST PENN TOWNSHIP-NORTH | D65: ='2026 Forecast A'!G15 -> 0.25828729 | E65: ='2026 Forecast B'!G15 -> 0.26519337 | F65: ='2026 Forecast C'!G15 -> 0.24861878 | G65: =(MAX(D65:F65)-MIN(D65:F65))*100 -> 1.6574586 | H65: ='2026 Forecast A'!J15 -> 3.0236301 | I65: ='2026 Forecast B'!J15 -> 2.8791897 | J65: ='2026 Forecast C'!J15 -> 3.1546623 | K65: ='2026 Forecast A'!F15 -> 724 | L65: =IF(OR(AND(D65>0.5,E65>0.5,F65>0.5),AND(D65<0.5,E65<0.5,F65<0.5)),"Yes","No — toss-up") -> Yes
A66: ='2026 Forecast A'!A16 -> Carbon | B66: ='2026 Forecast A'!B16 -> EAST PENN TOWNSHIP | C66: ='2026 Forecast A'!C16 -> EAST PENN TOWNSHIP-SOUTH | D66: ='2026 Forecast A'!G16 -> 0.28805237 | E66: ='2026 Forecast B'!G16 -> 0.28641571 | F66: ='2026 Forecast C'!G16 -> 0.27823241 | G66: =(MAX(D66:F66)-MIN(D66:F66))*100 -> 0.98199673 | H66: ='2026 Forecast A'!J16 -> 3.0236301 | I66: ='2026 Forecast B'!J16 -> 2.8791897 | J66: ='2026 Forecast C'!J16 -> 3.1546623 | K66: ='2026 Forecast A'!F16 -> 611 | L66: =IF(OR(AND(D66>0.5,E66>0.5,F66>0.5),AND(D66<0.5,E66<0.5,F66<0.5)),"Yes","No — toss-up") -> Yes
A67: ='2026 Forecast A'!A17 -> Carbon | B67: ='2026 Forecast A'!B17 -> EAST SIDE BOROUGH | C67: ='2026 Forecast A'!C17 -> EAST SIDE BOROUGH | D67: ='2026 Forecast A'!G17 -> 0.34408602 | E67: ='2026 Forecast B'!G17 -> 0.35483871 | F67: ='2026 Forecast C'!G17 -> 0.34408602 | G67: =(MAX(D67:F67)-MIN(D67:F67))*100 -> 1.0752688 | H67: ='2026 Forecast A'!J17 -> 3.0236301 | I67: ='2026 Forecast B'!J17 -> 2.8791897 | J67: ='2026 Forecast C'!J17 -> 3.1546623 | K67: ='2026 Forecast A'!F17 -> 93 | L67: =IF(OR(AND(D67>0.5,E67>0.5,F67>0.5),AND(D67<0.5,E67<0.5,F67<0.5)),"Yes","No — toss-up") -> Yes
A68: ='2026 Forecast A'!A18 -> Carbon | B68: ='2026 Forecast A'!B18 -> FRANKLIN TOWNSHIP | C68: ='2026 Forecast A'!C18 -> FRANKLIN TOWNSHIP-HARRITY | D68: ='2026 Forecast A'!G18 -> 0.28956624 | E68: ='2026 Forecast B'!G18 -> 0.28956624 | F68: ='2026 Forecast C'!G18 -> 0.28135991 | G68: =(MAX(D68:F68)-MIN(D68:F68))*100 -> 0.82063306 | H68: ='2026 Forecast A'!J18 -> 1.8087742 | I68: ='2026 Forecast B'!J18 -> 1.9254971 | J68: ='2026 Forecast C'!J18 -> 1.8851096 | K68: ='2026 Forecast A'!F18 -> 853 | L68: =IF(OR(AND(D68>0.5,E68>0.5,F68>0.5),AND(D68<0.5,E68<0.5,F68<0.5)),"Yes","No — toss-up") -> Yes
A69: ='2026 Forecast A'!A19 -> Carbon | B69: ='2026 Forecast A'!B19 -> FRANKLIN TOWNSHIP | C69: ='2026 Forecast A'!C19 -> FRANKLIN TOWNSHIP-IND DIST | D69: ='2026 Forecast A'!G19 -> 0.28125 | E69: ='2026 Forecast B'!G19 -> 0.28794643 | F69: ='2026 Forecast C'!G19 -> 0.27008929 | G69: =(MAX(D69:F69)-MIN(D69:F69))*100 -> 1.7857143 | H69: ='2026 Forecast A'!J19 -> 3.0236301 | I69: ='2026 Forecast B'!J19 -> 2.8791897 | J69: ='2026 Forecast C'!J19 -> 3.1546623 | K69: ='2026 Forecast A'!F19 -> 448 | L69: =IF(OR(AND(D69>0.5,E69>0.5,F69>0.5),AND(D69<0.5,E69<0.5,F69<0.5)),"Yes","No — toss-up") -> Yes
A70: ='2026 Forecast A'!A20 -> Carbon | B70: ='2026 Forecast A'!B20 -> FRANKLIN TOWNSHIP | C70: ='2026 Forecast A'!C20 -> FRANKLIN TOWNSHIP-LONG RUN | D70: ='2026 Forecast A'!G20 -> 0.27818448 | E70: ='2026 Forecast B'!G20 -> 0.27818448 | F70: ='2026 Forecast C'!G20 -> 0.26939971 | G70: =(MAX(D70:F70)-MIN(D70:F70))*100 -> 0.87847731 | H70: ='2026 Forecast A'!J20 -> 3.0236301 | I70: ='2026 Forecast B'!J20 -> 2.8791897 | J70: ='2026 Forecast C'!J20 -> 3.1546623 | K70: ='2026 Forecast A'!F20 -> 683 | L70: =IF(OR(AND(D70>0.5,E70>0.5,F70>0.5),AND(D70<0.5,E70<0.5,F70<0.5)),"Yes","No — toss-up") -> Yes
A71: ='2026 Forecast A'!A21 -> Carbon | B71: ='2026 Forecast A'!B21 -> JIM THORPE BOROUGH | C71: ='2026 Forecast A'!C21 -> JIM THORPE BOROUGH-1ST | D71: ='2026 Forecast A'!G21 -> 0.4587156 | E71: ='2026 Forecast B'!G21 -> 0.46788991 | F71: ='2026 Forecast C'!G21 -> 0.45642202 | G71: =(MAX(D71:F71)-MIN(D71:F71))*100 -> 1.146789 | H71: ='2026 Forecast A'!J21 -> 3.0236301 | I71: ='2026 Forecast B'!J21 -> 2.8791897 | J71: ='2026 Forecast C'!J21 -> 3.1546623 | K71: ='2026 Forecast A'!F21 -> 436 | L71: =IF(OR(AND(D71>0.5,E71>0.5,F71>0.5),AND(D71<0.5,E71<0.5,F71<0.5)),"Yes","No — toss-up") -> Yes
A72: ='2026 Forecast A'!A22 -> Carbon | B72: ='2026 Forecast A'!B22 -> JIM THORPE BOROUGH | C72: ='2026 Forecast A'!C22 -> JIM THORPE BOROUGH-2ND | D72: ='2026 Forecast A'!G22 -> 0.43928571 | E72: ='2026 Forecast B'!G22 -> 0.46071429 | F72: ='2026 Forecast C'!G22 -> 0.43928571 | G72: =(MAX(D72:F72)-MIN(D72:F72))*100 -> 2.1428571 | H72: ='2026 Forecast A'!J22 -> 3.0236301 | I72: ='2026 Forecast B'!J22 -> 2.8791897 | J72: ='2026 Forecast C'!J22 -> 3.1546623 | K72: ='2026 Forecast A'!F22 -> 280 | L72: =IF(OR(AND(D72>0.5,E72>0.5,F72>0.5),AND(D72<0.5,E72<0.5,F72<0.5)),"Yes","No — toss-up") -> Yes
A73: ='2026 Forecast A'!A23 -> Carbon | B73: ='2026 Forecast A'!B23 -> JIM THORPE BOROUGH | C73: ='2026 Forecast A'!C23 -> JIM THORPE BOROUGH-3RD | D73: ='2026 Forecast A'!G23 -> 0.39318885 | E73: ='2026 Forecast B'!G23 -> 0.39783282 | F73: ='2026 Forecast C'!G23 -> 0.39009288 | G73: =(MAX(D73:F73)-MIN(D73:F73))*100 -> 0.77399381 | H73: ='2026 Forecast A'!J23 -> 3.0236301 | I73: ='2026 Forecast B'!J23 -> 2.8791897 | J73: ='2026 Forecast C'!J23 -> 3.1546623 | K73: ='2026 Forecast A'!F23 -> 646 | L73: =IF(OR(AND(D73>0.5,E73>0.5,F73>0.5),AND(D73<0.5,E73<0.5,F73<0.5)),"Yes","No — toss-up") -> Yes
... A431: ='2026 Forecast A'!A381 -> Northampton | B431: ='2026 Forecast A'!B381 -> WIND GAP | C431: ='2026 Forecast A'!C381 -> WIND GAP | D431: ='2026 Forecast A'!G381 -> 0.44366812 | E431: ='2026 Forecast B'!G381 -> 0.4419214 | F431: ='2026 Forecast C'!G381 -> 0.44279476 | G431: =(MAX(D431:F431)-MIN(D431:F431))*100 -> 0.17467249 | H431: ='2026 Forecast A'!J381 -> 1.8087742 | I431: ='2026 Forecast B'!J381 -> 1.9254971 | J431: ='2026 Forecast C'!J381 -> 1.8851096 | K431: ='2026 Forecast A'!F381 -> 1145 | L431: =IF(OR(AND(D431>0.5,E431>0.5,F431>0.5),AND(D431<0.5,E431<0.5,F431<0.5)),"Yes","No — toss-up") -> Yes

Sheet 2026 Forecast A
A1: PA-07 2026 House Forecast — Precinct-Level Predictions (Forecast A: full random forest)
A2: Candidates: Brooks | Mackenzie | District totals (yellow) are formulas over the precinct rows.
A3: Only the results are modelled. Votes cast in each row = its 2022 House votes × its registration growth since 2022, scaled to the district votes-cast input. Brooks votes = votes cast × forecast Brooks share. Change the district share or votes cast on the Scenario & Comparison tab.
A4: Model / scenario | B4: Random forest on results — Forecast A (Full random forest), precinct model; turnout = 2022 votes × registration growth | C4: As-of date | D4: 46300 | E4: Prepared by | F4: Max | G4: Version | H4: v3.0 (results only, fixed baseline)
A5: District Brooks share (scenario) | B5: ='Scenario & Comparison'!$C$6 -> 0.49515845 | C5: Uniform shift applied | D5: =B5-SUMPRODUCT(P12:P381,Q12:Q381)/SUM(Q12:Q381)/100 -> 0.49350323 | E5: 2024 backtest district miss (pts) | F5: -0.12202765 | G5: Turnout scale | H5: ='Scenario & Comparison'!$C$7/SUM(T12:T381) -> 1
A6: DISTRICT TOTALS (auto-sum — do not type over)
A7: Geography | B7: (muni) | C7: (precinct) | D7: Brooks votes | E7: Mackenzie votes | F7: Total votes | G7: Brooks share | H7: Mackenzie share | I7: Notes | J7: Error term: Brooks share (± pts) | K7: Brooks share, low | L7: Brooks share, high | M7: Error term: Brooks votes (± votes)
A8: PA-07 District | B8: (all precincts) | D8: =SUM(D12:D381) -> 154595 | E8: =SUM(E12:E381) -> 157594 | F8: =D8+E8 -> 312189 | G8: =IF(F8=0,"",D8/F8) -> 0.49519682 | H8: =IF(F8=0,"",E8/F8) -> 0.50480318 | I8: Headline forecast for the briefing | J8: 0.12202765 | K8: =G8-J8/100 -> 0.49397654 | L8: =G8+J8/100 -> 0.4964171 | M8: =ROUND(F8*J8/100,0) -> 381
A9: Error terms: each row = ±1 root-mean-square miss of this forecast in its 2024 backtest for places of similar size, after removing the district-wide miss. District row = the district-wide miss. Turnout is set by rule (not forecast), so no turnout error is included; the backtest shows that rule missed 2024 votes cast by under 1%.
A10: PRECINCT DETAIL | P10: MODEL INPUTS (from the random forest — do not edit)
A11: County | B11: Municipality | C11: Precinct | D11: Brooks votes | E11: Mackenzie votes | F11: Total votes | G11: Brooks share | H11: Mackenzie share | I11: Notes / source method | J11: Error term: Brooks share (± pts) | K11: Brooks share, low | L11: Brooks share, high | M11: Error term: Brooks votes (± votes) | P11: Model lean vs district (pts) | Q11: Votes cast (scaled rule) | R11: Forecast Brooks share (unrounded) | S11: Size group (backtest error band) | T11: Rule votes: 2022 House votes × registration growth
A12: Carbon | B12: BANKS TOWNSHIP | C12: BANKS TOWNSHIP | D12: =ROUND(Q12*R12,0) -> 150 | E12: =ROUND(Q12,0)-D12 -> 214 | F12: =IF(COUNTA(D12:E12)=0,"",SUM(D12:E12)) -> 364 | G12: =IF(OR(F12="",F12=0),"",D12/F12) -> 0.41208791 | H12: =IF(OR(F12="",F12=0),"",E12/F12) -> 0.58791209 | I12: random forest (results only) | J12: 3.0236301 | K12: =IF(G12="","",MAX(0,G12-J12/100)) -> 0.38185161 | L12: =IF(G12="","",MIN(1,G12+J12/100)) -> 0.44232421 | M12: =IF(F12="","",ROUND(F12*J12/100,0)) -> 11 | P12: -8.3120668 | Q12: =T12*$H$5 -> 364.49096 | R12: =MAX(0,MIN(1,P12/100+$D$5)) -> 0.41038257 | S12: Small | T12: 364.49096
A13: Carbon | B13: BEAVER MEADOWS BOROUGH | C13: BEAVER MEADOWS BOROUGH | D13: =ROUND(Q13*R13,0) -> 96 | E13: =ROUND(Q13,0)-D13 -> 234 | F13: =IF(COUNTA(D13:E13)=0,"",SUM(D13:E13)) -> 330 | G13: =IF(OR(F13="",F13=0),"",D13/F13) -> 0.29090909 | H13: =IF(OR(F13="",F13=0),"",E13/F13) -> 0.70909091 | I13: random forest (results only) | J13: 3.0236301 | K13: =IF(G13="","",MAX(0,G13-J13/100)) -> 0.26067279 | L13: =IF(G13="","",MIN(1,G13+J13/100)) -> 0.32114539 | M13: =IF(F13="","",ROUND(F13*J13/100,0)) -> 10 | P13: -20.225366 | Q13: =T13*$H$5 -> 330.13014 | R13: =MAX(0,MIN(1,P13/100+$D$5)) -> 0.29124958 | S13: Small | T13: 330.13014
A14: Carbon | B14: BOWMANSTOWN BOROUGH | C14: BOWMANSTOWN BOROUGH | D14: =ROUND(Q14*R14,0) -> 116 | E14: =ROUND(Q14,0)-D14 -> 240 | F14: =IF(COUNTA(D14:E14)=0,"",SUM(D14:E14)) -> 356 | G14: =IF(OR(F14="",F14=0),"",D14/F14) -> 0.3258427 | H14: =IF(OR(F14="",F14=0),"",E14/F14) -> 0.6741573 | I14: random forest (results only) | J14: 3.0236301 | K14: =IF(G14="","",MAX(0,G14-J14/100)) -> 0.2956064 | L14: =IF(G14="","",MIN(1,G14+J14/100)) -> 0.356079 | M14: =IF(F14="","",ROUND(F14*J14/100,0)) -> 11 | P14: -16.727513 | Q14: =T14*$H$5 -> 355.63437 | R14: =MAX(0,MIN(1,P14/100+$D$5)) -> 0.3262281 | S14: Small | T14: 355.63437
A15: Carbon | B15: EAST PENN TOWNSHIP | C15: EAST PENN TOWNSHIP-NORTH | D15: =ROUND(Q15*R15,0) -> 187 | E15: =ROUND(Q15,0)-D15 -> 537 | F15: =IF(COUNTA(D15:E15)=0,"",SUM(D15:E15)) -> 724 | G15: =IF(OR(F15="",F15=0),"",D15/F15) -> 0.25828729 | H15: =IF(OR(F15="",F15=0),"",E15/F15) -> 0.74171271 | I15: random forest (results only) | J15: 3.0236301 | K15: =IF(G15="","",MAX(0,G15-J15/100)) -> 0.22805099 | L15: =IF(G15="","",MIN(1,G15+J15/100)) -> 0.28852359 | M15: =IF(F15="","",ROUND(F15*J15/100,0)) -> 22 | P15: -23.506514 | Q15: =T15*$H$5 -> 724.37791 | R15: =MAX(0,MIN(1,P15/100+$D$5)) -> 0.2584381 | S15: Small | T15: 724.37791
A16: Carbon | B16: EAST PENN TOWNSHIP | C16: EAST PENN TOWNSHIP-SOUTH | D16: =ROUND(Q16*R16,0) -> 176 | E16: =ROUND(Q16,0)-D16 -> 435 | F16: =IF(COUNTA(D16:E16)=0,"",SUM(D16:E16)) -> 611 | G16: =IF(OR(F16="",F16=0),"",D16/F16) -> 0.28805237 | H16: =IF(OR(F16="",F16=0),"",E16/F16) -> 0.71194763 | I16: random forest (results only) | J16: 3.0236301 | K16: =IF(G16="","",MAX(0,G16-J16/100)) -> 0.25781607 | L16: =IF(G16="","",MIN(1,G16+J16/100)) -> 0.31828867 | M16: =IF(F16="","",ROUND(F16*J16/100,0)) -> 18 | P16: -20.528255 | Q16: =T16*$H$5 -> 610.89237 | R16: =MAX(0,MIN(1,P16/100+$D$5)) -> 0.28822068 | S16: Small | T16: 610.89237
A17: Carbon | B17: EAST SIDE BOROUGH | C17: EAST SIDE BOROUGH | D17: =ROUND(Q17*R17,0) -> 32 | E17: =ROUND(Q17,0)-D17 -> 61 | F17: =IF(COUNTA(D17:E17)=0,"",SUM(D17:E17)) -> 93 | G17: =IF(OR(F17="",F17=0),"",D17/F17) -> 0.34408602 | H17: =IF(OR(F17="",F17=0),"",E17/F17) -> 0.65591398 | I17: random forest (results only) | J17: 3.0236301 | K17: =IF(G17="","",MAX(0,G17-J17/100)) -> 0.31384972 | L17: =IF(G17="","",MIN(1,G17+J17/100)) -> 0.37432232 | M17: =IF(F17="","",ROUND(F17*J17/100,0)) -> 3 | P17: -14.667941 | Q17: =T17*$H$5 -> 93.426829 | R17: =MAX(0,MIN(1,P17/100+$D$5)) -> 0.34682383 | S17: Small | T17: 93.426829
A18: Carbon | B18: FRANKLIN TOWNSHIP | C18: FRANKLIN TOWNSHIP-HARRITY | D18: =ROUND(Q18*R18,0) -> 247 | E18: =ROUND(Q18,0)-D18 -> 606 | F18: =IF(COUNTA(D18:E18)=0,"",SUM(D18:E18)) -> 853 | G18: =IF(OR(F18="",F18=0),"",D18/F18) -> 0.28956624 | H18: =IF(OR(F18="",F18=0),"",E18/F18) -> 0.71043376 | I18: random forest (results only) | J18: 1.8087742 | K18: =IF(G18="","",MAX(0,G18-J18/100)) -> 0.2714785 | L18: =IF(G18="","",MIN(1,G18+J18/100)) -> 0.30765398 | M18: =IF(F18="","",ROUND(F18*J18/100,0)) -> 15 | P18: -20.377608 | Q18: =T18*$H$5 -> 852.99444 | R18: =MAX(0,MIN(1,P18/100+$D$5)) -> 0.28972715 | S18: Medium | T18: 852.99444
A19: Carbon | B19: FRANKLIN TOWNSHIP | C19: FRANKLIN TOWNSHIP-IND DIST | D19: =ROUND(Q19*R19,0) -> 126 | E19: =ROUND(Q19,0)-D19 -> 322 | F19: =IF(COUNTA(D19:E19)=0,"",SUM(D19:E19)) -> 448 | G19: =IF(OR(F19="",F19=0),"",D19/F19) -> 0.28125 | H19: =IF(OR(F19="",F19=0),"",E19/F19) -> 0.71875 | I19: random forest (results only) | J19: 3.0236301 | K19: =IF(G19="","",MAX(0,G19-J19/100)) -> 0.2510137 | L19: =IF(G19="","",MIN(1,G19+J19/100)) -> 0.3114863 | M19: =IF(F19="","",ROUND(F19*J19/100,0)) -> 14 | P19: -21.320992 | Q19: =T19*$H$5 -> 447.93932 | R19: =MAX(0,MIN(1,P19/100+$D$5)) -> 0.28029332 | S19: Small | T19: 447.93932
A20: Carbon | B20: FRANKLIN TOWNSHIP | C20: FRANKLIN TOWNSHIP-LONG RUN | D20: =ROUND(Q20*R20,0) -> 190 | E20: =ROUND(Q20,0)-D20 -> 493 | F20: =IF(COUNTA(D20:E20)=0,"",SUM(D20:E20)) -> 683 | G20: =IF(OR(F20="",F20=0),"",D20/F20) -> 0.27818448 | H20: =IF(OR(F20="",F20=0),"",E20/F20) -> 0.72181552 | I20: random forest (results only) | J20: 3.0236301 | K20: =IF(G20="","",MAX(0,G20-J20/100)) -> 0.24794818 | L20: =IF(G20="","",MIN(1,G20+J20/100)) -> 0.30842078 | M20: =IF(F20="","",ROUND(F20*J20/100,0)) -> 21 | P20: -21.529878 | Q20: =T20*$H$5 -> 683.32677 | R20: =MAX(0,MIN(1,P20/100+$D$5)) -> 0.27820446 | S20: Small | T20: 683.32677
A21: Carbon | B21: JIM THORPE BOROUGH | C21: JIM THORPE BOROUGH-1ST | D21: =ROUND(Q21*R21,0) -> 200 | E21: =ROUND(Q21,0)-D21 -> 236 | F21: =IF(COUNTA(D21:E21)=0,"",SUM(D21:E21)) -> 436 | G21: =IF(OR(F21="",F21=0),"",D21/F21) -> 0.4587156 | H21: =IF(OR(F21="",F21=0),"",E21/F21) -> 0.5412844 | I21: random forest (results only) | J21: 3.0236301 | K21: =IF(G21="","",MAX(0,G21-J21/100)) -> 0.42847929 | L21: =IF(G21="","",MIN(1,G21+J21/100)) -> 0.4889519 | M21: =IF(F21="","",ROUND(F21*J21/100,0)) -> 13 | P21: -3.6144659 | Q21: =T21*$H$5 -> 436.24467 | R21: =MAX(0,MIN(1,P21/100+$D$5)) -> 0.45735858 | S21: Small | T21: 436.24467
A22: Carbon | B22: JIM THORPE BOROUGH | C22: JIM THORPE BOROUGH-2ND | D22: =ROUND(Q22*R22,0) -> 123 | E22: =ROUND(Q22,0)-D22 -> 157 | F22: =IF(COUNTA(D22:E22)=0,"",SUM(D22:E22)) -> 280 | G22: =IF(OR(F22="",F22=0),"",D22/F22) -> 0.43928571 | H22: =IF(OR(F22="",F22=0),"",E22/F22) -> 0.56071429 | I22: random forest (results only) | J22: 3.0236301 | K22: =IF(G22="","",MAX(0,G22-J22/100)) -> 0.40904941 | L22: =IF(G22="","",MIN(1,G22+J22/100)) -> 0.46952202 | M22: =IF(F22="","",ROUND(F22*J22/100,0)) -> 8 | P22: -5.491426 | Q22: =T22*$H$5 -> 280.5 | R22: =MAX(0,MIN(1,P22/100+$D$5)) -> 0.43858898 | S22: Small | T22: 280.5
A23: Carbon | B23: JIM THORPE BOROUGH | C23: JIM THORPE BOROUGH-3RD | D23: =ROUND(Q23*R23,0) -> 254 | E23: =ROUND(Q23,0)-D23 -> 392 | F23: =IF(COUNTA(D23:E23)=0,"",SUM(D23:E23)) -> 646 | G23: =IF(OR(F23="",F23=0),"",D23/F23) -> 0.39318885 | H23: =IF(OR(F23="",F23=0),"",E23/F23) -> 0.60681115 | I23: random forest (results only) | J23: 3.0236301 | K23: =IF(G23="","",MAX(0,G23-J23/100)) -> 0.36295255 | L23: =IF(G23="","",MIN(1,G23+J23/100)) -> 0.42342516 | M23: =IF(F23="","",ROUND(F23*J23/100,0)) -> 20 | P23: -9.9574664 | Q23: =T23*$H$5 -> 645.69536 | R23: =MAX(0,MIN(1,P23/100+$D$5)) -> 0.39392857 | S23: Small | T23: 645.69536
... A381: Northampton | B381: WIND GAP | C381: WIND GAP | D381: =ROUND(Q381*R381,0) -> 508 | E381: =ROUND(Q381,0)-D381 -> 637 | F381: =IF(COUNTA(D381:E381)=0,"",SUM(D381:E381)) -> 1145 | G381: =IF(OR(F381="",F381=0),"",D381/F381) -> 0.44366812 | H381: =IF(OR(F381="",F381=0),"",E381/F381) -> 0.55633188 | I381: random forest (results only) | J381: 1.8087742 | K381: =IF(G381="","",MAX(0,G381-J381/100)) -> 0.42558038 | L381: =IF(G381="","",MIN(1,G381+J381/100)) -> 0.46175586 | M381: =IF(F381="","",ROUND(F381*J381/100,0)) -> 21 | P381: -4.9958289 | Q381: =T381*$H$5 -> 1145.4806 | R381: =MAX(0,MIN(1,P381/100+$D$5)) -> 0.44354495 | S381: Medium | T381: 1145.4806

Sheet 2026 Forecast B
A1: PA-07 2026 House Forecast — Precinct-Level Predictions (Forecast B: shap-selected forest)
A2: Candidates: Brooks | Mackenzie | District totals (yellow) are formulas over the precinct rows.
A3: Only the results are modelled. Votes cast in each row = its 2022 House votes × its registration growth since 2022, scaled to the district votes-cast input. Brooks votes = votes cast × forecast Brooks share. Change the district share or votes cast on the Scenario & Comparison tab.
A4: Model / scenario | B4: Random forest on results — Forecast B (SHAP-selected forest), precinct model; turnout = 2022 votes × registration growth | C4: As-of date | D4: 46300 | E4: Prepared by | F4: Max | G4: Version | H4: v3.0 (results only, fixed baseline)
A5: District Brooks share (scenario) | B5: ='Scenario & Comparison'!$C$6 -> 0.49515845 | C5: Uniform shift applied | D5: =B5-SUMPRODUCT(P12:P381,Q12:Q381)/SUM(Q12:Q381)/100 -> 0.50265047 | E5: 2024 backtest district miss (pts) | F5: -0.12042228 | G5: Turnout scale | H5: ='Scenario & Comparison'!$C$7/SUM(T12:T381) -> 1
A6: DISTRICT TOTALS (auto-sum — do not type over)
A7: Geography | B7: (muni) | C7: (precinct) | D7: Brooks votes | E7: Mackenzie votes | F7: Total votes | G7: Brooks share | H7: Mackenzie share | I7: Notes | J7: Error term: Brooks share (± pts) | K7: Brooks share, low | L7: Brooks share, high | M7: Error term: Brooks votes (± votes)
A8: PA-07 District | B8: (all precincts) | D8: =SUM(D12:D381) -> 154579 | E8: =SUM(E12:E381) -> 157610 | F8: =D8+E8 -> 312189 | G8: =IF(F8=0,"",D8/F8) -> 0.49514557 | H8: =IF(F8=0,"",E8/F8) -> 0.50485443 | I8: Headline forecast for the briefing | J8: 0.12042228 | K8: =G8-J8/100 -> 0.49394135 | L8: =G8+J8/100 -> 0.49634979 | M8: =ROUND(F8*J8/100,0) -> 376
A9: Error terms: each row = ±1 root-mean-square miss of this forecast in its 2024 backtest for places of similar size, after removing the district-wide miss. District row = the district-wide miss. Turnout is set by rule (not forecast), so no turnout error is included; the backtest shows that rule missed 2024 votes cast by under 1%.
A10: PRECINCT DETAIL | P10: MODEL INPUTS (from the random forest — do not edit)
A11: County | B11: Municipality | C11: Precinct | D11: Brooks votes | E11: Mackenzie votes | F11: Total votes | G11: Brooks share | H11: Mackenzie share | I11: Notes / source method | J11: Error term: Brooks share (± pts) | K11: Brooks share, low | L11: Brooks share, high | M11: Error term: Brooks votes (± votes) | P11: Model lean vs district (pts) | Q11: Votes cast (scaled rule) | R11: Forecast Brooks share (unrounded) | S11: Size group (backtest error band) | T11: Rule votes: 2022 House votes × registration growth
A12: Carbon | B12: BANKS TOWNSHIP | C12: BANKS TOWNSHIP | D12: =ROUND(Q12*R12,0) -> 150 | E12: =ROUND(Q12,0)-D12 -> 214 | F12: =IF(COUNTA(D12:E12)=0,"",SUM(D12:E12)) -> 364 | G12: =IF(OR(F12="",F12=0),"",D12/F12) -> 0.41208791 | H12: =IF(OR(F12="",F12=0),"",E12/F12) -> 0.58791209 | I12: random forest (results only) | J12: 2.8791897 | K12: =IF(G12="","",MAX(0,G12-J12/100)) -> 0.38329602 | L12: =IF(G12="","",MIN(1,G12+J12/100)) -> 0.44087981 | M12: =IF(F12="","",ROUND(F12*J12/100,0)) -> 10 | P12: -9.0537482 | Q12: =T12*$H$5 -> 364.49096 | R12: =MAX(0,MIN(1,P12/100+$D$5)) -> 0.41211299 | S12: Small | T12: 364.49096
A13: Carbon | B13: BEAVER MEADOWS BOROUGH | C13: BEAVER MEADOWS BOROUGH | D13: =ROUND(Q13*R13,0) -> 99 | E13: =ROUND(Q13,0)-D13 -> 231 | F13: =IF(COUNTA(D13:E13)=0,"",SUM(D13:E13)) -> 330 | G13: =IF(OR(F13="",F13=0),"",D13/F13) -> 0.3 | H13: =IF(OR(F13="",F13=0),"",E13/F13) -> 0.7 | I13: random forest (results only) | J13: 2.8791897 | K13: =IF(G13="","",MAX(0,G13-J13/100)) -> 0.2712081 | L13: =IF(G13="","",MIN(1,G13+J13/100)) -> 0.3287919 | M13: =IF(F13="","",ROUND(F13*J13/100,0)) -> 10 | P13: -20.36251 | Q13: =T13*$H$5 -> 330.13014 | R13: =MAX(0,MIN(1,P13/100+$D$5)) -> 0.29902537 | S13: Small | T13: 330.13014
A14: Carbon | B14: BOWMANSTOWN BOROUGH | C14: BOWMANSTOWN BOROUGH | D14: =ROUND(Q14*R14,0) -> 121 | E14: =ROUND(Q14,0)-D14 -> 235 | F14: =IF(COUNTA(D14:E14)=0,"",SUM(D14:E14)) -> 356 | G14: =IF(OR(F14="",F14=0),"",D14/F14) -> 0.33988764 | H14: =IF(OR(F14="",F14=0),"",E14/F14) -> 0.66011236 | I14: random forest (results only) | J14: 2.8791897 | K14: =IF(G14="","",MAX(0,G14-J14/100)) -> 0.31109574 | L14: =IF(G14="","",MIN(1,G14+J14/100)) -> 0.36867954 | M14: =IF(F14="","",ROUND(F14*J14/100,0)) -> 10 | P14: -16.116993 | Q14: =T14*$H$5 -> 355.63437 | R14: =MAX(0,MIN(1,P14/100+$D$5)) -> 0.34148055 | S14: Small | T14: 355.63437
A15: Carbon | B15: EAST PENN TOWNSHIP | C15: EAST PENN TOWNSHIP-NORTH | D15: =ROUND(Q15*R15,0) -> 192 | E15: =ROUND(Q15,0)-D15 -> 532 | F15: =IF(COUNTA(D15:E15)=0,"",SUM(D15:E15)) -> 724 | G15: =IF(OR(F15="",F15=0),"",D15/F15) -> 0.26519337 | H15: =IF(OR(F15="",F15=0),"",E15/F15) -> 0.73480663 | I15: random forest (results only) | J15: 2.8791897 | K15: =IF(G15="","",MAX(0,G15-J15/100)) -> 0.23640147 | L15: =IF(G15="","",MIN(1,G15+J15/100)) -> 0.29398527 | M15: =IF(F15="","",ROUND(F15*J15/100,0)) -> 21 | P15: -23.742058 | Q15: =T15*$H$5 -> 724.37791 | R15: =MAX(0,MIN(1,P15/100+$D$5)) -> 0.26522989 | S15: Small | T15: 724.37791
A16: Carbon | B16: EAST PENN TOWNSHIP | C16: EAST PENN TOWNSHIP-SOUTH | D16: =ROUND(Q16*R16,0) -> 175 | E16: =ROUND(Q16,0)-D16 -> 436 | F16: =IF(COUNTA(D16:E16)=0,"",SUM(D16:E16)) -> 611 | G16: =IF(OR(F16="",F16=0),"",D16/F16) -> 0.28641571 | H16: =IF(OR(F16="",F16=0),"",E16/F16) -> 0.71358429 | I16: random forest (results only) | J16: 2.8791897 | K16: =IF(G16="","",MAX(0,G16-J16/100)) -> 0.25762382 | L16: =IF(G16="","",MIN(1,G16+J16/100)) -> 0.31520761 | M16: =IF(F16="","",ROUND(F16*J16/100,0)) -> 18 | P16: -21.553933 | Q16: =T16*$H$5 -> 610.89237 | R16: =MAX(0,MIN(1,P16/100+$D$5)) -> 0.28711114 | S16: Small | T16: 610.89237
A17: Carbon | B17: EAST SIDE BOROUGH | C17: EAST SIDE BOROUGH | D17: =ROUND(Q17*R17,0) -> 33 | E17: =ROUND(Q17,0)-D17 -> 60 | F17: =IF(COUNTA(D17:E17)=0,"",SUM(D17:E17)) -> 93 | G17: =IF(OR(F17="",F17=0),"",D17/F17) -> 0.35483871 | H17: =IF(OR(F17="",F17=0),"",E17/F17) -> 0.64516129 | I17: random forest (results only) | J17: 2.8791897 | K17: =IF(G17="","",MAX(0,G17-J17/100)) -> 0.32604681 | L17: =IF(G17="","",MIN(1,G17+J17/100)) -> 0.38363061 | M17: =IF(F17="","",ROUND(F17*J17/100,0)) -> 3 | P17: -14.644744 | Q17: =T17*$H$5 -> 93.426829 | R17: =MAX(0,MIN(1,P17/100+$D$5)) -> 0.35620303 | S17: Small | T17: 93.426829
A18: Carbon | B18: FRANKLIN TOWNSHIP | C18: FRANKLIN TOWNSHIP-HARRITY | D18: =ROUND(Q18*R18,0) -> 247 | E18: =ROUND(Q18,0)-D18 -> 606 | F18: =IF(COUNTA(D18:E18)=0,"",SUM(D18:E18)) -> 853 | G18: =IF(OR(F18="",F18=0),"",D18/F18) -> 0.28956624 | H18: =IF(OR(F18="",F18=0),"",E18/F18) -> 0.71043376 | I18: random forest (results only) | J18: 1.9254971 | K18: =IF(G18="","",MAX(0,G18-J18/100)) -> 0.27031127 | L18: =IF(G18="","",MIN(1,G18+J18/100)) -> 0.30882121 | M18: =IF(F18="","",ROUND(F18*J18/100,0)) -> 16 | P18: -21.271718 | Q18: =T18*$H$5 -> 852.99444 | R18: =MAX(0,MIN(1,P18/100+$D$5)) -> 0.28993329 | S18: Medium | T18: 852.99444
A19: Carbon | B19: FRANKLIN TOWNSHIP | C19: FRANKLIN TOWNSHIP-IND DIST | D19: =ROUND(Q19*R19,0) -> 129 | E19: =ROUND(Q19,0)-D19 -> 319 | F19: =IF(COUNTA(D19:E19)=0,"",SUM(D19:E19)) -> 448 | G19: =IF(OR(F19="",F19=0),"",D19/F19) -> 0.28794643 | H19: =IF(OR(F19="",F19=0),"",E19/F19) -> 0.71205357 | I19: random forest (results only) | J19: 2.8791897 | K19: =IF(G19="","",MAX(0,G19-J19/100)) -> 0.25915453 | L19: =IF(G19="","",MIN(1,G19+J19/100)) -> 0.31673833 | M19: =IF(F19="","",ROUND(F19*J19/100,0)) -> 13 | P19: -21.572129 | Q19: =T19*$H$5 -> 447.93932 | R19: =MAX(0,MIN(1,P19/100+$D$5)) -> 0.28692918 | S19: Small | T19: 447.93932
A20: Carbon | B20: FRANKLIN TOWNSHIP | C20: FRANKLIN TOWNSHIP-LONG RUN | D20: =ROUND(Q20*R20,0) -> 190 | E20: =ROUND(Q20,0)-D20 -> 493 | F20: =IF(COUNTA(D20:E20)=0,"",SUM(D20:E20)) -> 683 | G20: =IF(OR(F20="",F20=0),"",D20/F20) -> 0.27818448 | H20: =IF(OR(F20="",F20=0),"",E20/F20) -> 0.72181552 | I20: random forest (results only) | J20: 2.8791897 | K20: =IF(G20="","",MAX(0,G20-J20/100)) -> 0.24939258 | L20: =IF(G20="","",MIN(1,G20+J20/100)) -> 0.30697638 | M20: =IF(F20="","",ROUND(F20*J20/100,0)) -> 20 | P20: -22.407704 | Q20: =T20*$H$5 -> 683.32677 | R20: =MAX(0,MIN(1,P20/100+$D$5)) -> 0.27857343 | S20: Small | T20: 683.32677
A21: Carbon | B21: JIM THORPE BOROUGH | C21: JIM THORPE BOROUGH-1ST | D21: =ROUND(Q21*R21,0) -> 204 | E21: =ROUND(Q21,0)-D21 -> 232 | F21: =IF(COUNTA(D21:E21)=0,"",SUM(D21:E21)) -> 436 | G21: =IF(OR(F21="",F21=0),"",D21/F21) -> 0.46788991 | H21: =IF(OR(F21="",F21=0),"",E21/F21) -> 0.53211009 | I21: random forest (results only) | J21: 2.8791897 | K21: =IF(G21="","",MAX(0,G21-J21/100)) -> 0.43909801 | L21: =IF(G21="","",MIN(1,G21+J21/100)) -> 0.4966818 | M21: =IF(F21="","",ROUND(F21*J21/100,0)) -> 13 | P21: -3.6000118 | Q21: =T21*$H$5 -> 436.24467 | R21: =MAX(0,MIN(1,P21/100+$D$5)) -> 0.46665036 | S21: Small | T21: 436.24467
A22: Carbon | B22: JIM THORPE BOROUGH | C22: JIM THORPE BOROUGH-2ND | D22: =ROUND(Q22*R22,0) -> 129 | E22: =ROUND(Q22,0)-D22 -> 151 | F22: =IF(COUNTA(D22:E22)=0,"",SUM(D22:E22)) -> 280 | G22: =IF(OR(F22="",F22=0),"",D22/F22) -> 0.46071429 | H22: =IF(OR(F22="",F22=0),"",E22/F22) -> 0.53928571 | I22: random forest (results only) | J22: 2.8791897 | K22: =IF(G22="","",MAX(0,G22-J22/100)) -> 0.43192239 | L22: =IF(G22="","",MIN(1,G22+J22/100)) -> 0.48950618 | M22: =IF(F22="","",ROUND(F22*J22/100,0)) -> 8 | P22: -4.288818 | Q22: =T22*$H$5 -> 280.5 | R22: =MAX(0,MIN(1,P22/100+$D$5)) -> 0.45976229 | S22: Small | T22: 280.5
A23: Carbon | B23: JIM THORPE BOROUGH | C23: JIM THORPE BOROUGH-3RD | D23: =ROUND(Q23*R23,0) -> 257 | E23: =ROUND(Q23,0)-D23 -> 389 | F23: =IF(COUNTA(D23:E23)=0,"",SUM(D23:E23)) -> 646 | G23: =IF(OR(F23="",F23=0),"",D23/F23) -> 0.39783282 | H23: =IF(OR(F23="",F23=0),"",E23/F23) -> 0.60216718 | I23: random forest (results only) | J23: 2.8791897 | K23: =IF(G23="","",MAX(0,G23-J23/100)) -> 0.36904092 | L23: =IF(G23="","",MIN(1,G23+J23/100)) -> 0.42662471 | M23: =IF(F23="","",ROUND(F23*J23/100,0)) -> 19 | P23: -10.416499 | Q23: =T23*$H$5 -> 645.69536 | R23: =MAX(0,MIN(1,P23/100+$D$5)) -> 0.39848548 | S23: Small | T23: 645.69536
... A381: Northampton | B381: WIND GAP | C381: WIND GAP | D381: =ROUND(Q381*R381,0) -> 506 | E381: =ROUND(Q381,0)-D381 -> 639 | F381: =IF(COUNTA(D381:E381)=0,"",SUM(D381:E381)) -> 1145 | G381: =IF(OR(F381="",F381=0),"",D381/F381) -> 0.4419214 | H381: =IF(OR(F381="",F381=0),"",E381/F381) -> 0.5580786 | I381: random forest (results only) | J381: 1.9254971 | K381: =IF(G381="","",MAX(0,G381-J381/100)) -> 0.42266643 | L381: =IF(G381="","",MIN(1,G381+J381/100)) -> 0.46117637 | M381: =IF(F381="","",ROUND(F381*J381/100,0)) -> 22 | P381: -6.1239684 | Q381: =T381*$H$5 -> 1145.4806 | R381: =MAX(0,MIN(1,P381/100+$D$5)) -> 0.44141079 | S381: Medium | T381: 1145.4806

Sheet 2026 Forecast C
A1: PA-07 2026 House Forecast — Precinct-Level Predictions (Forecast C: shap family-reweighted forest)
A2: Candidates: Brooks | Mackenzie | District totals (yellow) are formulas over the precinct rows.
A3: Only the results are modelled. Votes cast in each row = its 2022 House votes × its registration growth since 2022, scaled to the district votes-cast input. Brooks votes = votes cast × forecast Brooks share. Change the district share or votes cast on the Scenario & Comparison tab.
A4: Model / scenario | B4: Random forest on results — Forecast C (SHAP family-reweighted forest), precinct model; turnout = 2022 votes × registration growth | C4: As-of date | D4: 46300 | E4: Prepared by | F4: Max | G4: Version | H4: v3.0 (results only, fixed baseline)
A5: District Brooks share (scenario) | B5: ='Scenario & Comparison'!$C$6 -> 0.49515845 | C5: Uniform shift applied | D5: =B5-SUMPRODUCT(P12:P381,Q12:Q381)/SUM(Q12:Q381)/100 -> 0.49221712 | E5: 2024 backtest district miss (pts) | F5: -0.12122496 | G5: Turnout scale | H5: ='Scenario & Comparison'!$C$7/SUM(T12:T381) -> 1
A6: DISTRICT TOTALS (auto-sum — do not type over)
A7: Geography | B7: (muni) | C7: (precinct) | D7: Brooks votes | E7: Mackenzie votes | F7: Total votes | G7: Brooks share | H7: Mackenzie share | I7: Notes | J7: Error term: Brooks share (± pts) | K7: Brooks share, low | L7: Brooks share, high | M7: Error term: Brooks votes (± votes)
A8: PA-07 District | B8: (all precincts) | D8: =SUM(D12:D381) -> 154594 | E8: =SUM(E12:E381) -> 157595 | F8: =D8+E8 -> 312189 | G8: =IF(F8=0,"",D8/F8) -> 0.49519362 | H8: =IF(F8=0,"",E8/F8) -> 0.50480638 | I8: Headline forecast for the briefing | J8: 0.12122496 | K8: =G8-J8/100 -> 0.49398137 | L8: =G8+J8/100 -> 0.49640587 | M8: =ROUND(F8*J8/100,0) -> 378
A9: Error terms: each row = ±1 root-mean-square miss of this forecast in its 2024 backtest for places of similar size, after removing the district-wide miss. District row = the district-wide miss. Turnout is set by rule (not forecast), so no turnout error is included; the backtest shows that rule missed 2024 votes cast by under 1%.
A10: PRECINCT DETAIL | P10: MODEL INPUTS (from the random forest — do not edit)
A11: County | B11: Municipality | C11: Precinct | D11: Brooks votes | E11: Mackenzie votes | F11: Total votes | G11: Brooks share | H11: Mackenzie share | I11: Notes / source method | J11: Error term: Brooks share (± pts) | K11: Brooks share, low | L11: Brooks share, high | M11: Error term: Brooks votes (± votes) | P11: Model lean vs district (pts) | Q11: Votes cast (scaled rule) | R11: Forecast Brooks share (unrounded) | S11: Size group (backtest error band) | T11: Rule votes: 2022 House votes × registration growth
A12: Carbon | B12: BANKS TOWNSHIP | C12: BANKS TOWNSHIP | D12: =ROUND(Q12*R12,0) -> 147 | E12: =ROUND(Q12,0)-D12 -> 217 | F12: =IF(COUNTA(D12:E12)=0,"",SUM(D12:E12)) -> 364 | G12: =IF(OR(F12="",F12=0),"",D12/F12) -> 0.40384615 | H12: =IF(OR(F12="",F12=0),"",E12/F12) -> 0.59615385 | I12: random forest (results only) | J12: 3.1546623 | K12: =IF(G12="","",MAX(0,G12-J12/100)) -> 0.37229953 | L12: =IF(G12="","",MIN(1,G12+J12/100)) -> 0.43539278 | M12: =IF(F12="","",ROUND(F12*J12/100,0)) -> 11 | P12: -8.8015271 | Q12: =T12*$H$5 -> 364.49096 | R12: =MAX(0,MIN(1,P12/100+$D$5)) -> 0.40420185 | S12: Small | T12: 364.49096
A13: Carbon | B13: BEAVER MEADOWS BOROUGH | C13: BEAVER MEADOWS BOROUGH | D13: =ROUND(Q13*R13,0) -> 93 | E13: =ROUND(Q13,0)-D13 -> 237 | F13: =IF(COUNTA(D13:E13)=0,"",SUM(D13:E13)) -> 330 | G13: =IF(OR(F13="",F13=0),"",D13/F13) -> 0.28181818 | H13: =IF(OR(F13="",F13=0),"",E13/F13) -> 0.71818182 | I13: random forest (results only) | J13: 3.1546623 | K13: =IF(G13="","",MAX(0,G13-J13/100)) -> 0.25027156 | L13: =IF(G13="","",MIN(1,G13+J13/100)) -> 0.31336481 | M13: =IF(F13="","",ROUND(F13*J13/100,0)) -> 10 | P13: -21.059919 | Q13: =T13*$H$5 -> 330.13014 | R13: =MAX(0,MIN(1,P13/100+$D$5)) -> 0.28161793 | S13: Small | T13: 330.13014
A14: Carbon | B14: BOWMANSTOWN BOROUGH | C14: BOWMANSTOWN BOROUGH | D14: =ROUND(Q14*R14,0) -> 114 | E14: =ROUND(Q14,0)-D14 -> 242 | F14: =IF(COUNTA(D14:E14)=0,"",SUM(D14:E14)) -> 356 | G14: =IF(OR(F14="",F14=0),"",D14/F14) -> 0.32022472 | H14: =IF(OR(F14="",F14=0),"",E14/F14) -> 0.67977528 | I14: random forest (results only) | J14: 3.1546623 | K14: =IF(G14="","",MAX(0,G14-J14/100)) -> 0.2886781 | L14: =IF(G14="","",MIN(1,G14+J14/100)) -> 0.35177134 | M14: =IF(F14="","",ROUND(F14*J14/100,0)) -> 11 | P14: -17.216509 | Q14: =T14*$H$5 -> 355.63437 | R14: =MAX(0,MIN(1,P14/100+$D$5)) -> 0.32005203 | S14: Small | T14: 355.63437
A15: Carbon | B15: EAST PENN TOWNSHIP | C15: EAST PENN TOWNSHIP-NORTH | D15: =ROUND(Q15*R15,0) -> 180 | E15: =ROUND(Q15,0)-D15 -> 544 | F15: =IF(COUNTA(D15:E15)=0,"",SUM(D15:E15)) -> 724 | G15: =IF(OR(F15="",F15=0),"",D15/F15) -> 0.24861878 | H15: =IF(OR(F15="",F15=0),"",E15/F15) -> 0.75138122 | I15: random forest (results only) | J15: 3.1546623 | K15: =IF(G15="","",MAX(0,G15-J15/100)) -> 0.21707216 | L15: =IF(G15="","",MIN(1,G15+J15/100)) -> 0.28016541 | M15: =IF(F15="","",ROUND(F15*J15/100,0)) -> 23 | P15: -24.369799 | Q15: =T15*$H$5 -> 724.37791 | R15: =MAX(0,MIN(1,P15/100+$D$5)) -> 0.24851913 | S15: Small | T15: 724.37791
A16: Carbon | B16: EAST PENN TOWNSHIP | C16: EAST PENN TOWNSHIP-SOUTH | D16: =ROUND(Q16*R16,0) -> 170 | E16: =ROUND(Q16,0)-D16 -> 441 | F16: =IF(COUNTA(D16:E16)=0,"",SUM(D16:E16)) -> 611 | G16: =IF(OR(F16="",F16=0),"",D16/F16) -> 0.27823241 | H16: =IF(OR(F16="",F16=0),"",E16/F16) -> 0.72176759 | I16: random forest (results only) | J16: 3.1546623 | K16: =IF(G16="","",MAX(0,G16-J16/100)) -> 0.24668578 | L16: =IF(G16="","",MIN(1,G16+J16/100)) -> 0.30977903 | M16: =IF(F16="","",ROUND(F16*J16/100,0)) -> 19 | P16: -21.361117 | Q16: =T16*$H$5 -> 610.89237 | R16: =MAX(0,MIN(1,P16/100+$D$5)) -> 0.27860595 | S16: Small | T16: 610.89237
A17: Carbon | B17: EAST SIDE BOROUGH | C17: EAST SIDE BOROUGH | D17: =ROUND(Q17*R17,0) -> 32 | E17: =ROUND(Q17,0)-D17 -> 61 | F17: =IF(COUNTA(D17:E17)=0,"",SUM(D17:E17)) -> 93 | G17: =IF(OR(F17="",F17=0),"",D17/F17) -> 0.34408602 | H17: =IF(OR(F17="",F17=0),"",E17/F17) -> 0.65591398 | I17: random forest (results only) | J17: 3.1546623 | K17: =IF(G17="","",MAX(0,G17-J17/100)) -> 0.3125394 | L17: =IF(G17="","",MIN(1,G17+J17/100)) -> 0.37563264 | M17: =IF(F17="","",ROUND(F17*J17/100,0)) -> 3 | P17: -15.019764 | Q17: =T17*$H$5 -> 93.426829 | R17: =MAX(0,MIN(1,P17/100+$D$5)) -> 0.34201948 | S17: Small | T17: 93.426829
A18: Carbon | B18: FRANKLIN TOWNSHIP | C18: FRANKLIN TOWNSHIP-HARRITY | D18: =ROUND(Q18*R18,0) -> 240 | E18: =ROUND(Q18,0)-D18 -> 613 | F18: =IF(COUNTA(D18:E18)=0,"",SUM(D18:E18)) -> 853 | G18: =IF(OR(F18="",F18=0),"",D18/F18) -> 0.28135991 | H18: =IF(OR(F18="",F18=0),"",E18/F18) -> 0.71864009 | I18: random forest (results only) | J18: 1.8851096 | K18: =IF(G18="","",MAX(0,G18-J18/100)) -> 0.26250881 | L18: =IF(G18="","",MIN(1,G18+J18/100)) -> 0.300211 | M18: =IF(F18="","",ROUND(F18*J18/100,0)) -> 16 | P18: -21.14341 | Q18: =T18*$H$5 -> 852.99444 | R18: =MAX(0,MIN(1,P18/100+$D$5)) -> 0.28078302 | S18: Medium | T18: 852.99444
A19: Carbon | B19: FRANKLIN TOWNSHIP | C19: FRANKLIN TOWNSHIP-IND DIST | D19: =ROUND(Q19*R19,0) -> 121 | E19: =ROUND(Q19,0)-D19 -> 327 | F19: =IF(COUNTA(D19:E19)=0,"",SUM(D19:E19)) -> 448 | G19: =IF(OR(F19="",F19=0),"",D19/F19) -> 0.27008929 | H19: =IF(OR(F19="",F19=0),"",E19/F19) -> 0.72991071 | I19: random forest (results only) | J19: 3.1546623 | K19: =IF(G19="","",MAX(0,G19-J19/100)) -> 0.23854266 | L19: =IF(G19="","",MIN(1,G19+J19/100)) -> 0.30163591 | M19: =IF(F19="","",ROUND(F19*J19/100,0)) -> 14 | P19: -22.22272 | Q19: =T19*$H$5 -> 447.93932 | R19: =MAX(0,MIN(1,P19/100+$D$5)) -> 0.26998993 | S19: Small | T19: 447.93932
A20: Carbon | B20: FRANKLIN TOWNSHIP | C20: FRANKLIN TOWNSHIP-LONG RUN | D20: =ROUND(Q20*R20,0) -> 184 | E20: =ROUND(Q20,0)-D20 -> 499 | F20: =IF(COUNTA(D20:E20)=0,"",SUM(D20:E20)) -> 683 | G20: =IF(OR(F20="",F20=0),"",D20/F20) -> 0.26939971 | H20: =IF(OR(F20="",F20=0),"",E20/F20) -> 0.73060029 | I20: random forest (results only) | J20: 3.1546623 | K20: =IF(G20="","",MAX(0,G20-J20/100)) -> 0.23785308 | L20: =IF(G20="","",MIN(1,G20+J20/100)) -> 0.30094633 | M20: =IF(F20="","",ROUND(F20*J20/100,0)) -> 22 | P20: -22.35058 | Q20: =T20*$H$5 -> 683.32677 | R20: =MAX(0,MIN(1,P20/100+$D$5)) -> 0.26871133 | S20: Small | T20: 683.32677
A21: Carbon | B21: JIM THORPE BOROUGH | C21: JIM THORPE BOROUGH-1ST | D21: =ROUND(Q21*R21,0) -> 199 | E21: =ROUND(Q21,0)-D21 -> 237 | F21: =IF(COUNTA(D21:E21)=0,"",SUM(D21:E21)) -> 436 | G21: =IF(OR(F21="",F21=0),"",D21/F21) -> 0.45642202 | H21: =IF(OR(F21="",F21=0),"",E21/F21) -> 0.54357798 | I21: random forest (results only) | J21: 3.1546623 | K21: =IF(G21="","",MAX(0,G21-J21/100)) -> 0.42487539 | L21: =IF(G21="","",MIN(1,G21+J21/100)) -> 0.48796864 | M21: =IF(F21="","",ROUND(F21*J21/100,0)) -> 14 | P21: -3.6413148 | Q21: =T21*$H$5 -> 436.24467 | R21: =MAX(0,MIN(1,P21/100+$D$5)) -> 0.45580398 | S21: Small | T21: 436.24467
A22: Carbon | B22: JIM THORPE BOROUGH | C22: JIM THORPE BOROUGH-2ND | D22: =ROUND(Q22*R22,0) -> 123 | E22: =ROUND(Q22,0)-D22 -> 157 | F22: =IF(COUNTA(D22:E22)=0,"",SUM(D22:E22)) -> 280 | G22: =IF(OR(F22="",F22=0),"",D22/F22) -> 0.43928571 | H22: =IF(OR(F22="",F22=0),"",E22/F22) -> 0.56071429 | I22: random forest (results only) | J22: 3.1546623 | K22: =IF(G22="","",MAX(0,G22-J22/100)) -> 0.40773909 | L22: =IF(G22="","",MIN(1,G22+J22/100)) -> 0.47083234 | M22: =IF(F22="","",ROUND(F22*J22/100,0)) -> 9 | P22: -5.4457467 | Q22: =T22*$H$5 -> 280.5 | R22: =MAX(0,MIN(1,P22/100+$D$5)) -> 0.43775966 | S22: Small | T22: 280.5
A23: Carbon | B23: JIM THORPE BOROUGH | C23: JIM THORPE BOROUGH-3RD | D23: =ROUND(Q23*R23,0) -> 252 | E23: =ROUND(Q23,0)-D23 -> 394 | F23: =IF(COUNTA(D23:E23)=0,"",SUM(D23:E23)) -> 646 | G23: =IF(OR(F23="",F23=0),"",D23/F23) -> 0.39009288 | H23: =IF(OR(F23="",F23=0),"",E23/F23) -> 0.60990712 | I23: random forest (results only) | J23: 3.1546623 | K23: =IF(G23="","",MAX(0,G23-J23/100)) -> 0.35854626 | L23: =IF(G23="","",MIN(1,G23+J23/100)) -> 0.4216395 | M23: =IF(F23="","",ROUND(F23*J23/100,0)) -> 20 | P23: -10.238546 | Q23: =T23*$H$5 -> 645.69536 | R23: =MAX(0,MIN(1,P23/100+$D$5)) -> 0.38983167 | S23: Small | T23: 645.69536
... A381: Northampton | B381: WIND GAP | C381: WIND GAP | D381: =ROUND(Q381*R381,0) -> 507 | E381: =ROUND(Q381,0)-D381 -> 638 | F381: =IF(COUNTA(D381:E381)=0,"",SUM(D381:E381)) -> 1145 | G381: =IF(OR(F381="",F381=0),"",D381/F381) -> 0.44279476 | H381: =IF(OR(F381="",F381=0),"",E381/F381) -> 0.55720524 | I381: random forest (results only) | J381: 1.8851096 | K381: =IF(G381="","",MAX(0,G381-J381/100)) -> 0.42394366 | L381: =IF(G381="","",MIN(1,G381+J381/100)) -> 0.46164586 | M381: =IF(F381="","",ROUND(F381*J381/100,0)) -> 22 | P381: -4.9390023 | Q381: =T381*$H$5 -> 1145.4806 | R381: =MAX(0,MIN(1,P381/100+$D$5)) -> 0.4428271 | S381: Medium | T381: 1145.4806

Sheet How Forecasts Are Weighted
A1: How the three precinct-level forecasts weigh their inputs (SHAP) — results-only random forests
A3: Forecast A — Full random forest.
A4: All 23 candidate inputs go into one random forest that forecasts the Democratic share. Nothing is weighted by hand; SHAP measures what the forest learned. This is the reference.
A5: Forecast B — SHAP-selected forest.
A6: Keeps only inputs whose average |SHAP| beat all 10 random columns in at least 18 of 20 refits and that held at least 2% of Forecast A’s SHAP total (6 of 23 kept), then refits the forest on them. Weight that was spread thinly over weak inputs is concentrated on the strong ones.
A7: Forecast C — SHAP family-reweighted forest.
A8: Keeps Forecast A’s forest but multiplies each input family’s SHAP values by a weight fitted to how well that family predicted elections the forest had not seen (leave-one-election-out, fitted within each election). Families under 3% of SHAP stay at ×1; others are limited to ×0.5–×2 because there are only three training elections.
A9: Backtests.
A10: Each 2024 backtest uses its own forecast’s weighting: A’s full input set, B’s selected inputs, and C’s exact family weights — refit only on 2020 and 2022.
A11: Turnout.
A12: Not modelled in any forecast: votes cast = last same-type House votes × registration growth (2022→2026 for the forecast; 2020→2024 in the backtest). All differences between A, B and C come from the results model.
A14: Family share of SHAP value in votes, 2026 forecast rows
A15: Input family | B15: Forecast A | C15: Forecast B | D15: Forecast C | E15: Forecast C weight (×)
A16: Election type | B16: 0.0037796838 | C16: 0 | D16: 0.0036747458 | E16: 1
A17: Geography & municipal context | B17: 0.018762929 | C17: 0 | D17: 0.018242001 | E17: 1
A18: Historical voter data | B18: 0.73421885 | C18: 0.68091321 | D18: 0.77198837 | E18: 1.0814673
A19: Voter registration data | B19: 0.24323854 | C19: 0.31908679 | D19: 0.20609488 | E19: 0.87149117
A20: Out-of-fold pattern error before → after Forecast C’s re-weighting: 2.59 → 2.55 points.
A22: Top inputs in each forecast (share of SHAP value in votes)
A23: # | B23: Forecast A | C23: Share | D23: Forecast B | E23: Share | F23: Forecast C | G23: Share
A24: 1 | B24: Precinct House lean, last election (t−2) | C24: 0.27862482 | D24: Precinct House lean, last election (t−2) | E24: 0.17520361 | F24: Precinct House lean, last election (t−2) | G24: 0.29295778
A25: 2 | B25: Electorate last election: R % of ballots | C25: 0.19334526 | D25: Precinct House lean, last same-type election (t−4) | E25: 0.16945971 | F25: Electorate last election: R % of ballots | G25: 0.20329128
A26: 3 | B26: Municipality House lean, last election (t−2) | C26: 0.13040476 | D26: Electorate last election: R % of ballots | E26: 0.1689257 | F26: Municipality House lean, last election (t−2) | G26: 0.13711301
A27: 4 | B27: State registration: R % (as of election) | C27: 0.1127324 | D27: Municipality House lean, last election (t−2) | E27: 0.1673242 | F27: State registration: R % (as of election) | G27: 0.095517639
A28: 5 | B28: Precinct House lean, last same-type election (t−4) | C28: 0.080463754 | D28: State registration: R % (as of election) | E28: 0.16356276 | F28: Precinct House lean, last same-type election (t−4) | G28: 0.084602952
A29: 6 | B29: State registration: D % (as of election) | C29: 0.076636876 | D29: State registration: D % (as of election) | E29: 0.15552402 | F29: State registration: D % (as of election) | G29: 0.064934068
A30: 7 | B30: State registration: change in D−R margin since t−2 | C30: 0.020865699 | F30: State registration: change in D−R margin since t−2 | G30: 0.01767941
A31: 8 | B31: Mail use last election: R voters | C31: 0.016328199 | F31: Mail use last election: R voters | G31: 0.017168151
A32: 9 | B32: Precinct vs. its municipality, last election (pts) | C32: 0.014196296 | F32: Precinct vs. its municipality, last election (pts) | G32: 0.013802154
A33: 10 | B33: Turnout last election: R registrants | C33: 0.010926934 | F33: Turnout last election: R registrants | G33: 0.011489035
A35: Forecast B — random-column test and selection
A36: Input | B36: Beat random columns (of 20) | C36: Share of SHAP in A | D36: Kept in B?
A37: Precinct House lean, last election (t−2) | B37: 20 | C37: 0.29575643 | D37: Yes
A38: Electorate last election: R % of ballots | B38: 20 | C38: 0.19404728 | D38: Yes
A39: Municipality House lean, last election (t−2) | B39: 20 | C39: 0.13112478 | D39: Yes
A40: State registration: R % (as of election) | B40: 20 | C40: 0.11105602 | D40: Yes
A41: Precinct House lean, last same-type election (t−4) | B41: 20 | C41: 0.078463649 | D41: Yes
A42: State registration: D % (as of election) | B42: 20 | C42: 0.072851368 | D42: Yes
A43: State registration: change in D−R margin since t−2 | B43: 20 | C43: 0.01772911 | D43: No
A44: Precinct vs. its municipality, last election (pts) | B44: 20 | C44: 0.013984863 | D44: No
A45: Mail use last election: R voters | B45: 20 | C45: 0.01392582 | D45: No
A46: Turnout last election: R registrants | B46: 20 | C46: 0.00909359 | D46: No
A47: Voter-file party switch gap (today’s R % − state R %) | B47: 20 | C47: 0.0086844797 | D47: No
A48: Mail use last election: D voters | B48: 20 | C48: 0.008026408 | D48: No
... A59: County: Lehigh | B59: 1 | C59: 0.00098970801 | D59: No

Sheet Feature Ranking A
A1: Rank | B1: Feature | C1: Input family | D1: Share of model | E1: Share within its family | F1: SHAP value in votes | G1: Used to forecast | H1: Significance test result | I1: Variable (short name) | J1: Status in Forecast B
A2: 1 | B2: Democratic percent of the two-party House vote, 2024 (certified precinct results), above or below the district average | C2: Historical voter data | D2: 0.27862482 | E2: 0.37948471 | F2: 53.408418 | G2: Democratic percent of the two-party vote | H2: Beat all 10 random comparison columns in 20 of 20 refits. | I2: Precinct House lean, last election (t−2) | J2: Kept in B
A3: 2 | B3: Registered Republicans as a percent of everyone who voted, 2024 (voter file) | C3: Historical voter data | D3: 0.19334526 | E3: 0.26333464 | F3: 37.061537 | G3: Democratic percent of the two-party vote | H3: Beat all 10 random comparison columns in 20 of 20 refits. | I3: Electorate last election: R % of ballots | J3: Kept in B
A4: 3 | B4: Democratic percent of the two-party House vote in the precinct’s whole municipality, 2024, above or below the district average | C4: Historical voter data | D4: 0.13040476 | E4: 0.1776102 | F4: 24.996738 | G4: Democratic percent of the two-party vote | H4: Beat all 10 random comparison columns in 20 of 20 refits. | I4: Municipality House lean, last election (t−2) | J4: Kept in B
A5: 4 | B5: Registered Republicans as a percent of all registered voters, 2026 primary rolls (Department of State) | C5: Voter registration data | D5: 0.1127324 | E5: 0.46346439 | F5: 21.609199 | G5: Democratic percent of the two-party vote | H5: Beat all 10 random comparison columns in 20 of 20 refits. | I5: State registration: R % (as of election) | J5: Kept in B
A6: 5 | B6: Democratic percent of the two-party House vote, 2022 — the last midterm (certified precinct results), above or below the district average | C6: Historical voter data | D6: 0.080463754 | E6: 0.10959097 | F6: 15.423758 | G6: Democratic percent of the two-party vote | H6: Beat all 10 random comparison columns in 20 of 20 refits. | I6: Precinct House lean, last same-type election (t−4) | J6: Kept in B
A7: 6 | B7: Registered Democrats as a percent of all registered voters, 2026 primary rolls (Department of State) | C7: Voter registration data | D7: 0.076636876 | E7: 0.3150688 | F7: 14.6902 | G7: Democratic percent of the two-party vote | H7: Beat all 10 random comparison columns in 20 of 20 refits. | I7: State registration: D % (as of election) | J7: Kept in B
A8: 7 | B8: Change in registered Democrats minus Republicans (percent of registered) from the 2024 general to the 2026 primary (Department of State) | C8: Voter registration data | D8: 0.020865699 | E8: 0.085782868 | F8: 3.9996579 | G8: Democratic percent of the two-party vote | H8: Beat all 10 random comparison columns in 20 of 20 refits. | I8: State registration: change in D−R margin since t−2 | J8: Dropped from B
A9: 8 | B9: Percent of Republican voters who voted by mail, 2024 (voter file) | C9: Historical voter data | D9: 0.016328199 | E9: 0.022238873 | F9: 3.1298837 | G9: Democratic percent of the two-party vote | H9: Beat all 10 random comparison columns in 20 of 20 refits. | I9: Mail use last election: R voters | J9: Dropped from B
A10: 9 | B10: Precinct’s 2024 House Democratic percent minus its municipality’s, in points | C10: Geography & municipal context | D10: 0.014196296 | E10: 0.75661406 | F10: 2.7212282 | G10: Democratic percent of the two-party vote | H10: Beat all 10 random comparison columns in 20 of 20 refits. | I10: Precinct vs. its municipality, last election (pts) | J10: Dropped from B
A11: 10 | B11: Percent of registered Republicans who voted, 2024 (voter file) | C11: Historical voter data | D11: 0.010926934 | E11: 0.014882394 | F11: 2.0945379 | G11: Democratic percent of the two-party vote | H11: Beat all 10 random comparison columns in 20 of 20 refits. | I11: Turnout last election: R registrants | J11: Dropped from B
A12: 11 | B12: Republican percent of registered voters in the 2026 voter file minus the Republican percent on the 2026 state rolls (a party-switching signal) | C12: Voter registration data | D12: 0.0096814115 | E12: 0.039802128 | F12: 1.8557889 | G12: Democratic percent of the two-party vote | H12: Beat all 10 random comparison columns in 20 of 20 refits. | I12: Voter-file party switch gap (today’s R % − state R %) | J12: Dropped from B
A13: 12 | B13: Percent of Democratic voters who voted by mail, 2024 (voter file) | C13: Historical voter data | D13: 0.0093961225 | E13: 0.012797441 | F13: 1.8011031 | G13: Democratic percent of the two-party vote | H13: Beat all 10 random comparison columns in 20 of 20 refits. | I13: Mail use last election: D voters | J13: Dropped from B
... A24: 23 | B24: Precinct is in Lehigh County (1/0) | C24: Geography & municipal context | D24: 0.0010024291 | E24: 0.053426044 | F24: 0.19215141 | G24: Democratic percent of the two-party vote | H24: Beat all 10 random comparison columns in 1 of 20 refits. | I24: County: Lehigh | J24: Dropped from B
B26: Historical voter data, total | C26: Historical voter data | D26: =SUMIF(C2:C24,"Historical voter data",D2:D24) -> 0.73421885 | F26: =SUMIF(C2:C24,"Historical voter data",F2:F24) -> 140.73931
B27: Voter registration data, total | C27: Voter registration data | D27: =SUMIF(C2:C24,"Voter registration data",D2:D24) -> 0.24323854 | F27: =SUMIF(C2:C24,"Voter registration data",F2:F24) -> 46.62537
B28: Geography & municipal context, total | C28: Geography & municipal context | D28: =SUMIF(C2:C24,"Geography & municipal context",D2:D24) -> 0.018762929 | F28: =SUMIF(C2:C24,"Geography & municipal context",F2:F24) -> 3.5965868
B29: Election type, total | C29: Election type | D29: =SUMIF(C2:C24,"Election type",D2:D24) -> 0.0037796838 | F29: =SUMIF(C2:C24,"Election type",F2:F24) -> 0.72451164
B30: All features, total | D30: =SUM(D2:D24) -> 1 | F30: =SUM(F2:F24) -> 191.68578
B32: Notes
B33: How to read this table. Each row is one input that this forecast uses, ranked by SHAP value in votes on the 2026 forecast rows.
B34: SHAP value: for one place, the number of votes that one input added to or took away from that place’s forecast, measured from the model’s starting value (the average over the places and years it was trained on). Exact TreeSHAP over every tree.
B35: SHAP value in votes is the average over the 370 precincts of the votes the input moved, ignoring direction. Brooks votes and Mackenzie votes are counted together (moving 10 votes from Mackenzie to Brooks counts as 20). Votes cast are each place’s 2022 House votes × its registration growth since 2022.
B36: Share of model = the input’s SHAP value in votes ÷ the total for all inputs. Share within its family divides by its family’s total instead.
B37: What the model forecasts. One random forest forecasts each place’s Democratic percent of the two-party House vote, above or below the district average for that election. Turnout is not forecast: each place casts its 2022 House votes × its registration growth since 2022. Brooks share = forecast pattern + one uniform shift so the district total equals the scenario (default: registration-adjusted baseline).
B38: Forecast A weighting: none imposed. Each input’s weight is exactly what the full forest learned; SHAP shows it after the fact.
B39: Significance test. The full forest was refit 20 times with 10 extra columns of random numbers (5 that change row to row, 5 that keep one value per place). The column counts the refits in which the input’s average |SHAP| on the 2026 rows beat every random column.
B40: Settings: max_features=0.33, min_samples_leaf=1, 500 trees, trained on 977 precinct-elections (2020, 2022, 2024).

Sheet Feature Ranking B
A1: Rank | B1: Feature | C1: Input family | D1: Share of model | E1: Share within its family | F1: SHAP value in votes | G1: Used to forecast | H1: Significance test result | I1: Variable (short name) | J1: Status in Forecast B
A2: 1 | B2: Democratic percent of the two-party House vote, 2024 (certified precinct results), above or below the district average | C2: Historical voter data | D2: 0.17520361 | E2: 0.25730681 | F2: 29.370437 | G2: Democratic percent of the two-party vote | H2: Beat all 10 random comparison columns in 20 of 20 refits. | I2: Precinct House lean, last election (t−2) | J2: Kept in B
A3: 2 | B3: Democratic percent of the two-party House vote, 2022 — the last midterm (certified precinct results), above or below the district average | C3: Historical voter data | D3: 0.16945971 | E3: 0.24887123 | F3: 28.407553 | G3: Democratic percent of the two-party vote | H3: Beat all 10 random comparison columns in 20 of 20 refits. | I3: Precinct House lean, last same-type election (t−4) | J3: Kept in B
A4: 3 | B4: Registered Republicans as a percent of everyone who voted, 2024 (voter file) | C4: Historical voter data | D4: 0.1689257 | E4: 0.24808697 | F4: 28.318034 | G4: Democratic percent of the two-party vote | H4: Beat all 10 random comparison columns in 20 of 20 refits. | I4: Electorate last election: R % of ballots | J4: Kept in B
A5: 4 | B5: Democratic percent of the two-party House vote in the precinct’s whole municipality, 2024, above or below the district average | C5: Historical voter data | D5: 0.1673242 | E5: 0.24573499 | F5: 28.049565 | G5: Democratic percent of the two-party vote | H5: Beat all 10 random comparison columns in 20 of 20 refits. | I5: Municipality House lean, last election (t−2) | J5: Kept in B
A6: 5 | B6: Registered Republicans as a percent of all registered voters, 2026 primary rolls (Department of State) | C6: Voter registration data | D6: 0.16356276 | E6: 0.51259648 | F6: 27.419013 | G6: Democratic percent of the two-party vote | H6: Beat all 10 random comparison columns in 20 of 20 refits. | I6: State registration: R % (as of election) | J6: Kept in B
A7: 6 | B7: Registered Democrats as a percent of all registered voters, 2026 primary rolls (Department of State) | C7: Voter registration data | D7: 0.15552402 | E7: 0.48740352 | F7: 26.07143 | G7: Democratic percent of the two-party vote | H7: Beat all 10 random comparison columns in 20 of 20 refits. | I7: State registration: D % (as of election) | J7: Kept in B
B9: Historical voter data, total | C9: Historical voter data | D9: =SUMIF(C2:C7,"Historical voter data",D2:D7) -> 0.68091321 | F9: =SUMIF(C2:C7,"Historical voter data",F2:F7) -> 114.14559
B10: Voter registration data, total | C10: Voter registration data | D10: =SUMIF(C2:C7,"Voter registration data",D2:D7) -> 0.31908679 | F10: =SUMIF(C2:C7,"Voter registration data",F2:F7) -> 53.490443
B11: All features, total | D11: =SUM(D2:D7) -> 1 | F11: =SUM(F2:F7) -> 167.63603
B13: Notes
B14: How to read this table. Each row is one input that this forecast uses, ranked by SHAP value in votes on the 2026 forecast rows.
B15: SHAP value: for one place, the number of votes that one input added to or took away from that place’s forecast, measured from the model’s starting value (the average over the places and years it was trained on). Exact TreeSHAP over every tree.
B16: SHAP value in votes is the average over the 370 precincts of the votes the input moved, ignoring direction. Brooks votes and Mackenzie votes are counted together (moving 10 votes from Mackenzie to Brooks counts as 20). Votes cast are each place’s 2022 House votes × its registration growth since 2022.
B17: Share of model = the input’s SHAP value in votes ÷ the total for all inputs. Share within its family divides by its family’s total instead.
B18: What the model forecasts. One random forest forecasts each place’s Democratic percent of the two-party House vote, above or below the district average for that election. Turnout is not forecast: each place casts its 2022 House votes × its registration growth since 2022. Brooks share = forecast pattern + one uniform shift so the district total equals the scenario (default: registration-adjusted baseline).
B19: Forecast B weighting: SHAP-selected. Only inputs that beat all 10 random columns in at least 18 of 20 refits AND held at least 2% of Forecast A’s SHAP total were kept; the forest was refit on those inputs alone, so weight that was spread over weak inputs is concentrated on the strong ones.
B20: Significance test. The full forest was refit 20 times with 10 extra columns of random numbers (5 that change row to row, 5 that keep one value per place). The column counts the refits in which the input’s average |SHAP| on the 2026 rows beat every random column.
B21: Settings: max_features=0.33, min_samples_leaf=3, 500 trees, trained on 977 precinct-elections (2020, 2022, 2024).

Sheet Feature Ranking C
A1: Rank | B1: Feature | C1: Input family | D1: Share of model | E1: Share within its family | F1: SHAP value in votes | G1: Used to forecast | H1: Significance test result | I1: Variable (short name) | J1: Status in Forecast B
A2: 1 | B2: Democratic percent of the two-party House vote, 2024 (certified precinct results), above or below the district average | C2: Historical voter data | D2: 0.29295778 | E2: 0.37948471 | F2: 57.759458 | G2: Democratic percent of the two-party vote | H2: Beat all 10 random comparison columns in 20 of 20 refits. | I2: Precinct House lean, last election (t−2) | J2: Kept in B
A3: 2 | B3: Registered Republicans as a percent of everyone who voted, 2024 (voter file) | C3: Historical voter data | D3: 0.20329128 | E3: 0.26333464 | F3: 40.080841 | G3: Democratic percent of the two-party vote | H3: Beat all 10 random comparison columns in 20 of 20 refits. | I3: Electorate last election: R % of ballots | J3: Kept in B
A4: 3 | B4: Democratic percent of the two-party House vote in the precinct’s whole municipality, 2024, above or below the district average | C4: Historical voter data | D4: 0.13711301 | E4: 0.1776102 | F4: 27.033156 | G4: Democratic percent of the two-party vote | H4: Beat all 10 random comparison columns in 20 of 20 refits. | I4: Municipality House lean, last election (t−2) | J4: Kept in B
A5: 4 | B5: Registered Republicans as a percent of all registered voters, 2026 primary rolls (Department of State) | C5: Voter registration data | D5: 0.095517639 | E5: 0.46346439 | F5: 18.832226 | G5: Democratic percent of the two-party vote | H5: Beat all 10 random comparison columns in 20 of 20 refits. | I5: State registration: R % (as of election) | J5: Kept in B
A6: 5 | B6: Democratic percent of the two-party House vote, 2022 — the last midterm (certified precinct results), above or below the district average | C6: Historical voter data | D6: 0.084602952 | E6: 0.10959097 | F6: 16.68029 | G6: Democratic percent of the two-party vote | H6: Beat all 10 random comparison columns in 20 of 20 refits. | I6: Precinct House lean, last same-type election (t−4) | J6: Kept in B
A7: 6 | B7: Registered Democrats as a percent of all registered voters, 2026 primary rolls (Department of State) | C7: Voter registration data | D7: 0.064934068 | E7: 0.3150688 | F7: 12.802379 | G7: Democratic percent of the two-party vote | H7: Beat all 10 random comparison columns in 20 of 20 refits. | I7: State registration: D % (as of election) | J7: Kept in B
A8: 7 | B8: Change in registered Democrats minus Republicans (percent of registered) from the 2024 general to the 2026 primary (Department of State) | C8: Voter registration data | D8: 0.01767941 | E8: 0.085782868 | F8: 3.4856666 | G8: Democratic percent of the two-party vote | H8: Beat all 10 random comparison columns in 20 of 20 refits. | I8: State registration: change in D−R margin since t−2 | J8: Dropped from B
A9: 8 | B9: Percent of Republican voters who voted by mail, 2024 (voter file) | C9: Historical voter data | D9: 0.017168151 | E9: 0.022238873 | F9: 3.3848669 | G9: Democratic percent of the two-party vote | H9: Beat all 10 random comparison columns in 20 of 20 refits. | I9: Mail use last election: R voters | J9: Dropped from B
A10: 9 | B10: Precinct’s 2024 House Democratic percent minus its municipality’s, in points | C10: Geography & municipal context | D10: 0.013802154 | E10: 0.75661406 | F10: 2.7212282 | G10: Democratic percent of the two-party vote | H10: Beat all 10 random comparison columns in 20 of 20 refits. | I10: Precinct vs. its municipality, last election (pts) | J10: Dropped from B
A11: 10 | B11: Percent of registered Republicans who voted, 2024 (voter file) | C11: Historical voter data | D11: 0.011489035 | E11: 0.014882394 | F11: 2.2651743 | G11: Democratic percent of the two-party vote | H11: Beat all 10 random comparison columns in 20 of 20 refits. | I11: Turnout last election: R registrants | J11: Dropped from B
A12: 11 | B12: Percent of Democratic voters who voted by mail, 2024 (voter file) | C12: Historical voter data | D12: 0.0098794758 | E12: 0.012797441 | F12: 1.9478341 | G12: Democratic percent of the two-party vote | H12: Beat all 10 random comparison columns in 20 of 20 refits. | I12: Mail use last election: D voters | J12: Dropped from B
A13: 12 | B13: Ballots cast as a percent of registered voters, 2024 (Department of State) | C13: Historical voter data | D13: 0.0086414495 | E13: 0.011193756 | F13: 1.7037453 | G13: Democratic percent of the two-party vote | H13: Beat all 10 random comparison columns in 20 of 20 refits. | I13: Turnout last election (state) | J13: Dropped from B
... A24: 23 | B24: Precinct is in Lehigh County (1/0) | C24: Geography & municipal context | D24: 0.00097459795 | E24: 0.053426044 | F24: 0.19215141 | G24: Democratic percent of the two-party vote | H24: Beat all 10 random comparison columns in 1 of 20 refits. | I24: County: Lehigh | J24: Dropped from B
B26: Historical voter data, total | C26: Historical voter data | D26: =SUMIF(C2:C24,"Historical voter data",D2:D24) -> 0.77198837 | F26: =SUMIF(C2:C24,"Historical voter data",F2:F24) -> 152.20497
B27: Voter registration data, total | C27: Voter registration data | D27: =SUMIF(C2:C24,"Voter registration data",D2:D24) -> 0.20609488 | F27: =SUMIF(C2:C24,"Voter registration data",F2:F24) -> 40.633598
B28: Geography & municipal context, total | C28: Geography & municipal context | D28: =SUMIF(C2:C24,"Geography & municipal context",D2:D24) -> 0.018242001 | F28: =SUMIF(C2:C24,"Geography & municipal context",F2:F24) -> 3.5965868
B29: Election type, total | C29: Election type | D29: =SUMIF(C2:C24,"Election type",D2:D24) -> 0.0036747458 | F29: =SUMIF(C2:C24,"Election type",F2:F24) -> 0.72451164
B30: All features, total | D30: =SUM(D2:D24) -> 1 | F30: =SUM(F2:F24) -> 197.15967
B32: Notes
B33: How to read this table. Each row is one input that this forecast uses, ranked by SHAP value in votes on the 2026 forecast rows.
B34: SHAP value: for one place, the number of votes that one input added to or took away from that place’s forecast, measured from the model’s starting value (the average over the places and years it was trained on). Exact TreeSHAP over every tree.
B35: SHAP value in votes is the average over the 370 precincts of the votes the input moved, ignoring direction. Brooks votes and Mackenzie votes are counted together (moving 10 votes from Mackenzie to Brooks counts as 20). Votes cast are each place’s 2022 House votes × its registration growth since 2022.
B36: Share of model = the input’s SHAP value in votes ÷ the total for all inputs. Share within its family divides by its family’s total instead.
B37: What the model forecasts. One random forest forecasts each place’s Democratic percent of the two-party House vote, above or below the district average for that election. Turnout is not forecast: each place casts its 2022 House votes × its registration growth since 2022. Brooks share = forecast pattern + one uniform shift so the district total equals the scenario (default: registration-adjusted baseline).
B38: Forecast C weighting: SHAP family re-weighting. Forecast A’s forest is kept, but each input family’s SHAP contribution is multiplied by a weight fitted to out-of-sample accuracy: Election type ×1.00; Geography & municipal context ×1.00; Historical voter data ×1.08; Voter registration data ×0.87. The forecast is the forest’s starting value plus the re-weighted SHAP values, so the SHAP values here are already re-weighted.
B39: Significance test. The full forest was refit 20 times with 10 extra columns of random numbers (5 that change row to row, 5 that keep one value per place). The column counts the refits in which the input’s average |SHAP| on the 2026 rows beat every random column.
B40: Settings: max_features=0.33, min_samples_leaf=1, 500 trees, trained on 977 precinct-elections (2020, 2022, 2024).

Sheet 2024 Backtest A
A1: County | B1: Municipality | C1: Precinct | D1: Predicted Democratic (Wild) votes | E1: Actual Democratic votes | F1: Error, Democratic votes (predicted minus actual) | G1: Predicted Republican (Mackenzie) votes | H1: Actual Republican votes | I1: Error, Republican votes (predicted minus actual) | J1: Predicted Democratic share of the two-party vote | K1: Actual Democratic share of the two-party vote | L1: Error in Democratic share, percentage points (predicted minus actual) | M1: Note
A2: Carbon | B2: BANKS TOWNSHIP | C2: BANKS TOWNSHIP | D2: 162 | E2: 181 | F2: =IF(E2="","",D2-E2) -> -19 | G2: 276 | H2: 284 | I2: =IF(H2="","",G2-H2) -> -8 | J2: =IF(OR(D2="",D2+G2=0),"",D2/(D2+G2)) -> 0.36986301 | K2: =IF(E2="","",E2/(E2+H2)) -> 0.38924731 | L2: =IF(OR(K2="",J2=""),"",(J2-K2)*100) -> -1.9384298
A3: Carbon | B3: BEAVER MEADOWS BOROUGH | C3: BEAVER MEADOWS BOROUGH | D3: 106 | E3: 118 | F3: =IF(E3="","",D3-E3) -> -12 | G3: 298 | H3: 298 | I3: =IF(H3="","",G3-H3) -> 0 | J3: =IF(OR(D3="",D3+G3=0),"",D3/(D3+G3)) -> 0.26237624 | K3: =IF(E3="","",E3/(E3+H3)) -> 0.28365385 | L3: =IF(OR(K3="",J3=""),"",(J3-K3)*100) -> -2.1277609
A4: Carbon | B4: BOWMANSTOWN BOROUGH | C4: BOWMANSTOWN BOROUGH | D4: 135 | E4: 143 | F4: =IF(E4="","",D4-E4) -> -8 | G4: 268 | H4: 309 | I4: =IF(H4="","",G4-H4) -> -41 | J4: =IF(OR(D4="",D4+G4=0),"",D4/(D4+G4)) -> 0.33498759 | K4: =IF(E4="","",E4/(E4+H4)) -> 0.31637168 | L4: =IF(OR(K4="",J4=""),"",(J4-K4)*100) -> 1.8615912
A5: Carbon | B5: EAST PENN TOWNSHIP | C5: EAST PENN TOWNSHIP-NORTH | D5: 212 | E5: 202 | F5: =IF(E5="","",D5-E5) -> 10 | G5: 580 | H5: 640 | I5: =IF(H5="","",G5-H5) -> -60 | J5: =IF(OR(D5="",D5+G5=0),"",D5/(D5+G5)) -> 0.26767677 | K5: =IF(E5="","",E5/(E5+H5)) -> 0.23990499 | L5: =IF(OR(K5="",J5=""),"",(J5-K5)*100) -> 2.777178
A6: Carbon | B6: EAST PENN TOWNSHIP | C6: EAST PENN TOWNSHIP-SOUTH | D6: 219 | E6: 232 | F6: =IF(E6="","",D6-E6) -> -13 | G6: 564 | H6: 603 | I6: =IF(H6="","",G6-H6) -> -39 | J6: =IF(OR(D6="",D6+G6=0),"",D6/(D6+G6)) -> 0.27969349 | K6: =IF(E6="","",E6/(E6+H6)) -> 0.27784431 | L6: =IF(OR(K6="",J6=""),"",(J6-K6)*100) -> 0.18491752
A7: Carbon | B7: EAST SIDE BOROUGH | C7: EAST SIDE BOROUGH | D7: 40 | E7: 38 | F7: =IF(E7="","",D7-E7) -> 2 | G7: 72 | H7: 78 | I7: =IF(H7="","",G7-H7) -> -6 | J7: =IF(OR(D7="",D7+G7=0),"",D7/(D7+G7)) -> 0.35714286 | K7: =IF(E7="","",E7/(E7+H7)) -> 0.32758621 | L7: =IF(OR(K7="",J7=""),"",(J7-K7)*100) -> 2.955665
A8: Carbon | B8: FRANKLIN TOWNSHIP | C8: FRANKLIN TOWNSHIP-HARRITY | D8: 287 | E8: 301 | F8: =IF(E8="","",D8-E8) -> -14 | G8: 722 | H8: 760 | I8: =IF(H8="","",G8-H8) -> -38 | J8: =IF(OR(D8="",D8+G8=0),"",D8/(D8+G8)) -> 0.28444004 | K8: =IF(E8="","",E8/(E8+H8)) -> 0.28369463 | L8: =IF(OR(K8="",J8=""),"",(J8-K8)*100) -> 0.074541193
A9: Carbon | B9: FRANKLIN TOWNSHIP | C9: FRANKLIN TOWNSHIP-IND DIST | D9: 164 | E9: 164 | F9: =IF(E9="","",D9-E9) -> 0 | G9: 424 | H9: 450 | I9: =IF(H9="","",G9-H9) -> -26 | J9: =IF(OR(D9="",D9+G9=0),"",D9/(D9+G9)) -> 0.27891156 | K9: =IF(E9="","",E9/(E9+H9)) -> 0.26710098 | L9: =IF(OR(K9="",J9=""),"",(J9-K9)*100) -> 1.1810587
A10: Carbon | B10: FRANKLIN TOWNSHIP | C10: FRANKLIN TOWNSHIP-LONG RUN | D10: 223 | E10: 235 | F10: =IF(E10="","",D10-E10) -> -12 | G10: 615 | H10: 626 | I10: =IF(H10="","",G10-H10) -> -11 | J10: =IF(OR(D10="",D10+G10=0),"",D10/(D10+G10)) -> 0.26610979 | K10: =IF(E10="","",E10/(E10+H10)) -> 0.27293844 | L10: =IF(OR(K10="",J10=""),"",(J10-K10)*100) -> -0.68286585
A11: Carbon | B11: JIM THORPE BOROUGH | C11: JIM THORPE BOROUGH-1ST | D11: 226 | E11: 229 | F11: =IF(E11="","",D11-E11) -> -3 | G11: 269 | H11: 297 | I11: =IF(H11="","",G11-H11) -> -28 | J11: =IF(OR(D11="",D11+G11=0),"",D11/(D11+G11)) -> 0.45656566 | K11: =IF(E11="","",E11/(E11+H11)) -> 0.43536122 | L11: =IF(OR(K11="",J11=""),"",(J11-K11)*100) -> 2.120444
A12: Carbon | B12: JIM THORPE BOROUGH | C12: JIM THORPE BOROUGH-2ND | D12: 161 | E12: 163 | F12: =IF(E12="","",D12-E12) -> -2 | G12: 209 | H12: 226 | I12: =IF(H12="","",G12-H12) -> -17 | J12: =IF(OR(D12="",D12+G12=0),"",D12/(D12+G12)) -> 0.43513514 | K12: =IF(E12="","",E12/(E12+H12)) -> 0.41902314 | L12: =IF(OR(K12="",J12=""),"",(J12-K12)*100) -> 1.6111999
A13: Carbon | B13: JIM THORPE BOROUGH | C13: JIM THORPE BOROUGH-3RD | D13: 284 | E13: 286 | F13: =IF(E13="","",D13-E13) -> -2 | G13: 441 | H13: 464 | I13: =IF(H13="","",G13-H13) -> -23 | J13: =IF(OR(D13="",D13+G13=0),"",D13/(D13+G13)) -> 0.39172414 | K13: =IF(E13="","",E13/(E13+H13)) -> 0.38133333 | L13: =IF(OR(K13="",J13=""),"",(J13-K13)*100) -> 1.0390805
... A83: Lehigh | B83: ALLENTOWN | C83: ALLENTOWN 17TH WARD 3RD DIST | D83: 485 | E83: 502 | F83: =IF(E83="","",D83-E83) -> -17 | G83: 318 | H83: 283 | I83: =IF(H83="","",G83-H83) -> 35 | J83: =IF(OR(D83="",D83+G83=0),"",D83/(D83+G83)) -> 0.60398506 | K83: =IF(E83="","",E83/(E83+H83)) -> 0.63949045 | L83: =IF(OR(K83="",J83=""),"",(J83-K83)*100) -> -3.550539
A84: Lehigh | B84: ALLENTOWN | C84: ALLENTOWN 17TH WARD 4TH DIST | D84: 343 | F84: =IF(E84="","",D84-E84) | G84: 260 | I84: =IF(H84="","",G84-H84) | J84: =IF(OR(D84="",D84+G84=0),"",D84/(D84+G84)) -> 0.56882255 | K84: =IF(E84="","",E84/(E84+H84)) | L84: =IF(OR(K84="",J84=""),"",(J84-K84)*100) | M84: No comparable 2024 result
A85: Lehigh | B85: ALLENTOWN | C85: ALLENTOWN 17TH WD 4TH DT PARK | D85: 939 | F85: =IF(E85="","",D85-E85) | G85: 720 | I85: =IF(H85="","",G85-H85) | J85: =IF(OR(D85="",D85+G85=0),"",D85/(D85+G85)) -> 0.56600362 | K85: =IF(E85="","",E85/(E85+H85)) | L85: =IF(OR(K85="",J85=""),"",(J85-K85)*100) | M85: No comparable 2024 result
A86: Lehigh | B86: ALLENTOWN | C86: ALLENTOWN 18TH WARD 1ST DIST | D86: 498 | E86: 488 | F86: =IF(E86="","",D86-E86) -> 10 | G86: 252 | H86: 252 | I86: =IF(H86="","",G86-H86) -> 0 | J86: =IF(OR(D86="",D86+G86=0),"",D86/(D86+G86)) -> 0.664 | K86: =IF(E86="","",E86/(E86+H86)) -> 0.65945946 | L86: =IF(OR(K86="",J86=""),"",(J86-K86)*100) -> 0.45405405
A87: Lehigh | B87: ALLENTOWN | C87: ALLENTOWN 18TH WARD 2ND DIST | D87: 615 | E87: 601 | F87: =IF(E87="","",D87-E87) -> 14 | G87: 415 | H87: 394 | I87: =IF(H87="","",G87-H87) -> 21 | J87: =IF(OR(D87="",D87+G87=0),"",D87/(D87+G87)) -> 0.59708738 | K87: =IF(E87="","",E87/(E87+H87)) -> 0.6040201 | L87: =IF(OR(K87="",J87=""),"",(J87-K87)*100) -> -0.69327219
A88: Lehigh | B88: ALLENTOWN | C88: ALLENTOWN 18TH WD 2ND DT PARK | D88: 18 | F88: =IF(E88="","",D88-E88) | G88: 15 | I88: =IF(H88="","",G88-H88) | J88: =IF(OR(D88="",D88+G88=0),"",D88/(D88+G88)) -> 0.54545455 | K88: =IF(E88="","",E88/(E88+H88)) | L88: =IF(OR(K88="",J88=""),"",(J88-K88)*100) | M88: No comparable 2024 result
A89: Lehigh | B89: ALLENTOWN | C89: ALLENTOWN 19TH WARD 1ST DIST | D89: 340 | E89: 330 | F89: =IF(E89="","",D89-E89) -> 10 | G89: 263 | H89: 270 | I89: =IF(H89="","",G89-H89) -> -7 | J89: =IF(OR(D89="",D89+G89=0),"",D89/(D89+G89)) -> 0.56384743 | K89: =IF(E89="","",E89/(E89+H89)) -> 0.55 | L89: =IF(OR(K89="",J89=""),"",(J89-K89)*100) -> 1.384743
A90: Lehigh | B90: ALLENTOWN | C90: ALLENTOWN 19TH WARD 2ND DIST | D90: 635 | E90: 591 | F90: =IF(E90="","",D90-E90) -> 44 | G90: 296 | H90: 333 | I90: =IF(H90="","",G90-H90) -> -37 | J90: =IF(OR(D90="",D90+G90=0),"",D90/(D90+G90)) -> 0.6820623 | K90: =IF(E90="","",E90/(E90+H90)) -> 0.63961039 | L90: =IF(OR(K90="",J90=""),"",(J90-K90)*100) -> 4.2451909
A91: Lehigh | B91: ALLENTOWN | C91: ALLENTOWN 19TH WARD 3RD DIST | D91: 338 | E91: 347 | F91: =IF(E91="","",D91-E91) -> -9 | G91: 254 | H91: 243 | I91: =IF(H91="","",G91-H91) -> 11 | J91: =IF(OR(D91="",D91+G91=0),"",D91/(D91+G91)) -> 0.57094595 | K91: =IF(E91="","",E91/(E91+H91)) -> 0.58813559 | L91: =IF(OR(K91="",J91=""),"",(J91-K91)*100) -> -1.7189647
A92: Lehigh | B92: ALLENTOWN | C92: ALLENTOWN 19TH WARD 4TH DIST | D92: 482 | E92: 440 | F92: =IF(E92="","",D92-E92) -> 42 | G92: 234 | H92: 259 | I92: =IF(H92="","",G92-H92) -> -25 | J92: =IF(OR(D92="",D92+G92=0),"",D92/(D92+G92)) -> 0.67318436 | K92: =IF(E92="","",E92/(E92+H92)) -> 0.62947067 | L92: =IF(OR(K92="",J92=""),"",(J92-K92)*100) -> 4.3713685
A93: Lehigh | B93: ALLENTOWN | C93: ALLENTOWN 19TH WARD 5TH DIST | D93: 557 | E93: 553 | F93: =IF(E93="","",D93-E93) -> 4 | G93: 416 | H93: 367 | I93: =IF(H93="","",G93-H93) -> 49 | J93: =IF(OR(D93="",D93+G93=0),"",D93/(D93+G93)) -> 0.57245632 | K93: =IF(E93="","",E93/(E93+H93)) -> 0.60108696 | L93: =IF(OR(K93="",J93=""),"",(J93-K93)*100) -> -2.8630636
A94: Lehigh | B94: ALLENTOWN | C94: ALLENTOWN 19TH WARD 5TH DT SAL | D94: 1 | F94: =IF(E94="","",D94-E94) | G94: 2 | I94: =IF(H94="","",G94-H94) | J94: =IF(OR(D94="",D94+G94=0),"",D94/(D94+G94)) -> 0.33333333 | K94: =IF(E94="","",E94/(E94+H94)) | L94: =IF(OR(K94="",J94=""),"",(J94-K94)*100) | M94: No comparable 2024 result
A95: Lehigh | B95: ALLENTOWN | C95: ALLENTOWN 19TH WARD 6TH DIST | D95: 850 | E95: 821 | F95: =IF(E95="","",D95-E95) -> 29 | G95: 528 | H95: 504 | I95: =IF(H95="","",G95-H95) -> 24 | J95: =IF(OR(D95="",D95+G95=0),"",D95/(D95+G95)) -> 0.61683599 | K95: =IF(E95="","",E95/(E95+H95)) -> 0.61962264 | L95: =IF(OR(K95="",J95=""),"",(J95-K95)*100) -> -0.27866473
A96: Lehigh | B96: ALLENTOWN | C96: ALLENTOWN 1ST WARD | D96: 509 | E96: 487 | F96: =IF(E96="","",D96-E96) -> 22 | G96: 161 | H96: 191 | I96: =IF(H96="","",G96-H96) -> -30 | J96: =IF(OR(D96="",D96+G96=0),"",D96/(D96+G96)) -> 0.75970149 | K96: =IF(E96="","",E96/(E96+H96)) -> 0.71828909 | L96: =IF(OR(K96="",J96=""),"",(J96-K96)*100) -> 4.1412407
A97: Lehigh | B97: ALLENTOWN | C97: ALLENTOWN 2ND WARD | D97: 468 | E97: 418 | F97: =IF(E97="","",D97-E97) -> 50 | G97: 164 | H97: 181 | I97: =IF(H97="","",G97-H97) -> -17 | J97: =IF(OR(D97="",D97+G97=0),"",D97/(D97+G97)) -> 0.74050633 | K97: =IF(E97="","",E97/(E97+H97)) -> 0.69782972 | L97: =IF(OR(K97="",J97=""),"",(J97-K97)*100) -> 4.2676613
A98: Lehigh | B98: ALLENTOWN | C98: ALLENTOWN 3RD WARD | D98: 651 | E98: 677 | F98: =IF(E98="","",D98-E98) -> -26 | G98: 215 | H98: 264 | I98: =IF(H98="","",G98-H98) -> -49 | J98: =IF(OR(D98="",D98+G98=0),"",D98/(D98+G98)) -> 0.7517321 | K98: =IF(E98="","",E98/(E98+H98)) -> 0.7194474 | L98: =IF(OR(K98="",J98=""),"",(J98-K98)*100) -> 3.2284705
A99: Lehigh | B99: ALLENTOWN | C99: ALLENTOWN 4TH WARD | D99: 297 | E99: 283 | F99: =IF(E99="","",D99-E99) -> 14 | G99: 115 | H99: 138 | I99: =IF(H99="","",G99-H99) -> -23 | J99: =IF(OR(D99="",D99+G99=0),"",D99/(D99+G99)) -> 0.72087379 | K99: =IF(E99="","",E99/(E99+H99)) -> 0.67220903 | L99: =IF(OR(K99="",J99=""),"",(J99-K99)*100) -> 4.866476
A100: Lehigh | B100: ALLENTOWN | C100: ALLENTOWN 5TH WARD | D100: 463 | E100: 447 | F100: =IF(E100="","",D100-E100) -> 16 | G100: 147 | H100: 152 | I100: =IF(H100="","",G100-H100) -> -5 | J100: =IF(OR(D100="",D100+G100=0),"",D100/(D100+G100)) -> 0.75901639 | K100: =IF(E100="","",E100/(E100+H100)) -> 0.74624374 | L100: =IF(OR(K100="",J100=""),"",(J100-K100)*100) -> 1.2772654
A101: Lehigh | B101: ALLENTOWN | C101: ALLENTOWN 6TH WARD 1ST DIST | D101: 239 | E101: 179 | F101: =IF(E101="","",D101-E101) -> 60 | G101: 86 | H101: 112 | I101: =IF(H101="","",G101-H101) -> -26 | J101: =IF(OR(D101="",D101+G101=0),"",D101/(D101+G101)) -> 0.73538462 | K101: =IF(E101="","",E101/(E101+H101)) -> 0.61512027 | L101: =IF(OR(K101="",J101=""),"",(J101-K101)*100) -> 12.026434
A102: Lehigh | B102: ALLENTOWN | C102: ALLENTOWN 6TH WARD 2ND DIST | D102: 392 | E102: 357 | F102: =IF(E102="","",D102-E102) -> 35 | G102: 176 | H102: 225 | I102: =IF(H102="","",G102-H102) -> -49 | J102: =IF(OR(D102="",D102+G102=0),"",D102/(D102+G102)) -> 0.69014085 | K102: =IF(E102="","",E102/(E102+H102)) -> 0.61340206 | L102: =IF(OR(K102="",J102=""),"",(J102-K102)*100) -> 7.6738783
A103: Lehigh | B103: ALLENTOWN | C103: ALLENTOWN 7TH WARD | D103: 581 | E103: 520 | F103: =IF(E103="","",D103-E103) -> 61 | G103: 202 | H103: 193 | I103: =IF(H103="","",G103-H103) -> 9 | J103: =IF(OR(D103="",D103+G103=0),"",D103/(D103+G103)) -> 0.74201788 | K103: =IF(E103="","",E103/(E103+H103)) -> 0.72931276 | L103: =IF(OR(K103="",J103=""),"",(J103-K103)*100) -> 1.2705117
A104: Lehigh | B104: ALLENTOWN | C104: ALLENTOWN 8TH WARD 1ST DIST | D104: 229 | E104: 218 | F104: =IF(E104="","",D104-E104) -> 11 | G104: 77 | H104: 86 | I104: =IF(H104="","",G104-H104) -> -9 | J104: =IF(OR(D104="",D104+G104=0),"",D104/(D104+G104)) -> 0.74836601 | K104: =IF(E104="","",E104/(E104+H104)) -> 0.71710526 | L104: =IF(OR(K104="",J104=""),"",(J104-K104)*100) -> 3.126075
A105: Lehigh | B105: ALLENTOWN | C105: ALLENTOWN 8TH WARD 2ND DIST | D105: 257 | E105: 262 | F105: =IF(E105="","",D105-E105) -> -5 | G105: 83 | H105: 109 | I105: =IF(H105="","",G105-H105) -> -26 | J105: =IF(OR(D105="",D105+G105=0),"",D105/(D105+G105)) -> 0.75588235 | K105: =IF(E105="","",E105/(E105+H105)) -> 0.70619946 | L105: =IF(OR(K105="",J105=""),"",(J105-K105)*100) -> 4.9682892
A106: Lehigh | B106: ALLENTOWN | C106: ALLENTOWN 8TH WARD 3RD DIST | D106: 438 | E106: 424 | F106: =IF(E106="","",D106-E106) -> 14 | G106: 147 | H106: 151 | I106: =IF(H106="","",G106-H106) -> -4 | J106: =IF(OR(D106="",D106+G106=0),"",D106/(D106+G106)) -> 0.74871795 | K106: =IF(E106="","",E106/(E106+H106)) -> 0.7373913 | L106: =IF(OR(K106="",J106=""),"",(J106-K106)*100) -> 1.1326644
... A218: Northampton | B218: ALLEN | C218: ALLEN TWSP - SOUTH | D218: 840 | E218: 824 | F218: =IF(E218="","",D218-E218) -> 16 | G218: 926 | H218: 1009 | I218: =IF(H218="","",G218-H218) -> -83 | J218: =IF(OR(D218="",D218+G218=0),"",D218/(D218+G218)) -> 0.47565119 | K218: =IF(E218="","",E218/(E218+H218)) -> 0.44953628 | L218: =IF(OR(K218="",J218=""),"",(J218-K218)*100) -> 2.611491
A219: Northampton | B219: BANGOR | C219: BANGOR BORO NORTH | D219: 459 | F219: =IF(E219="","",D219-E219) | G219: 664 | I219: =IF(H219="","",G219-H219) | J219: =IF(OR(D219="",D219+G219=0),"",D219/(D219+G219)) -> 0.40872663 | K219: =IF(E219="","",E219/(E219+H219)) | L219: =IF(OR(K219="",J219=""),"",(J219-K219)*100) | M219: No comparable 2024 result
A220: Northampton | B220: BANGOR | C220: BANGOR BORO SOUTH | D220: 492 | F220: =IF(E220="","",D220-E220) | G220: 697 | I220: =IF(H220="","",G220-H220) | J220: =IF(OR(D220="",D220+G220=0),"",D220/(D220+G220)) -> 0.4137931 | K220: =IF(E220="","",E220/(E220+H220)) | L220: =IF(OR(K220="",J220=""),"",(J220-K220)*100) | M220: No comparable 2024 result
A221: Northampton | B221: BATH | C221: BATH BORO | D221: 613 | E221: 623 | F221: =IF(E221="","",D221-E221) -> -10 | G221: 757 | H221: 726 | I221: =IF(H221="","",G221-H221) -> 31 | J221: =IF(OR(D221="",D221+G221=0),"",D221/(D221+G221)) -> 0.44744526 | K221: =IF(E221="","",E221/(E221+H221)) -> 0.46182357 | L221: =IF(OR(K221="",J221=""),"",(J221-K221)*100) -> -1.4378318
A222: Northampton | B222: BETHLEHEM | C222: BETHLEHEM 14TH WARD 1ST DISTRICT | D222: 703 | E222: 775 | F222: =IF(E222="","",D222-E222) -> -72 | G222: 474 | H222: 447 | I222: =IF(H222="","",G222-H222) -> 27 | J222: =IF(OR(D222="",D222+G222=0),"",D222/(D222+G222)) -> 0.59728122 | K222: =IF(E222="","",E222/(E222+H222)) -> 0.63420622 | L222: =IF(OR(K222="",J222=""),"",(J222-K222)*100) -> -3.6924996
A223: Northampton | B223: BETHLEHEM | C223: BETHLEHEM 14TH WARD 2ND DISTRICT | D223: 964 | E223: 982 | F223: =IF(E223="","",D223-E223) -> -18 | G223: 675 | H223: 684 | I223: =IF(H223="","",G223-H223) -> -9 | J223: =IF(OR(D223="",D223+G223=0),"",D223/(D223+G223)) -> 0.58816351 | K223: =IF(E223="","",E223/(E223+H223)) -> 0.58943577 | L223: =IF(OR(K223="",J223=""),"",(J223-K223)*100) -> -0.127226
A224: Northampton | B224: BETHLEHEM | C224: BETHLEHEM 14TH WARD 3RD DISTRICT | D224: 741 | E224: 750 | F224: =IF(E224="","",D224-E224) -> -9 | G224: 420 | H224: 421 | I224: =IF(H224="","",G224-H224) -> -1 | J224: =IF(OR(D224="",D224+G224=0),"",D224/(D224+G224)) -> 0.63824289 | K224: =IF(E224="","",E224/(E224+H224)) -> 0.64047822 | L224: =IF(OR(K224="",J224=""),"",(J224-K224)*100) -> -0.22353297
A225: Northampton | B225: BETHLEHEM | C225: BETHLEHEM 14TH WARD 4TH DISTRICT | D225: 573 | E225: 592 | F225: =IF(E225="","",D225-E225) -> -19 | G225: 360 | H225: 337 | I225: =IF(H225="","",G225-H225) -> 23 | J225: =IF(OR(D225="",D225+G225=0),"",D225/(D225+G225)) -> 0.61414791 | K225: =IF(E225="","",E225/(E225+H225)) -> 0.63724435 | L225: =IF(OR(K225="",J225=""),"",(J225-K225)*100) -> -2.3096439
A226: Northampton | B226: BETHLEHEM | C226: BETHLEHEM 14TH WARD 5TH DISTRICT | D226: 752 | E226: 740 | F226: =IF(E226="","",D226-E226) -> 12 | G226: 530 | H226: 506 | I226: =IF(H226="","",G226-H226) -> 24 | J226: =IF(OR(D226="",D226+G226=0),"",D226/(D226+G226)) -> 0.58658346 | K226: =IF(E226="","",E226/(E226+H226)) -> 0.59390048 | L226: =IF(OR(K226="",J226=""),"",(J226-K226)*100) -> -0.73170182
A227: Northampton | B227: BETHLEHEM | C227: BETHLEHEM 14TH WARD 6TH DISTRICT | D227: 1023 | E227: 1037 | F227: =IF(E227="","",D227-E227) -> -14 | G227: 635 | H227: 623 | I227: =IF(H227="","",G227-H227) -> 12 | J227: =IF(OR(D227="",D227+G227=0),"",D227/(D227+G227)) -> 0.61700844 | K227: =IF(E227="","",E227/(E227+H227)) -> 0.6246988 | L227: =IF(OR(K227="",J227=""),"",(J227-K227)*100) -> -0.76903513
A228: Northampton | B228: BETHLEHEM | C228: BETHLEHEM 14TH WARD 7TH DISTRICT | D228: 662 | E228: 681 | F228: =IF(E228="","",D228-E228) -> -19 | G228: 502 | H228: 513 | I228: =IF(H228="","",G228-H228) -> -11 | J228: =IF(OR(D228="",D228+G228=0),"",D228/(D228+G228)) -> 0.56872852 | K228: =IF(E228="","",E228/(E228+H228)) -> 0.57035176 | L228: =IF(OR(K228="",J228=""),"",(J228-K228)*100) -> -0.16232365
A229: Northampton | B229: BETHLEHEM | C229: BETHLEHEM 14TH WARD 8TH DISTRICT | D229: 519 | E229: 529 | F229: =IF(E229="","",D229-E229) -> -10 | G229: 325 | H229: 293 | I229: =IF(H229="","",G229-H229) -> 32 | J229: =IF(OR(D229="",D229+G229=0),"",D229/(D229+G229)) -> 0.61492891 | K229: =IF(E229="","",E229/(E229+H229)) -> 0.64355231 | L229: =IF(OR(K229="",J229=""),"",(J229-K229)*100) -> -2.8623401
A230: Northampton | B230: BETHLEHEM | C230: BETHLEHEM 15TH WARD 1ST DISTRICT | D230: 734 | E230: 767 | F230: =IF(E230="","",D230-E230) -> -33 | G230: 381 | H230: 384 | I230: =IF(H230="","",G230-H230) -> -3 | J230: =IF(OR(D230="",D230+G230=0),"",D230/(D230+G230)) -> 0.65829596 | K230: =IF(E230="","",E230/(E230+H230)) -> 0.66637706 | L230: =IF(OR(K230="",J230=""),"",(J230-K230)*100) -> -0.80810993
A231: Northampton | B231: BETHLEHEM | C231: BETHLEHEM 15TH WARD 2ND DISTRICT | D231: 901 | E231: 906 | F231: =IF(E231="","",D231-E231) -> -5 | G231: 584 | H231: 586 | I231: =IF(H231="","",G231-H231) -> -2 | J231: =IF(OR(D231="",D231+G231=0),"",D231/(D231+G231)) -> 0.60673401 | K231: =IF(E231="","",E231/(E231+H231)) -> 0.60723861 | L231: =IF(OR(K231="",J231=""),"",(J231-K231)*100) -> -0.050459916
A232: Northampton | B232: BETHLEHEM | C232: BETHLEHEM 15TH WARD 3RD DISTRICT | D232: 857 | E232: 954 | F232: =IF(E232="","",D232-E232) -> -97 | G232: 406 | H232: 416 | I232: =IF(H232="","",G232-H232) -> -10 | J232: =IF(OR(D232="",D232+G232=0),"",D232/(D232+G232)) -> 0.67854315 | K232: =IF(E232="","",E232/(E232+H232)) -> 0.69635036 | L232: =IF(OR(K232="",J232=""),"",(J232-K232)*100) -> -1.7807214
... A244: Northampton | B244: BETHLEHEM | C244: BETHLEHEM 9TH WARD EAST | D244: 703 | E244: 711 | F244: =IF(E244="","",D244-E244) -> -8 | G244: 320 | H244: 341 | I244: =IF(H244="","",G244-H244) -> -21 | J244: =IF(OR(D244="",D244+G244=0),"",D244/(D244+G244)) -> 0.68719453 | K244: =IF(E244="","",E244/(E244+H244)) -> 0.67585551 | L244: =IF(OR(K244="",J244=""),"",(J244-K244)*100) -> 1.1339013
A245: Northampton | B245: BETHLEHEM | C245: BETHLEHEM 9TH WARD WEST | D245: 587 | F245: =IF(E245="","",D245-E245) | G245: 340 | I245: =IF(H245="","",G245-H245) | J245: =IF(OR(D245="",D245+G245=0),"",D245/(D245+G245)) -> 0.63322546 | K245: =IF(E245="","",E245/(E245+H245)) | L245: =IF(OR(K245="",J245=""),"",(J245-K245)*100) | M245: No comparable 2024 result
A246: Northampton | B246: BETHLEHEM TOWNSHIP | C246: BETHLEHEM TWSP 1ST WARD 1ST DISTRICT | D246: 439 | E246: 466 | F246: =IF(E246="","",D246-E246) -> -27 | G246: 411 | H246: 405 | I246: =IF(H246="","",G246-H246) -> 6 | J246: =IF(OR(D246="",D246+G246=0),"",D246/(D246+G246)) -> 0.51647059 | K246: =IF(E246="","",E246/(E246+H246)) -> 0.53501722 | L246: =IF(OR(K246="",J246=""),"",(J246-K246)*100) -> -1.8546633
A247: Northampton | B247: BETHLEHEM TOWNSHIP | C247: BETHLEHEM TWSP 1ST WARD 2ND DISTRICT | D247: 565 | E247: 552 | F247: =IF(E247="","",D247-E247) -> 13 | G247: 528 | H247: 506 | I247: =IF(H247="","",G247-H247) -> 22 | J247: =IF(OR(D247="",D247+G247=0),"",D247/(D247+G247)) -> 0.51692589 | K247: =IF(E247="","",E247/(E247+H247)) -> 0.52173913 | L247: =IF(OR(K247="",J247=""),"",(J247-K247)*100) -> -0.48132384
A248: Northampton | B248: BETHLEHEM TOWNSHIP | C248: BETHLEHEM TWSP 1ST WARD 3RD DISTRICT | D248: 669 | E248: 722 | F248: =IF(E248="","",D248-E248) -> -53 | G248: 577 | H248: 596 | I248: =IF(H248="","",G248-H248) -> -19 | J248: =IF(OR(D248="",D248+G248=0),"",D248/(D248+G248)) -> 0.53691814 | K248: =IF(E248="","",E248/(E248+H248)) -> 0.5477997 | L248: =IF(OR(K248="",J248=""),"",(J248-K248)*100) -> -1.0881558
A249: Northampton | B249: BETHLEHEM TOWNSHIP | C249: BETHLEHEM TWSP 1ST WARD 4TH DISTRICT | D249: 300 | E249: 339 | F249: =IF(E249="","",D249-E249) -> -39 | G249: 322 | H249: 338 | I249: =IF(H249="","",G249-H249) -> -16 | J249: =IF(OR(D249="",D249+G249=0),"",D249/(D249+G249)) -> 0.48231511 | K249: =IF(E249="","",E249/(E249+H249)) -> 0.50073855 | L249: =IF(OR(K249="",J249=""),"",(J249-K249)*100) -> -1.842344
A250: Northampton | B250: BETHLEHEM TOWNSHIP | C250: BETHLEHEM TWSP 2ND WARD 1ST DISTRICT | D250: 576 | E250: 579 | F250: =IF(E250="","",D250-E250) -> -3 | G250: 498 | H250: 482 | I250: =IF(H250="","",G250-H250) -> 16 | J250: =IF(OR(D250="",D250+G250=0),"",D250/(D250+G250)) -> 0.53631285 | K250: =IF(E250="","",E250/(E250+H250)) -> 0.54571159 | L250: =IF(OR(K250="",J250=""),"",(J250-K250)*100) -> -0.93987437
A251: Northampton | B251: BETHLEHEM TOWNSHIP | C251: BETHLEHEM TWSP 2ND WARD 2ND DISTRICT | D251: 542 | E251: 562 | F251: =IF(E251="","",D251-E251) -> -20 | G251: 517 | H251: 525 | I251: =IF(H251="","",G251-H251) -> -8 | J251: =IF(OR(D251="",D251+G251=0),"",D251/(D251+G251)) -> 0.51180359 | K251: =IF(E251="","",E251/(E251+H251)) -> 0.51701932 | L251: =IF(OR(K251="",J251=""),"",(J251-K251)*100) -> -0.52157309
A252: Northampton | B252: BETHLEHEM TOWNSHIP | C252: BETHLEHEM TWSP 2ND WARD 3RD DISTRICT | D252: 341 | E252: 337 | F252: =IF(E252="","",D252-E252) -> 4 | G252: 294 | H252: 296 | I252: =IF(H252="","",G252-H252) -> -2 | J252: =IF(OR(D252="",D252+G252=0),"",D252/(D252+G252)) -> 0.53700787 | K252: =IF(E252="","",E252/(E252+H252)) -> 0.53238547 | L252: =IF(OR(K252="",J252=""),"",(J252-K252)*100) -> 0.4622408
A253: Northampton | B253: BETHLEHEM TOWNSHIP | C253: BETHLEHEM TWSP 2ND WARD 4TH DISTRICT | D253: 505 | E253: 517 | F253: =IF(E253="","",D253-E253) -> -12 | G253: 391 | H253: 388 | I253: =IF(H253="","",G253-H253) -> 3 | J253: =IF(OR(D253="",D253+G253=0),"",D253/(D253+G253)) -> 0.56361607 | K253: =IF(E253="","",E253/(E253+H253)) -> 0.57127072 | L253: =IF(OR(K253="",J253=""),"",(J253-K253)*100) -> -0.76546468
A254: Northampton | B254: BETHLEHEM TOWNSHIP | C254: BETHLEHEM TWSP 3RD WARD 1ST DISTRICT | D254: 313 | E254: 329 | F254: =IF(E254="","",D254-E254) -> -16 | G254: 235 | H254: 217 | I254: =IF(H254="","",G254-H254) -> 18 | J254: =IF(OR(D254="",D254+G254=0),"",D254/(D254+G254)) -> 0.57116788 | K254: =IF(E254="","",E254/(E254+H254)) -> 0.6025641 | L254: =IF(OR(K254="",J254=""),"",(J254-K254)*100) -> -3.1396219
A255: Northampton | B255: BETHLEHEM TOWNSHIP | C255: BETHLEHEM TWSP 3RD WARD 2ND DISTRICT | D255: 338 | E255: 352 | F255: =IF(E255="","",D255-E255) -> -14 | G255: 350 | H255: 326 | I255: =IF(H255="","",G255-H255) -> 24 | J255: =IF(OR(D255="",D255+G255=0),"",D255/(D255+G255)) -> 0.49127907 | K255: =IF(E255="","",E255/(E255+H255)) -> 0.51917404 | L255: =IF(OR(K255="",J255=""),"",(J255-K255)*100) -> -2.7894972
A256: Northampton | B256: BETHLEHEM TOWNSHIP | C256: BETHLEHEM TWSP 3RD WARD 3RD DISTRICT | D256: 418 | E256: 420 | F256: =IF(E256="","",D256-E256) -> -2 | G256: 378 | H256: 378 | I256: =IF(H256="","",G256-H256) -> 0 | J256: =IF(OR(D256="",D256+G256=0),"",D256/(D256+G256)) -> 0.52512563 | K256: =IF(E256="","",E256/(E256+H256)) -> 0.52631579 | L256: =IF(OR(K256="",J256=""),"",(J256-K256)*100) -> -0.11901613
A257: Northampton | B257: BETHLEHEM TOWNSHIP | C257: BETHLEHEM TWSP 3RD WARD 4TH DISTRICT | D257: 495 | E257: 522 | F257: =IF(E257="","",D257-E257) -> -27 | G257: 397 | H257: 400 | I257: =IF(H257="","",G257-H257) -> -3 | J257: =IF(OR(D257="",D257+G257=0),"",D257/(D257+G257)) -> 0.55493274 | K257: =IF(E257="","",E257/(E257+H257)) -> 0.56616052 | L257: =IF(OR(K257="",J257=""),"",(J257-K257)*100) -> -1.1227785
... A269: Northampton | B269: EAST BANGOR | C269: EAST BANGOR | D269: 193 | E269: 217 | F269: =IF(E269="","",D269-E269) -> -24 | G269: 318 | H269: 309 | I269: =IF(H269="","",G269-H269) -> 9 | J269: =IF(OR(D269="",D269+G269=0),"",D269/(D269+G269)) -> 0.3776908 | K269: =IF(E269="","",E269/(E269+H269)) -> 0.41254753 | L269: =IF(OR(K269="",J269=""),"",(J269-K269)*100) -> -3.4856726
A270: Northampton | B270: EASTON | C270: EASTON 10TH WARD | D270: 709 | F270: =IF(E270="","",D270-E270) | G270: 406 | I270: =IF(H270="","",G270-H270) | J270: =IF(OR(D270="",D270+G270=0),"",D270/(D270+G270)) -> 0.63587444 | K270: =IF(E270="","",E270/(E270+H270)) | L270: =IF(OR(K270="",J270=""),"",(J270-K270)*100) | M270: No comparable 2024 result
A271: Northampton | B271: EASTON | C271: EASTON 11TH WARD | D271: 481 | F271: =IF(E271="","",D271-E271) | G271: 219 | I271: =IF(H271="","",G271-H271) | J271: =IF(OR(D271="",D271+G271=0),"",D271/(D271+G271)) -> 0.68714286 | K271: =IF(E271="","",E271/(E271+H271)) | L271: =IF(OR(K271="",J271=""),"",(J271-K271)*100) | M271: No comparable 2024 result
A272: Northampton | B272: EASTON | C272: EASTON 2ND WARD | D272: 460 | E272: 492 | F272: =IF(E272="","",D272-E272) -> -32 | G272: 176 | H272: 197 | I272: =IF(H272="","",G272-H272) -> -21 | J272: =IF(OR(D272="",D272+G272=0),"",D272/(D272+G272)) -> 0.72327044 | K272: =IF(E272="","",E272/(E272+H272)) -> 0.71407837 | L272: =IF(OR(K272="",J272=""),"",(J272-K272)*100) -> 0.91920658
A273: Northampton | B273: EASTON | C273: EASTON 3RD WARD 2ND DISTRICT | D273: 692 | E273: 743 | F273: =IF(E273="","",D273-E273) -> -51 | G273: 283 | H273: 265 | I273: =IF(H273="","",G273-H273) -> 18 | J273: =IF(OR(D273="",D273+G273=0),"",D273/(D273+G273)) -> 0.70974359 | K273: =IF(E273="","",E273/(E273+H273)) -> 0.73710317 | L273: =IF(OR(K273="",J273=""),"",(J273-K273)*100) -> -2.7359585
A274: Northampton | B274: EASTON | C274: EASTON 3RD WARD 3RD DISTRICT | D274: 641 | E274: 1109 | F274: =IF(E274="","",D274-E274) -> -468 | G274: 182 | H274: 290 | I274: =IF(H274="","",G274-H274) -> -108 | J274: =IF(OR(D274="",D274+G274=0),"",D274/(D274+G274)) -> 0.77885784 | K274: =IF(E274="","",E274/(E274+H274)) -> 0.79270908 | L274: =IF(OR(K274="",J274=""),"",(J274-K274)*100) -> -1.3851241
A275: Northampton | B275: EASTON | C275: EASTON 3RD WARD 4TH DISTRICT | D275: 593 | E275: 566 | F275: =IF(E275="","",D275-E275) -> 27 | G275: 254 | H275: 257 | I275: =IF(H275="","",G275-H275) -> -3 | J275: =IF(OR(D275="",D275+G275=0),"",D275/(D275+G275)) -> 0.70011806 | K275: =IF(E275="","",E275/(E275+H275)) -> 0.68772783 | L275: =IF(OR(K275="",J275=""),"",(J275-K275)*100) -> 1.2390239
A276: Northampton | B276: EASTON | C276: EASTON 4TH WARD | D276: 519 | E276: 517 | F276: =IF(E276="","",D276-E276) -> 2 | G276: 259 | H276: 265 | I276: =IF(H276="","",G276-H276) -> -6 | J276: =IF(OR(D276="",D276+G276=0),"",D276/(D276+G276)) -> 0.66709512 | K276: =IF(E276="","",E276/(E276+H276)) -> 0.66112532 | L276: =IF(OR(K276="",J276=""),"",(J276-K276)*100) -> 0.5969796
A277: Northampton | B277: EASTON | C277: EASTON 5TH WARD | D277: 210 | E277: 233 | F277: =IF(E277="","",D277-E277) -> -23 | G277: 92 | H277: 84 | I277: =IF(H277="","",G277-H277) -> 8 | J277: =IF(OR(D277="",D277+G277=0),"",D277/(D277+G277)) -> 0.69536424 | K277: =IF(E277="","",E277/(E277+H277)) -> 0.73501577 | L277: =IF(OR(K277="",J277=""),"",(J277-K277)*100) -> -3.9651534
A278: Northampton | B278: EASTON | C278: EASTON 6TH WARD | D278: 362 | E278: 391 | F278: =IF(E278="","",D278-E278) -> -29 | G278: 134 | H278: 126 | I278: =IF(H278="","",G278-H278) -> 8 | J278: =IF(OR(D278="",D278+G278=0),"",D278/(D278+G278)) -> 0.72983871 | K278: =IF(E278="","",E278/(E278+H278)) -> 0.75628627 | L278: =IF(OR(K278="",J278=""),"",(J278-K278)*100) -> -2.6447557
A279: Northampton | B279: EASTON | C279: EASTON 7TH WARD | D279: 412 | E279: 381 | F279: =IF(E279="","",D279-E279) -> 31 | G279: 160 | H279: 184 | I279: =IF(H279="","",G279-H279) -> -24 | J279: =IF(OR(D279="",D279+G279=0),"",D279/(D279+G279)) -> 0.72027972 | K279: =IF(E279="","",E279/(E279+H279)) -> 0.67433628 | L279: =IF(OR(K279="",J279=""),"",(J279-K279)*100) -> 4.5943437
A280: Northampton | B280: EASTON | C280: EASTON 8TH WARD | D280: 706 | F280: =IF(E280="","",D280-E280) | G280: 410 | I280: =IF(H280="","",G280-H280) | J280: =IF(OR(D280="",D280+G280=0),"",D280/(D280+G280)) -> 0.63261649 | K280: =IF(E280="","",E280/(E280+H280)) | L280: =IF(OR(K280="",J280=""),"",(J280-K280)*100) | M280: No comparable 2024 result
A281: Northampton | B281: EASTON | C281: EASTON 9TH WARD | D281: 944 | E281: 912 | F281: =IF(E281="","",D281-E281) -> 32 | G281: 442 | H281: 445 | I281: =IF(H281="","",G281-H281) -> -3 | J281: =IF(OR(D281="",D281+G281=0),"",D281/(D281+G281)) -> 0.68109668 | K281: =IF(E281="","",E281/(E281+H281)) -> 0.67207074 | L281: =IF(OR(K281="",J281=""),"",(J281-K281)*100) -> 0.90259368
A282: Northampton | B282: FORKS | C282: FORKS TWSP EAST | D282: 1398 | F282: =IF(E282="","",D282-E282) | G282: 1407 | I282: =IF(H282="","",G282-H282) | J282: =IF(OR(D282="",D282+G282=0),"",D282/(D282+G282)) -> 0.49839572 | K282: =IF(E282="","",E282/(E282+H282)) | L282: =IF(OR(K282="",J282=""),"",(J282-K282)*100) | M282: No comparable 2024 result
A283: Northampton | B283: FORKS | C283: FORKS TWSP NORTH | D283: 642 | F283: =IF(E283="","",D283-E283) | G283: 650 | I283: =IF(H283="","",G283-H283) | J283: =IF(OR(D283="",D283+G283=0),"",D283/(D283+G283)) -> 0.49690402 | K283: =IF(E283="","",E283/(E283+H283)) | L283: =IF(OR(K283="",J283=""),"",(J283-K283)*100) | M283: No comparable 2024 result
A284: Northampton | B284: FORKS | C284: FORKS TWSP NORTHWEST | D284: 803 | F284: =IF(E284="","",D284-E284) | G284: 750 | I284: =IF(H284="","",G284-H284) | J284: =IF(OR(D284="",D284+G284=0),"",D284/(D284+G284)) -> 0.51706375 | K284: =IF(E284="","",E284/(E284+H284)) | L284: =IF(OR(K284="",J284=""),"",(J284-K284)*100) | M284: No comparable 2024 result
A285: Northampton | B285: FORKS | C285: FORKS TWSP SOUTH | D285: 732 | F285: =IF(E285="","",D285-E285) | G285: 700 | I285: =IF(H285="","",G285-H285) | J285: =IF(OR(D285="",D285+G285=0),"",D285/(D285+G285)) -> 0.51117318 | K285: =IF(E285="","",E285/(E285+H285)) | L285: =IF(OR(K285="",J285=""),"",(J285-K285)*100) | M285: No comparable 2024 result
A286: Northampton | B286: FORKS | C286: FORKS TWSP SOUTHEAST | D286: 964 | E286: 975 | F286: =IF(E286="","",D286-E286) -> -11 | G286: 893 | H286: 935 | I286: =IF(H286="","",G286-H286) -> -42 | J286: =IF(OR(D286="",D286+G286=0),"",D286/(D286+G286)) -> 0.51911686 | K286: =IF(E286="","",E286/(E286+H286)) -> 0.5104712 | L286: =IF(OR(K286="",J286=""),"",(J286-K286)*100) -> 0.8645651
A287: Northampton | B287: FORKS | C287: FORKS TWSP SOUTHWEST | D287: 785 | F287: =IF(E287="","",D287-E287) | G287: 785 | I287: =IF(H287="","",G287-H287) | J287: =IF(OR(D287="",D287+G287=0),"",D287/(D287+G287)) -> 0.5 | K287: =IF(E287="","",E287/(E287+H287)) | L287: =IF(OR(K287="",J287=""),"",(J287-K287)*100) | M287: No comparable 2024 result
A288: Northampton | B288: FORKS | C288: FORKS TWSP WEST | D288: 665 | F288: =IF(E288="","",D288-E288) | G288: 744 | I288: =IF(H288="","",G288-H288) | J288: =IF(OR(D288="",D288+G288=0),"",D288/(D288+G288)) -> 0.47196593 | K288: =IF(E288="","",E288/(E288+H288)) | L288: =IF(OR(K288="",J288=""),"",(J288-K288)*100) | M288: No comparable 2024 result
A289: Northampton | B289: FREEMANSBURG | C289: FREEMANSBURG | D289: 741 | E289: 714 | F289: =IF(E289="","",D289-E289) -> 27 | G289: 524 | H289: 484 | I289: =IF(H289="","",G289-H289) -> 40 | J289: =IF(OR(D289="",D289+G289=0),"",D289/(D289+G289)) -> 0.58577075 | K289: =IF(E289="","",E289/(E289+H289)) -> 0.59599332 | L289: =IF(OR(K289="",J289=""),"",(J289-K289)*100) -> -1.0222571
A290: Northampton | B290: GLENDON | C290: GLENDON | D290: 99 | E290: 109 | F290: =IF(E290="","",D290-E290) -> -10 | G290: 106 | H290: 97 | I290: =IF(H290="","",G290-H290) -> 9 | J290: =IF(OR(D290="",D290+G290=0),"",D290/(D290+G290)) -> 0.48292683 | K290: =IF(E290="","",E290/(E290+H290)) -> 0.52912621 | L290: =IF(OR(K290="",J290=""),"",(J290-K290)*100) -> -4.6199384
A291: Northampton | B291: HANOVER | C291: HANOVER #1 | D291: 916 | E291: 955 | F291: =IF(E291="","",D291-E291) -> -39 | G291: 724 | H291: 692 | I291: =IF(H291="","",G291-H291) -> 32 | J291: =IF(OR(D291="",D291+G291=0),"",D291/(D291+G291)) -> 0.55853659 | K291: =IF(E291="","",E291/(E291+H291)) -> 0.57984214 | L291: =IF(OR(K291="",J291=""),"",(J291-K291)*100) -> -2.1305552
A292: Northampton | B292: HANOVER | C292: HANOVER #2 | D292: 858 | E292: 910 | F292: =IF(E292="","",D292-E292) -> -52 | G292: 766 | H292: 742 | I292: =IF(H292="","",G292-H292) -> 24 | J292: =IF(OR(D292="",D292+G292=0),"",D292/(D292+G292)) -> 0.52832512 | K292: =IF(E292="","",E292/(E292+H292)) -> 0.55084746 | L292: =IF(OR(K292="",J292=""),"",(J292-K292)*100) -> -2.2522334
A293: Northampton | B293: HANOVER | C293: HANOVER #3 | D293: 434 | E293: 446 | F293: =IF(E293="","",D293-E293) -> -12 | G293: 421 | H293: 410 | I293: =IF(H293="","",G293-H293) -> 11 | J293: =IF(OR(D293="",D293+G293=0),"",D293/(D293+G293)) -> 0.50760234 | K293: =IF(E293="","",E293/(E293+H293)) -> 0.52102804 | L293: =IF(OR(K293="",J293=""),"",(J293-K293)*100) -> -1.3425698
A294: Northampton | B294: HANOVER | C294: HANOVER #4 | D294: 733 | E294: 744 | F294: =IF(E294="","",D294-E294) -> -11 | G294: 704 | H294: 678 | I294: =IF(H294="","",G294-H294) -> 26 | J294: =IF(OR(D294="",D294+G294=0),"",D294/(D294+G294)) -> 0.51009047 | K294: =IF(E294="","",E294/(E294+H294)) -> 0.52320675 | L294: =IF(OR(K294="",J294=""),"",(J294-K294)*100) -> -1.3116285
A295: Northampton | B295: HANOVER | C295: HANOVER #5 | D295: 772 | E295: 775 | F295: =IF(E295="","",D295-E295) -> -3 | G295: 645 | H295: 645 | I295: =IF(H295="","",G295-H295) -> 0 | J295: =IF(OR(D295="",D295+G295=0),"",D295/(D295+G295)) -> 0.54481299 | K295: =IF(E295="","",E295/(E295+H295)) -> 0.54577465 | L295: =IF(OR(K295="",J295=""),"",(J295-K295)*100) -> -0.096166271
A296: Northampton | B296: HANOVER | C296: HANOVER #6 | D296: 504 | E296: 511 | F296: =IF(E296="","",D296-E296) -> -7 | G296: 473 | H296: 453 | I296: =IF(H296="","",G296-H296) -> 20 | J296: =IF(OR(D296="",D296+G296=0),"",D296/(D296+G296)) -> 0.51586489 | K296: =IF(E296="","",E296/(E296+H296)) -> 0.53008299 | L296: =IF(OR(K296="",J296=""),"",(J296-K296)*100) -> -1.4218095
A297: Northampton | B297: HELLERTOWN | C297: HELLERTOWN BORO 1ST WARD | D297: 575 | E297: 553 | F297: =IF(E297="","",D297-E297) -> 22 | G297: 617 | H297: 581 | I297: =IF(H297="","",G297-H297) -> 36 | J297: =IF(OR(D297="",D297+G297=0),"",D297/(D297+G297)) -> 0.48238255 | K297: =IF(E297="","",E297/(E297+H297)) -> 0.48765432 | L297: =IF(OR(K297="",J297=""),"",(J297-K297)*100) -> -0.52717707
A298: Northampton | B298: HELLERTOWN | C298: HELLERTOWN BORO 2ND WARD | D298: 458 | E298: 473 | F298: =IF(E298="","",D298-E298) -> -15 | G298: 437 | H298: 465 | I298: =IF(H298="","",G298-H298) -> -28 | J298: =IF(OR(D298="",D298+G298=0),"",D298/(D298+G298)) -> 0.51173184 | K298: =IF(E298="","",E298/(E298+H298)) -> 0.50426439 | L298: =IF(OR(K298="",J298=""),"",(J298-K298)*100) -> 0.74674513
A299: Northampton | B299: HELLERTOWN | C299: HELLERTOWN BORO 3RD WARD | D299: 674 | E299: 700 | F299: =IF(E299="","",D299-E299) -> -26 | G299: 598 | H299: 639 | I299: =IF(H299="","",G299-H299) -> -41 | J299: =IF(OR(D299="",D299+G299=0),"",D299/(D299+G299)) -> 0.52987421 | K299: =IF(E299="","",E299/(E299+H299)) -> 0.52277819 | L299: =IF(OR(K299="",J299=""),"",(J299-K299)*100) -> 0.70960212
A300: Northampton | B300: LEHIGH | C300: LEHIGH TWSP - CENTRAL | D300: 556 | E300: 546 | F300: =IF(E300="","",D300-E300) -> 10 | G300: 1102 | H300: 1089 | I300: =IF(H300="","",G300-H300) -> 13 | J300: =IF(OR(D300="",D300+G300=0),"",D300/(D300+G300)) -> 0.33534379 | K300: =IF(E300="","",E300/(E300+H300)) -> 0.33394495 | L300: =IF(OR(K300="",J300=""),"",(J300-K300)*100) -> 0.13988336
... A306: Northampton | B306: LOWER MOUNT BETHEL | C306: LOWER MT BETHEL - UPPER | D306: 365 | E306: 361 | F306: =IF(E306="","",D306-E306) -> 4 | G306: 741 | H306: 775 | I306: =IF(H306="","",G306-H306) -> -34 | J306: =IF(OR(D306="",D306+G306=0),"",D306/(D306+G306)) -> 0.33001808 | K306: =IF(E306="","",E306/(E306+H306)) -> 0.31778169 | L306: =IF(OR(K306="",J306=""),"",(J306-K306)*100) -> 1.2236393
A307: Northampton | B307: LOWER NAZARETH | C307: LOWER NAZARETH EAST | D307: 256 | F307: =IF(E307="","",D307-E307) | G307: 358 | I307: =IF(H307="","",G307-H307) | J307: =IF(OR(D307="",D307+G307=0),"",D307/(D307+G307)) -> 0.41693811 | K307: =IF(E307="","",E307/(E307+H307)) | L307: =IF(OR(K307="",J307=""),"",(J307-K307)*100) | M307: No comparable 2024 result
...

Sheet 2024 Backtest B
A1: County | B1: Municipality | C1: Precinct | D1: Predicted Democratic (Wild) votes | E1: Actual Democratic votes | F1: Error, Democratic votes (predicted minus actual) | G1: Predicted Republican (Mackenzie) votes | H1: Actual Republican votes | I1: Error, Republican votes (predicted minus actual) | J1: Predicted Democratic share of the two-party vote | K1: Actual Democratic share of the two-party vote | L1: Error in Democratic share, percentage points (predicted minus actual) | M1: Note
A2: Carbon | B2: BANKS TOWNSHIP | C2: BANKS TOWNSHIP | D2: 168 | E2: 181 | F2: =IF(E2="","",D2-E2) -> -13 | G2: 270 | H2: 284 | I2: =IF(H2="","",G2-H2) -> -14 | J2: =IF(OR(D2="",D2+G2=0),"",D2/(D2+G2)) -> 0.38356164 | K2: =IF(E2="","",E2/(E2+H2)) -> 0.38924731 | L2: =IF(OR(K2="",J2=""),"",(J2-K2)*100) -> -0.5685668
A3: Carbon | B3: BEAVER MEADOWS BOROUGH | C3: BEAVER MEADOWS BOROUGH | D3: 107 | E3: 118 | F3: =IF(E3="","",D3-E3) -> -11 | G3: 297 | H3: 298 | I3: =IF(H3="","",G3-H3) -> -1 | J3: =IF(OR(D3="",D3+G3=0),"",D3/(D3+G3)) -> 0.26485149 | K3: =IF(E3="","",E3/(E3+H3)) -> 0.28365385 | L3: =IF(OR(K3="",J3=""),"",(J3-K3)*100) -> -1.8802361
A4: Carbon | B4: BOWMANSTOWN BOROUGH | C4: BOWMANSTOWN BOROUGH | D4: 133 | E4: 143 | F4: =IF(E4="","",D4-E4) -> -10 | G4: 270 | H4: 309 | I4: =IF(H4="","",G4-H4) -> -39 | J4: =IF(OR(D4="",D4+G4=0),"",D4/(D4+G4)) -> 0.33002481 | K4: =IF(E4="","",E4/(E4+H4)) -> 0.31637168 | L4: =IF(OR(K4="",J4=""),"",(J4-K4)*100) -> 1.3653132
A5: Carbon | B5: EAST PENN TOWNSHIP | C5: EAST PENN TOWNSHIP-NORTH | D5: 201 | E5: 202 | F5: =IF(E5="","",D5-E5) -> -1 | G5: 591 | H5: 640 | I5: =IF(H5="","",G5-H5) -> -49 | J5: =IF(OR(D5="",D5+G5=0),"",D5/(D5+G5)) -> 0.25378788 | K5: =IF(E5="","",E5/(E5+H5)) -> 0.23990499 | L5: =IF(OR(K5="",J5=""),"",(J5-K5)*100) -> 1.3882891
A6: Carbon | B6: EAST PENN TOWNSHIP | C6: EAST PENN TOWNSHIP-SOUTH | D6: 213 | E6: 232 | F6: =IF(E6="","",D6-E6) -> -19 | G6: 570 | H6: 603 | I6: =IF(H6="","",G6-H6) -> -33 | J6: =IF(OR(D6="",D6+G6=0),"",D6/(D6+G6)) -> 0.27203065 | K6: =IF(E6="","",E6/(E6+H6)) -> 0.27784431 | L6: =IF(OR(K6="",J6=""),"",(J6-K6)*100) -> -0.581366
A7: Carbon | B7: EAST SIDE BOROUGH | C7: EAST SIDE BOROUGH | D7: 41 | E7: 38 | F7: =IF(E7="","",D7-E7) -> 3 | G7: 71 | H7: 78 | I7: =IF(H7="","",G7-H7) -> -7 | J7: =IF(OR(D7="",D7+G7=0),"",D7/(D7+G7)) -> 0.36607143 | K7: =IF(E7="","",E7/(E7+H7)) -> 0.32758621 | L7: =IF(OR(K7="",J7=""),"",(J7-K7)*100) -> 3.8485222
A8: Carbon | B8: FRANKLIN TOWNSHIP | C8: FRANKLIN TOWNSHIP-HARRITY | D8: 279 | E8: 301 | F8: =IF(E8="","",D8-E8) -> -22 | G8: 730 | H8: 760 | I8: =IF(H8="","",G8-H8) -> -30 | J8: =IF(OR(D8="",D8+G8=0),"",D8/(D8+G8)) -> 0.2765114 | K8: =IF(E8="","",E8/(E8+H8)) -> 0.28369463 | L8: =IF(OR(K8="",J8=""),"",(J8-K8)*100) -> -0.71832303
A9: Carbon | B9: FRANKLIN TOWNSHIP | C9: FRANKLIN TOWNSHIP-IND DIST | D9: 160 | E9: 164 | F9: =IF(E9="","",D9-E9) -> -4 | G9: 428 | H9: 450 | I9: =IF(H9="","",G9-H9) -> -22 | J9: =IF(OR(D9="",D9+G9=0),"",D9/(D9+G9)) -> 0.27210884 | K9: =IF(E9="","",E9/(E9+H9)) -> 0.26710098 | L9: =IF(OR(K9="",J9=""),"",(J9-K9)*100) -> 0.50078663
A10: Carbon | B10: FRANKLIN TOWNSHIP | C10: FRANKLIN TOWNSHIP-LONG RUN | D10: 211 | E10: 235 | F10: =IF(E10="","",D10-E10) -> -24 | G10: 627 | H10: 626 | I10: =IF(H10="","",G10-H10) -> 1 | J10: =IF(OR(D10="",D10+G10=0),"",D10/(D10+G10)) -> 0.25178998 | K10: =IF(E10="","",E10/(E10+H10)) -> 0.27293844 | L10: =IF(OR(K10="",J10=""),"",(J10-K10)*100) -> -2.1148468
A11: Carbon | B11: JIM THORPE BOROUGH | C11: JIM THORPE BOROUGH-1ST | D11: 226 | E11: 229 | F11: =IF(E11="","",D11-E11) -> -3 | G11: 269 | H11: 297 | I11: =IF(H11="","",G11-H11) -> -28 | J11: =IF(OR(D11="",D11+G11=0),"",D11/(D11+G11)) -> 0.45656566 | K11: =IF(E11="","",E11/(E11+H11)) -> 0.43536122 | L11: =IF(OR(K11="",J11=""),"",(J11-K11)*100) -> 2.120444
A12: Carbon | B12: JIM THORPE BOROUGH | C12: JIM THORPE BOROUGH-2ND | D12: 165 | E12: 163 | F12: =IF(E12="","",D12-E12) -> 2 | G12: 205 | H12: 226 | I12: =IF(H12="","",G12-H12) -> -21 | J12: =IF(OR(D12="",D12+G12=0),"",D12/(D12+G12)) -> 0.44594595 | K12: =IF(E12="","",E12/(E12+H12)) -> 0.41902314 | L12: =IF(OR(K12="",J12=""),"",(J12-K12)*100) -> 2.692281
A13: Carbon | B13: JIM THORPE BOROUGH | C13: JIM THORPE BOROUGH-3RD | D13: 287 | E13: 286 | F13: =IF(E13="","",D13-E13) -> 1 | G13: 438 | H13: 464 | I13: =IF(H13="","",G13-H13) -> -26 | J13: =IF(OR(D13="",D13+G13=0),"",D13/(D13+G13)) -> 0.39586207 | K13: =IF(E13="","",E13/(E13+H13)) -> 0.38133333 | L13: =IF(OR(K13="",J13=""),"",(J13-K13)*100) -> 1.4528736
... A83: Lehigh | B83: ALLENTOWN | C83: ALLENTOWN 17TH WARD 3RD DIST | D83: 477 | E83: 502 | F83: =IF(E83="","",D83-E83) -> -25 | G83: 326 | H83: 283 | I83: =IF(H83="","",G83-H83) -> 43 | J83: =IF(OR(D83="",D83+G83=0),"",D83/(D83+G83)) -> 0.59402242 | K83: =IF(E83="","",E83/(E83+H83)) -> 0.63949045 | L83: =IF(OR(K83="",J83=""),"",(J83-K83)*100) -> -4.546803
A84: Lehigh | B84: ALLENTOWN | C84: ALLENTOWN 17TH WARD 4TH DIST | D84: 346 | F84: =IF(E84="","",D84-E84) | G84: 257 | I84: =IF(H84="","",G84-H84) | J84: =IF(OR(D84="",D84+G84=0),"",D84/(D84+G84)) -> 0.57379768 | K84: =IF(E84="","",E84/(E84+H84)) | L84: =IF(OR(K84="",J84=""),"",(J84-K84)*100) | M84: No comparable 2024 result
A85: Lehigh | B85: ALLENTOWN | C85: ALLENTOWN 17TH WD 4TH DT PARK | D85: 962 | F85: =IF(E85="","",D85-E85) | G85: 697 | I85: =IF(H85="","",G85-H85) | J85: =IF(OR(D85="",D85+G85=0),"",D85/(D85+G85)) -> 0.57986739 | K85: =IF(E85="","",E85/(E85+H85)) | L85: =IF(OR(K85="",J85=""),"",(J85-K85)*100) | M85: No comparable 2024 result
A86: Lehigh | B86: ALLENTOWN | C86: ALLENTOWN 18TH WARD 1ST DIST | D86: 489 | E86: 488 | F86: =IF(E86="","",D86-E86) -> 1 | G86: 261 | H86: 252 | I86: =IF(H86="","",G86-H86) -> 9 | J86: =IF(OR(D86="",D86+G86=0),"",D86/(D86+G86)) -> 0.652 | K86: =IF(E86="","",E86/(E86+H86)) -> 0.65945946 | L86: =IF(OR(K86="",J86=""),"",(J86-K86)*100) -> -0.74594595
A87: Lehigh | B87: ALLENTOWN | C87: ALLENTOWN 18TH WARD 2ND DIST | D87: 607 | E87: 601 | F87: =IF(E87="","",D87-E87) -> 6 | G87: 423 | H87: 394 | I87: =IF(H87="","",G87-H87) -> 29 | J87: =IF(OR(D87="",D87+G87=0),"",D87/(D87+G87)) -> 0.58932039 | K87: =IF(E87="","",E87/(E87+H87)) -> 0.6040201 | L87: =IF(OR(K87="",J87=""),"",(J87-K87)*100) -> -1.4699712
A88: Lehigh | B88: ALLENTOWN | C88: ALLENTOWN 18TH WD 2ND DT PARK | D88: 17 | F88: =IF(E88="","",D88-E88) | G88: 16 | I88: =IF(H88="","",G88-H88) | J88: =IF(OR(D88="",D88+G88=0),"",D88/(D88+G88)) -> 0.51515152 | K88: =IF(E88="","",E88/(E88+H88)) | L88: =IF(OR(K88="",J88=""),"",(J88-K88)*100) | M88: No comparable 2024 result
A89: Lehigh | B89: ALLENTOWN | C89: ALLENTOWN 19TH WARD 1ST DIST | D89: 351 | E89: 330 | F89: =IF(E89="","",D89-E89) -> 21 | G89: 252 | H89: 270 | I89: =IF(H89="","",G89-H89) -> -18 | J89: =IF(OR(D89="",D89+G89=0),"",D89/(D89+G89)) -> 0.58208955 | K89: =IF(E89="","",E89/(E89+H89)) -> 0.55 | L89: =IF(OR(K89="",J89=""),"",(J89-K89)*100) -> 3.2089552
A90: Lehigh | B90: ALLENTOWN | C90: ALLENTOWN 19TH WARD 2ND DIST | D90: 633 | E90: 591 | F90: =IF(E90="","",D90-E90) -> 42 | G90: 298 | H90: 333 | I90: =IF(H90="","",G90-H90) -> -35 | J90: =IF(OR(D90="",D90+G90=0),"",D90/(D90+G90)) -> 0.67991407 | K90: =IF(E90="","",E90/(E90+H90)) -> 0.63961039 | L90: =IF(OR(K90="",J90=""),"",(J90-K90)*100) -> 4.0303681
A91: Lehigh | B91: ALLENTOWN | C91: ALLENTOWN 19TH WARD 3RD DIST | D91: 344 | E91: 347 | F91: =IF(E91="","",D91-E91) -> -3 | G91: 248 | H91: 243 | I91: =IF(H91="","",G91-H91) -> 5 | J91: =IF(OR(D91="",D91+G91=0),"",D91/(D91+G91)) -> 0.58108108 | K91: =IF(E91="","",E91/(E91+H91)) -> 0.58813559 | L91: =IF(OR(K91="",J91=""),"",(J91-K91)*100) -> -0.70545121
A92: Lehigh | B92: ALLENTOWN | C92: ALLENTOWN 19TH WARD 4TH DIST | D92: 477 | E92: 440 | F92: =IF(E92="","",D92-E92) -> 37 | G92: 239 | H92: 259 | I92: =IF(H92="","",G92-H92) -> -20 | J92: =IF(OR(D92="",D92+G92=0),"",D92/(D92+G92)) -> 0.66620112 | K92: =IF(E92="","",E92/(E92+H92)) -> 0.62947067 | L92: =IF(OR(K92="",J92=""),"",(J92-K92)*100) -> 3.6730445
A93: Lehigh | B93: ALLENTOWN | C93: ALLENTOWN 19TH WARD 5TH DIST | D93: 564 | E93: 553 | F93: =IF(E93="","",D93-E93) -> 11 | G93: 409 | H93: 367 | I93: =IF(H93="","",G93-H93) -> 42 | J93: =IF(OR(D93="",D93+G93=0),"",D93/(D93+G93)) -> 0.57965057 | K93: =IF(E93="","",E93/(E93+H93)) -> 0.60108696 | L93: =IF(OR(K93="",J93=""),"",(J93-K93)*100) -> -2.1436391
A94: Lehigh | B94: ALLENTOWN | C94: ALLENTOWN 19TH WARD 5TH DT SAL | D94: 1 | F94: =IF(E94="","",D94-E94) | G94: 2 | I94: =IF(H94="","",G94-H94) | J94: =IF(OR(D94="",D94+G94=0),"",D94/(D94+G94)) -> 0.33333333 | K94: =IF(E94="","",E94/(E94+H94)) | L94: =IF(OR(K94="",J94=""),"",(J94-K94)*100) | M94: No comparable 2024 result
A95: Lehigh | B95: ALLENTOWN | C95: ALLENTOWN 19TH WARD 6TH DIST | D95: 858 | E95: 821 | F95: =IF(E95="","",D95-E95) -> 37 | G95: 520 | H95: 504 | I95: =IF(H95="","",G95-H95) -> 16 | J95: =IF(OR(D95="",D95+G95=0),"",D95/(D95+G95)) -> 0.62264151 | K95: =IF(E95="","",E95/(E95+H95)) -> 0.61962264 | L95: =IF(OR(K95="",J95=""),"",(J95-K95)*100) -> 0.30188679
A96: Lehigh | B96: ALLENTOWN | C96: ALLENTOWN 1ST WARD | D96: 507 | E96: 487 | F96: =IF(E96="","",D96-E96) -> 20 | G96: 163 | H96: 191 | I96: =IF(H96="","",G96-H96) -> -28 | J96: =IF(OR(D96="",D96+G96=0),"",D96/(D96+G96)) -> 0.75671642 | K96: =IF(E96="","",E96/(E96+H96)) -> 0.71828909 | L96: =IF(OR(K96="",J96=""),"",(J96-K96)*100) -> 3.8427332
A97: Lehigh | B97: ALLENTOWN | C97: ALLENTOWN 2ND WARD | D97: 453 | E97: 418 | F97: =IF(E97="","",D97-E97) -> 35 | G97: 179 | H97: 181 | I97: =IF(H97="","",G97-H97) -> -2 | J97: =IF(OR(D97="",D97+G97=0),"",D97/(D97+G97)) -> 0.71677215 | K97: =IF(E97="","",E97/(E97+H97)) -> 0.69782972 | L97: =IF(OR(K97="",J97=""),"",(J97-K97)*100) -> 1.8942436
A98: Lehigh | B98: ALLENTOWN | C98: ALLENTOWN 3RD WARD | D98: 632 | E98: 677 | F98: =IF(E98="","",D98-E98) -> -45 | G98: 234 | H98: 264 | I98: =IF(H98="","",G98-H98) -> -30 | J98: =IF(OR(D98="",D98+G98=0),"",D98/(D98+G98)) -> 0.72979215 | K98: =IF(E98="","",E98/(E98+H98)) -> 0.7194474 | L98: =IF(OR(K98="",J98=""),"",(J98-K98)*100) -> 1.0344751
A99: Lehigh | B99: ALLENTOWN | C99: ALLENTOWN 4TH WARD | D99: 292 | E99: 283 | F99: =IF(E99="","",D99-E99) -> 9 | G99: 120 | H99: 138 | I99: =IF(H99="","",G99-H99) -> -18 | J99: =IF(OR(D99="",D99+G99=0),"",D99/(D99+G99)) -> 0.70873786 | K99: =IF(E99="","",E99/(E99+H99)) -> 0.67220903 | L99: =IF(OR(K99="",J99=""),"",(J99-K99)*100) -> 3.6528838
A100: Lehigh | B100: ALLENTOWN | C100: ALLENTOWN 5TH WARD | D100: 457 | E100: 447 | F100: =IF(E100="","",D100-E100) -> 10 | G100: 153 | H100: 152 | I100: =IF(H100="","",G100-H100) -> 1 | J100: =IF(OR(D100="",D100+G100=0),"",D100/(D100+G100)) -> 0.74918033 | K100: =IF(E100="","",E100/(E100+H100)) -> 0.74624374 | L100: =IF(OR(K100="",J100=""),"",(J100-K100)*100) -> 0.29365883
A101: Lehigh | B101: ALLENTOWN | C101: ALLENTOWN 6TH WARD 1ST DIST | D101: 233 | E101: 179 | F101: =IF(E101="","",D101-E101) -> 54 | G101: 92 | H101: 112 | I101: =IF(H101="","",G101-H101) -> -20 | J101: =IF(OR(D101="",D101+G101=0),"",D101/(D101+G101)) -> 0.71692308 | K101: =IF(E101="","",E101/(E101+H101)) -> 0.61512027 | L101: =IF(OR(K101="",J101=""),"",(J101-K101)*100) -> 10.18028
A102: Lehigh | B102: ALLENTOWN | C102: ALLENTOWN 6TH WARD 2ND DIST | D102: 389 | E102: 357 | F102: =IF(E102="","",D102-E102) -> 32 | G102: 179 | H102: 225 | I102: =IF(H102="","",G102-H102) -> -46 | J102: =IF(OR(D102="",D102+G102=0),"",D102/(D102+G102)) -> 0.68485915 | K102: =IF(E102="","",E102/(E102+H102)) -> 0.61340206 | L102: =IF(OR(K102="",J102=""),"",(J102-K102)*100) -> 7.1457093
A103: Lehigh | B103: ALLENTOWN | C103: ALLENTOWN 7TH WARD | D103: 573 | E103: 520 | F103: =IF(E103="","",D103-E103) -> 53 | G103: 210 | H103: 193 | I103: =IF(H103="","",G103-H103) -> 17 | J103: =IF(OR(D103="",D103+G103=0),"",D103/(D103+G103)) -> 0.73180077 | K103: =IF(E103="","",E103/(E103+H103)) -> 0.72931276 | L103: =IF(OR(K103="",J103=""),"",(J103-K103)*100) -> 0.24880033
A104: Lehigh | B104: ALLENTOWN | C104: ALLENTOWN 8TH WARD 1ST DIST | D104: 224 | E104: 218 | F104: =IF(E104="","",D104-E104) -> 6 | G104: 82 | H104: 86 | I104: =IF(H104="","",G104-H104) -> -4 | J104: =IF(OR(D104="",D104+G104=0),"",D104/(D104+G104)) -> 0.73202614 | K104: =IF(E104="","",E104/(E104+H104)) -> 0.71710526 | L104: =IF(OR(K104="",J104=""),"",(J104-K104)*100) -> 1.4920881
A105: Lehigh | B105: ALLENTOWN | C105: ALLENTOWN 8TH WARD 2ND DIST | D105: 255 | E105: 262 | F105: =IF(E105="","",D105-E105) -> -7 | G105: 85 | H105: 109 | I105: =IF(H105="","",G105-H105) -> -24 | J105: =IF(OR(D105="",D105+G105=0),"",D105/(D105+G105)) -> 0.75 | K105: =IF(E105="","",E105/(E105+H105)) -> 0.70619946 | L105: =IF(OR(K105="",J105=""),"",(J105-K105)*100) -> 4.3800539
A106: Lehigh | B106: ALLENTOWN | C106: ALLENTOWN 8TH WARD 3RD DIST | D106: 435 | E106: 424 | F106: =IF(E106="","",D106-E106) -> 11 | G106: 150 | H106: 151 | I106: =IF(H106="","",G106-H106) -> -1 | J106: =IF(OR(D106="",D106+G106=0),"",D106/(D106+G106)) -> 0.74358974 | K106: =IF(E106="","",E106/(E106+H106)) -> 0.7373913 | L106: =IF(OR(K106="",J106=""),"",(J106-K106)*100) -> 0.61984392
... A218: Northampton | B218: ALLEN | C218: ALLEN TWSP - SOUTH | D218: 863 | E218: 824 | F218: =IF(E218="","",D218-E218) -> 39 | G218: 903 | H218: 1009 | I218: =IF(H218="","",G218-H218) -> -106 | J218: =IF(OR(D218="",D218+G218=0),"",D218/(D218+G218)) -> 0.48867497 | K218: =IF(E218="","",E218/(E218+H218)) -> 0.44953628 | L218: =IF(OR(K218="",J218=""),"",(J218-K218)*100) -> 3.9138692
A219: Northampton | B219: BANGOR | C219: BANGOR BORO NORTH | D219: 448 | F219: =IF(E219="","",D219-E219) | G219: 675 | I219: =IF(H219="","",G219-H219) | J219: =IF(OR(D219="",D219+G219=0),"",D219/(D219+G219)) -> 0.39893143 | K219: =IF(E219="","",E219/(E219+H219)) | L219: =IF(OR(K219="",J219=""),"",(J219-K219)*100) | M219: No comparable 2024 result
A220: Northampton | B220: BANGOR | C220: BANGOR BORO SOUTH | D220: 504 | F220: =IF(E220="","",D220-E220) | G220: 685 | I220: =IF(H220="","",G220-H220) | J220: =IF(OR(D220="",D220+G220=0),"",D220/(D220+G220)) -> 0.42388562 | K220: =IF(E220="","",E220/(E220+H220)) | L220: =IF(OR(K220="",J220=""),"",(J220-K220)*100) | M220: No comparable 2024 result
A221: Northampton | B221: BATH | C221: BATH BORO | D221: 639 | E221: 623 | F221: =IF(E221="","",D221-E221) -> 16 | G221: 731 | H221: 726 | I221: =IF(H221="","",G221-H221) -> 5 | J221: =IF(OR(D221="",D221+G221=0),"",D221/(D221+G221)) -> 0.46642336 | K221: =IF(E221="","",E221/(E221+H221)) -> 0.46182357 | L221: =IF(OR(K221="",J221=""),"",(J221-K221)*100) -> 0.45997846
A222: Northampton | B222: BETHLEHEM | C222: BETHLEHEM 14TH WARD 1ST DISTRICT | D222: 707 | E222: 775 | F222: =IF(E222="","",D222-E222) -> -68 | G222: 470 | H222: 447 | I222: =IF(H222="","",G222-H222) -> 23 | J222: =IF(OR(D222="",D222+G222=0),"",D222/(D222+G222)) -> 0.60067969 | K222: =IF(E222="","",E222/(E222+H222)) -> 0.63420622 | L222: =IF(OR(K222="",J222=""),"",(J222-K222)*100) -> -3.3526525
A223: Northampton | B223: BETHLEHEM | C223: BETHLEHEM 14TH WARD 2ND DISTRICT | D223: 955 | E223: 982 | F223: =IF(E223="","",D223-E223) -> -27 | G223: 684 | H223: 684 | I223: =IF(H223="","",G223-H223) -> 0 | J223: =IF(OR(D223="",D223+G223=0),"",D223/(D223+G223)) -> 0.58267236 | K223: =IF(E223="","",E223/(E223+H223)) -> 0.58943577 | L223: =IF(OR(K223="",J223=""),"",(J223-K223)*100) -> -0.67634131
A224: Northampton | B224: BETHLEHEM | C224: BETHLEHEM 14TH WARD 3RD DISTRICT | D224: 737 | E224: 750 | F224: =IF(E224="","",D224-E224) -> -13 | G224: 424 | H224: 421 | I224: =IF(H224="","",G224-H224) -> 3 | J224: =IF(OR(D224="",D224+G224=0),"",D224/(D224+G224)) -> 0.63479759 | K224: =IF(E224="","",E224/(E224+H224)) -> 0.64047822 | L224: =IF(OR(K224="",J224=""),"",(J224-K224)*100) -> -0.56806355
A225: Northampton | B225: BETHLEHEM | C225: BETHLEHEM 14TH WARD 4TH DISTRICT | D225: 582 | E225: 592 | F225: =IF(E225="","",D225-E225) -> -10 | G225: 351 | H225: 337 | I225: =IF(H225="","",G225-H225) -> 14 | J225: =IF(OR(D225="",D225+G225=0),"",D225/(D225+G225)) -> 0.62379421 | K225: =IF(E225="","",E225/(E225+H225)) -> 0.63724435 | L225: =IF(OR(K225="",J225=""),"",(J225-K225)*100) -> -1.3450137
A226: Northampton | B226: BETHLEHEM | C226: BETHLEHEM 14TH WARD 5TH DISTRICT | D226: 772 | E226: 740 | F226: =IF(E226="","",D226-E226) -> 32 | G226: 510 | H226: 506 | I226: =IF(H226="","",G226-H226) -> 4 | J226: =IF(OR(D226="",D226+G226=0),"",D226/(D226+G226)) -> 0.60218409 | K226: =IF(E226="","",E226/(E226+H226)) -> 0.59390048 | L226: =IF(OR(K226="",J226=""),"",(J226-K226)*100) -> 0.82836058
A227: Northampton | B227: BETHLEHEM | C227: BETHLEHEM 14TH WARD 6TH DISTRICT | D227: 1030 | E227: 1037 | F227: =IF(E227="","",D227-E227) -> -7 | G227: 628 | H227: 623 | I227: =IF(H227="","",G227-H227) -> 5 | J227: =IF(OR(D227="",D227+G227=0),"",D227/(D227+G227)) -> 0.6212304 | K227: =IF(E227="","",E227/(E227+H227)) -> 0.6246988 | L227: =IF(OR(K227="",J227=""),"",(J227-K227)*100) -> -0.34683971
A228: Northampton | B228: BETHLEHEM | C228: BETHLEHEM 14TH WARD 7TH DISTRICT | D228: 669 | E228: 681 | F228: =IF(E228="","",D228-E228) -> -12 | G228: 495 | H228: 513 | I228: =IF(H228="","",G228-H228) -> -18 | J228: =IF(OR(D228="",D228+G228=0),"",D228/(D228+G228)) -> 0.57474227 | K228: =IF(E228="","",E228/(E228+H228)) -> 0.57035176 | L228: =IF(OR(K228="",J228=""),"",(J228-K228)*100) -> 0.43905092
A229: Northampton | B229: BETHLEHEM | C229: BETHLEHEM 14TH WARD 8TH DISTRICT | D229: 521 | E229: 529 | F229: =IF(E229="","",D229-E229) -> -8 | G229: 323 | H229: 293 | I229: =IF(H229="","",G229-H229) -> 30 | J229: =IF(OR(D229="",D229+G229=0),"",D229/(D229+G229)) -> 0.61729858 | K229: =IF(E229="","",E229/(E229+H229)) -> 0.64355231 | L229: =IF(OR(K229="",J229=""),"",(J229-K229)*100) -> -2.6253733
A230: Northampton | B230: BETHLEHEM | C230: BETHLEHEM 15TH WARD 1ST DISTRICT | D230: 735 | E230: 767 | F230: =IF(E230="","",D230-E230) -> -32 | G230: 380 | H230: 384 | I230: =IF(H230="","",G230-H230) -> -4 | J230: =IF(OR(D230="",D230+G230=0),"",D230/(D230+G230)) -> 0.65919283 | K230: =IF(E230="","",E230/(E230+H230)) -> 0.66637706 | L230: =IF(OR(K230="",J230=""),"",(J230-K230)*100) -> -0.71842383
A231: Northampton | B231: BETHLEHEM | C231: BETHLEHEM 15TH WARD 2ND DISTRICT | D231: 914 | E231: 906 | F231: =IF(E231="","",D231-E231) -> 8 | G231: 571 | H231: 586 | I231: =IF(H231="","",G231-H231) -> -15 | J231: =IF(OR(D231="",D231+G231=0),"",D231/(D231+G231)) -> 0.61548822 | K231: =IF(E231="","",E231/(E231+H231)) -> 0.60723861 | L231: =IF(OR(K231="",J231=""),"",(J231-K231)*100) -> 0.82496096
A232: Northampton | B232: BETHLEHEM | C232: BETHLEHEM 15TH WARD 3RD DISTRICT | D232: 867 | E232: 954 | F232: =IF(E232="","",D232-E232) -> -87 | G232: 396 | H232: 416 | I232: =IF(H232="","",G232-H232) -> -20 | J232: =IF(OR(D232="",D232+G232=0),"",D232/(D232+G232)) -> 0.68646081 | K232: =IF(E232="","",E232/(E232+H232)) -> 0.69635036 | L232: =IF(OR(K232="",J232=""),"",(J232-K232)*100) -> -0.98895574
... A244: Northampton | B244: BETHLEHEM | C244: BETHLEHEM 9TH WARD EAST | D244: 696 | E244: 711 | F244: =IF(E244="","",D244-E244) -> -15 | G244: 327 | H244: 341 | I244: =IF(H244="","",G244-H244) -> -14 | J244: =IF(OR(D244="",D244+G244=0),"",D244/(D244+G244)) -> 0.68035191 | K244: =IF(E244="","",E244/(E244+H244)) -> 0.67585551 | L244: =IF(OR(K244="",J244=""),"",(J244-K244)*100) -> 0.44963929
A245: Northampton | B245: BETHLEHEM | C245: BETHLEHEM 9TH WARD WEST | D245: 586 | F245: =IF(E245="","",D245-E245) | G245: 341 | I245: =IF(H245="","",G245-H245) | J245: =IF(OR(D245="",D245+G245=0),"",D245/(D245+G245)) -> 0.63214671 | K245: =IF(E245="","",E245/(E245+H245)) | L245: =IF(OR(K245="",J245=""),"",(J245-K245)*100) | M245: No comparable 2024 result
A246: Northampton | B246: BETHLEHEM TOWNSHIP | C246: BETHLEHEM TWSP 1ST WARD 1ST DISTRICT | D246: 443 | E246: 466 | F246: =IF(E246="","",D246-E246) -> -23 | G246: 407 | H246: 405 | I246: =IF(H246="","",G246-H246) -> 2 | J246: =IF(OR(D246="",D246+G246=0),"",D246/(D246+G246)) -> 0.52117647 | K246: =IF(E246="","",E246/(E246+H246)) -> 0.53501722 | L246: =IF(OR(K246="",J246=""),"",(J246-K246)*100) -> -1.3840751
A247: Northampton | B247: BETHLEHEM TOWNSHIP | C247: BETHLEHEM TWSP 1ST WARD 2ND DISTRICT | D247: 568 | E247: 552 | F247: =IF(E247="","",D247-E247) -> 16 | G247: 525 | H247: 506 | I247: =IF(H247="","",G247-H247) -> 19 | J247: =IF(OR(D247="",D247+G247=0),"",D247/(D247+G247)) -> 0.51967063 | K247: =IF(E247="","",E247/(E247+H247)) -> 0.52173913 | L247: =IF(OR(K247="",J247=""),"",(J247-K247)*100) -> -0.20684991
A248: Northampton | B248: BETHLEHEM TOWNSHIP | C248: BETHLEHEM TWSP 1ST WARD 3RD DISTRICT | D248: 671 | E248: 722 | F248: =IF(E248="","",D248-E248) -> -51 | G248: 575 | H248: 596 | I248: =IF(H248="","",G248-H248) -> -21 | J248: =IF(OR(D248="",D248+G248=0),"",D248/(D248+G248)) -> 0.53852327 | K248: =IF(E248="","",E248/(E248+H248)) -> 0.5477997 | L248: =IF(OR(K248="",J248=""),"",(J248-K248)*100) -> -0.9276422
A249: Northampton | B249: BETHLEHEM TOWNSHIP | C249: BETHLEHEM TWSP 1ST WARD 4TH DISTRICT | D249: 303 | E249: 339 | F249: =IF(E249="","",D249-E249) -> -36 | G249: 319 | H249: 338 | I249: =IF(H249="","",G249-H249) -> -19 | J249: =IF(OR(D249="",D249+G249=0),"",D249/(D249+G249)) -> 0.48713826 | K249: =IF(E249="","",E249/(E249+H249)) -> 0.50073855 | L249: =IF(OR(K249="",J249=""),"",(J249-K249)*100) -> -1.3600289
A250: Northampton | B250: BETHLEHEM TOWNSHIP | C250: BETHLEHEM TWSP 2ND WARD 1ST DISTRICT | D250: 592 | E250: 579 | F250: =IF(E250="","",D250-E250) -> 13 | G250: 482 | H250: 482 | I250: =IF(H250="","",G250-H250) -> 0 | J250: =IF(OR(D250="",D250+G250=0),"",D250/(D250+G250)) -> 0.55121043 | K250: =IF(E250="","",E250/(E250+H250)) -> 0.54571159 | L250: =IF(OR(K250="",J250=""),"",(J250-K250)*100) -> 0.54988355
A251: Northampton | B251: BETHLEHEM TOWNSHIP | C251: BETHLEHEM TWSP 2ND WARD 2ND DISTRICT | D251: 562 | E251: 562 | F251: =IF(E251="","",D251-E251) -> 0 | G251: 497 | H251: 525 | I251: =IF(H251="","",G251-H251) -> -28 | J251: =IF(OR(D251="",D251+G251=0),"",D251/(D251+G251)) -> 0.53068933 | K251: =IF(E251="","",E251/(E251+H251)) -> 0.51701932 | L251: =IF(OR(K251="",J251=""),"",(J251-K251)*100) -> 1.367001
A252: Northampton | B252: BETHLEHEM TOWNSHIP | C252: BETHLEHEM TWSP 2ND WARD 3RD DISTRICT | D252: 347 | E252: 337 | F252: =IF(E252="","",D252-E252) -> 10 | G252: 288 | H252: 296 | I252: =IF(H252="","",G252-H252) -> -8 | J252: =IF(OR(D252="",D252+G252=0),"",D252/(D252+G252)) -> 0.54645669 | K252: =IF(E252="","",E252/(E252+H252)) -> 0.53238547 | L252: =IF(OR(K252="",J252=""),"",(J252-K252)*100) -> 1.4071227
A253: Northampton | B253: BETHLEHEM TOWNSHIP | C253: BETHLEHEM TWSP 2ND WARD 4TH DISTRICT | D253: 508 | E253: 517 | F253: =IF(E253="","",D253-E253) -> -9 | G253: 388 | H253: 388 | I253: =IF(H253="","",G253-H253) -> 0 | J253: =IF(OR(D253="",D253+G253=0),"",D253/(D253+G253)) -> 0.56696429 | K253: =IF(E253="","",E253/(E253+H253)) -> 0.57127072 | L253: =IF(OR(K253="",J253=""),"",(J253-K253)*100) -> -0.43064325
A254: Northampton | B254: BETHLEHEM TOWNSHIP | C254: BETHLEHEM TWSP 3RD WARD 1ST DISTRICT | D254: 314 | E254: 329 | F254: =IF(E254="","",D254-E254) -> -15 | G254: 234 | H254: 217 | I254: =IF(H254="","",G254-H254) -> 17 | J254: =IF(OR(D254="",D254+G254=0),"",D254/(D254+G254)) -> 0.5729927 | K254: =IF(E254="","",E254/(E254+H254)) -> 0.6025641 | L254: =IF(OR(K254="",J254=""),"",(J254-K254)*100) -> -2.9571402
A255: Northampton | B255: BETHLEHEM TOWNSHIP | C255: BETHLEHEM TWSP 3RD WARD 2ND DISTRICT | D255: 345 | E255: 352 | F255: =IF(E255="","",D255-E255) -> -7 | G255: 343 | H255: 326 | I255: =IF(H255="","",G255-H255) -> 17 | J255: =IF(OR(D255="",D255+G255=0),"",D255/(D255+G255)) -> 0.50145349 | K255: =IF(E255="","",E255/(E255+H255)) -> 0.51917404 | L255: =IF(OR(K255="",J255=""),"",(J255-K255)*100) -> -1.7720553
A256: Northampton | B256: BETHLEHEM TOWNSHIP | C256: BETHLEHEM TWSP 3RD WARD 3RD DISTRICT | D256: 423 | E256: 420 | F256: =IF(E256="","",D256-E256) -> 3 | G256: 373 | H256: 378 | I256: =IF(H256="","",G256-H256) -> -5 | J256: =IF(OR(D256="",D256+G256=0),"",D256/(D256+G256)) -> 0.53140704 | K256: =IF(E256="","",E256/(E256+H256)) -> 0.52631579 | L256: =IF(OR(K256="",J256=""),"",(J256-K256)*100) -> 0.50912457
A257: Northampton | B257: BETHLEHEM TOWNSHIP | C257: BETHLEHEM TWSP 3RD WARD 4TH DISTRICT | D257: 493 | E257: 522 | F257: =IF(E257="","",D257-E257) -> -29 | G257: 399 | H257: 400 | I257: =IF(H257="","",G257-H257) -> -1 | J257: =IF(OR(D257="",D257+G257=0),"",D257/(D257+G257)) -> 0.55269058 | K257: =IF(E257="","",E257/(E257+H257)) -> 0.56616052 | L257: =IF(OR(K257="",J257=""),"",(J257-K257)*100) -> -1.3469938
... A269: Northampton | B269: EAST BANGOR | C269: EAST BANGOR | D269: 188 | E269: 217 | F269: =IF(E269="","",D269-E269) -> -29 | G269: 323 | H269: 309 | I269: =IF(H269="","",G269-H269) -> 14 | J269: =IF(OR(D269="",D269+G269=0),"",D269/(D269+G269)) -> 0.36790607 | K269: =IF(E269="","",E269/(E269+H269)) -> 0.41254753 | L269: =IF(OR(K269="",J269=""),"",(J269-K269)*100) -> -4.4641462
A270: Northampton | B270: EASTON | C270: EASTON 10TH WARD | D270: 711 | F270: =IF(E270="","",D270-E270) | G270: 404 | I270: =IF(H270="","",G270-H270) | J270: =IF(OR(D270="",D270+G270=0),"",D270/(D270+G270)) -> 0.63766816 | K270: =IF(E270="","",E270/(E270+H270)) | L270: =IF(OR(K270="",J270=""),"",(J270-K270)*100) | M270: No comparable 2024 result
A271: Northampton | B271: EASTON | C271: EASTON 11TH WARD | D271: 485 | F271: =IF(E271="","",D271-E271) | G271: 215 | I271: =IF(H271="","",G271-H271) | J271: =IF(OR(D271="",D271+G271=0),"",D271/(D271+G271)) -> 0.69285714 | K271: =IF(E271="","",E271/(E271+H271)) | L271: =IF(OR(K271="",J271=""),"",(J271-K271)*100) | M271: No comparable 2024 result
A272: Northampton | B272: EASTON | C272: EASTON 2ND WARD | D272: 454 | E272: 492 | F272: =IF(E272="","",D272-E272) -> -38 | G272: 182 | H272: 197 | I272: =IF(H272="","",G272-H272) -> -15 | J272: =IF(OR(D272="",D272+G272=0),"",D272/(D272+G272)) -> 0.71383648 | K272: =IF(E272="","",E272/(E272+H272)) -> 0.71407837 | L272: =IF(OR(K272="",J272=""),"",(J272-K272)*100) -> -0.024189647
A273: Northampton | B273: EASTON | C273: EASTON 3RD WARD 2ND DISTRICT | D273: 691 | E273: 743 | F273: =IF(E273="","",D273-E273) -> -52 | G273: 284 | H273: 265 | I273: =IF(H273="","",G273-H273) -> 19 | J273: =IF(OR(D273="",D273+G273=0),"",D273/(D273+G273)) -> 0.70871795 | K273: =IF(E273="","",E273/(E273+H273)) -> 0.73710317 | L273: =IF(OR(K273="",J273=""),"",(J273-K273)*100) -> -2.8385226
A274: Northampton | B274: EASTON | C274: EASTON 3RD WARD 3RD DISTRICT | D274: 620 | E274: 1109 | F274: =IF(E274="","",D274-E274) -> -489 | G274: 203 | H274: 290 | I274: =IF(H274="","",G274-H274) -> -87 | J274: =IF(OR(D274="",D274+G274=0),"",D274/(D274+G274)) -> 0.75334143 | K274: =IF(E274="","",E274/(E274+H274)) -> 0.79270908 | L274: =IF(OR(K274="",J274=""),"",(J274-K274)*100) -> -3.9367644
A275: Northampton | B275: EASTON | C275: EASTON 3RD WARD 4TH DISTRICT | D275: 593 | E275: 566 | F275: =IF(E275="","",D275-E275) -> 27 | G275: 254 | H275: 257 | I275: =IF(H275="","",G275-H275) -> -3 | J275: =IF(OR(D275="",D275+G275=0),"",D275/(D275+G275)) -> 0.70011806 | K275: =IF(E275="","",E275/(E275+H275)) -> 0.68772783 | L275: =IF(OR(K275="",J275=""),"",(J275-K275)*100) -> 1.2390239
A276: Northampton | B276: EASTON | C276: EASTON 4TH WARD | D276: 516 | E276: 517 | F276: =IF(E276="","",D276-E276) -> -1 | G276: 262 | H276: 265 | I276: =IF(H276="","",G276-H276) -> -3 | J276: =IF(OR(D276="",D276+G276=0),"",D276/(D276+G276)) -> 0.66323907 | K276: =IF(E276="","",E276/(E276+H276)) -> 0.66112532 | L276: =IF(OR(K276="",J276=""),"",(J276-K276)*100) -> 0.21137549
A277: Northampton | B277: EASTON | C277: EASTON 5TH WARD | D277: 213 | E277: 233 | F277: =IF(E277="","",D277-E277) -> -20 | G277: 89 | H277: 84 | I277: =IF(H277="","",G277-H277) -> 5 | J277: =IF(OR(D277="",D277+G277=0),"",D277/(D277+G277)) -> 0.70529801 | K277: =IF(E277="","",E277/(E277+H277)) -> 0.73501577 | L277: =IF(OR(K277="",J277=""),"",(J277-K277)*100) -> -2.971776
A278: Northampton | B278: EASTON | C278: EASTON 6TH WARD | D278: 359 | E278: 391 | F278: =IF(E278="","",D278-E278) -> -32 | G278: 137 | H278: 126 | I278: =IF(H278="","",G278-H278) -> 11 | J278: =IF(OR(D278="",D278+G278=0),"",D278/(D278+G278)) -> 0.72379032 | K278: =IF(E278="","",E278/(E278+H278)) -> 0.75628627 | L278: =IF(OR(K278="",J278=""),"",(J278-K278)*100) -> -3.2495944
A279: Northampton | B279: EASTON | C279: EASTON 7TH WARD | D279: 407 | E279: 381 | F279: =IF(E279="","",D279-E279) -> 26 | G279: 165 | H279: 184 | I279: =IF(H279="","",G279-H279) -> -19 | J279: =IF(OR(D279="",D279+G279=0),"",D279/(D279+G279)) -> 0.71153846 | K279: =IF(E279="","",E279/(E279+H279)) -> 0.67433628 | L279: =IF(OR(K279="",J279=""),"",(J279-K279)*100) -> 3.7202178
A280: Northampton | B280: EASTON | C280: EASTON 8TH WARD | D280: 695 | F280: =IF(E280="","",D280-E280) | G280: 421 | I280: =IF(H280="","",G280-H280) | J280: =IF(OR(D280="",D280+G280=0),"",D280/(D280+G280)) -> 0.62275986 | K280: =IF(E280="","",E280/(E280+H280)) | L280: =IF(OR(K280="",J280=""),"",(J280-K280)*100) | M280: No comparable 2024 result
A281: Northampton | B281: EASTON | C281: EASTON 9TH WARD | D281: 969 | E281: 912 | F281: =IF(E281="","",D281-E281) -> 57 | G281: 417 | H281: 445 | I281: =IF(H281="","",G281-H281) -> -28 | J281: =IF(OR(D281="",D281+G281=0),"",D281/(D281+G281)) -> 0.6991342 | K281: =IF(E281="","",E281/(E281+H281)) -> 0.67207074 | L281: =IF(OR(K281="",J281=""),"",(J281-K281)*100) -> 2.7063455
A282: Northampton | B282: FORKS | C282: FORKS TWSP EAST | D282: 1408 | F282: =IF(E282="","",D282-E282) | G282: 1397 | I282: =IF(H282="","",G282-H282) | J282: =IF(OR(D282="",D282+G282=0),"",D282/(D282+G282)) -> 0.50196078 | K282: =IF(E282="","",E282/(E282+H282)) | L282: =IF(OR(K282="",J282=""),"",(J282-K282)*100) | M282: No comparable 2024 result
A283: Northampton | B283: FORKS | C283: FORKS TWSP NORTH | D283: 637 | F283: =IF(E283="","",D283-E283) | G283: 655 | I283: =IF(H283="","",G283-H283) | J283: =IF(OR(D283="",D283+G283=0),"",D283/(D283+G283)) -> 0.49303406 | K283: =IF(E283="","",E283/(E283+H283)) | L283: =IF(OR(K283="",J283=""),"",(J283-K283)*100) | M283: No comparable 2024 result
A284: Northampton | B284: FORKS | C284: FORKS TWSP NORTHWEST | D284: 775 | F284: =IF(E284="","",D284-E284) | G284: 778 | I284: =IF(H284="","",G284-H284) | J284: =IF(OR(D284="",D284+G284=0),"",D284/(D284+G284)) -> 0.49903413 | K284: =IF(E284="","",E284/(E284+H284)) | L284: =IF(OR(K284="",J284=""),"",(J284-K284)*100) | M284: No comparable 2024 result
A285: Northampton | B285: FORKS | C285: FORKS TWSP SOUTH | D285: 729 | F285: =IF(E285="","",D285-E285) | G285: 703 | I285: =IF(H285="","",G285-H285) | J285: =IF(OR(D285="",D285+G285=0),"",D285/(D285+G285)) -> 0.50907821 | K285: =IF(E285="","",E285/(E285+H285)) | L285: =IF(OR(K285="",J285=""),"",(J285-K285)*100) | M285: No comparable 2024 result
A286: Northampton | B286: FORKS | C286: FORKS TWSP SOUTHEAST | D286: 981 | E286: 975 | F286: =IF(E286="","",D286-E286) -> 6 | G286: 876 | H286: 935 | I286: =IF(H286="","",G286-H286) -> -59 | J286: =IF(OR(D286="",D286+G286=0),"",D286/(D286+G286)) -> 0.52827141 | K286: =IF(E286="","",E286/(E286+H286)) -> 0.5104712 | L286: =IF(OR(K286="",J286=""),"",(J286-K286)*100) -> 1.7800201
A287: Northampton | B287: FORKS | C287: FORKS TWSP SOUTHWEST | D287: 782 | F287: =IF(E287="","",D287-E287) | G287: 788 | I287: =IF(H287="","",G287-H287) | J287: =IF(OR(D287="",D287+G287=0),"",D287/(D287+G287)) -> 0.49808917 | K287: =IF(E287="","",E287/(E287+H287)) | L287: =IF(OR(K287="",J287=""),"",(J287-K287)*100) | M287: No comparable 2024 result
A288: Northampton | B288: FORKS | C288: FORKS TWSP WEST | D288: 658 | F288: =IF(E288="","",D288-E288) | G288: 751 | I288: =IF(H288="","",G288-H288) | J288: =IF(OR(D288="",D288+G288=0),"",D288/(D288+G288)) -> 0.46699787 | K288: =IF(E288="","",E288/(E288+H288)) | L288: =IF(OR(K288="",J288=""),"",(J288-K288)*100) | M288: No comparable 2024 result
A289: Northampton | B289: FREEMANSBURG | C289: FREEMANSBURG | D289: 747 | E289: 714 | F289: =IF(E289="","",D289-E289) -> 33 | G289: 518 | H289: 484 | I289: =IF(H289="","",G289-H289) -> 34 | J289: =IF(OR(D289="",D289+G289=0),"",D289/(D289+G289)) -> 0.59051383 | K289: =IF(E289="","",E289/(E289+H289)) -> 0.59599332 | L289: =IF(OR(K289="",J289=""),"",(J289-K289)*100) -> -0.54794882
A290: Northampton | B290: GLENDON | C290: GLENDON | D290: 104 | E290: 109 | F290: =IF(E290="","",D290-E290) -> -5 | G290: 101 | H290: 97 | I290: =IF(H290="","",G290-H290) -> 4 | J290: =IF(OR(D290="",D290+G290=0),"",D290/(D290+G290)) -> 0.50731707 | K290: =IF(E290="","",E290/(E290+H290)) -> 0.52912621 | L290: =IF(OR(K290="",J290=""),"",(J290-K290)*100) -> -2.180914
A291: Northampton | B291: HANOVER | C291: HANOVER #1 | D291: 905 | E291: 955 | F291: =IF(E291="","",D291-E291) -> -50 | G291: 735 | H291: 692 | I291: =IF(H291="","",G291-H291) -> 43 | J291: =IF(OR(D291="",D291+G291=0),"",D291/(D291+G291)) -> 0.55182927 | K291: =IF(E291="","",E291/(E291+H291)) -> 0.57984214 | L291: =IF(OR(K291="",J291=""),"",(J291-K291)*100) -> -2.8012869
A292: Northampton | B292: HANOVER | C292: HANOVER #2 | D292: 867 | E292: 910 | F292: =IF(E292="","",D292-E292) -> -43 | G292: 757 | H292: 742 | I292: =IF(H292="","",G292-H292) -> 15 | J292: =IF(OR(D292="",D292+G292=0),"",D292/(D292+G292)) -> 0.533867 | K292: =IF(E292="","",E292/(E292+H292)) -> 0.55084746 | L292: =IF(OR(K292="",J292=""),"",(J292-K292)*100) -> -1.6980463
A293: Northampton | B293: HANOVER | C293: HANOVER #3 | D293: 438 | E293: 446 | F293: =IF(E293="","",D293-E293) -> -8 | G293: 417 | H293: 410 | I293: =IF(H293="","",G293-H293) -> 7 | J293: =IF(OR(D293="",D293+G293=0),"",D293/(D293+G293)) -> 0.5122807 | K293: =IF(E293="","",E293/(E293+H293)) -> 0.52102804 | L293: =IF(OR(K293="",J293=""),"",(J293-K293)*100) -> -0.87473356
A294: Northampton | B294: HANOVER | C294: HANOVER #4 | D294: 739 | E294: 744 | F294: =IF(E294="","",D294-E294) -> -5 | G294: 698 | H294: 678 | I294: =IF(H294="","",G294-H294) -> 20 | J294: =IF(OR(D294="",D294+G294=0),"",D294/(D294+G294)) -> 0.51426583 | K294: =IF(E294="","",E294/(E294+H294)) -> 0.52320675 | L294: =IF(OR(K294="",J294=""),"",(J294-K294)*100) -> -0.89409195
A295: Northampton | B295: HANOVER | C295: HANOVER #5 | D295: 765 | E295: 775 | F295: =IF(E295="","",D295-E295) -> -10 | G295: 652 | H295: 645 | I295: =IF(H295="","",G295-H295) -> 7 | J295: =IF(OR(D295="",D295+G295=0),"",D295/(D295+G295)) -> 0.53987297 | K295: =IF(E295="","",E295/(E295+H295)) -> 0.54577465 | L295: =IF(OR(K295="",J295=""),"",(J295-K295)*100) -> -0.59016768
A296: Northampton | B296: HANOVER | C296: HANOVER #6 | D296: 508 | E296: 511 | F296: =IF(E296="","",D296-E296) -> -3 | G296: 469 | H296: 453 | I296: =IF(H296="","",G296-H296) -> 16 | J296: =IF(OR(D296="",D296+G296=0),"",D296/(D296+G296)) -> 0.51995906 | K296: =IF(E296="","",E296/(E296+H296)) -> 0.53008299 | L296: =IF(OR(K296="",J296=""),"",(J296-K296)*100) -> -1.0123929
A297: Northampton | B297: HELLERTOWN | C297: HELLERTOWN BORO 1ST WARD | D297: 597 | E297: 553 | F297: =IF(E297="","",D297-E297) -> 44 | G297: 595 | H297: 581 | I297: =IF(H297="","",G297-H297) -> 14 | J297: =IF(OR(D297="",D297+G297=0),"",D297/(D297+G297)) -> 0.50083893 | K297: =IF(E297="","",E297/(E297+H297)) -> 0.48765432 | L297: =IF(OR(K297="",J297=""),"",(J297-K297)*100) -> 1.3184605
A298: Northampton | B298: HELLERTOWN | C298: HELLERTOWN BORO 2ND WARD | D298: 470 | E298: 473 | F298: =IF(E298="","",D298-E298) -> -3 | G298: 425 | H298: 465 | I298: =IF(H298="","",G298-H298) -> -40 | J298: =IF(OR(D298="",D298+G298=0),"",D298/(D298+G298)) -> 0.52513966 | K298: =IF(E298="","",E298/(E298+H298)) -> 0.50426439 | L298: =IF(OR(K298="",J298=""),"",(J298-K298)*100) -> 2.0875272
A299: Northampton | B299: HELLERTOWN | C299: HELLERTOWN BORO 3RD WARD | D299: 678 | E299: 700 | F299: =IF(E299="","",D299-E299) -> -22 | G299: 594 | H299: 639 | I299: =IF(H299="","",G299-H299) -> -45 | J299: =IF(OR(D299="",D299+G299=0),"",D299/(D299+G299)) -> 0.53301887 | K299: =IF(E299="","",E299/(E299+H299)) -> 0.52277819 | L299: =IF(OR(K299="",J299=""),"",(J299-K299)*100) -> 1.0240675
A300: Northampton | B300: LEHIGH | C300: LEHIGH TWSP - CENTRAL | D300: 559 | E300: 546 | F300: =IF(E300="","",D300-E300) -> 13 | G300: 1099 | H300: 1089 | I300: =IF(H300="","",G300-H300) -> 10 | J300: =IF(OR(D300="",D300+G300=0),"",D300/(D300+G300)) -> 0.3371532 | K300: =IF(E300="","",E300/(E300+H300)) -> 0.33394495 | L300: =IF(OR(K300="",J300=""),"",(J300-K300)*100) -> 0.32082425
... A306: Northampton | B306: LOWER MOUNT BETHEL | C306: LOWER MT BETHEL - UPPER | D306: 363 | E306: 361 | F306: =IF(E306="","",D306-E306) -> 2 | G306: 743 | H306: 775 | I306: =IF(H306="","",G306-H306) -> -32 | J306: =IF(OR(D306="",D306+G306=0),"",D306/(D306+G306)) -> 0.32820976 | K306: =IF(E306="","",E306/(E306+H306)) -> 0.31778169 | L306: =IF(OR(K306="",J306=""),"",(J306-K306)*100) -> 1.0428075
A307: Northampton | B307: LOWER NAZARETH | C307: LOWER NAZARETH EAST | D307: 248 | F307: =IF(E307="","",D307-E307) | G307: 366 | I307: =IF(H307="","",G307-H307) | J307: =IF(OR(D307="",D307+G307=0),"",D307/(D307+G307)) -> 0.40390879 | K307: =IF(E307="","",E307/(E307+H307)) | L307: =IF(OR(K307="",J307=""),"",(J307-K307)*100) | M307: No comparable 2024 result
...

Sheet 2024 Backtest C
A1: County | B1: Municipality | C1: Precinct | D1: Predicted Democratic (Wild) votes | E1: Actual Democratic votes | F1: Error, Democratic votes (predicted minus actual) | G1: Predicted Republican (Mackenzie) votes | H1: Actual Republican votes | I1: Error, Republican votes (predicted minus actual) | J1: Predicted Democratic share of the two-party vote | K1: Actual Democratic share of the two-party vote | L1: Error in Democratic share, percentage points (predicted minus actual) | M1: Note
A2: Carbon | B2: BANKS TOWNSHIP | C2: BANKS TOWNSHIP | D2: 159 | E2: 181 | F2: =IF(E2="","",D2-E2) -> -22 | G2: 279 | H2: 284 | I2: =IF(H2="","",G2-H2) -> -5 | J2: =IF(OR(D2="",D2+G2=0),"",D2/(D2+G2)) -> 0.3630137 | K2: =IF(E2="","",E2/(E2+H2)) -> 0.38924731 | L2: =IF(OR(K2="",J2=""),"",(J2-K2)*100) -> -2.6233613
A3: Carbon | B3: BEAVER MEADOWS BOROUGH | C3: BEAVER MEADOWS BOROUGH | D3: 102 | E3: 118 | F3: =IF(E3="","",D3-E3) -> -16 | G3: 302 | H3: 298 | I3: =IF(H3="","",G3-H3) -> 4 | J3: =IF(OR(D3="",D3+G3=0),"",D3/(D3+G3)) -> 0.25247525 | K3: =IF(E3="","",E3/(E3+H3)) -> 0.28365385 | L3: =IF(OR(K3="",J3=""),"",(J3-K3)*100) -> -3.1178599
A4: Carbon | B4: BOWMANSTOWN BOROUGH | C4: BOWMANSTOWN BOROUGH | D4: 132 | E4: 143 | F4: =IF(E4="","",D4-E4) -> -11 | G4: 271 | H4: 309 | I4: =IF(H4="","",G4-H4) -> -38 | J4: =IF(OR(D4="",D4+G4=0),"",D4/(D4+G4)) -> 0.32754342 | K4: =IF(E4="","",E4/(E4+H4)) -> 0.31637168 | L4: =IF(OR(K4="",J4=""),"",(J4-K4)*100) -> 1.1171743
A5: Carbon | B5: EAST PENN TOWNSHIP | C5: EAST PENN TOWNSHIP-NORTH | D5: 205 | E5: 202 | F5: =IF(E5="","",D5-E5) -> 3 | G5: 587 | H5: 640 | I5: =IF(H5="","",G5-H5) -> -53 | J5: =IF(OR(D5="",D5+G5=0),"",D5/(D5+G5)) -> 0.25883838 | K5: =IF(E5="","",E5/(E5+H5)) -> 0.23990499 | L5: =IF(OR(K5="",J5=""),"",(J5-K5)*100) -> 1.8933396
A6: Carbon | B6: EAST PENN TOWNSHIP | C6: EAST PENN TOWNSHIP-SOUTH | D6: 213 | E6: 232 | F6: =IF(E6="","",D6-E6) -> -19 | G6: 570 | H6: 603 | I6: =IF(H6="","",G6-H6) -> -33 | J6: =IF(OR(D6="",D6+G6=0),"",D6/(D6+G6)) -> 0.27203065 | K6: =IF(E6="","",E6/(E6+H6)) -> 0.27784431 | L6: =IF(OR(K6="",J6=""),"",(J6-K6)*100) -> -0.581366
A7: Carbon | B7: EAST SIDE BOROUGH | C7: EAST SIDE BOROUGH | D7: 39 | E7: 38 | F7: =IF(E7="","",D7-E7) -> 1 | G7: 73 | H7: 78 | I7: =IF(H7="","",G7-H7) -> -5 | J7: =IF(OR(D7="",D7+G7=0),"",D7/(D7+G7)) -> 0.34821429 | K7: =IF(E7="","",E7/(E7+H7)) -> 0.32758621 | L7: =IF(OR(K7="",J7=""),"",(J7-K7)*100) -> 2.0628079
A8: Carbon | B8: FRANKLIN TOWNSHIP | C8: FRANKLIN TOWNSHIP-HARRITY | D8: 278 | E8: 301 | F8: =IF(E8="","",D8-E8) -> -23 | G8: 731 | H8: 760 | I8: =IF(H8="","",G8-H8) -> -29 | J8: =IF(OR(D8="",D8+G8=0),"",D8/(D8+G8)) -> 0.27552032 | K8: =IF(E8="","",E8/(E8+H8)) -> 0.28369463 | L8: =IF(OR(K8="",J8=""),"",(J8-K8)*100) -> -0.81743106
A9: Carbon | B9: FRANKLIN TOWNSHIP | C9: FRANKLIN TOWNSHIP-IND DIST | D9: 159 | E9: 164 | F9: =IF(E9="","",D9-E9) -> -5 | G9: 429 | H9: 450 | I9: =IF(H9="","",G9-H9) -> -21 | J9: =IF(OR(D9="",D9+G9=0),"",D9/(D9+G9)) -> 0.27040816 | K9: =IF(E9="","",E9/(E9+H9)) -> 0.26710098 | L9: =IF(OR(K9="",J9=""),"",(J9-K9)*100) -> 0.33071861
A10: Carbon | B10: FRANKLIN TOWNSHIP | C10: FRANKLIN TOWNSHIP-LONG RUN | D10: 214 | E10: 235 | F10: =IF(E10="","",D10-E10) -> -21 | G10: 624 | H10: 626 | I10: =IF(H10="","",G10-H10) -> -2 | J10: =IF(OR(D10="",D10+G10=0),"",D10/(D10+G10)) -> 0.25536993 | K10: =IF(E10="","",E10/(E10+H10)) -> 0.27293844 | L10: =IF(OR(K10="",J10=""),"",(J10-K10)*100) -> -1.7568515
A11: Carbon | B11: JIM THORPE BOROUGH | C11: JIM THORPE BOROUGH-1ST | D11: 225 | E11: 229 | F11: =IF(E11="","",D11-E11) -> -4 | G11: 270 | H11: 297 | I11: =IF(H11="","",G11-H11) -> -27 | J11: =IF(OR(D11="",D11+G11=0),"",D11/(D11+G11)) -> 0.45454545 | K11: =IF(E11="","",E11/(E11+H11)) -> 0.43536122 | L11: =IF(OR(K11="",J11=""),"",(J11-K11)*100) -> 1.9184238
A12: Carbon | B12: JIM THORPE BOROUGH | C12: JIM THORPE BOROUGH-2ND | D12: 161 | E12: 163 | F12: =IF(E12="","",D12-E12) -> -2 | G12: 209 | H12: 226 | I12: =IF(H12="","",G12-H12) -> -17 | J12: =IF(OR(D12="",D12+G12=0),"",D12/(D12+G12)) -> 0.43513514 | K12: =IF(E12="","",E12/(E12+H12)) -> 0.41902314 | L12: =IF(OR(K12="",J12=""),"",(J12-K12)*100) -> 1.6111999
A13: Carbon | B13: JIM THORPE BOROUGH | C13: JIM THORPE BOROUGH-3RD | D13: 283 | E13: 286 | F13: =IF(E13="","",D13-E13) -> -3 | G13: 442 | H13: 464 | I13: =IF(H13="","",G13-H13) -> -22 | J13: =IF(OR(D13="",D13+G13=0),"",D13/(D13+G13)) -> 0.39034483 | K13: =IF(E13="","",E13/(E13+H13)) -> 0.38133333 | L13: =IF(OR(K13="",J13=""),"",(J13-K13)*100) -> 0.90114943
... A83: Lehigh | B83: ALLENTOWN | C83: ALLENTOWN 17TH WARD 3RD DIST | D83: 491 | E83: 502 | F83: =IF(E83="","",D83-E83) -> -11 | G83: 312 | H83: 283 | I83: =IF(H83="","",G83-H83) -> 29 | J83: =IF(OR(D83="",D83+G83=0),"",D83/(D83+G83)) -> 0.61145704 | K83: =IF(E83="","",E83/(E83+H83)) -> 0.63949045 | L83: =IF(OR(K83="",J83=""),"",(J83-K83)*100) -> -2.803341
A84: Lehigh | B84: ALLENTOWN | C84: ALLENTOWN 17TH WARD 4TH DIST | D84: 347 | F84: =IF(E84="","",D84-E84) | G84: 256 | I84: =IF(H84="","",G84-H84) | J84: =IF(OR(D84="",D84+G84=0),"",D84/(D84+G84)) -> 0.57545605 | K84: =IF(E84="","",E84/(E84+H84)) | L84: =IF(OR(K84="",J84=""),"",(J84-K84)*100) | M84: No comparable 2024 result
A85: Lehigh | B85: ALLENTOWN | C85: ALLENTOWN 17TH WD 4TH DT PARK | D85: 941 | F85: =IF(E85="","",D85-E85) | G85: 718 | I85: =IF(H85="","",G85-H85) | J85: =IF(OR(D85="",D85+G85=0),"",D85/(D85+G85)) -> 0.56720916 | K85: =IF(E85="","",E85/(E85+H85)) | L85: =IF(OR(K85="",J85=""),"",(J85-K85)*100) | M85: No comparable 2024 result
A86: Lehigh | B86: ALLENTOWN | C86: ALLENTOWN 18TH WARD 1ST DIST | D86: 502 | E86: 488 | F86: =IF(E86="","",D86-E86) -> 14 | G86: 248 | H86: 252 | I86: =IF(H86="","",G86-H86) -> -4 | J86: =IF(OR(D86="",D86+G86=0),"",D86/(D86+G86)) -> 0.66933333 | K86: =IF(E86="","",E86/(E86+H86)) -> 0.65945946 | L86: =IF(OR(K86="",J86=""),"",(J86-K86)*100) -> 0.98738739
A87: Lehigh | B87: ALLENTOWN | C87: ALLENTOWN 18TH WARD 2ND DIST | D87: 619 | E87: 601 | F87: =IF(E87="","",D87-E87) -> 18 | G87: 411 | H87: 394 | I87: =IF(H87="","",G87-H87) -> 17 | J87: =IF(OR(D87="",D87+G87=0),"",D87/(D87+G87)) -> 0.60097087 | K87: =IF(E87="","",E87/(E87+H87)) -> 0.6040201 | L87: =IF(OR(K87="",J87=""),"",(J87-K87)*100) -> -0.30492267
A88: Lehigh | B88: ALLENTOWN | C88: ALLENTOWN 18TH WD 2ND DT PARK | D88: 17 | F88: =IF(E88="","",D88-E88) | G88: 16 | I88: =IF(H88="","",G88-H88) | J88: =IF(OR(D88="",D88+G88=0),"",D88/(D88+G88)) -> 0.51515152 | K88: =IF(E88="","",E88/(E88+H88)) | L88: =IF(OR(K88="",J88=""),"",(J88-K88)*100) | M88: No comparable 2024 result
A89: Lehigh | B89: ALLENTOWN | C89: ALLENTOWN 19TH WARD 1ST DIST | D89: 342 | E89: 330 | F89: =IF(E89="","",D89-E89) -> 12 | G89: 261 | H89: 270 | I89: =IF(H89="","",G89-H89) -> -9 | J89: =IF(OR(D89="",D89+G89=0),"",D89/(D89+G89)) -> 0.56716418 | K89: =IF(E89="","",E89/(E89+H89)) -> 0.55 | L89: =IF(OR(K89="",J89=""),"",(J89-K89)*100) -> 1.7164179
A90: Lehigh | B90: ALLENTOWN | C90: ALLENTOWN 19TH WARD 2ND DIST | D90: 639 | E90: 591 | F90: =IF(E90="","",D90-E90) -> 48 | G90: 292 | H90: 333 | I90: =IF(H90="","",G90-H90) -> -41 | J90: =IF(OR(D90="",D90+G90=0),"",D90/(D90+G90)) -> 0.68635875 | K90: =IF(E90="","",E90/(E90+H90)) -> 0.63961039 | L90: =IF(OR(K90="",J90=""),"",(J90-K90)*100) -> 4.6748364
A91: Lehigh | B91: ALLENTOWN | C91: ALLENTOWN 19TH WARD 3RD DIST | D91: 341 | E91: 347 | F91: =IF(E91="","",D91-E91) -> -6 | G91: 251 | H91: 243 | I91: =IF(H91="","",G91-H91) -> 8 | J91: =IF(OR(D91="",D91+G91=0),"",D91/(D91+G91)) -> 0.57601351 | K91: =IF(E91="","",E91/(E91+H91)) -> 0.58813559 | L91: =IF(OR(K91="",J91=""),"",(J91-K91)*100) -> -1.212208
A92: Lehigh | B92: ALLENTOWN | C92: ALLENTOWN 19TH WARD 4TH DIST | D92: 484 | E92: 440 | F92: =IF(E92="","",D92-E92) -> 44 | G92: 232 | H92: 259 | I92: =IF(H92="","",G92-H92) -> -27 | J92: =IF(OR(D92="",D92+G92=0),"",D92/(D92+G92)) -> 0.67597765 | K92: =IF(E92="","",E92/(E92+H92)) -> 0.62947067 | L92: =IF(OR(K92="",J92=""),"",(J92-K92)*100) -> 4.6506981
A93: Lehigh | B93: ALLENTOWN | C93: ALLENTOWN 19TH WARD 5TH DIST | D93: 558 | E93: 553 | F93: =IF(E93="","",D93-E93) -> 5 | G93: 415 | H93: 367 | I93: =IF(H93="","",G93-H93) -> 48 | J93: =IF(OR(D93="",D93+G93=0),"",D93/(D93+G93)) -> 0.57348407 | K93: =IF(E93="","",E93/(E93+H93)) -> 0.60108696 | L93: =IF(OR(K93="",J93=""),"",(J93-K93)*100) -> -2.7602887
A94: Lehigh | B94: ALLENTOWN | C94: ALLENTOWN 19TH WARD 5TH DT SAL | D94: 1 | F94: =IF(E94="","",D94-E94) | G94: 2 | I94: =IF(H94="","",G94-H94) | J94: =IF(OR(D94="",D94+G94=0),"",D94/(D94+G94)) -> 0.33333333 | K94: =IF(E94="","",E94/(E94+H94)) | L94: =IF(OR(K94="",J94=""),"",(J94-K94)*100) | M94: No comparable 2024 result
A95: Lehigh | B95: ALLENTOWN | C95: ALLENTOWN 19TH WARD 6TH DIST | D95: 852 | E95: 821 | F95: =IF(E95="","",D95-E95) -> 31 | G95: 526 | H95: 504 | I95: =IF(H95="","",G95-H95) -> 22 | J95: =IF(OR(D95="",D95+G95=0),"",D95/(D95+G95)) -> 0.61828737 | K95: =IF(E95="","",E95/(E95+H95)) -> 0.61962264 | L95: =IF(OR(K95="",J95=""),"",(J95-K95)*100) -> -0.13352685
A96: Lehigh | B96: ALLENTOWN | C96: ALLENTOWN 1ST WARD | D96: 511 | E96: 487 | F96: =IF(E96="","",D96-E96) -> 24 | G96: 159 | H96: 191 | I96: =IF(H96="","",G96-H96) -> -32 | J96: =IF(OR(D96="",D96+G96=0),"",D96/(D96+G96)) -> 0.76268657 | K96: =IF(E96="","",E96/(E96+H96)) -> 0.71828909 | L96: =IF(OR(K96="",J96=""),"",(J96-K96)*100) -> 4.4397482
A97: Lehigh | B97: ALLENTOWN | C97: ALLENTOWN 2ND WARD | D97: 471 | E97: 418 | F97: =IF(E97="","",D97-E97) -> 53 | G97: 161 | H97: 181 | I97: =IF(H97="","",G97-H97) -> -20 | J97: =IF(OR(D97="",D97+G97=0),"",D97/(D97+G97)) -> 0.74525316 | K97: =IF(E97="","",E97/(E97+H97)) -> 0.69782972 | L97: =IF(OR(K97="",J97=""),"",(J97-K97)*100) -> 4.7423448
A98: Lehigh | B98: ALLENTOWN | C98: ALLENTOWN 3RD WARD | D98: 655 | E98: 677 | F98: =IF(E98="","",D98-E98) -> -22 | G98: 211 | H98: 264 | I98: =IF(H98="","",G98-H98) -> -53 | J98: =IF(OR(D98="",D98+G98=0),"",D98/(D98+G98)) -> 0.75635104 | K98: =IF(E98="","",E98/(E98+H98)) -> 0.7194474 | L98: =IF(OR(K98="",J98=""),"",(J98-K98)*100) -> 3.6903643
A99: Lehigh | B99: ALLENTOWN | C99: ALLENTOWN 4TH WARD | D99: 298 | E99: 283 | F99: =IF(E99="","",D99-E99) -> 15 | G99: 114 | H99: 138 | I99: =IF(H99="","",G99-H99) -> -24 | J99: =IF(OR(D99="",D99+G99=0),"",D99/(D99+G99)) -> 0.72330097 | K99: =IF(E99="","",E99/(E99+H99)) -> 0.67220903 | L99: =IF(OR(K99="",J99=""),"",(J99-K99)*100) -> 5.1091945
A100: Lehigh | B100: ALLENTOWN | C100: ALLENTOWN 5TH WARD | D100: 465 | E100: 447 | F100: =IF(E100="","",D100-E100) -> 18 | G100: 145 | H100: 152 | I100: =IF(H100="","",G100-H100) -> -7 | J100: =IF(OR(D100="",D100+G100=0),"",D100/(D100+G100)) -> 0.76229508 | K100: =IF(E100="","",E100/(E100+H100)) -> 0.74624374 | L100: =IF(OR(K100="",J100=""),"",(J100-K100)*100) -> 1.6051342
A101: Lehigh | B101: ALLENTOWN | C101: ALLENTOWN 6TH WARD 1ST DIST | D101: 240 | E101: 179 | F101: =IF(E101="","",D101-E101) -> 61 | G101: 85 | H101: 112 | I101: =IF(H101="","",G101-H101) -> -27 | J101: =IF(OR(D101="",D101+G101=0),"",D101/(D101+G101)) -> 0.73846154 | K101: =IF(E101="","",E101/(E101+H101)) -> 0.61512027 | L101: =IF(OR(K101="",J101=""),"",(J101-K101)*100) -> 12.334126
A102: Lehigh | B102: ALLENTOWN | C102: ALLENTOWN 6TH WARD 2ND DIST | D102: 394 | E102: 357 | F102: =IF(E102="","",D102-E102) -> 37 | G102: 174 | H102: 225 | I102: =IF(H102="","",G102-H102) -> -51 | J102: =IF(OR(D102="",D102+G102=0),"",D102/(D102+G102)) -> 0.69366197 | K102: =IF(E102="","",E102/(E102+H102)) -> 0.61340206 | L102: =IF(OR(K102="",J102=""),"",(J102-K102)*100) -> 8.025991
A103: Lehigh | B103: ALLENTOWN | C103: ALLENTOWN 7TH WARD | D103: 583 | E103: 520 | F103: =IF(E103="","",D103-E103) -> 63 | G103: 200 | H103: 193 | I103: =IF(H103="","",G103-H103) -> 7 | J103: =IF(OR(D103="",D103+G103=0),"",D103/(D103+G103)) -> 0.74457216 | K103: =IF(E103="","",E103/(E103+H103)) -> 0.72931276 | L103: =IF(OR(K103="",J103=""),"",(J103-K103)*100) -> 1.5259395
A104: Lehigh | B104: ALLENTOWN | C104: ALLENTOWN 8TH WARD 1ST DIST | D104: 230 | E104: 218 | F104: =IF(E104="","",D104-E104) -> 12 | G104: 76 | H104: 86 | I104: =IF(H104="","",G104-H104) -> -10 | J104: =IF(OR(D104="",D104+G104=0),"",D104/(D104+G104)) -> 0.75163399 | K104: =IF(E104="","",E104/(E104+H104)) -> 0.71710526 | L104: =IF(OR(K104="",J104=""),"",(J104-K104)*100) -> 3.4528724
A105: Lehigh | B105: ALLENTOWN | C105: ALLENTOWN 8TH WARD 2ND DIST | D105: 259 | E105: 262 | F105: =IF(E105="","",D105-E105) -> -3 | G105: 81 | H105: 109 | I105: =IF(H105="","",G105-H105) -> -28 | J105: =IF(OR(D105="",D105+G105=0),"",D105/(D105+G105)) -> 0.76176471 | K105: =IF(E105="","",E105/(E105+H105)) -> 0.70619946 | L105: =IF(OR(K105="",J105=""),"",(J105-K105)*100) -> 5.5565245
A106: Lehigh | B106: ALLENTOWN | C106: ALLENTOWN 8TH WARD 3RD DIST | D106: 440 | E106: 424 | F106: =IF(E106="","",D106-E106) -> 16 | G106: 145 | H106: 151 | I106: =IF(H106="","",G106-H106) -> -6 | J106: =IF(OR(D106="",D106+G106=0),"",D106/(D106+G106)) -> 0.75213675 | K106: =IF(E106="","",E106/(E106+H106)) -> 0.7373913 | L106: =IF(OR(K106="",J106=""),"",(J106-K106)*100) -> 1.4745448
... A218: Northampton | B218: ALLEN | C218: ALLEN TWSP - SOUTH | D218: 841 | E218: 824 | F218: =IF(E218="","",D218-E218) -> 17 | G218: 925 | H218: 1009 | I218: =IF(H218="","",G218-H218) -> -84 | J218: =IF(OR(D218="",D218+G218=0),"",D218/(D218+G218)) -> 0.47621744 | K218: =IF(E218="","",E218/(E218+H218)) -> 0.44953628 | L218: =IF(OR(K218="",J218=""),"",(J218-K218)*100) -> 2.6681161
A219: Northampton | B219: BANGOR | C219: BANGOR BORO NORTH | D219: 458 | F219: =IF(E219="","",D219-E219) | G219: 665 | I219: =IF(H219="","",G219-H219) | J219: =IF(OR(D219="",D219+G219=0),"",D219/(D219+G219)) -> 0.40783615 | K219: =IF(E219="","",E219/(E219+H219)) | L219: =IF(OR(K219="",J219=""),"",(J219-K219)*100) | M219: No comparable 2024 result
A220: Northampton | B220: BANGOR | C220: BANGOR BORO SOUTH | D220: 493 | F220: =IF(E220="","",D220-E220) | G220: 696 | I220: =IF(H220="","",G220-H220) | J220: =IF(OR(D220="",D220+G220=0),"",D220/(D220+G220)) -> 0.41463415 | K220: =IF(E220="","",E220/(E220+H220)) | L220: =IF(OR(K220="",J220=""),"",(J220-K220)*100) | M220: No comparable 2024 result
A221: Northampton | B221: BATH | C221: BATH BORO | D221: 611 | E221: 623 | F221: =IF(E221="","",D221-E221) -> -12 | G221: 759 | H221: 726 | I221: =IF(H221="","",G221-H221) -> 33 | J221: =IF(OR(D221="",D221+G221=0),"",D221/(D221+G221)) -> 0.4459854 | K221: =IF(E221="","",E221/(E221+H221)) -> 0.46182357 | L221: =IF(OR(K221="",J221=""),"",(J221-K221)*100) -> -1.5838172
A222: Northampton | B222: BETHLEHEM | C222: BETHLEHEM 14TH WARD 1ST DISTRICT | D222: 707 | E222: 775 | F222: =IF(E222="","",D222-E222) -> -68 | G222: 470 | H222: 447 | I222: =IF(H222="","",G222-H222) -> 23 | J222: =IF(OR(D222="",D222+G222=0),"",D222/(D222+G222)) -> 0.60067969 | K222: =IF(E222="","",E222/(E222+H222)) -> 0.63420622 | L222: =IF(OR(K222="",J222=""),"",(J222-K222)*100) -> -3.3526525
A223: Northampton | B223: BETHLEHEM | C223: BETHLEHEM 14TH WARD 2ND DISTRICT | D223: 976 | E223: 982 | F223: =IF(E223="","",D223-E223) -> -6 | G223: 663 | H223: 684 | I223: =IF(H223="","",G223-H223) -> -21 | J223: =IF(OR(D223="",D223+G223=0),"",D223/(D223+G223)) -> 0.59548505 | K223: =IF(E223="","",E223/(E223+H223)) -> 0.58943577 | L223: =IF(OR(K223="",J223=""),"",(J223-K223)*100) -> 0.60492776
A224: Northampton | B224: BETHLEHEM | C224: BETHLEHEM 14TH WARD 3RD DISTRICT | D224: 747 | E224: 750 | F224: =IF(E224="","",D224-E224) -> -3 | G224: 414 | H224: 421 | I224: =IF(H224="","",G224-H224) -> -7 | J224: =IF(OR(D224="",D224+G224=0),"",D224/(D224+G224)) -> 0.64341085 | K224: =IF(E224="","",E224/(E224+H224)) -> 0.64047822 | L224: =IF(OR(K224="",J224=""),"",(J224-K224)*100) -> 0.2932629
A225: Northampton | B225: BETHLEHEM | C225: BETHLEHEM 14TH WARD 4TH DISTRICT | D225: 577 | E225: 592 | F225: =IF(E225="","",D225-E225) -> -15 | G225: 356 | H225: 337 | I225: =IF(H225="","",G225-H225) -> 19 | J225: =IF(OR(D225="",D225+G225=0),"",D225/(D225+G225)) -> 0.61843516 | K225: =IF(E225="","",E225/(E225+H225)) -> 0.63724435 | L225: =IF(OR(K225="",J225=""),"",(J225-K225)*100) -> -1.8809193
A226: Northampton | B226: BETHLEHEM | C226: BETHLEHEM 14TH WARD 5TH DISTRICT | D226: 757 | E226: 740 | F226: =IF(E226="","",D226-E226) -> 17 | G226: 525 | H226: 506 | I226: =IF(H226="","",G226-H226) -> 19 | J226: =IF(OR(D226="",D226+G226=0),"",D226/(D226+G226)) -> 0.59048362 | K226: =IF(E226="","",E226/(E226+H226)) -> 0.59390048 | L226: =IF(OR(K226="",J226=""),"",(J226-K226)*100) -> -0.34168622
A227: Northampton | B227: BETHLEHEM | C227: BETHLEHEM 14TH WARD 6TH DISTRICT | D227: 1030 | E227: 1037 | F227: =IF(E227="","",D227-E227) -> -7 | G227: 628 | H227: 623 | I227: =IF(H227="","",G227-H227) -> 5 | J227: =IF(OR(D227="",D227+G227=0),"",D227/(D227+G227)) -> 0.6212304 | K227: =IF(E227="","",E227/(E227+H227)) -> 0.6246988 | L227: =IF(OR(K227="",J227=""),"",(J227-K227)*100) -> -0.34683971
A228: Northampton | B228: BETHLEHEM | C228: BETHLEHEM 14TH WARD 7TH DISTRICT | D228: 671 | E228: 681 | F228: =IF(E228="","",D228-E228) -> -10 | G228: 493 | H228: 513 | I228: =IF(H228="","",G228-H228) -> -20 | J228: =IF(OR(D228="",D228+G228=0),"",D228/(D228+G228)) -> 0.57646048 | K228: =IF(E228="","",E228/(E228+H228)) -> 0.57035176 | L228: =IF(OR(K228="",J228=""),"",(J228-K228)*100) -> 0.61087223
A229: Northampton | B229: BETHLEHEM | C229: BETHLEHEM 14TH WARD 8TH DISTRICT | D229: 523 | E229: 529 | F229: =IF(E229="","",D229-E229) -> -6 | G229: 321 | H229: 293 | I229: =IF(H229="","",G229-H229) -> 28 | J229: =IF(OR(D229="",D229+G229=0),"",D229/(D229+G229)) -> 0.61966825 | K229: =IF(E229="","",E229/(E229+H229)) -> 0.64355231 | L229: =IF(OR(K229="",J229=""),"",(J229-K229)*100) -> -2.3884065
A230: Northampton | B230: BETHLEHEM | C230: BETHLEHEM 15TH WARD 1ST DISTRICT | D230: 739 | E230: 767 | F230: =IF(E230="","",D230-E230) -> -28 | G230: 376 | H230: 384 | I230: =IF(H230="","",G230-H230) -> -8 | J230: =IF(OR(D230="",D230+G230=0),"",D230/(D230+G230)) -> 0.66278027 | K230: =IF(E230="","",E230/(E230+H230)) -> 0.66637706 | L230: =IF(OR(K230="",J230=""),"",(J230-K230)*100) -> -0.35967944
A231: Northampton | B231: BETHLEHEM | C231: BETHLEHEM 15TH WARD 2ND DISTRICT | D231: 905 | E231: 906 | F231: =IF(E231="","",D231-E231) -> -1 | G231: 580 | H231: 586 | I231: =IF(H231="","",G231-H231) -> -6 | J231: =IF(OR(D231="",D231+G231=0),"",D231/(D231+G231)) -> 0.60942761 | K231: =IF(E231="","",E231/(E231+H231)) -> 0.60723861 | L231: =IF(OR(K231="",J231=""),"",(J231-K231)*100) -> 0.21890035
A232: Northampton | B232: BETHLEHEM | C232: BETHLEHEM 15TH WARD 3RD DISTRICT | D232: 862 | E232: 954 | F232: =IF(E232="","",D232-E232) -> -92 | G232: 401 | H232: 416 | I232: =IF(H232="","",G232-H232) -> -15 | J232: =IF(OR(D232="",D232+G232=0),"",D232/(D232+G232)) -> 0.68250198 | K232: =IF(E232="","",E232/(E232+H232)) -> 0.69635036 | L232: =IF(OR(K232="",J232=""),"",(J232-K232)*100) -> -1.3848386
... A244: Northampton | B244: BETHLEHEM | C244: BETHLEHEM 9TH WARD EAST | D244: 707 | E244: 711 | F244: =IF(E244="","",D244-E244) -> -4 | G244: 316 | H244: 341 | I244: =IF(H244="","",G244-H244) -> -25 | J244: =IF(OR(D244="",D244+G244=0),"",D244/(D244+G244)) -> 0.69110459 | K244: =IF(E244="","",E244/(E244+H244)) -> 0.67585551 | L244: =IF(OR(K244="",J244=""),"",(J244-K244)*100) -> 1.5249081
A245: Northampton | B245: BETHLEHEM | C245: BETHLEHEM 9TH WARD WEST | D245: 584 | F245: =IF(E245="","",D245-E245) | G245: 343 | I245: =IF(H245="","",G245-H245) | J245: =IF(OR(D245="",D245+G245=0),"",D245/(D245+G245)) -> 0.62998921 | K245: =IF(E245="","",E245/(E245+H245)) | L245: =IF(OR(K245="",J245=""),"",(J245-K245)*100) | M245: No comparable 2024 result
A246: Northampton | B246: BETHLEHEM TOWNSHIP | C246: BETHLEHEM TWSP 1ST WARD 1ST DISTRICT | D246: 440 | E246: 466 | F246: =IF(E246="","",D246-E246) -> -26 | G246: 410 | H246: 405 | I246: =IF(H246="","",G246-H246) -> 5 | J246: =IF(OR(D246="",D246+G246=0),"",D246/(D246+G246)) -> 0.51764706 | K246: =IF(E246="","",E246/(E246+H246)) -> 0.53501722 | L246: =IF(OR(K246="",J246=""),"",(J246-K246)*100) -> -1.7370163
A247: Northampton | B247: BETHLEHEM TOWNSHIP | C247: BETHLEHEM TWSP 1ST WARD 2ND DISTRICT | D247: 566 | E247: 552 | F247: =IF(E247="","",D247-E247) -> 14 | G247: 527 | H247: 506 | I247: =IF(H247="","",G247-H247) -> 21 | J247: =IF(OR(D247="",D247+G247=0),"",D247/(D247+G247)) -> 0.51784081 | K247: =IF(E247="","",E247/(E247+H247)) -> 0.52173913 | L247: =IF(OR(K247="",J247=""),"",(J247-K247)*100) -> -0.38983253
A248: Northampton | B248: BETHLEHEM TOWNSHIP | C248: BETHLEHEM TWSP 1ST WARD 3RD DISTRICT | D248: 676 | E248: 722 | F248: =IF(E248="","",D248-E248) -> -46 | G248: 570 | H248: 596 | I248: =IF(H248="","",G248-H248) -> -26 | J248: =IF(OR(D248="",D248+G248=0),"",D248/(D248+G248)) -> 0.54253612 | K248: =IF(E248="","",E248/(E248+H248)) -> 0.5477997 | L248: =IF(OR(K248="",J248=""),"",(J248-K248)*100) -> -0.52635809
A249: Northampton | B249: BETHLEHEM TOWNSHIP | C249: BETHLEHEM TWSP 1ST WARD 4TH DISTRICT | D249: 299 | E249: 339 | F249: =IF(E249="","",D249-E249) -> -40 | G249: 323 | H249: 338 | I249: =IF(H249="","",G249-H249) -> -15 | J249: =IF(OR(D249="",D249+G249=0),"",D249/(D249+G249)) -> 0.4807074 | K249: =IF(E249="","",E249/(E249+H249)) -> 0.50073855 | L249: =IF(OR(K249="",J249=""),"",(J249-K249)*100) -> -2.0031157
A250: Northampton | B250: BETHLEHEM TOWNSHIP | C250: BETHLEHEM TWSP 2ND WARD 1ST DISTRICT | D250: 582 | E250: 579 | F250: =IF(E250="","",D250-E250) -> 3 | G250: 492 | H250: 482 | I250: =IF(H250="","",G250-H250) -> 10 | J250: =IF(OR(D250="",D250+G250=0),"",D250/(D250+G250)) -> 0.54189944 | K250: =IF(E250="","",E250/(E250+H250)) -> 0.54571159 | L250: =IF(OR(K250="",J250=""),"",(J250-K250)*100) -> -0.38121515
A251: Northampton | B251: BETHLEHEM TOWNSHIP | C251: BETHLEHEM TWSP 2ND WARD 2ND DISTRICT | D251: 546 | E251: 562 | F251: =IF(E251="","",D251-E251) -> -16 | G251: 513 | H251: 525 | I251: =IF(H251="","",G251-H251) -> -12 | J251: =IF(OR(D251="",D251+G251=0),"",D251/(D251+G251)) -> 0.51558074 | K251: =IF(E251="","",E251/(E251+H251)) -> 0.51701932 | L251: =IF(OR(K251="",J251=""),"",(J251-K251)*100) -> -0.14385827
A252: Northampton | B252: BETHLEHEM TOWNSHIP | C252: BETHLEHEM TWSP 2ND WARD 3RD DISTRICT | D252: 344 | E252: 337 | F252: =IF(E252="","",D252-E252) -> 7 | G252: 291 | H252: 296 | I252: =IF(H252="","",G252-H252) -> -5 | J252: =IF(OR(D252="",D252+G252=0),"",D252/(D252+G252)) -> 0.54173228 | K252: =IF(E252="","",E252/(E252+H252)) -> 0.53238547 | L252: =IF(OR(K252="",J252=""),"",(J252-K252)*100) -> 0.93468174
A253: Northampton | B253: BETHLEHEM TOWNSHIP | C253: BETHLEHEM TWSP 2ND WARD 4TH DISTRICT | D253: 511 | E253: 517 | F253: =IF(E253="","",D253-E253) -> -6 | G253: 385 | H253: 388 | I253: =IF(H253="","",G253-H253) -> -3 | J253: =IF(OR(D253="",D253+G253=0),"",D253/(D253+G253)) -> 0.5703125 | K253: =IF(E253="","",E253/(E253+H253)) -> 0.57127072 | L253: =IF(OR(K253="",J253=""),"",(J253-K253)*100) -> -0.095821823
A254: Northampton | B254: BETHLEHEM TOWNSHIP | C254: BETHLEHEM TWSP 3RD WARD 1ST DISTRICT | D254: 315 | E254: 329 | F254: =IF(E254="","",D254-E254) -> -14 | G254: 233 | H254: 217 | I254: =IF(H254="","",G254-H254) -> 16 | J254: =IF(OR(D254="",D254+G254=0),"",D254/(D254+G254)) -> 0.57481752 | K254: =IF(E254="","",E254/(E254+H254)) -> 0.6025641 | L254: =IF(OR(K254="",J254=""),"",(J254-K254)*100) -> -2.7746584
A255: Northampton | B255: BETHLEHEM TOWNSHIP | C255: BETHLEHEM TWSP 3RD WARD 2ND DISTRICT | D255: 339 | E255: 352 | F255: =IF(E255="","",D255-E255) -> -13 | G255: 349 | H255: 326 | I255: =IF(H255="","",G255-H255) -> 23 | J255: =IF(OR(D255="",D255+G255=0),"",D255/(D255+G255)) -> 0.49273256 | K255: =IF(E255="","",E255/(E255+H255)) -> 0.51917404 | L255: =IF(OR(K255="",J255=""),"",(J255-K255)*100) -> -2.6441483
A256: Northampton | B256: BETHLEHEM TOWNSHIP | C256: BETHLEHEM TWSP 3RD WARD 3RD DISTRICT | D256: 420 | E256: 420 | F256: =IF(E256="","",D256-E256) -> 0 | G256: 376 | H256: 378 | I256: =IF(H256="","",G256-H256) -> -2 | J256: =IF(OR(D256="",D256+G256=0),"",D256/(D256+G256)) -> 0.52763819 | K256: =IF(E256="","",E256/(E256+H256)) -> 0.52631579 | L256: =IF(OR(K256="",J256=""),"",(J256-K256)*100) -> 0.13224015
A257: Northampton | B257: BETHLEHEM TOWNSHIP | C257: BETHLEHEM TWSP 3RD WARD 4TH DISTRICT | D257: 499 | E257: 522 | F257: =IF(E257="","",D257-E257) -> -23 | G257: 393 | H257: 400 | I257: =IF(H257="","",G257-H257) -> -7 | J257: =IF(OR(D257="",D257+G257=0),"",D257/(D257+G257)) -> 0.55941704 | K257: =IF(E257="","",E257/(E257+H257)) -> 0.56616052 | L257: =IF(OR(K257="",J257=""),"",(J257-K257)*100) -> -0.67434802
... A269: Northampton | B269: EAST BANGOR | C269: EAST BANGOR | D269: 190 | E269: 217 | F269: =IF(E269="","",D269-E269) -> -27 | G269: 321 | H269: 309 | I269: =IF(H269="","",G269-H269) -> 12 | J269: =IF(OR(D269="",D269+G269=0),"",D269/(D269+G269)) -> 0.37181996 | K269: =IF(E269="","",E269/(E269+H269)) -> 0.41254753 | L269: =IF(OR(K269="",J269=""),"",(J269-K269)*100) -> -4.0727568
A270: Northampton | B270: EASTON | C270: EASTON 10TH WARD | D270: 705 | F270: =IF(E270="","",D270-E270) | G270: 410 | I270: =IF(H270="","",G270-H270) | J270: =IF(OR(D270="",D270+G270=0),"",D270/(D270+G270)) -> 0.632287 | K270: =IF(E270="","",E270/(E270+H270)) | L270: =IF(OR(K270="",J270=""),"",(J270-K270)*100) | M270: No comparable 2024 result
A271: Northampton | B271: EASTON | C271: EASTON 11TH WARD | D271: 485 | F271: =IF(E271="","",D271-E271) | G271: 215 | I271: =IF(H271="","",G271-H271) | J271: =IF(OR(D271="",D271+G271=0),"",D271/(D271+G271)) -> 0.69285714 | K271: =IF(E271="","",E271/(E271+H271)) | L271: =IF(OR(K271="",J271=""),"",(J271-K271)*100) | M271: No comparable 2024 result
A272: Northampton | B272: EASTON | C272: EASTON 2ND WARD | D272: 462 | E272: 492 | F272: =IF(E272="","",D272-E272) -> -30 | G272: 174 | H272: 197 | I272: =IF(H272="","",G272-H272) -> -23 | J272: =IF(OR(D272="",D272+G272=0),"",D272/(D272+G272)) -> 0.72641509 | K272: =IF(E272="","",E272/(E272+H272)) -> 0.71407837 | L272: =IF(OR(K272="",J272=""),"",(J272-K272)*100) -> 1.233672
A273: Northampton | B273: EASTON | C273: EASTON 3RD WARD 2ND DISTRICT | D273: 698 | E273: 743 | F273: =IF(E273="","",D273-E273) -> -45 | G273: 277 | H273: 265 | I273: =IF(H273="","",G273-H273) -> 12 | J273: =IF(OR(D273="",D273+G273=0),"",D273/(D273+G273)) -> 0.71589744 | K273: =IF(E273="","",E273/(E273+H273)) -> 0.73710317 | L273: =IF(OR(K273="",J273=""),"",(J273-K273)*100) -> -2.1205739
A274: Northampton | B274: EASTON | C274: EASTON 3RD WARD 3RD DISTRICT | D274: 643 | E274: 1109 | F274: =IF(E274="","",D274-E274) -> -466 | G274: 180 | H274: 290 | I274: =IF(H274="","",G274-H274) -> -110 | J274: =IF(OR(D274="",D274+G274=0),"",D274/(D274+G274)) -> 0.78128797 | K274: =IF(E274="","",E274/(E274+H274)) -> 0.79270908 | L274: =IF(OR(K274="",J274=""),"",(J274-K274)*100) -> -1.1421107
A275: Northampton | B275: EASTON | C275: EASTON 3RD WARD 4TH DISTRICT | D275: 597 | E275: 566 | F275: =IF(E275="","",D275-E275) -> 31 | G275: 250 | H275: 257 | I275: =IF(H275="","",G275-H275) -> -7 | J275: =IF(OR(D275="",D275+G275=0),"",D275/(D275+G275)) -> 0.70484061 | K275: =IF(E275="","",E275/(E275+H275)) -> 0.68772783 | L275: =IF(OR(K275="",J275=""),"",(J275-K275)*100) -> 1.7112789
A276: Northampton | B276: EASTON | C276: EASTON 4TH WARD | D276: 522 | E276: 517 | F276: =IF(E276="","",D276-E276) -> 5 | G276: 256 | H276: 265 | I276: =IF(H276="","",G276-H276) -> -9 | J276: =IF(OR(D276="",D276+G276=0),"",D276/(D276+G276)) -> 0.67095116 | K276: =IF(E276="","",E276/(E276+H276)) -> 0.66112532 | L276: =IF(OR(K276="",J276=""),"",(J276-K276)*100) -> 0.98258371
A277: Northampton | B277: EASTON | C277: EASTON 5TH WARD | D277: 211 | E277: 233 | F277: =IF(E277="","",D277-E277) -> -22 | G277: 91 | H277: 84 | I277: =IF(H277="","",G277-H277) -> 7 | J277: =IF(OR(D277="",D277+G277=0),"",D277/(D277+G277)) -> 0.6986755 | K277: =IF(E277="","",E277/(E277+H277)) -> 0.73501577 | L277: =IF(OR(K277="",J277=""),"",(J277-K277)*100) -> -3.6340276
A278: Northampton | B278: EASTON | C278: EASTON 6TH WARD | D278: 363 | E278: 391 | F278: =IF(E278="","",D278-E278) -> -28 | G278: 133 | H278: 126 | I278: =IF(H278="","",G278-H278) -> 7 | J278: =IF(OR(D278="",D278+G278=0),"",D278/(D278+G278)) -> 0.73185484 | K278: =IF(E278="","",E278/(E278+H278)) -> 0.75628627 | L278: =IF(OR(K278="",J278=""),"",(J278-K278)*100) -> -2.4431428
A279: Northampton | B279: EASTON | C279: EASTON 7TH WARD | D279: 415 | E279: 381 | F279: =IF(E279="","",D279-E279) -> 34 | G279: 157 | H279: 184 | I279: =IF(H279="","",G279-H279) -> -27 | J279: =IF(OR(D279="",D279+G279=0),"",D279/(D279+G279)) -> 0.72552448 | K279: =IF(E279="","",E279/(E279+H279)) -> 0.67433628 | L279: =IF(OR(K279="",J279=""),"",(J279-K279)*100) -> 5.1188192
A280: Northampton | B280: EASTON | C280: EASTON 8TH WARD | D280: 704 | F280: =IF(E280="","",D280-E280) | G280: 412 | I280: =IF(H280="","",G280-H280) | J280: =IF(OR(D280="",D280+G280=0),"",D280/(D280+G280)) -> 0.63082437 | K280: =IF(E280="","",E280/(E280+H280)) | L280: =IF(OR(K280="",J280=""),"",(J280-K280)*100) | M280: No comparable 2024 result
A281: Northampton | B281: EASTON | C281: EASTON 9TH WARD | D281: 950 | E281: 912 | F281: =IF(E281="","",D281-E281) -> 38 | G281: 436 | H281: 445 | I281: =IF(H281="","",G281-H281) -> -9 | J281: =IF(OR(D281="",D281+G281=0),"",D281/(D281+G281)) -> 0.68542569 | K281: =IF(E281="","",E281/(E281+H281)) -> 0.67207074 | L281: =IF(OR(K281="",J281=""),"",(J281-K281)*100) -> 1.3354941
A282: Northampton | B282: FORKS | C282: FORKS TWSP EAST | D282: 1400 | F282: =IF(E282="","",D282-E282) | G282: 1405 | I282: =IF(H282="","",G282-H282) | J282: =IF(OR(D282="",D282+G282=0),"",D282/(D282+G282)) -> 0.49910873 | K282: =IF(E282="","",E282/(E282+H282)) | L282: =IF(OR(K282="",J282=""),"",(J282-K282)*100) | M282: No comparable 2024 result
A283: Northampton | B283: FORKS | C283: FORKS TWSP NORTH | D283: 636 | F283: =IF(E283="","",D283-E283) | G283: 656 | I283: =IF(H283="","",G283-H283) | J283: =IF(OR(D283="",D283+G283=0),"",D283/(D283+G283)) -> 0.49226006 | K283: =IF(E283="","",E283/(E283+H283)) | L283: =IF(OR(K283="",J283=""),"",(J283-K283)*100) | M283: No comparable 2024 result
A284: Northampton | B284: FORKS | C284: FORKS TWSP NORTHWEST | D284: 807 | F284: =IF(E284="","",D284-E284) | G284: 746 | I284: =IF(H284="","",G284-H284) | J284: =IF(OR(D284="",D284+G284=0),"",D284/(D284+G284)) -> 0.51963941 | K284: =IF(E284="","",E284/(E284+H284)) | L284: =IF(OR(K284="",J284=""),"",(J284-K284)*100) | M284: No comparable 2024 result
A285: Northampton | B285: FORKS | C285: FORKS TWSP SOUTH | D285: 726 | F285: =IF(E285="","",D285-E285) | G285: 706 | I285: =IF(H285="","",G285-H285) | J285: =IF(OR(D285="",D285+G285=0),"",D285/(D285+G285)) -> 0.50698324 | K285: =IF(E285="","",E285/(E285+H285)) | L285: =IF(OR(K285="",J285=""),"",(J285-K285)*100) | M285: No comparable 2024 result
A286: Northampton | B286: FORKS | C286: FORKS TWSP SOUTHEAST | D286: 968 | E286: 975 | F286: =IF(E286="","",D286-E286) -> -7 | G286: 889 | H286: 935 | I286: =IF(H286="","",G286-H286) -> -46 | J286: =IF(OR(D286="",D286+G286=0),"",D286/(D286+G286)) -> 0.52127087 | K286: =IF(E286="","",E286/(E286+H286)) -> 0.5104712 | L286: =IF(OR(K286="",J286=""),"",(J286-K286)*100) -> 1.0799663
A287: Northampton | B287: FORKS | C287: FORKS TWSP SOUTHWEST | D287: 778 | F287: =IF(E287="","",D287-E287) | G287: 792 | I287: =IF(H287="","",G287-H287) | J287: =IF(OR(D287="",D287+G287=0),"",D287/(D287+G287)) -> 0.4955414 | K287: =IF(E287="","",E287/(E287+H287)) | L287: =IF(OR(K287="",J287=""),"",(J287-K287)*100) | M287: No comparable 2024 result
A288: Northampton | B288: FORKS | C288: FORKS TWSP WEST | D288: 663 | F288: =IF(E288="","",D288-E288) | G288: 746 | I288: =IF(H288="","",G288-H288) | J288: =IF(OR(D288="",D288+G288=0),"",D288/(D288+G288)) -> 0.47054649 | K288: =IF(E288="","",E288/(E288+H288)) | L288: =IF(OR(K288="",J288=""),"",(J288-K288)*100) | M288: No comparable 2024 result
A289: Northampton | B289: FREEMANSBURG | C289: FREEMANSBURG | D289: 741 | E289: 714 | F289: =IF(E289="","",D289-E289) -> 27 | G289: 524 | H289: 484 | I289: =IF(H289="","",G289-H289) -> 40 | J289: =IF(OR(D289="",D289+G289=0),"",D289/(D289+G289)) -> 0.58577075 | K289: =IF(E289="","",E289/(E289+H289)) -> 0.59599332 | L289: =IF(OR(K289="",J289=""),"",(J289-K289)*100) -> -1.0222571
A290: Northampton | B290: GLENDON | C290: GLENDON | D290: 99 | E290: 109 | F290: =IF(E290="","",D290-E290) -> -10 | G290: 106 | H290: 97 | I290: =IF(H290="","",G290-H290) -> 9 | J290: =IF(OR(D290="",D290+G290=0),"",D290/(D290+G290)) -> 0.48292683 | K290: =IF(E290="","",E290/(E290+H290)) -> 0.52912621 | L290: =IF(OR(K290="",J290=""),"",(J290-K290)*100) -> -4.6199384
A291: Northampton | B291: HANOVER | C291: HANOVER #1 | D291: 926 | E291: 955 | F291: =IF(E291="","",D291-E291) -> -29 | G291: 714 | H291: 692 | I291: =IF(H291="","",G291-H291) -> 22 | J291: =IF(OR(D291="",D291+G291=0),"",D291/(D291+G291)) -> 0.56463415 | K291: =IF(E291="","",E291/(E291+H291)) -> 0.57984214 | L291: =IF(OR(K291="",J291=""),"",(J291-K291)*100) -> -1.5207991
A292: Northampton | B292: HANOVER | C292: HANOVER #2 | D292: 861 | E292: 910 | F292: =IF(E292="","",D292-E292) -> -49 | G292: 763 | H292: 742 | I292: =IF(H292="","",G292-H292) -> 21 | J292: =IF(OR(D292="",D292+G292=0),"",D292/(D292+G292)) -> 0.53017241 | K292: =IF(E292="","",E292/(E292+H292)) -> 0.55084746 | L292: =IF(OR(K292="",J292=""),"",(J292-K292)*100) -> -2.0675044
A293: Northampton | B293: HANOVER | C293: HANOVER #3 | D293: 435 | E293: 446 | F293: =IF(E293="","",D293-E293) -> -11 | G293: 420 | H293: 410 | I293: =IF(H293="","",G293-H293) -> 10 | J293: =IF(OR(D293="",D293+G293=0),"",D293/(D293+G293)) -> 0.50877193 | K293: =IF(E293="","",E293/(E293+H293)) -> 0.52102804 | L293: =IF(OR(K293="",J293=""),"",(J293-K293)*100) -> -1.2256108
A294: Northampton | B294: HANOVER | C294: HANOVER #4 | D294: 735 | E294: 744 | F294: =IF(E294="","",D294-E294) -> -9 | G294: 702 | H294: 678 | I294: =IF(H294="","",G294-H294) -> 24 | J294: =IF(OR(D294="",D294+G294=0),"",D294/(D294+G294)) -> 0.51148225 | K294: =IF(E294="","",E294/(E294+H294)) -> 0.52320675 | L294: =IF(OR(K294="",J294=""),"",(J294-K294)*100) -> -1.1724496
A295: Northampton | B295: HANOVER | C295: HANOVER #5 | D295: 779 | E295: 775 | F295: =IF(E295="","",D295-E295) -> 4 | G295: 638 | H295: 645 | I295: =IF(H295="","",G295-H295) -> -7 | J295: =IF(OR(D295="",D295+G295=0),"",D295/(D295+G295)) -> 0.549753 | K295: =IF(E295="","",E295/(E295+H295)) -> 0.54577465 | L295: =IF(OR(K295="",J295=""),"",(J295-K295)*100) -> 0.39783514
A296: Northampton | B296: HANOVER | C296: HANOVER #6 | D296: 506 | E296: 511 | F296: =IF(E296="","",D296-E296) -> -5 | G296: 471 | H296: 453 | I296: =IF(H296="","",G296-H296) -> 18 | J296: =IF(OR(D296="",D296+G296=0),"",D296/(D296+G296)) -> 0.51791198 | K296: =IF(E296="","",E296/(E296+H296)) -> 0.53008299 | L296: =IF(OR(K296="",J296=""),"",(J296-K296)*100) -> -1.2171012
A297: Northampton | B297: HELLERTOWN | C297: HELLERTOWN BORO 1ST WARD | D297: 573 | E297: 553 | F297: =IF(E297="","",D297-E297) -> 20 | G297: 619 | H297: 581 | I297: =IF(H297="","",G297-H297) -> 38 | J297: =IF(OR(D297="",D297+G297=0),"",D297/(D297+G297)) -> 0.4807047 | K297: =IF(E297="","",E297/(E297+H297)) -> 0.48765432 | L297: =IF(OR(K297="",J297=""),"",(J297-K297)*100) -> -0.6949623
A298: Northampton | B298: HELLERTOWN | C298: HELLERTOWN BORO 2ND WARD | D298: 459 | E298: 473 | F298: =IF(E298="","",D298-E298) -> -14 | G298: 436 | H298: 465 | I298: =IF(H298="","",G298-H298) -> -29 | J298: =IF(OR(D298="",D298+G298=0),"",D298/(D298+G298)) -> 0.51284916 | K298: =IF(E298="","",E298/(E298+H298)) -> 0.50426439 | L298: =IF(OR(K298="",J298=""),"",(J298-K298)*100) -> 0.85847697
A299: Northampton | B299: HELLERTOWN | C299: HELLERTOWN BORO 3RD WARD | D299: 680 | E299: 700 | F299: =IF(E299="","",D299-E299) -> -20 | G299: 592 | H299: 639 | I299: =IF(H299="","",G299-H299) -> -47 | J299: =IF(OR(D299="",D299+G299=0),"",D299/(D299+G299)) -> 0.53459119 | K299: =IF(E299="","",E299/(E299+H299)) -> 0.52277819 | L299: =IF(OR(K299="",J299=""),"",(J299-K299)*100) -> 1.1813002
A300: Northampton | B300: LEHIGH | C300: LEHIGH TWSP - CENTRAL | D300: 547 | E300: 546 | F300: =IF(E300="","",D300-E300) -> 1 | G300: 1111 | H300: 1089 | I300: =IF(H300="","",G300-H300) -> 22 | J300: =IF(OR(D300="",D300+G300=0),"",D300/(D300+G300)) -> 0.32991556 | K300: =IF(E300="","",E300/(E300+H300)) -> 0.33394495 | L300: =IF(OR(K300="",J300=""),"",(J300-K300)*100) -> -0.40293932
... A306: Northampton | B306: LOWER MOUNT BETHEL | C306: LOWER MT BETHEL - UPPER | D306: 360 | E306: 361 | F306: =IF(E306="","",D306-E306) -> -1 | G306: 746 | H306: 775 | I306: =IF(H306="","",G306-H306) -> -29 | J306: =IF(OR(D306="",D306+G306=0),"",D306/(D306+G306)) -> 0.32549729 | K306: =IF(E306="","",E306/(E306+H306)) -> 0.31778169 | L306: =IF(OR(K306="",J306=""),"",(J306-K306)*100) -> 0.77155974
A307: Northampton | B307: LOWER NAZARETH | C307: LOWER NAZARETH EAST | D307: 256 | F307: =IF(E307="","",D307-E307) | G307: 358 | I307: =IF(H307="","",G307-H307) | J307: =IF(OR(D307="",D307+G307=0),"",D307/(D307+G307)) -> 0.41693811 | K307: =IF(E307="","",E307/(E307+H307)) | L307: =IF(OR(K307="",J307=""),"",(J307-K307)*100) | M307: No comparable 2024 result
...

Sheet Method & Caveats
A1: What changed in this version (v3.0)
A2: 1. District baseline: every current-district precinct is counted in every year (Carbon and Polk were previously left out of 2018/2020 because they voted in PA-09/PA-08). The default share = average of the last two elections + k × change in two-party registration since then, with k = 0.419 measured from precinct-level changes (national swing removed). 2026 default: 49.52%.
A3: 2. Turnout: each place’s votes cast = its House votes in the last same-type election × its registration growth since then. 2026 default ≈ 312,192. In the 2022 test this rule was -8.0% off and in 2024 -1.6% (district level).
A4: 3. The random forests, their SHAP weights and the three weightings (A, B, C) are unchanged; there is still only one random forest per forecast, on the results. Backtests were re-run with the fixed baseline and turnout rule and the same weights as each forecast.
A6: Data
A7: Source: PA07_Precinct_Data.xlsx (Results Consolidated, Precinct Consolidated, Precinct Summary). Forest training rows: 2020, 2022, 2024 (2018 history only); rows where the House race was not PA-07 are not training targets, but they ARE counted in the district baseline.
A8: Precinct results are used only where certified House votes line up with the number of people in today’s precinct who voted (re-drawn or re-paired codes fail). For precincts without a comparable 2022 result, 2022 votes cast = the municipality’s 2022 House votes divided among its precincts by how many people in each voted in 2022.
A10: Model and error terms
A11: Random forest (500 trees) forecasting each place’s Democratic share above/below the district average; Brooks share = forecast + a uniform shift to the district input. SHAP: exact TreeSHAP over every tree (implemented in C; matches brute-force Shapley values).
A12: Row error term = ±1 RMS pattern miss of that forecast’s 2024 backtest for rows of similar size. District error term = the district-wide miss of the fixed backtest. Turnout error is not included in row terms (turnout is a rule).
A14: Caveats
A15: • The baseline contains no national-environment signal. Midterms under a sitting president often swing against the president’s party; the registration trend in PA-07 points the other way. The default is a starting point — override it for the environment you expect.
... A17: • Forecast C’s backtest uses the same family weights as its 2026 forecast, which were fitted with 2024 among the held-out elections, so C’s backtest is slightly optimistic.
