Workbook

Sheet Read Me
A1: PA-07 2026 Forecast: Baseline vs. Baseline + Bellwether
A2: Kiley Meringer · PSTD 400 · October 2026
A4: What this workbook does
A5: It compares two ways of forecasting the district’s Democratic share of the two-party House vote, and backtests both on 2022 and 2024:
A6: Baseline: the group’s precinct random forest (v11, Forecast A: full random forest), summed over all precincts.
A7: Bellwether reading: the same model’s prediction for 10 bellwether precincts only, minus the set’s usual lean (offset).
A8: Baseline + bellwether: a weighted average of the two. The weight is an input on the Summary sheet (default 50/50).
A10: Why v11 is the baseline here
A11: v11 is the only group model with honest forward backtests for both 2022 and 2024: each backtest forest was trained only on elections before the target, and turnout was projected rather than taken from actual results. The earlier v0.1 baseline (48.7%) has a 2024 backtest only, built with actual turnout; it is shown for reference on the Reference v0.1 sheet.
A13: Bellwether selection rule (same for every election; applied by formula in Precinct Data)
A14: 1. Use the two most recent general elections before the target: 2018 and 2020 for the 2022 backtest; 2020 and 2022 for 2024; 2022 and 2024 for the 2026 forecast.
A15: 2. Eligible: at least 300 two-party House votes in both of those elections; the precinct still exists on the 2026 lines; and it has a comparable result in the target backtest.
... A30: Sources: data citations.

Sheet Summary
A1: Summary: baseline vs. baseline + bellwether
A2: Democratic (Brooks) share of the two-party House vote. Misses are estimate minus actual, in points.
A5: Weight on the baseline (input; 1 = baseline only, 0 = bellwethers only) | C5: 0.5
A7: Election | B7: Actual | C7: Baseline | D7: Bellwether reading | E7: Baseline + bellwether | F7: Miss: baseline | G7: Miss: bellwether | H7: Miss: combined | I7: Winner called correctly by combined?
A8: 2022 backtest | B8: ='Backtest 2022'!C26 -> 0.507753 | C8: ='Backtest 2022'!C23 -> 0.50796007 | D8: ='Backtest 2022'!C22 -> 0.51042349 | E8: ='Backtest 2022'!C25 -> 0.50919178 | F8: ='Backtest 2022'!C27 -> 0.02070664 | G8: ='Backtest 2022'!C28 -> 0.2670494 | H8: ='Backtest 2022'!C29 -> 0.14387802 | I8: =IF((E8>0.5)=(B8>0.5),"Yes","No") -> Yes
A9: 2024 backtest | B9: ='Backtest 2024'!C26 -> 0.49262491 | C9: ='Backtest 2024'!C23 -> 0.49084073 | D9: ='Backtest 2024'!C22 -> 0.48752028 | E9: ='Backtest 2024'!C25 -> 0.48918051 | F9: ='Backtest 2024'!C27 -> -0.17841735 | G9: ='Backtest 2024'!C28 -> -0.51046282 | H9: ='Backtest 2024'!C29 -> -0.34444009 | I9: =IF((E9>0.5)=(B9>0.5),"Yes","No") -> Yes
A10: Average absolute miss, 2022 and 2024 | F10: =AVERAGE(ABS(F8),ABS(F9)) -> 0.099561997 | G10: =AVERAGE(ABS(G8),ABS(G9)) -> 0.38875611 | H10: =AVERAGE(ABS(H8),ABS(H9)) -> 0.24415905
A11: 2026 forecast | C11: ='Forecast 2026'!C23 -> 0.49494302 | D11: ='Forecast 2026'!C22 -> 0.50011074 | E11: ='Forecast 2026'!C25 -> 0.49752688 | I11: =IF(E11>0.5,"Brooks","Mackenzie") -> Mackenzie
A12: 2026 margin, Brooks minus Mackenzie (pts) | C12: =(2*C11-1)*100 -> -1.0113969 | D12: =(2*D11-1)*100 -> 0.022148892 | E12: =(2*E11-1)*100 -> -0.49462402
A14: Weight sensitivity (fixed weights, independent of the input above)
A15: Weight on baseline | B15: 2022 miss | C15: 2024 miss | D15: Average absolute miss | E15: 2026 Brooks share
A16: 1 | B16: =(A16*'Backtest 2022'!C23+(1-A16)*'Backtest 2022'!C22-'Backtest 2022'!C26)*100 -> 0.02070664 | C16: =(A16*'Backtest 2024'!C23+(1-A16)*'Backtest 2024'!C22-'Backtest 2024'!C26)*100 -> -0.17841735 | D16: =AVERAGE(ABS(B16),ABS(C16)) -> 0.099561997 | E16: =A16*'Forecast 2026'!C23+(1-A16)*'Forecast 2026'!C22 -> 0.49494302
A17: 0.75 | B17: =(A17*'Backtest 2022'!C23+(1-A17)*'Backtest 2022'!C22-'Backtest 2022'!C26)*100 -> 0.082292329 | C17: =(A17*'Backtest 2024'!C23+(1-A17)*'Backtest 2024'!C22-'Backtest 2024'!C26)*100 -> -0.26142872 | D17: =AVERAGE(ABS(B17),ABS(C17)) -> 0.17186052 | E17: =A17*'Forecast 2026'!C23+(1-A17)*'Forecast 2026'!C22 -> 0.49623495
A18: 0.5 | B18: =(A18*'Backtest 2022'!C23+(1-A18)*'Backtest 2022'!C22-'Backtest 2022'!C26)*100 -> 0.14387802 | C18: =(A18*'Backtest 2024'!C23+(1-A18)*'Backtest 2024'!C22-'Backtest 2024'!C26)*100 -> -0.34444009 | D18: =AVERAGE(ABS(B18),ABS(C18)) -> 0.24415905 | E18: =A18*'Forecast 2026'!C23+(1-A18)*'Forecast 2026'!C22 -> 0.49752688
A19: 0.25 | B19: =(A19*'Backtest 2022'!C23+(1-A19)*'Backtest 2022'!C22-'Backtest 2022'!C26)*100 -> 0.20546371 | C19: =(A19*'Backtest 2024'!C23+(1-A19)*'Backtest 2024'!C22-'Backtest 2024'!C26)*100 -> -0.42745145 | D19: =AVERAGE(ABS(B19),ABS(C19)) -> 0.31645758 | E19: =A19*'Forecast 2026'!C23+(1-A19)*'Forecast 2026'!C22 -> 0.49881881
A20: 0 | B20: =(A20*'Backtest 2022'!C23+(1-A20)*'Backtest 2022'!C22-'Backtest 2022'!C26)*100 -> 0.2670494 | C20: =(A20*'Backtest 2024'!C23+(1-A20)*'Backtest 2024'!C22-'Backtest 2024'!C26)*100 -> -0.51046282 | D20: =AVERAGE(ABS(B20),ABS(C20)) -> 0.38875611 | E20: =A20*'Forecast 2026'!C23+(1-A20)*'Forecast 2026'!C22 -> 0.50011074
A22: Reading the results
A23: In both backtests the baseline alone was closest to the actual result; adding the bellwether reading moved the estimate further away. The sensitivity table shows the miss growing as weight shifts to the bellwethers.
A24: The bellwethers chosen from earlier elections drifted from the district in the target year (Backtest sheets, “did the bellwethers stay bellwethers?”), and the baseline’s error on those 10 precincts did not cancel that drift.
A25: For 2026 the bellwether reading (about 50.0%) is more Democratic than the baseline (about 49.5%), so any weight on the bellwethers moves the forecast toward Brooks. The backtests do not support doing so; the bellwethers are better used as an election-night check.
A26: Two backtests are a small sample. Treat these as evidence, not proof.

Sheet Backtest 2022
A1: 2022 backtest: 10 bellwethers chosen from 2018 and 2020 results
A2: 2022 results were not used to choose these precincts. The baseline forecast for 2022 comes from the v11 backtest forest trained only on earlier elections.
A4: Rank | B4: Data row | C4: Precinct | D4: County | E4: Gap 2018 | F4: Gap 2020 | G4: D votes 2018 | H4: Two-party votes 2018 | I4: D votes 2020 | J4: Two-party votes 2020 | K4: Baseline pred D | L4: Baseline pred R | M4: Baseline pred D share | N4: Actual D | O4: Actual R | P4: Actual D share
A5: 1 | B5: =MATCH(A5,'Precinct Data'!$Z$1:$Z$379,0) -> 133 | C5: {=INDEX('Precinct Data'!$F$1:$F$379,$B5)} -> EMMAUS 5TH DISTRICT | D5: {=INDEX('Precinct Data'!$B$1:$B$379,$B5)} -> Lehigh | E5: {=INDEX('Precinct Data'!$U$1:$U$379,$B5)} -> -0.55509077 | F5: {=INDEX('Precinct Data'!$V$1:$V$379,$B5)} -> -0.43282439 | G5: {=INDEX('Precinct Data'!$I$1:$I$379,$B5)} -> 259 | H5: {=INDEX('Precinct Data'!$Q$1:$Q$379,$B5)} -> 490 | I5: {=INDEX('Precinct Data'!$K$1:$K$379,$B5)} -> 325 | J5: {=INDEX('Precinct Data'!$R$1:$R$379,$B5)} -> 659 | K5: {=INDEX('Baseline Rows'!$D$1:$D$366,MATCH($C5,'Baseline Rows'!$C$1:$C$366,0))} -> 261 | L5: {=INDEX('Baseline Rows'!$E$1:$E$366,MATCH($C5,'Baseline Rows'!$C$1:$C$366,0))} -> 247 | M5: =K5/(K5+L5) -> 0.51377953 | N5: {=INDEX('Baseline Rows'!$F$1:$F$366,MATCH($C5,'Baseline Rows'!$C$1:$C$366,0))} -> 294 | O5: {=INDEX('Baseline Rows'!$G$1:$G$366,MATCH($C5,'Baseline Rows'!$C$1:$C$366,0))} -> 260 | P5: =N5/(N5+O5) -> 0.53068592
A6: 2 | B6: =MATCH(A6,'Precinct Data'!$Z$1:$Z$379,0) -> 180 | C6: {=INDEX('Precinct Data'!$F$1:$F$379,$B6)} -> SOUTH WHITEHALL 8TH DISTRICT | D6: {=INDEX('Precinct Data'!$B$1:$B$379,$B6)} -> Lehigh | E6: {=INDEX('Precinct Data'!$U$1:$U$379,$B6)} -> -0.59399423 | F6: {=INDEX('Precinct Data'!$V$1:$V$379,$B6)} -> -0.71473669 | G6: {=INDEX('Precinct Data'!$I$1:$I$379,$B6)} -> 834 | H6: {=INDEX('Precinct Data'!$Q$1:$Q$379,$B6)} -> 1579 | I6: {=INDEX('Precinct Data'!$K$1:$K$379,$B6)} -> 1169 | J6: {=INDEX('Precinct Data'!$R$1:$R$379,$B6)} -> 2384 | K6: {=INDEX('Baseline Rows'!$D$1:$D$366,MATCH($C6,'Baseline Rows'!$C$1:$C$366,0))} -> 920 | L6: {=INDEX('Baseline Rows'!$E$1:$E$366,MATCH($C6,'Baseline Rows'!$C$1:$C$366,0))} -> 920 | M6: =K6/(K6+L6) -> 0.5 | N6: {=INDEX('Baseline Rows'!$F$1:$F$366,MATCH($C6,'Baseline Rows'!$C$1:$C$366,0))} -> 1062 | O6: {=INDEX('Baseline Rows'!$G$1:$G$366,MATCH($C6,'Baseline Rows'!$C$1:$C$366,0))} -> 971 | P6: =N6/(N6+O6) -> 0.52238072
A7: 3 | B7: =MATCH(A7,'Precinct Data'!$Z$1:$Z$379,0) -> 162 | C7: {=INDEX('Precinct Data'!$F$1:$F$379,$B7)} -> SALISBURY 1ST WARD | D7: {=INDEX('Precinct Data'!$B$1:$B$379,$B7)} -> Lehigh | E7: {=INDEX('Precinct Data'!$U$1:$U$379,$B7)} -> 0.88884164 | F7: {=INDEX('Precinct Data'!$V$1:$V$379,$B7)} -> 0.57353668 | G7: {=INDEX('Precinct Data'!$I$1:$I$379,$B7)} -> 505 | H7: {=INDEX('Precinct Data'!$Q$1:$Q$379,$B7)} -> 930 | I7: {=INDEX('Precinct Data'!$K$1:$K$379,$B7)} -> 700 | J7: {=INDEX('Precinct Data'!$R$1:$R$379,$B7)} -> 1391 | K7: {=INDEX('Baseline Rows'!$D$1:$D$366,MATCH($C7,'Baseline Rows'!$C$1:$C$366,0))} -> 505 | L7: {=INDEX('Baseline Rows'!$E$1:$E$366,MATCH($C7,'Baseline Rows'!$C$1:$C$366,0))} -> 460 | M7: =K7/(K7+L7) -> 0.52331606 | N7: {=INDEX('Baseline Rows'!$F$1:$F$366,MATCH($C7,'Baseline Rows'!$C$1:$C$366,0))} -> 504 | O7: {=INDEX('Baseline Rows'!$G$1:$G$366,MATCH($C7,'Baseline Rows'!$C$1:$C$366,0))} -> 501 | P7: =N7/(N7+O7) -> 0.50149254
A8: 4 | B8: =MATCH(A8,'Precinct Data'!$Z$1:$Z$379,0) -> 163 | C8: {=INDEX('Precinct Data'!$F$1:$F$379,$B8)} -> SALISBURY 2ND WARD | D8: {=INDEX('Precinct Data'!$B$1:$B$379,$B8)} -> Lehigh | E8: {=INDEX('Precinct Data'!$U$1:$U$379,$B8)} -> 0.91468945 | F8: {=INDEX('Precinct Data'!$V$1:$V$379,$B8)} -> 0.43918352 | G8: {=INDEX('Precinct Data'!$I$1:$I$379,$B8)} -> 565 | H8: {=INDEX('Precinct Data'!$Q$1:$Q$379,$B8)} -> 1040 | I8: {=INDEX('Precinct Data'!$K$1:$K$379,$B8)} -> 796 | J8: {=INDEX('Precinct Data'!$R$1:$R$379,$B8)} -> 1586 | K8: {=INDEX('Baseline Rows'!$D$1:$D$366,MATCH($C8,'Baseline Rows'!$C$1:$C$366,0))} -> 568 | L8: {=INDEX('Baseline Rows'!$E$1:$E$366,MATCH($C8,'Baseline Rows'!$C$1:$C$366,0))} -> 526 | M8: =K8/(K8+L8) -> 0.51919561 | N8: {=INDEX('Baseline Rows'!$F$1:$F$366,MATCH($C8,'Baseline Rows'!$C$1:$C$366,0))} -> 602 | O8: {=INDEX('Baseline Rows'!$G$1:$G$366,MATCH($C8,'Baseline Rows'!$C$1:$C$366,0))} -> 577 | P8: =N8/(N8+O8) -> 0.51060221
A9: 5 | B9: =MATCH(A9,'Precinct Data'!$Z$1:$Z$379,0) -> 254 | C9: {=INDEX('Precinct Data'!$F$1:$F$379,$B9)} -> BETHLEHEM TWSP 2ND WARD 3RD DISTRICT | D9: {=INDEX('Precinct Data'!$B$1:$B$379,$B9)} -> Northampton | E9: {=INDEX('Precinct Data'!$U$1:$U$379,$B9)} -> 1.0455977 | F9: {=INDEX('Precinct Data'!$V$1:$V$379,$B9)} -> 0.96318214 | G9: {=INDEX('Precinct Data'!$I$1:$I$379,$B9)} -> 226 | H9: {=INDEX('Precinct Data'!$Q$1:$Q$379,$B9)} -> 415 | I9: {=INDEX('Precinct Data'!$K$1:$K$379,$B9)} -> 320 | J9: {=INDEX('Precinct Data'!$R$1:$R$379,$B9)} -> 631 | K9: {=INDEX('Baseline Rows'!$D$1:$D$366,MATCH($C9,'Baseline Rows'!$C$1:$C$366,0))} -> 227 | L9: {=INDEX('Baseline Rows'!$E$1:$E$366,MATCH($C9,'Baseline Rows'!$C$1:$C$366,0))} -> 210 | M9: =K9/(K9+L9) -> 0.5194508 | N9: {=INDEX('Baseline Rows'!$F$1:$F$366,MATCH($C9,'Baseline Rows'!$C$1:$C$366,0))} -> 279 | O9: {=INDEX('Baseline Rows'!$G$1:$G$366,MATCH($C9,'Baseline Rows'!$C$1:$C$366,0))} -> 214 | P9: =N9/(N9+O9) -> 0.56592292
A10: 6 | B10: =MATCH(A10,'Precinct Data'!$Z$1:$Z$379,0) -> 173 | C10: {=INDEX('Precinct Data'!$F$1:$F$379,$B10)} -> SOUTH WHITEHALL 1ST DISTRICT | D10: {=INDEX('Precinct Data'!$B$1:$B$379,$B10)} -> Lehigh | E10: {=INDEX('Precinct Data'!$U$1:$U$379,$B10)} -> 1.3328644 | F10: {=INDEX('Precinct Data'!$V$1:$V$379,$B10)} -> -0.99997159 | G10: {=INDEX('Precinct Data'!$I$1:$I$379,$B10)} -> 698 | H10: {=INDEX('Precinct Data'!$Q$1:$Q$379,$B10)} -> 1275 | I10: {=INDEX('Precinct Data'!$K$1:$K$379,$B10)} -> 897 | J10: {=INDEX('Precinct Data'!$R$1:$R$379,$B10)} -> 1840 | K10: {=INDEX('Baseline Rows'!$D$1:$D$366,MATCH($C10,'Baseline Rows'!$C$1:$C$366,0))} -> 679 | L10: {=INDEX('Baseline Rows'!$E$1:$E$366,MATCH($C10,'Baseline Rows'!$C$1:$C$366,0))} -> 662 | M10: =K10/(K10+L10) -> 0.50633855 | N10: {=INDEX('Baseline Rows'!$F$1:$F$366,MATCH($C10,'Baseline Rows'!$C$1:$C$366,0))} -> 745 | O10: {=INDEX('Baseline Rows'!$G$1:$G$366,MATCH($C10,'Baseline Rows'!$C$1:$C$366,0))} -> 675 | P10: =N10/(N10+O10) -> 0.52464789
A11: 7 | B11: =MATCH(A11,'Precinct Data'!$Z$1:$Z$379,0) -> 165 | C11: {=INDEX('Precinct Data'!$F$1:$F$379,$B11)} -> SALISBURY 3RD WARD 2ND DIST | D11: {=INDEX('Precinct Data'!$B$1:$B$379,$B11)} -> Lehigh | E11: {=INDEX('Precinct Data'!$U$1:$U$379,$B11)} -> -1.0492847 | F11: {=INDEX('Precinct Data'!$V$1:$V$379,$B11)} -> 1.3835297 | G11: {=INDEX('Precinct Data'!$I$1:$I$379,$B11)} -> 277 | H11: {=INDEX('Precinct Data'!$Q$1:$Q$379,$B11)} -> 529 | I11: {=INDEX('Precinct Data'!$K$1:$K$379,$B11)} -> 406 | J11: {=INDEX('Precinct Data'!$R$1:$R$379,$B11)} -> 794 | K11: {=INDEX('Baseline Rows'!$D$1:$D$366,MATCH($C11,'Baseline Rows'!$C$1:$C$366,0))} -> 279 | L11: {=INDEX('Baseline Rows'!$E$1:$E$366,MATCH($C11,'Baseline Rows'!$C$1:$C$366,0))} -> 272 | M11: =K11/(K11+L11) -> 0.50635209 | N11: {=INDEX('Baseline Rows'!$F$1:$F$366,MATCH($C11,'Baseline Rows'!$C$1:$C$366,0))} -> 331 | O11: {=INDEX('Baseline Rows'!$G$1:$G$366,MATCH($C11,'Baseline Rows'!$C$1:$C$366,0))} -> 297 | P11: =N11/(N11+O11) -> 0.52707006
A12: 8 | B12: =MATCH(A12,'Precinct Data'!$Z$1:$Z$379,0) -> 299 | C12: {=INDEX('Precinct Data'!$F$1:$F$379,$B12)} -> HANOVER #4 | D12: {=INDEX('Precinct Data'!$B$1:$B$379,$B12)} -> Northampton | E12: {=INDEX('Precinct Data'!$U$1:$U$379,$B12)} -> -1.4948295 | F12: {=INDEX('Precinct Data'!$V$1:$V$379,$B12)} -> 1.4712426 | G12: {=INDEX('Precinct Data'!$I$1:$I$379,$B12)} -> 528 | H12: {=INDEX('Precinct Data'!$Q$1:$Q$379,$B12)} -> 1017 | I12: {=INDEX('Precinct Data'!$K$1:$K$379,$B12)} -> 734 | J12: {=INDEX('Precinct Data'!$R$1:$R$379,$B12)} -> 1433 | K12: {=INDEX('Baseline Rows'!$D$1:$D$366,MATCH($C12,'Baseline Rows'!$C$1:$C$366,0))} -> 521 | L12: {=INDEX('Baseline Rows'!$E$1:$E$366,MATCH($C12,'Baseline Rows'!$C$1:$C$366,0))} -> 497 | M12: =K12/(K12+L12) -> 0.51178782 | N12: {=INDEX('Baseline Rows'!$F$1:$F$366,MATCH($C12,'Baseline Rows'!$C$1:$C$366,0))} -> 603 | O12: {=INDEX('Baseline Rows'!$G$1:$G$366,MATCH($C12,'Baseline Rows'!$C$1:$C$366,0))} -> 543 | P12: =N12/(N12+O12) -> 0.52617801
A13: 9 | B13: =MATCH(A13,'Precinct Data'!$Z$1:$Z$379,0) -> 181 | C13: {=INDEX('Precinct Data'!$F$1:$F$379,$B13)} -> UPPER MACUNGIE 1ST DISTRICT | D13: {=INDEX('Precinct Data'!$B$1:$B$379,$B13)} -> Lehigh | E13: {=INDEX('Precinct Data'!$U$1:$U$379,$B13)} -> -1.5153116 | F13: {=INDEX('Precinct Data'!$V$1:$V$379,$B13)} -> 0.60790162 | G13: {=INDEX('Precinct Data'!$I$1:$I$379,$B13)} -> 725 | H13: {=INDEX('Precinct Data'!$Q$1:$Q$379,$B13)} -> 1397 | I13: {=INDEX('Precinct Data'!$K$1:$K$379,$B13)} -> 985 | J13: {=INDEX('Precinct Data'!$R$1:$R$379,$B13)} -> 1956 | K13: {=INDEX('Baseline Rows'!$D$1:$D$366,MATCH($C13,'Baseline Rows'!$C$1:$C$366,0))} -> 754 | L13: {=INDEX('Baseline Rows'!$E$1:$E$366,MATCH($C13,'Baseline Rows'!$C$1:$C$366,0))} -> 723 | M13: =K13/(K13+L13) -> 0.51049425 | N13: {=INDEX('Baseline Rows'!$F$1:$F$366,MATCH($C13,'Baseline Rows'!$C$1:$C$366,0))} -> 812 | O13: {=INDEX('Baseline Rows'!$G$1:$G$366,MATCH($C13,'Baseline Rows'!$C$1:$C$366,0))} -> 703 | P13: =N13/(N13+O13) -> 0.5359736
A14: 10 | B14: =MATCH(A14,'Precinct Data'!$Z$1:$Z$379,0) -> 164 | C14: {=INDEX('Precinct Data'!$F$1:$F$379,$B14)} -> SALISBURY 3RD WARD 1ST DIST | D14: {=INDEX('Precinct Data'!$B$1:$B$379,$B14)} -> Lehigh | E14: {=INDEX('Precinct Data'!$U$1:$U$379,$B14)} -> -1.6668537 | F14: {=INDEX('Precinct Data'!$V$1:$V$379,$B14)} -> -0.70105854 | G14: {=INDEX('Precinct Data'!$I$1:$I$379,$B14)} -> 252 | H14: {=INDEX('Precinct Data'!$Q$1:$Q$379,$B14)} -> 487 | I14: {=INDEX('Precinct Data'!$K$1:$K$379,$B14)} -> 361 | J14: {=INDEX('Precinct Data'!$R$1:$R$379,$B14)} -> 736 | K14: {=INDEX('Baseline Rows'!$D$1:$D$366,MATCH($C14,'Baseline Rows'!$C$1:$C$366,0))} -> 248 | L14: {=INDEX('Baseline Rows'!$E$1:$E$366,MATCH($C14,'Baseline Rows'!$C$1:$C$366,0))} -> 251 | M14: =K14/(K14+L14) -> 0.49699399 | N14: {=INDEX('Baseline Rows'!$F$1:$F$366,MATCH($C14,'Baseline Rows'!$C$1:$C$366,0))} -> 292 | O14: {=INDEX('Baseline Rows'!$G$1:$G$366,MATCH($C14,'Baseline Rows'!$C$1:$C$366,0))} -> 268 | P14: =N14/(N14+O14) -> 0.52142857
C15: Set combined | G15: =SUM(G5:G14) -> 4869 | H15: =SUM(H5:H14) -> 9159 | I15: =SUM(I5:I14) -> 6693 | J15: =SUM(J5:J14) -> 13410 | K15: =SUM(K5:K14) -> 4962 | L15: =SUM(L5:L14) -> 4768 | M15: =K15/(K15+L15) -> 0.50996917 | N15: =SUM(N5:N14) -> 5524 | O15: =SUM(O5:O14) -> 5009 | P15: =N15/(N15+O15) -> 0.52444698
A18: Set gap, 2018 (pts) | C18: =(G15/H15-District!B4)*100 -> -0.25140821
A19: Set gap, 2020 (pts) | C19: =(I15/J15-District!B5)*100 -> 0.16054295
A20: Offset: average of the two gaps (pts) | C20: =AVERAGE(C18:C19) -> -0.045432627
A21: Baseline prediction for the set | C21: =M15 -> 0.50996917
A22: Bellwether reading of the district (set prediction − offset) | C22: =C21-C20/100 -> 0.51042349
A23: Baseline district prediction (all precincts) | C23: =SUMIFS('Baseline Rows'!$D$2:$D$366,'Baseline Rows'!$H$2:$H$366,TRUE())/(SUMIFS('Baseline Rows'!$D$2:$D$366,'Baseline Rows'!$H$2:$H$366,TRUE())+SUMIFS('Baseline Rows'!$E$2:$E$366,'Baseline Rows'!$H$2:$H$366,TRUE())) -> 0.50796007
A24: Weight on baseline (from Summary) | C24: =Summary!$C$5 -> 0.5
A25: Baseline + bellwether | C25: =C24*C23+(1-C24)*C22 -> 0.50919178
A26: Actual district result (comparable precincts) | C26: =SUMIFS('Baseline Rows'!$F$2:$F$366,'Baseline Rows'!$H$2:$H$366,TRUE())/(SUMIFS('Baseline Rows'!$F$2:$F$366,'Baseline Rows'!$H$2:$H$366,TRUE())+SUMIFS('Baseline Rows'!$G$2:$G$366,'Baseline Rows'!$H$2:$H$366,TRUE())) -> 0.507753
A27: Miss: baseline (pts) | C27: =(C23-C26)*100 -> 0.02070664
A28: Miss: bellwether reading (pts) | C28: =(C22-C26)*100 -> 0.2670494
A29: Miss: baseline + bellwether (pts) | C29: =(C25-C26)*100 -> 0.14387802
A30: Set actual vs. district actual (pts): did the bellwethers stay bellwethers? | C30: =(P15-C26)*100 -> 1.6693976
A31: Baseline miss on the set itself (pts) | C31: =(M15-P15)*100 -> -1.4477809

Sheet Backtest 2024
A1: 2024 backtest: 10 bellwethers chosen from 2020 and 2022 results
A2: 2024 results were not used to choose these precincts. The baseline forecast for 2024 comes from the v11 backtest forest trained only on earlier elections.
A4: Rank | B4: Data row | C4: Precinct | D4: County | E4: Gap 2020 | F4: Gap 2022 | G4: D votes 2020 | H4: Two-party votes 2020 | I4: D votes 2022 | J4: Two-party votes 2022 | K4: Baseline pred D | L4: Baseline pred R | M4: Baseline pred D share | N4: Actual D | O4: Actual R | P4: Actual D share
A5: 1 | B5: =MATCH(A5,'Precinct Data'!$AB$1:$AB$379,0) -> 163 | C5: {=INDEX('Precinct Data'!$G$1:$G$379,$B5)} -> SALISBURY 2ND WARD | D5: {=INDEX('Precinct Data'!$B$1:$B$379,$B5)} -> Lehigh | E5: {=INDEX('Precinct Data'!$V$1:$V$379,$B5)} -> 0.43918352 | F5: {=INDEX('Precinct Data'!$W$1:$W$379,$B5)} -> 0.077199821 | G5: {=INDEX('Precinct Data'!$K$1:$K$379,$B5)} -> 796 | H5: {=INDEX('Precinct Data'!$R$1:$R$379,$B5)} -> 1586 | I5: {=INDEX('Precinct Data'!$M$1:$M$379,$B5)} -> 602 | J5: {=INDEX('Precinct Data'!$S$1:$S$379,$B5)} -> 1179 | K5: {=INDEX('Baseline Rows'!$I$1:$I$366,MATCH($C5,'Baseline Rows'!$C$1:$C$366,0))} -> 802 | L5: {=INDEX('Baseline Rows'!$J$1:$J$366,MATCH($C5,'Baseline Rows'!$C$1:$C$366,0))} -> 820 | M5: =K5/(K5+L5) -> 0.49445129 | N5: {=INDEX('Baseline Rows'!$K$1:$K$366,MATCH($C5,'Baseline Rows'!$C$1:$C$366,0))} -> 803 | O5: {=INDEX('Baseline Rows'!$L$1:$L$366,MATCH($C5,'Baseline Rows'!$C$1:$C$366,0))} -> 818 | P5: =N5/(N5+O5) -> 0.49537323
A6: 2 | B6: =MATCH(A6,'Precinct Data'!$AB$1:$AB$379,0) -> 141 | C6: {=INDEX('Precinct Data'!$G$1:$G$379,$B6)} -> LOWER MACUNGIE 2ND DISTRICT | D6: {=INDEX('Precinct Data'!$B$1:$B$379,$B6)} -> Lehigh | E6: {=INDEX('Precinct Data'!$V$1:$V$379,$B6)} -> -0.31815341 | F6: {=INDEX('Precinct Data'!$W$1:$W$379,$B6)} -> 0.57735921 | G6: {=INDEX('Precinct Data'!$K$1:$K$379,$B6)} -> 1827 | H6: {=INDEX('Precinct Data'!$R$1:$R$379,$B6)} -> 3696 | I6: {=INDEX('Precinct Data'!$M$1:$M$379,$B6)} -> 1520 | J6: {=INDEX('Precinct Data'!$S$1:$S$379,$B6)} -> 2948 | K6: {=INDEX('Baseline Rows'!$I$1:$I$366,MATCH($C6,'Baseline Rows'!$C$1:$C$366,0))} -> 1819 | L6: {=INDEX('Baseline Rows'!$J$1:$J$366,MATCH($C6,'Baseline Rows'!$C$1:$C$366,0))} -> 1896 | M6: =K6/(K6+L6) -> 0.48963661 | N6: {=INDEX('Baseline Rows'!$K$1:$K$366,MATCH($C6,'Baseline Rows'!$C$1:$C$366,0))} -> 1799 | O6: {=INDEX('Baseline Rows'!$L$1:$L$366,MATCH($C6,'Baseline Rows'!$C$1:$C$366,0))} -> 1810 | P6: =N6/(N6+O6) -> 0.49847603
A7: 3 | B7: =MATCH(A7,'Precinct Data'!$AB$1:$AB$379,0) -> 162 | C7: {=INDEX('Precinct Data'!$G$1:$G$379,$B7)} -> SALISBURY 1ST WARD | D7: {=INDEX('Precinct Data'!$B$1:$B$379,$B7)} -> Lehigh | E7: {=INDEX('Precinct Data'!$V$1:$V$379,$B7)} -> 0.57353668 | F7: {=INDEX('Precinct Data'!$W$1:$W$379,$B7)} -> -0.83376697 | G7: {=INDEX('Precinct Data'!$K$1:$K$379,$B7)} -> 700 | H7: {=INDEX('Precinct Data'!$R$1:$R$379,$B7)} -> 1391 | I7: {=INDEX('Precinct Data'!$M$1:$M$379,$B7)} -> 504 | J7: {=INDEX('Precinct Data'!$S$1:$S$379,$B7)} -> 1005 | K7: {=INDEX('Baseline Rows'!$I$1:$I$366,MATCH($C7,'Baseline Rows'!$C$1:$C$366,0))} -> 678 | L7: {=INDEX('Baseline Rows'!$J$1:$J$366,MATCH($C7,'Baseline Rows'!$C$1:$C$366,0))} -> 711 | M7: =K7/(K7+L7) -> 0.48812095 | N7: {=INDEX('Baseline Rows'!$K$1:$K$366,MATCH($C7,'Baseline Rows'!$C$1:$C$366,0))} -> 668 | O7: {=INDEX('Baseline Rows'!$L$1:$L$366,MATCH($C7,'Baseline Rows'!$C$1:$C$366,0))} -> 693 | P7: =N7/(N7+O7) -> 0.49081558
A8: 4 | B8: =MATCH(A8,'Precinct Data'!$AB$1:$AB$379,0) -> 260 | C8: {=INDEX('Precinct Data'!$G$1:$G$379,$B8)} -> BETHLEHEM TWSP 3RD WARD 5TH DISTRICT | D8: {=INDEX('Precinct Data'!$B$1:$B$379,$B8)} -> Northampton | E8: {=INDEX('Precinct Data'!$V$1:$V$379,$B8)} -> -0.20143886 | F8: {=INDEX('Precinct Data'!$W$1:$W$379,$B8)} -> 0.91202303 | G8: {=INDEX('Precinct Data'!$K$1:$K$379,$B8)} -> 439 | H8: {=INDEX('Precinct Data'!$R$1:$R$379,$B8)} -> 886 | I8: {=INDEX('Precinct Data'!$M$1:$M$379,$B8)} -> 356 | J8: {=INDEX('Precinct Data'!$S$1:$S$379,$B8)} -> 686 | K8: {=INDEX('Baseline Rows'!$I$1:$I$366,MATCH($C8,'Baseline Rows'!$C$1:$C$366,0))} -> 415 | L8: {=INDEX('Baseline Rows'!$J$1:$J$366,MATCH($C8,'Baseline Rows'!$C$1:$C$366,0))} -> 452 | M8: =K8/(K8+L8) -> 0.47866205 | N8: {=INDEX('Baseline Rows'!$K$1:$K$366,MATCH($C8,'Baseline Rows'!$C$1:$C$366,0))} -> 436 | O8: {=INDEX('Baseline Rows'!$L$1:$L$366,MATCH($C8,'Baseline Rows'!$C$1:$C$366,0))} -> 423 | P8: =N8/(N8+O8) -> 0.50756694
A9: 5 | B9: =MATCH(A9,'Precinct Data'!$AB$1:$AB$379,0) -> 257 | C9: {=INDEX('Precinct Data'!$G$1:$G$379,$B9)} -> BETHLEHEM TWSP 3RD WARD 2ND DISTRICT | D9: {=INDEX('Precinct Data'!$B$1:$B$379,$B9)} -> Northampton | E9: {=INDEX('Precinct Data'!$V$1:$V$379,$B9)} -> -0.96948378 | F9: {=INDEX('Precinct Data'!$W$1:$W$379,$B9)} -> -0.9830207 | G9: {=INDEX('Precinct Data'!$K$1:$K$379,$B9)} -> 340 | H9: {=INDEX('Precinct Data'!$R$1:$R$379,$B9)} -> 697 | I9: {=INDEX('Precinct Data'!$M$1:$M$379,$B9)} -> 276 | J9: {=INDEX('Precinct Data'!$S$1:$S$379,$B9)} -> 552 | K9: {=INDEX('Baseline Rows'!$I$1:$I$366,MATCH($C9,'Baseline Rows'!$C$1:$C$366,0))} -> 325 | L9: {=INDEX('Baseline Rows'!$J$1:$J$366,MATCH($C9,'Baseline Rows'!$C$1:$C$366,0))} -> 363 | M9: =K9/(K9+L9) -> 0.47238372 | N9: {=INDEX('Baseline Rows'!$K$1:$K$366,MATCH($C9,'Baseline Rows'!$C$1:$C$366,0))} -> 352 | O9: {=INDEX('Baseline Rows'!$L$1:$L$366,MATCH($C9,'Baseline Rows'!$C$1:$C$366,0))} -> 326 | P9: =N9/(N9+O9) -> 0.51917404
A10: 6 | B10: =MATCH(A10,'Precinct Data'!$AB$1:$AB$379,0) -> 182 | C10: {=INDEX('Precinct Data'!$G$1:$G$379,$B10)} -> UPPER MACUNGIE 2ND DISTRICT | D10: {=INDEX('Precinct Data'!$B$1:$B$379,$B10)} -> Lehigh | E10: {=INDEX('Precinct Data'!$V$1:$V$379,$B10)} -> -0.23540848 | F10: {=INDEX('Precinct Data'!$W$1:$W$379,$B10)} -> 1.0724286 | G10: {=INDEX('Precinct Data'!$K$1:$K$379,$B10)} -> 1275 | H10: {=INDEX('Precinct Data'!$R$1:$R$379,$B10)} -> 2575 | I10: {=INDEX('Precinct Data'!$M$1:$M$379,$B10)} -> 1089 | J10: {=INDEX('Precinct Data'!$S$1:$S$379,$B10)} -> 2092 | K10: {=INDEX('Baseline Rows'!$I$1:$I$366,MATCH($C10,'Baseline Rows'!$C$1:$C$366,0))} -> 1276 | L10: {=INDEX('Baseline Rows'!$J$1:$J$366,MATCH($C10,'Baseline Rows'!$C$1:$C$366,0))} -> 1287 | M10: =K10/(K10+L10) -> 0.49785408 | N10: {=INDEX('Baseline Rows'!$K$1:$K$366,MATCH($C10,'Baseline Rows'!$C$1:$C$366,0))} -> 1311 | O10: {=INDEX('Baseline Rows'!$L$1:$L$366,MATCH($C10,'Baseline Rows'!$C$1:$C$366,0))} -> 1258 | P10: =N10/(N10+O10) -> 0.5103153
A11: 7 | B11: =MATCH(A11,'Precinct Data'!$AB$1:$AB$379,0) -> 140 | C11: {=INDEX('Precinct Data'!$G$1:$G$379,$B11)} -> LOWER MACUNGIE 1ST DISTRICT | D11: {=INDEX('Precinct Data'!$B$1:$B$379,$B11)} -> Lehigh | E11: {=INDEX('Precinct Data'!$V$1:$V$379,$B11)} -> -0.2944362 | F11: {=INDEX('Precinct Data'!$W$1:$W$379,$B11)} -> 1.090439 | G11: {=INDEX('Precinct Data'!$K$1:$K$379,$B11)} -> 1090 | H11: {=INDEX('Precinct Data'!$R$1:$R$379,$B11)} -> 2204 | I11: {=INDEX('Precinct Data'!$M$1:$M$379,$B11)} -> 879 | J11: {=INDEX('Precinct Data'!$S$1:$S$379,$B11)} -> 1688 | K11: {=INDEX('Baseline Rows'!$I$1:$I$366,MATCH($C11,'Baseline Rows'!$C$1:$C$366,0))} -> 1115 | L11: {=INDEX('Baseline Rows'!$J$1:$J$366,MATCH($C11,'Baseline Rows'!$C$1:$C$366,0))} -> 1140 | M11: =K11/(K11+L11) -> 0.49445676 | N11: {=INDEX('Baseline Rows'!$K$1:$K$366,MATCH($C11,'Baseline Rows'!$C$1:$C$366,0))} -> 1082 | O11: {=INDEX('Baseline Rows'!$L$1:$L$366,MATCH($C11,'Baseline Rows'!$C$1:$C$366,0))} -> 1101 | P11: =N11/(N11+O11) -> 0.49564819
A12: 8 | B12: =MATCH(A12,'Precinct Data'!$AB$1:$AB$379,0) -> 333 | C12: {=INDEX('Precinct Data'!$G$1:$G$379,$B12)} -> NORTH CATASAUQUA 2ND WARD | D12: {=INDEX('Precinct Data'!$B$1:$B$379,$B12)} -> Northampton | E12: {=INDEX('Precinct Data'!$V$1:$V$379,$B12)} -> -1.1414373 | F12: {=INDEX('Precinct Data'!$W$1:$W$379,$B12)} -> 0.9820448 | G12: {=INDEX('Precinct Data'!$K$1:$K$379,$B12)} -> 524 | H12: {=INDEX('Precinct Data'!$R$1:$R$379,$B12)} -> 1078 | I12: {=INDEX('Precinct Data'!$M$1:$M$379,$B12)} -> 476 | J12: {=INDEX('Precinct Data'!$S$1:$S$379,$B12)} -> 916 | K12: {=INDEX('Baseline Rows'!$I$1:$I$366,MATCH($C12,'Baseline Rows'!$C$1:$C$366,0))} -> 605 | L12: {=INDEX('Baseline Rows'!$J$1:$J$366,MATCH($C12,'Baseline Rows'!$C$1:$C$366,0))} -> 644 | M12: =K12/(K12+L12) -> 0.48438751 | N12: {=INDEX('Baseline Rows'!$K$1:$K$366,MATCH($C12,'Baseline Rows'!$C$1:$C$366,0))} -> 625 | O12: {=INDEX('Baseline Rows'!$L$1:$L$366,MATCH($C12,'Baseline Rows'!$C$1:$C$366,0))} -> 613 | P12: =N12/(N12+O12) -> 0.50484653
A13: 9 | B13: =MATCH(A13,'Precinct Data'!$AB$1:$AB$379,0) -> 144 | C13: {=INDEX('Precinct Data'!$G$1:$G$379,$B13)} -> LOWER MACUNGIE 5TH DISTRICT | D13: {=INDEX('Precinct Data'!$B$1:$B$379,$B13)} -> Lehigh | E13: {=INDEX('Precinct Data'!$V$1:$V$379,$B13)} -> -1.1429335 | F13: {=INDEX('Precinct Data'!$W$1:$W$379,$B13)} -> 1.0899478 | G13: {=INDEX('Precinct Data'!$K$1:$K$379,$B13)} -> 663 | H13: {=INDEX('Precinct Data'!$R$1:$R$379,$B13)} -> 1364 | I13: {=INDEX('Precinct Data'!$M$1:$M$379,$B13)} -> 628 | J13: {=INDEX('Precinct Data'!$S$1:$S$379,$B13)} -> 1206 | K13: {=INDEX('Baseline Rows'!$I$1:$I$366,MATCH($C13,'Baseline Rows'!$C$1:$C$366,0))} -> 668 | L13: {=INDEX('Baseline Rows'!$J$1:$J$366,MATCH($C13,'Baseline Rows'!$C$1:$C$366,0))} -> 721 | M13: =K13/(K13+L13) -> 0.48092153 | N13: {=INDEX('Baseline Rows'!$K$1:$K$366,MATCH($C13,'Baseline Rows'!$C$1:$C$366,0))} -> 715 | O13: {=INDEX('Baseline Rows'!$L$1:$L$366,MATCH($C13,'Baseline Rows'!$C$1:$C$366,0))} -> 677 | P13: =N13/(N13+O13) -> 0.51364943
A14: 10 | B14: =MATCH(A14,'Precinct Data'!$AB$1:$AB$379,0) -> 329 | C14: {=INDEX('Precinct Data'!$G$1:$G$379,$B14)} -> NAZARETH BORO 1ST WARD | D14: {=INDEX('Precinct Data'!$B$1:$B$379,$B14)} -> Northampton | E14: {=INDEX('Precinct Data'!$V$1:$V$379,$B14)} -> -1.1494627 | F14: {=INDEX('Precinct Data'!$W$1:$W$379,$B14)} -> -0.93055481 | G14: {=INDEX('Precinct Data'!$K$1:$K$379,$B14)} -> 573 | H14: {=INDEX('Precinct Data'!$R$1:$R$379,$B14)} -> 1179 | I14: {=INDEX('Precinct Data'!$M$1:$M$379,$B14)} -> 477 | J14: {=INDEX('Precinct Data'!$S$1:$S$379,$B14)} -> 953 | K14: {=INDEX('Baseline Rows'!$I$1:$I$366,MATCH($C14,'Baseline Rows'!$C$1:$C$366,0))} -> 555 | L14: {=INDEX('Baseline Rows'!$J$1:$J$366,MATCH($C14,'Baseline Rows'!$C$1:$C$366,0))} -> 624 | M14: =K14/(K14+L14) -> 0.47073791 | N14: {=INDEX('Baseline Rows'!$K$1:$K$366,MATCH($C14,'Baseline Rows'!$C$1:$C$366,0))} -> 601 | O14: {=INDEX('Baseline Rows'!$L$1:$L$366,MATCH($C14,'Baseline Rows'!$C$1:$C$366,0))} -> 605 | P14: =N14/(N14+O14) -> 0.49834163
C15: Set combined | G15: =SUM(G5:G14) -> 8227 | H15: =SUM(H5:H14) -> 16656 | I15: =SUM(I5:I14) -> 6807 | J15: =SUM(J5:J14) -> 13225 | K15: =SUM(K5:K14) -> 8258 | L15: =SUM(L5:L14) -> 8658 | M15: =K15/(K15+L15) -> 0.48817687 | N15: =SUM(N5:N14) -> 8392 | O15: =SUM(O5:O14) -> 8324 | P15: =N15/(N15+O15) -> 0.50203398
A18: Set gap, 2020 (pts) | C18: =(G15/H15-District!B5)*100 -> -0.35635968
A19: Set gap, 2022 (pts) | C19: =(I15/J15-District!B6)*100 -> 0.48767873
A20: Offset: average of the two gaps (pts) | C20: =AVERAGE(C18:C19) -> 0.065659526
A21: Baseline prediction for the set | C21: =M15 -> 0.48817687
A22: Bellwether reading of the district (set prediction − offset) | C22: =C21-C20/100 -> 0.48752028
A23: Baseline district prediction (all precincts) | C23: =SUMIFS('Baseline Rows'!$I$2:$I$366,'Baseline Rows'!$M$2:$M$366,TRUE())/(SUMIFS('Baseline Rows'!$I$2:$I$366,'Baseline Rows'!$M$2:$M$366,TRUE())+SUMIFS('Baseline Rows'!$J$2:$J$366,'Baseline Rows'!$M$2:$M$366,TRUE())) -> 0.49084073
A24: Weight on baseline (from Summary) | C24: =Summary!$C$5 -> 0.5
A25: Baseline + bellwether | C25: =C24*C23+(1-C24)*C22 -> 0.48918051
A26: Actual district result (comparable precincts) | C26: =SUMIFS('Baseline Rows'!$K$2:$K$366,'Baseline Rows'!$M$2:$M$366,TRUE())/(SUMIFS('Baseline Rows'!$K$2:$K$366,'Baseline Rows'!$M$2:$M$366,TRUE())+SUMIFS('Baseline Rows'!$L$2:$L$366,'Baseline Rows'!$M$2:$M$366,TRUE())) -> 0.49262491
A27: Miss: baseline (pts) | C27: =(C23-C26)*100 -> -0.17841735
A28: Miss: bellwether reading (pts) | C28: =(C22-C26)*100 -> -0.51046282
A29: Miss: baseline + bellwether (pts) | C29: =(C25-C26)*100 -> -0.34444009
A30: Set actual vs. district actual (pts): did the bellwethers stay bellwethers? | C30: =(P15-C26)*100 -> 0.94090725
A31: Baseline miss on the set itself (pts) | C31: =(M15-P15)*100 -> -1.3857105

Sheet Forecast 2026
A1: 2026 forecast: 10 bellwethers chosen from 2022 and 2024 results
A2: Bellwether reading = baseline’s predicted share for these 10 precincts − the set’s usual lean (offset).
A4: Rank | B4: Data row | C4: Precinct | D4: County | E4: Gap 2022 | F4: Gap 2024 | G4: D votes 2022 | H4: Two-party votes 2022 | I4: D votes 2024 | J4: Two-party votes 2024 | K4: Baseline Brooks | L4: Baseline Mackenzie | M4: Baseline pred D share
A5: 1 | B5: =MATCH(A5,'Precinct Data'!$AD$1:$AD$379,0) -> 163 | C5: {=INDEX('Precinct Data'!$H$1:$H$379,$B5)} -> SALISBURY 2ND WARD | D5: {=INDEX('Precinct Data'!$B$1:$B$379,$B5)} -> Lehigh | E5: {=INDEX('Precinct Data'!$W$1:$W$379,$B5)} -> 0.077199821 | F5: {=INDEX('Precinct Data'!$X$1:$X$379,$B5)} -> 0.040900498 | G5: {=INDEX('Precinct Data'!$M$1:$M$379,$B5)} -> 602 | H5: {=INDEX('Precinct Data'!$S$1:$S$379,$B5)} -> 1179 | I5: {=INDEX('Precinct Data'!$O$1:$O$379,$B5)} -> 803 | J5: {=INDEX('Precinct Data'!$T$1:$T$379,$B5)} -> 1621 | K5: {=INDEX('Baseline Rows'!$N$1:$N$366,MATCH($C5,'Baseline Rows'!$C$1:$C$366,0))} -> 618 | L5: {=INDEX('Baseline Rows'!$O$1:$O$366,MATCH($C5,'Baseline Rows'!$C$1:$C$366,0))} -> 613 | M5: =K5/(K5+L5) -> 0.50203087
A6: 2 | B6: =MATCH(A6,'Precinct Data'!$AD$1:$AD$379,0) -> 169 | C6: {=INDEX('Precinct Data'!$H$1:$H$379,$B6)} -> SALISBURY 5TH WARD 2ND DIST | D6: {=INDEX('Precinct Data'!$B$1:$B$379,$B6)} -> Lehigh | E6: {=INDEX('Precinct Data'!$W$1:$W$379,$B6)} -> 0.36541511 | F6: {=INDEX('Precinct Data'!$X$1:$X$379,$B6)} -> 0.4099449 | G6: {=INDEX('Precinct Data'!$M$1:$M$379,$B6)} -> 476 | H6: {=INDEX('Precinct Data'!$S$1:$S$379,$B6)} -> 927 | I6: {=INDEX('Precinct Data'!$O$1:$O$379,$B6)} -> 533 | J6: {=INDEX('Precinct Data'!$T$1:$T$379,$B6)} -> 1068 | K6: {=INDEX('Baseline Rows'!$N$1:$N$366,MATCH($C6,'Baseline Rows'!$C$1:$C$366,0))} -> 461 | L6: {=INDEX('Baseline Rows'!$O$1:$O$366,MATCH($C6,'Baseline Rows'!$C$1:$C$366,0))} -> 439 | M6: =K6/(K6+L6) -> 0.51222222
A7: 3 | B7: =MATCH(A7,'Precinct Data'!$AD$1:$AD$379,0) -> 141 | C7: {=INDEX('Precinct Data'!$H$1:$H$379,$B7)} -> LOWER MACUNGIE 2ND DISTRICT | D7: {=INDEX('Precinct Data'!$B$1:$B$379,$B7)} -> Lehigh | E7: {=INDEX('Precinct Data'!$W$1:$W$379,$B7)} -> 0.57735921 | F7: {=INDEX('Precinct Data'!$X$1:$X$379,$B7)} -> 0.35118107 | G7: {=INDEX('Precinct Data'!$M$1:$M$379,$B7)} -> 1520 | H7: {=INDEX('Precinct Data'!$S$1:$S$379,$B7)} -> 2948 | I7: {=INDEX('Precinct Data'!$O$1:$O$379,$B7)} -> 1799 | J7: {=INDEX('Precinct Data'!$T$1:$T$379,$B7)} -> 3609 | K7: {=INDEX('Baseline Rows'!$N$1:$N$366,MATCH($C7,'Baseline Rows'!$C$1:$C$366,0))} -> 1504 | L7: {=INDEX('Baseline Rows'!$O$1:$O$366,MATCH($C7,'Baseline Rows'!$C$1:$C$366,0))} -> 1461 | M7: =K7/(K7+L7) -> 0.50725126
A8: 4 | B8: =MATCH(A8,'Precinct Data'!$AD$1:$AD$379,0) -> 162 | C8: {=INDEX('Precinct Data'!$H$1:$H$379,$B8)} -> SALISBURY 1ST WARD | D8: {=INDEX('Precinct Data'!$B$1:$B$379,$B8)} -> Lehigh | E8: {=INDEX('Precinct Data'!$W$1:$W$379,$B8)} -> -0.83376697 | F8: {=INDEX('Precinct Data'!$X$1:$X$379,$B8)} -> -0.41486446 | G8: {=INDEX('Precinct Data'!$M$1:$M$379,$B8)} -> 504 | H8: {=INDEX('Precinct Data'!$S$1:$S$379,$B8)} -> 1005 | I8: {=INDEX('Precinct Data'!$O$1:$O$379,$B8)} -> 668 | J8: {=INDEX('Precinct Data'!$T$1:$T$379,$B8)} -> 1361 | K8: {=INDEX('Baseline Rows'!$N$1:$N$366,MATCH($C8,'Baseline Rows'!$C$1:$C$366,0))} -> 508 | L8: {=INDEX('Baseline Rows'!$O$1:$O$366,MATCH($C8,'Baseline Rows'!$C$1:$C$366,0))} -> 511 | M8: =K8/(K8+L8) -> 0.49852797
A9: 5 | B9: =MATCH(A9,'Precinct Data'!$AD$1:$AD$379,0) -> 191 | C9: {=INDEX('Precinct Data'!$H$1:$H$379,$B9)} -> UPPER SAUCON 1ST DISTRICT | D9: {=INDEX('Precinct Data'!$B$1:$B$379,$B9)} -> Lehigh | E9: {=INDEX('Precinct Data'!$W$1:$W$379,$B9)} -> -0.15302643 | F9: {=INDEX('Precinct Data'!$X$1:$X$379,$B9)} -> -0.85940636 | G9: {=INDEX('Precinct Data'!$M$1:$M$379,$B9)} -> 888 | H9: {=INDEX('Precinct Data'!$S$1:$S$379,$B9)} -> 1747 | I9: {=INDEX('Precinct Data'!$O$1:$O$379,$B9)} -> 1017 | J9: {=INDEX('Precinct Data'!$T$1:$T$379,$B9)} -> 2091 | K9: {=INDEX('Baseline Rows'!$N$1:$N$366,MATCH($C9,'Baseline Rows'!$C$1:$C$366,0))} -> 864 | L9: {=INDEX('Baseline Rows'!$O$1:$O$366,MATCH($C9,'Baseline Rows'!$C$1:$C$366,0))} -> 905 | M9: =K9/(K9+L9) -> 0.48841153
A10: 6 | B10: =MATCH(A10,'Precinct Data'!$AD$1:$AD$379,0) -> 329 | C10: {=INDEX('Precinct Data'!$H$1:$H$379,$B10)} -> NAZARETH BORO 1ST WARD | D10: {=INDEX('Precinct Data'!$B$1:$B$379,$B10)} -> Northampton | E10: {=INDEX('Precinct Data'!$W$1:$W$379,$B10)} -> -0.93055481 | F10: {=INDEX('Precinct Data'!$X$1:$X$379,$B10)} -> 0.33774038 | G10: {=INDEX('Precinct Data'!$M$1:$M$379,$B10)} -> 477 | H10: {=INDEX('Precinct Data'!$S$1:$S$379,$B10)} -> 953 | I10: {=INDEX('Precinct Data'!$O$1:$O$379,$B10)} -> 601 | J10: {=INDEX('Precinct Data'!$T$1:$T$379,$B10)} -> 1206 | K10: {=INDEX('Baseline Rows'!$N$1:$N$366,MATCH($C10,'Baseline Rows'!$C$1:$C$366,0))} -> 490 | L10: {=INDEX('Baseline Rows'!$O$1:$O$366,MATCH($C10,'Baseline Rows'!$C$1:$C$366,0))} -> 488 | M10: =K10/(K10+L10) -> 0.50102249
A11: 7 | B11: =MATCH(A11,'Precinct Data'!$AD$1:$AD$379,0) -> 333 | C11: {=INDEX('Precinct Data'!$H$1:$H$379,$B11)} -> NORTH CATASAUQUA 2ND WARD | D11: {=INDEX('Precinct Data'!$B$1:$B$379,$B11)} -> Northampton | E11: {=INDEX('Precinct Data'!$W$1:$W$379,$B11)} -> 0.9820448 | F11: {=INDEX('Precinct Data'!$X$1:$X$379,$B11)} -> 0.98823052 | G11: {=INDEX('Precinct Data'!$M$1:$M$379,$B11)} -> 476 | H11: {=INDEX('Precinct Data'!$S$1:$S$379,$B11)} -> 916 | I11: {=INDEX('Precinct Data'!$O$1:$O$379,$B11)} -> 625 | J11: {=INDEX('Precinct Data'!$T$1:$T$379,$B11)} -> 1238 | K11: {=INDEX('Baseline Rows'!$N$1:$N$366,MATCH($C11,'Baseline Rows'!$C$1:$C$366,0))} -> 530 | L11: {=INDEX('Baseline Rows'!$O$1:$O$366,MATCH($C11,'Baseline Rows'!$C$1:$C$366,0))} -> 519 | M11: =K11/(K11+L11) -> 0.50524309
A12: 8 | B12: =MATCH(A12,'Precinct Data'!$AD$1:$AD$379,0) -> 149 | C12: {=INDEX('Precinct Data'!$H$1:$H$379,$B12)} -> LOWER MACUNGIE 10TH DISTRICT | D12: {=INDEX('Precinct Data'!$B$1:$B$379,$B12)} -> Lehigh | E12: {=INDEX('Precinct Data'!$W$1:$W$379,$B12)} -> -0.28719565 | F12: {=INDEX('Precinct Data'!$X$1:$X$379,$B12)} -> -1.0621841 | G12: {=INDEX('Precinct Data'!$M$1:$M$379,$B12)} -> 765 | H12: {=INDEX('Precinct Data'!$S$1:$S$379,$B12)} -> 1509 | I12: {=INDEX('Precinct Data'!$O$1:$O$379,$B12)} -> 928 | J12: {=INDEX('Precinct Data'!$T$1:$T$379,$B12)} -> 1916 | K12: {=INDEX('Baseline Rows'!$N$1:$N$366,MATCH($C12,'Baseline Rows'!$C$1:$C$366,0))} -> 757 | L12: {=INDEX('Baseline Rows'!$O$1:$O$366,MATCH($C12,'Baseline Rows'!$C$1:$C$366,0))} -> 783 | M12: =K12/(K12+L12) -> 0.49155844
A13: 9 | B13: =MATCH(A13,'Precinct Data'!$AD$1:$AD$379,0) -> 140 | C13: {=INDEX('Precinct Data'!$H$1:$H$379,$B13)} -> LOWER MACUNGIE 1ST DISTRICT | D13: {=INDEX('Precinct Data'!$B$1:$B$379,$B13)} -> Lehigh | E13: {=INDEX('Precinct Data'!$W$1:$W$379,$B13)} -> 1.090439 | F13: {=INDEX('Precinct Data'!$X$1:$X$379,$B13)} -> 0.068396914 | G13: {=INDEX('Precinct Data'!$M$1:$M$379,$B13)} -> 879 | H13: {=INDEX('Precinct Data'!$S$1:$S$379,$B13)} -> 1688 | I13: {=INDEX('Precinct Data'!$O$1:$O$379,$B13)} -> 1082 | J13: {=INDEX('Precinct Data'!$T$1:$T$379,$B13)} -> 2183 | K13: {=INDEX('Baseline Rows'!$N$1:$N$366,MATCH($C13,'Baseline Rows'!$C$1:$C$366,0))} -> 860 | L13: {=INDEX('Baseline Rows'!$O$1:$O$366,MATCH($C13,'Baseline Rows'!$C$1:$C$366,0))} -> 835 | M13: =K13/(K13+L13) -> 0.50737463
A14: 10 | B14: =MATCH(A14,'Precinct Data'!$AD$1:$AD$379,0) -> 335 | C14: {=INDEX('Precinct Data'!$H$1:$H$379,$B14)} -> NORTHAMPTON BORO 2ND WARD | D14: {=INDEX('Precinct Data'!$B$1:$B$379,$B14)} -> Northampton | E14: {=INDEX('Precinct Data'!$W$1:$W$379,$B14)} -> -0.26359624 | F14: {=INDEX('Precinct Data'!$X$1:$X$379,$B14)} -> -1.141159 | G14: {=INDEX('Precinct Data'!$M$1:$M$379,$B14)} -> 423 | H14: {=INDEX('Precinct Data'!$S$1:$S$379,$B14)} -> 834 | I14: {=INDEX('Precinct Data'!$O$1:$O$379,$B14)} -> 588 | J14: {=INDEX('Precinct Data'!$T$1:$T$379,$B14)} -> 1216 | K14: {=INDEX('Baseline Rows'!$N$1:$N$366,MATCH($C14,'Baseline Rows'!$C$1:$C$366,0))} -> 419 | L14: {=INDEX('Baseline Rows'!$O$1:$O$366,MATCH($C14,'Baseline Rows'!$C$1:$C$366,0))} -> 449 | M14: =K14/(K14+L14) -> 0.48271889
C15: Set combined | G15: =SUM(G5:G14) -> 7010 | H15: =SUM(H5:H14) -> 13706 | I15: =SUM(I5:I14) -> 8644 | J15: =SUM(J5:J14) -> 17509 | K15: =SUM(K5:K14) -> 7011 | L15: =SUM(L5:L14) -> 7003 | M15: =K15/(K15+L15) -> 0.50028543
A18: Set gap, 2022 (pts) | C18: =(G15/H15-District!B6)*100 -> 0.16246303
A19: Set gap, 2024 (pts) | C19: =(I15/J15-District!B7)*100 -> -0.12752615
A20: Offset: average of the two gaps (pts) | C20: =AVERAGE(C18:C19) -> 0.017468439
A21: Baseline prediction for the set | C21: =M15 -> 0.50028543
A22: Bellwether reading of the district (set prediction − offset) | C22: =C21-C20/100 -> 0.50011074
A23: Baseline district prediction (all precincts) | C23: =SUM('Baseline Rows'!$N$2:$N$366)/(SUM('Baseline Rows'!$N$2:$N$366)+SUM('Baseline Rows'!$O$2:$O$366)) -> 0.49494302
A24: Weight on baseline (from Summary) | C24: =Summary!$C$5 -> 0.5
A25: Baseline + bellwether | C25: =C24*C23+(1-C24)*C22 -> 0.49752688

Sheet Precinct Data
A1: Precinct key | B1: County | C1: Municipality | D1: DOS code | E1: Exists on 2026 lines | F1: Name in 2022 backtest | G1: Name in 2024 backtest | H1: Name in 2026 forecast | I1: House D 2018 | J1: House R 2018 | K1: House D 2020 | L1: House R 2020 | M1: House D 2022 | N1: House R 2022 | O1: House D 2024 | P1: House R 2024 | Q1: Votes 2018 | R1: Votes 2020 | S1: Votes 2022 | T1: Votes 2024 | U1: Gap 2018 | V1: Gap 2020 | W1: Gap 2022 | X1: Gap 2024 | Y1: Score for 2022 (2018+2020) | Z1: Rank for 2022 | AA1: Score for 2024 (2020+2022) | AB1: Rank for 2024 | AC1: Score for 2026 (2022+2024) | AD1: Rank for 2026
A2: Carbon | BANKS | 10 | B2: Carbon | C2: BANKS | D2: 10 | E2: Yes | F2: BANKS TOWNSHIP | H2: BANKS TOWNSHIP | I2: 160 | J2: 221 | K2: 171 | L2: 332 | M2: 137 | N2: 249 | O2: 181 | P2: 285 | Q2: =IF(COUNT(I2:J2)=2,I2+J2,0) -> 381 | R2: =IF(COUNT(K2:L2)=2,K2+L2,0) -> 503 | S2: =IF(COUNT(M2:N2)=2,M2+N2,0) -> 386 | T2: =IF(COUNT(O2:P2)=2,O2+P2,0) -> 466 | U2: =IF(Q2>0,(I2/Q2-District!$B$4)*100,"") -> -11.417483 | V2: =IF(R2>0,(K2/R2-District!$B$5)*100,"") -> -15.753948 | W2: =IF(S2>0,(M2/S2-District!$B$6)*100,"") -> -15.490793 | X2: =IF(T2>0,(O2/T2-District!$B$7)*100,"") -> -10.65522 | Y2: =IF(AND(E2="Yes",Q2>=300,R2>=300,F2<>""),MAX(ABS(U2),ABS(V2))-R2/1000000000,"") -> 15.753947 | Z2: =IF(ISNUMBER(Y2),SUMPRODUCT(ISNUMBER($Y$2:$Y$379)*($Y$2:$Y$379<Y2))+1,"") -> 190 | AA2: =IF(AND(E2="Yes",R2>=300,S2>=300,G2<>""),MAX(ABS(V2),ABS(W2))-S2/1000000000,"") | AB2: =IF(ISNUMBER(AA2),SUMPRODUCT(ISNUMBER($AA$2:$AA$379)*($AA$2:$AA$379<AA2))+1,"") | AC2: =IF(AND(E2="Yes",S2>=300,T2>=300,H2<>""),MAX(ABS(W2),ABS(X2))-T2/1000000000,"") -> 15.490792 | AD2: =IF(ISNUMBER(AC2),SUMPRODUCT(ISNUMBER($AC$2:$AC$379)*($AC$2:$AC$379<AC2))+1,"") -> 195
A3: Carbon | BEAVER MEADOWS | 40 | B3: Carbon | C3: BEAVER MEADOWS | D3: 40 | E3: Yes | F3: BEAVER MEADOWS BOROUGH | H3: BEAVER MEADOWS BOROUGH | I3: 95 | J3: 192 | K3: 100 | L3: 303 | M3: 84 | N3: 230 | O3: 118 | P3: 300 | Q3: =IF(COUNT(I3:J3)=2,I3+J3,0) -> 287 | R3: =IF(COUNT(K3:L3)=2,K3+L3,0) -> 403 | S3: =IF(COUNT(M3:N3)=2,M3+N3,0) -> 314 | T3: =IF(COUNT(O3:P3)=2,O3+P3,0) -> 418 | U3: =IF(Q3>0,(I3/Q3-District!$B$4)*100,"") -> -20.311188 | V3: =IF(R3>0,(K3/R3-District!$B$5)*100,"") -> -24.936076 | W3: =IF(S3>0,(M3/S3-District!$B$6)*100,"") -> -24.231428 | X3: =IF(T3>0,(O3/T3-District!$B$7)*100,"") -> -21.266757 | Y3: =IF(AND(E3="Yes",Q3>=300,R3>=300,F3<>""),MAX(ABS(U3),ABS(V3))-R3/1000000000,"") | Z3: =IF(ISNUMBER(Y3),SUMPRODUCT(ISNUMBER($Y$2:$Y$379)*($Y$2:$Y$379<Y3))+1,"") | AA3: =IF(AND(E3="Yes",R3>=300,S3>=300,G3<>""),MAX(ABS(V3),ABS(W3))-S3/1000000000,"") | AB3: =IF(ISNUMBER(AA3),SUMPRODUCT(ISNUMBER($AA$2:$AA$379)*($AA$2:$AA$379<AA3))+1,"") | AC3: =IF(AND(E3="Yes",S3>=300,T3>=300,H3<>""),MAX(ABS(W3),ABS(X3))-T3/1000000000,"") -> 24.231428 | AD3: =IF(ISNUMBER(AC3),SUMPRODUCT(ISNUMBER($AC$2:$AC$379)*($AC$2:$AC$379<AC3))+1,"") -> 270
A4: Carbon | BOWMANSTOWN | 50 | B4: Carbon | C4: BOWMANSTOWN | D4: 50 | E4: Yes | F4: BOWMANSTOWN BOROUGH | H4: BOWMANSTOWN BOROUGH | I4: 110 | J4: 175 | K4: 111 | L4: 317 | M4: 125 | N4: 223 | O4: 144 | P4: 310 | Q4: =IF(COUNT(I4:J4)=2,I4+J4,0) -> 285 | R4: =IF(COUNT(K4:L4)=2,K4+L4,0) -> 428 | S4: =IF(COUNT(M4:N4)=2,M4+N4,0) -> 348 | T4: =IF(COUNT(O4:P4)=2,O4+P4,0) -> 454 | U4: =IF(Q4>0,(I4/Q4-District!$B$4)*100,"") -> -14.815742 | V4: =IF(R4>0,(K4/R4-District!$B$5)*100,"") -> -23.815392 | W4: =IF(S4>0,(M4/S4-District!$B$6)*100,"") -> -15.06348 | X4: =IF(T4>0,(O4/T4-District!$B$7)*100,"") -> -17.77836 | Y4: =IF(AND(E4="Yes",Q4>=300,R4>=300,F4<>""),MAX(ABS(U4),ABS(V4))-R4/1000000000,"") | Z4: =IF(ISNUMBER(Y4),SUMPRODUCT(ISNUMBER($Y$2:$Y$379)*($Y$2:$Y$379<Y4))+1,"") | AA4: =IF(AND(E4="Yes",R4>=300,S4>=300,G4<>""),MAX(ABS(V4),ABS(W4))-S4/1000000000,"") | AB4: =IF(ISNUMBER(AA4),SUMPRODUCT(ISNUMBER($AA$2:$AA$379)*($AA$2:$AA$379<AA4))+1,"") | AC4: =IF(AND(E4="Yes",S4>=300,T4>=300,H4<>""),MAX(ABS(W4),ABS(X4))-T4/1000000000,"") -> 17.77836 | AD4: =IF(ISNUMBER(AC4),SUMPRODUCT(ISNUMBER($AC$2:$AC$379)*($AC$2:$AC$379<AC4))+1,"") -> 220
A5: Carbon | EAST PENN | 60 | B5: Carbon | C5: EAST PENN | D5: 60 | E5: Yes | F5: EAST PENN TOWNSHIP-NORTH | H5: EAST PENN TOWNSHIP-NORTH | I5: 201 | J5: 409 | K5: 196 | L5: 587 | M5: 195 | N5: 503 | O5: 204 | P5: 643 | Q5: =IF(COUNT(I5:J5)=2,I5+J5,0) -> 610 | R5: =IF(COUNT(K5:L5)=2,K5+L5,0) -> 783 | S5: =IF(COUNT(M5:N5)=2,M5+N5,0) -> 698 | T5: =IF(COUNT(O5:P5)=2,O5+P5,0) -> 847 | U5: =IF(Q5>0,(I5/Q5-District!$B$4)*100,"") -> -20.461414 | V5: =IF(R5>0,(K5/R5-District!$B$5)*100,"") -> -24.718043 | W5: =IF(S5>0,(M5/S5-District!$B$6)*100,"") -> -23.046058 | X5: =IF(T5>0,(O5/T5-District!$B$7)*100,"") -> -25.411416 | Y5: =IF(AND(E5="Yes",Q5>=300,R5>=300,F5<>""),MAX(ABS(U5),ABS(V5))-R5/1000000000,"") -> 24.718042 | Z5: =IF(ISNUMBER(Y5),SUMPRODUCT(ISNUMBER($Y$2:$Y$379)*($Y$2:$Y$379<Y5))+1,"") -> 262 | AA5: =IF(AND(E5="Yes",R5>=300,S5>=300,G5<>""),MAX(ABS(V5),ABS(W5))-S5/1000000000,"") | AB5: =IF(ISNUMBER(AA5),SUMPRODUCT(ISNUMBER($AA$2:$AA$379)*($AA$2:$AA$379<AA5))+1,"") | AC5: =IF(AND(E5="Yes",S5>=300,T5>=300,H5<>""),MAX(ABS(W5),ABS(X5))-T5/1000000000,"") -> 25.411415 | AD5: =IF(ISNUMBER(AC5),SUMPRODUCT(ISNUMBER($AC$2:$AC$379)*($AC$2:$AC$379<AC5))+1,"") -> 276
A6: Carbon | EAST PENN | 65 | B6: Carbon | C6: EAST PENN | D6: 65 | E6: Yes | F6: EAST PENN TOWNSHIP-SOUTH | H6: EAST PENN TOWNSHIP-SOUTH | I6: 168 | J6: 333 | K6: 194 | L6: 593 | M6: 177 | N6: 422 | O6: 234 | P6: 610 | Q6: =IF(COUNT(I6:J6)=2,I6+J6,0) -> 501 | R6: =IF(COUNT(K6:L6)=2,K6+L6,0) -> 787 | S6: =IF(COUNT(M6:N6)=2,M6+N6,0) -> 599 | T6: =IF(COUNT(O6:P6)=2,O6+P6,0) -> 844 | U6: =IF(Q6>0,(I6/Q6-District!$B$4)*100,"") -> -19.879299 | V6: =IF(R6>0,(K6/R6-District!$B$5)*100,"") -> -25.0994 | W6: =IF(S6>0,(M6/S6-District!$B$6)*100,"") -> -21.433772 | X6: =IF(T6>0,(O6/T6-District!$B$7)*100,"") -> -21.771304 | Y6: =IF(AND(E6="Yes",Q6>=300,R6>=300,F6<>""),MAX(ABS(U6),ABS(V6))-R6/1000000000,"") -> 25.099399 | Z6: =IF(ISNUMBER(Y6),SUMPRODUCT(ISNUMBER($Y$2:$Y$379)*($Y$2:$Y$379<Y6))+1,"") -> 264 | AA6: =IF(AND(E6="Yes",R6>=300,S6>=300,G6<>""),MAX(ABS(V6),ABS(W6))-S6/1000000000,"") | AB6: =IF(ISNUMBER(AA6),SUMPRODUCT(ISNUMBER($AA$2:$AA$379)*($AA$2:$AA$379<AA6))+1,"") | AC6: =IF(AND(E6="Yes",S6>=300,T6>=300,H6<>""),MAX(ABS(W6),ABS(X6))-T6/1000000000,"") -> 21.771303 | AD6: =IF(ISNUMBER(AC6),SUMPRODUCT(ISNUMBER($AC$2:$AC$379)*($AC$2:$AC$379<AC6))+1,"") -> 254
A7: Carbon | EAST SIDE | 70 | B7: Carbon | C7: EAST SIDE | D7: 70 | E7: Yes | F7: EAST SIDE BOROUGH | G7: EAST SIDE BOROUGH | H7: EAST SIDE BOROUGH | I7: 34 | J7: 43 | K7: 47 | L7: 74 | M7: 33 | N7: 61 | O7: 38 | P7: 78 | Q7: =IF(COUNT(I7:J7)=2,I7+J7,0) -> 77 | R7: =IF(COUNT(K7:L7)=2,K7+L7,0) -> 121 | S7: =IF(COUNT(M7:N7)=2,M7+N7,0) -> 94 | T7: =IF(COUNT(O7:P7)=2,O7+P7,0) -> 116 | U7: =IF(Q7>0,(I7/Q7-District!$B$4)*100,"") -> -9.2563895 | V7: =IF(R7>0,(K7/R7-District!$B$5)*100,"") -> -10.906996 | W7: =IF(S7>0,(M7/S7-District!$B$6)*100,"") -> -15.876638 | X7: =IF(T7>0,(O7/T7-District!$B$7)*100,"") -> -16.737801 | Y7: =IF(AND(E7="Yes",Q7>=300,R7>=300,F7<>""),MAX(ABS(U7),ABS(V7))-R7/1000000000,"") | Z7: =IF(ISNUMBER(Y7),SUMPRODUCT(ISNUMBER($Y$2:$Y$379)*($Y$2:$Y$379<Y7))+1,"") | AA7: =IF(AND(E7="Yes",R7>=300,S7>=300,G7<>""),MAX(ABS(V7),ABS(W7))-S7/1000000000,"") | AB7: =IF(ISNUMBER(AA7),SUMPRODUCT(ISNUMBER($AA$2:$AA$379)*($AA$2:$AA$379<AA7))+1,"") | AC7: =IF(AND(E7="Yes",S7>=300,T7>=300,H7<>""),MAX(ABS(W7),ABS(X7))-T7/1000000000,"") | AD7: =IF(ISNUMBER(AC7),SUMPRODUCT(ISNUMBER($AC$2:$AC$379)*($AC$2:$AC$379<AC7))+1,"")
A8: Carbon | FRANKLIN | 80 | B8: Carbon | C8: FRANKLIN | D8: 80 | E8: Yes | F8: FRANKLIN TOWNSHIP-IND DIST | H8: FRANKLIN TOWNSHIP-IND DIST | I8: 132 | J8: 254 | K8: 163 | L8: 443 | M8: 133 | N8: 321 | O8: 164 | P8: 451 | Q8: =IF(COUNT(I8:J8)=2,I8+J8,0) -> 386 | R8: =IF(COUNT(K8:L8)=2,K8+L8,0) -> 606 | S8: =IF(COUNT(M8:N8)=2,M8+N8,0) -> 454 | T8: =IF(COUNT(O8:P8)=2,O8+P8,0) -> 615 | U8: =IF(Q8>0,(I8/Q8-District!$B$4)*100,"") -> -19.215342 | V8: =IF(R8>0,(K8/R8-District!$B$5)*100,"") -> -22.852282 | W8: =IF(S8>0,(M8/S8-District!$B$6)*100,"") -> -21.687867 | X8: =IF(T8>0,(O8/T8-District!$B$7)*100,"") -> -22.829755 | Y8: =IF(AND(E8="Yes",Q8>=300,R8>=300,F8<>""),MAX(ABS(U8),ABS(V8))-R8/1000000000,"") -> 22.852281 | Z8: =IF(ISNUMBER(Y8),SUMPRODUCT(ISNUMBER($Y$2:$Y$379)*($Y$2:$Y$379<Y8))+1,"") -> 250 | AA8: =IF(AND(E8="Yes",R8>=300,S8>=300,G8<>""),MAX(ABS(V8),ABS(W8))-S8/1000000000,"") | AB8: =IF(ISNUMBER(AA8),SUMPRODUCT(ISNUMBER($AA$2:$AA$379)*($AA$2:$AA$379<AA8))+1,"") | AC8: =IF(AND(E8="Yes",S8>=300,T8>=300,H8<>""),MAX(ABS(W8),ABS(X8))-T8/1000000000,"") -> 22.829755 | AD8: =IF(ISNUMBER(AC8),SUMPRODUCT(ISNUMBER($AC$2:$AC$379)*($AC$2:$AC$379<AC8))+1,"") -> 261
A9: Carbon | FRANKLIN | 90 | B9: Carbon | C9: FRANKLIN | D9: 90 | E9: Yes | F9: FRANKLIN TOWNSHIP-HARRITY | H9: FRANKLIN TOWNSHIP-HARRITY | I9: 245 | J9: 473 | K9: 268 | L9: 753 | M9: 250 | N9: 589 | O9: 309 | P9: 765 | Q9: =IF(COUNT(I9:J9)=2,I9+J9,0) -> 718 | R9: =IF(COUNT(K9:L9)=2,K9+L9,0) -> 1021 | S9: =IF(COUNT(M9:N9)=2,M9+N9,0) -> 839 | T9: =IF(COUNT(O9:P9)=2,O9+P9,0) -> 1074 | U9: =IF(Q9>0,(I9/Q9-District!$B$4)*100,"") -> -19.289671 | V9: =IF(R9>0,(K9/R9-District!$B$5)*100,"") -> -23.501196 | W9: =IF(S9>0,(M9/S9-District!$B$6)*100,"") -> -21.185643 | X9: =IF(T9>0,(O9/T9-District!$B$7)*100,"") -> -20.725472 | Y9: =IF(AND(E9="Yes",Q9>=300,R9>=300,F9<>""),MAX(ABS(U9),ABS(V9))-R9/1000000000,"") -> 23.501195 | Z9: =IF(ISNUMBER(Y9),SUMPRODUCT(ISNUMBER($Y$2:$Y$379)*($Y$2:$Y$379<Y9))+1,"") -> 257 | AA9: =IF(AND(E9="Yes",R9>=300,S9>=300,G9<>""),MAX(ABS(V9),ABS(W9))-S9/1000000000,"") | AB9: =IF(ISNUMBER(AA9),SUMPRODUCT(ISNUMBER($AA$2:$AA$379)*($AA$2:$AA$379<AA9))+1,"") | AC9: =IF(AND(E9="Yes",S9>=300,T9>=300,H9<>""),MAX(ABS(W9),ABS(X9))-T9/1000000000,"") -> 21.185642 | AD9: =IF(ISNUMBER(AC9),SUMPRODUCT(ISNUMBER($AC$2:$AC$379)*($AC$2:$AC$379<AC9))+1,"") -> 251
A10: Carbon | FRANKLIN | 100 | B10: Carbon | C10: FRANKLIN | D10: 100 | E10: Yes | F10: FRANKLIN TOWNSHIP-LONG RUN | H10: FRANKLIN TOWNSHIP-LONG RUN | I10: 159 | J10: 395 | K10: 200 | L10: 632 | M10: 177 | N10: 488 | O10: 235 | P10: 630 | Q10: =IF(COUNT(I10:J10)=2,I10+J10,0) -> 554 | R10: =IF(COUNT(K10:L10)=2,K10+L10,0) -> 832 | S10: =IF(COUNT(M10:N10)=2,M10+N10,0) -> 665 | T10: =IF(COUNT(O10:P10)=2,O10+P10,0) -> 865 | U10: =IF(Q10>0,(I10/Q10-District!$B$4)*100,"") -> -24.711873 | V10: =IF(R10>0,(K10/R10-District!$B$5)*100,"") -> -25.71151 | W10: =IF(S10>0,(M10/S10-District!$B$6)*100,"") -> -24.366479 | X10: =IF(T10>0,(O10/T10-District!$B$7)*100,"") -> -22.328792 | Y10: =IF(AND(E10="Yes",Q10>=300,R10>=300,F10<>""),MAX(ABS(U10),ABS(V10))-R10/1000000000,"") -> 25.711509 | Z10: =IF(ISNUMBER(Y10),SUMPRODUCT(ISNUMBER($Y$2:$Y$379)*($Y$2:$Y$379<Y10))+1,"") -> 267 | AA10: =IF(AND(E10="Yes",R10>=300,S10>=300,G10<>""),MAX(ABS(V10),ABS(W10))-S10/1000000000,"") | AB10: =IF(ISNUMBER(AA10),SUMPRODUCT(ISNUMBER($AA$2:$AA$379)*($AA$2:$AA$379<AA10))+1,"") | AC10: =IF(AND(E10="Yes",S10>=300,T10>=300,H10<>""),MAX(ABS(W10),ABS(X10))-T10/1000000000,"") -> 24.366478 | AD10: =IF(ISNUMBER(AC10),SUMPRODUCT(ISNUMBER($AC$2:$AC$379)*($AC$2:$AC$379<AC10))+1,"") -> 271
A11: Carbon | JIM THORPE | 110 | B11: Carbon | C11: JIM THORPE | D11: 110 | E11: Yes | F11: JIM THORPE BOROUGH-1ST | H11: JIM THORPE BOROUGH-1ST | I11: 218 | J11: 182 | K11: 231 | L11: 313 | M11: 200 | N11: 240 | O11: 234 | P11: 298 | Q11: =IF(COUNT(I11:J11)=2,I11+J11,0) -> 400 | R11: =IF(COUNT(K11:L11)=2,K11+L11,0) -> 544 | S11: =IF(COUNT(M11:N11)=2,M11+N11,0) -> 440 | T11: =IF(COUNT(O11:P11)=2,O11+P11,0) -> 532 | U11: =IF(Q11>0,(I11/Q11-District!$B$4)*100,"") -> 1.0877664 | V11: =IF(R11>0,(K11/R11-District!$B$5)*100,"") -> -7.2867363 | W11: =IF(S11>0,(M11/S11-District!$B$6)*100,"") -> -5.5284752 | X11: =IF(T11>0,(O11/T11-District!$B$7)*100,"") -> -5.5114597 | Y11: =IF(AND(E11="Yes",Q11>=300,R11>=300,F11<>""),MAX(ABS(U11),ABS(V11))-R11/1000000000,"") -> 7.2867358 | Z11: =IF(ISNUMBER(Y11),SUMPRODUCT(ISNUMBER($Y$2:$Y$379)*($Y$2:$Y$379<Y11))+1,"") -> 101 | AA11: =IF(AND(E11="Yes",R11>=300,S11>=300,G11<>""),MAX(ABS(V11),ABS(W11))-S11/1000000000,"") | AB11: =IF(ISNUMBER(AA11),SUMPRODUCT(ISNUMBER($AA$2:$AA$379)*($AA$2:$AA$379<AA11))+1,"") | AC11: =IF(AND(E11="Yes",S11>=300,T11>=300,H11<>""),MAX(ABS(W11),ABS(X11))-T11/1000000000,"") -> 5.5284747 | AD11: =IF(ISNUMBER(AC11),SUMPRODUCT(ISNUMBER($AC$2:$AC$379)*($AC$2:$AC$379<AC11))+1,"") -> 86
A12: Carbon | JIM THORPE | 120 | B12: Carbon | C12: JIM THORPE | D12: 120 | E12: Yes | F12: JIM THORPE BOROUGH-2ND | H12: JIM THORPE BOROUGH-2ND | I12: 110 | J12: 146 | K12: 147 | L12: 243 | M12: 136 | N12: 161 | O12: 164 | P12: 227 | Q12: =IF(COUNT(I12:J12)=2,I12+J12,0) -> 256 | R12: =IF(COUNT(K12:L12)=2,K12+L12,0) -> 390 | S12: =IF(COUNT(M12:N12)=2,M12+N12,0) -> 297 | T12: =IF(COUNT(O12:P12)=2,O12+P12,0) -> 391 | U12: =IF(Q12>0,(I12/Q12-District!$B$4)*100,"") -> -10.443484 | V12: =IF(R12>0,(K12/R12-District!$B$5)*100,"") -> -12.057664 | W12: =IF(S12>0,(M12/S12-District!$B$6)*100,"") -> -5.1917749 | X12: =IF(T12>0,(O12/T12-District!$B$7)*100,"") -> -7.5526881 | Y12: =IF(AND(E12="Yes",Q12>=300,R12>=300,F12<>""),MAX(ABS(U12),ABS(V12))-R12/1000000000,"") | Z12: =IF(ISNUMBER(Y12),SUMPRODUCT(ISNUMBER($Y$2:$Y$379)*($Y$2:$Y$379<Y12))+1,"") | AA12: =IF(AND(E12="Yes",R12>=300,S12>=300,G12<>""),MAX(ABS(V12),ABS(W12))-S12/1000000000,"") | AB12: =IF(ISNUMBER(AA12),SUMPRODUCT(ISNUMBER($AA$2:$AA$379)*($AA$2:$AA$379<AA12))+1,"") | AC12: =IF(AND(E12="Yes",S12>=300,T12>=300,H12<>""),MAX(ABS(W12),ABS(X12))-T12/1000000000,"") | AD12: =IF(ISNUMBER(AC12),SUMPRODUCT(ISNUMBER($AC$2:$AC$379)*($AC$2:$AC$379<AC12))+1,"")
A13: Carbon | JIM THORPE | 130 | B13: Carbon | C13: JIM THORPE | D13: 130 | E13: Yes | F13: JIM THORPE BOROUGH-3RD | H13: JIM THORPE BOROUGH-3RD | I13: 258 | J13: 302 | K13: 276 | L13: 451 | M13: 244 | N13: 381 | O13: 289 | P13: 466 | Q13: =IF(COUNT(I13:J13)=2,I13+J13,0) -> 560 | R13: =IF(COUNT(K13:L13)=2,K13+L13,0) -> 727 | S13: =IF(COUNT(M13:N13)=2,M13+N13,0) -> 625 | T13: =IF(COUNT(O13:P13)=2,O13+P13,0) -> 755 | U13: =IF(Q13>0,(I13/Q13-District!$B$4)*100,"") -> -7.3408051 | V13: =IF(R13>0,(K13/R13-District!$B$5)*100,"") -> -11.785735 | W13: =IF(S13>0,(M13/S13-District!$B$6)*100,"") -> -11.943021 | X13: =IF(T13>0,(O13/T13-District!$B$7)*100,"") -> -11.218276 | Y13: =IF(AND(E13="Yes",Q13>=300,R13>=300,F13<>""),MAX(ABS(U13),ABS(V13))-R13/1000000000,"") -> 11.785734 | Z13: =IF(ISNUMBER(Y13),SUMPRODUCT(ISNUMBER($Y$2:$Y$379)*($Y$2:$Y$379<Y13))+1,"") -> 143 | AA13: =IF(AND(E13="Yes",R13>=300,S13>=300,G13<>""),MAX(ABS(V13),ABS(W13))-S13/1000000000,"") | AB13: =IF(ISNUMBER(AA13),SUMPRODUCT(ISNUMBER($AA$2:$AA$379)*($AA$2:$AA$379<AA13))+1,"") | AC13: =IF(AND(E13="Yes",S13>=300,T13>=300,H13<>""),MAX(ABS(W13),ABS(X13))-T13/1000000000,"") -> 11.94302 | AD13: =IF(ISNUMBER(AC13),SUMPRODUCT(ISNUMBER($AC$2:$AC$379)*($AC$2:$AC$379<AC13))+1,"") -> 159
A14: Carbon | JIM THORPE | 140 | B14: Carbon | C14: JIM THORPE | D14: 140 | E14: Yes | F14: JIM THORPE BOROUGH-4TH | H14: JIM THORPE BOROUGH-4TH | I14: 133 | J14: 94 | K14: 158 | L14: 142 | M14: 141 | N14: 108 | O14: 139 | P14: 135 | Q14: =IF(COUNT(I14:J14)=2,I14+J14,0) -> 227 | R14: =IF(COUNT(K14:L14)=2,K14+L14,0) -> 300 | S14: =IF(COUNT(M14:N14)=2,M14+N14,0) -> 249 | T14: =IF(COUNT(O14:P14)=2,O14+P14,0) -> 274 | U14: =IF(Q14>0,(I14/Q14-District!$B$4)*100,"") -> 5.1780747 | V14: =IF(R14>0,(K14/R14-District!$B$5)*100,"") -> 2.9166951 | W14: =IF(S14>0,(M14/S14-District!$B$6)*100,"") -> 5.6434853 | X14: =IF(T14>0,(O14/T14-District!$B$7)*100,"") -> 1.2335049 | Y14: =IF(AND(E14="Yes",Q14>=300,R14>=300,F14<>""),MAX(ABS(U14),ABS(V14))-R14/1000000000,"") | Z14: =IF(ISNUMBER(Y14),SUMPRODUCT(ISNUMBER($Y$2:$Y$379)*($Y$2:$Y$379<Y14))+1,"") | AA14: =IF(AND(E14="Yes",R14>=300,S14>=300,G14<>""),MAX(ABS(V14),ABS(W14))-S14/1000000000,"") | AB14: =IF(ISNUMBER(AA14),SUMPRODUCT(ISNUMBER($AA$2:$AA$379)*($AA$2:$AA$379<AA14))+1,"") | AC14: =IF(AND(E14="Yes",S14>=300,T14>=300,H14<>""),MAX(ABS(W14),ABS(X14))-T14/1000000000,"") | AD14: =IF(ISNUMBER(AC14),SUMPRODUCT(ISNUMBER($AC$2:$AC$379)*($AC$2:$AC$379<AC14))+1,"")
A15: Carbon | JIM THORPE | 150 | B15: Carbon | C15: JIM THORPE | D15: 150 | E15: Yes | F15: JIM THORPE BOROUGH-5TH | H15: JIM THORPE BOROUGH-5TH | I15: 193 | J15: 225 | K15: 248 | L15: 368 | M15: 258 | N15: 267 | O15: 278 | P15: 355 | Q15: =IF(COUNT(I15:J15)=2,I15+J15,0) -> 418 | R15: =IF(COUNT(K15:L15)=2,K15+L15,0) -> 616 | S15: =IF(COUNT(M15:N15)=2,M15+N15,0) -> 525 | T15: =IF(COUNT(O15:P15)=2,O15+P15,0) -> 633 | U15: =IF(Q15>0,(I15/Q15-District!$B$4)*100,"") -> -7.2399848 | V15: =IF(R15>0,(K15/R15-District!$B$5)*100,"") -> -9.4902313 | W15: =IF(S15>0,(M15/S15-District!$B$6)*100,"") -> -1.8401636 | X15: =IF(T15>0,(O15/T15-District!$B$7)*100,"") -> -5.5785706 | Y15: =IF(AND(E15="Yes",Q15>=300,R15>=300,F15<>""),MAX(ABS(U15),ABS(V15))-R15/1000000000,"") -> 9.4902307 | Z15: =IF(ISNUMBER(Y15),SUMPRODUCT(ISNUMBER($Y$2:$Y$379)*($Y$2:$Y$379<Y15))+1,"") -> 121 | AA15: =IF(AND(E15="Yes",R15>=300,S15>=300,G15<>""),MAX(ABS(V15),ABS(W15))-S15/1000000000,"") | AB15: =IF(ISNUMBER(AA15),SUMPRODUCT(ISNUMBER($AA$2:$AA$379)*($AA$2:$AA$379<AA15))+1,"") | AC15: =IF(AND(E15="Yes",S15>=300,T15>=300,H15<>""),MAX(ABS(W15),ABS(X15))-T15/1000000000,"") -> 5.57857 | AD15: =IF(ISNUMBER(AC15),SUMPRODUCT(ISNUMBER($AC$2:$AC$379)*($AC$2:$AC$379<AC15))+1,"") -> 88
A16: Carbon | KIDDER | 160 | B16: Carbon | C16: KIDDER | D16: 160 | E16: Yes | F16: KIDDER TOWNSHIP-NORTH | H16: KIDDER TOWNSHIP-NORTH | I16: 82 | J16: 131 | K16: 98 | L16: 208 | M16: 89 | N16: 161 | O16: 121 | P16: 204 | Q16: =IF(COUNT(I16:J16)=2,I16+J16,0) -> 213 | R16: =IF(COUNT(K16:L16)=2,K16+L16,0) -> 306 | S16: =IF(COUNT(M16:N16)=2,M16+N16,0) -> 250 | T16: =IF(COUNT(O16:P16)=2,O16+P16,0) -> 325 | U16: =IF(Q16>0,(I16/Q16-District!$B$4)*100,"") -> -14.914581 | V16: =IF(R16>0,(K16/R16-District!$B$5)*100,"") -> -17.723828 | W16: =IF(S16>0,(M16/S16-District!$B$6)*100,"") -> -15.383021 | X16: =IF(T16>0,(O16/T16-District!$B$7)*100,"") -> -12.265653 | Y16: =IF(AND(E16="Yes",Q16>=300,R16>=300,F16<>""),MAX(ABS(U16),ABS(V16))-R16/1000000000,"") | Z16: =IF(ISNUMBER(Y16),SUMPRODUCT(ISNUMBER($Y$2:$Y$379)*($Y$2:$Y$379<Y16))+1,"") | AA16: =IF(AND(E16="Yes",R16>=300,S16>=300,G16<>""),MAX(ABS(V16),ABS(W16))-S16/1000000000,"") | AB16: =IF(ISNUMBER(AA16),SUMPRODUCT(ISNUMBER($AA$2:$AA$379)*($AA$2:$AA$379<AA16))+1,"") | AC16: =IF(AND(E16="Yes",S16>=300,T16>=300,H16<>""),MAX(ABS(W16),ABS(X16))-T16/1000000000,"") | AD16: =IF(ISNUMBER(AC16),SUMPRODUCT(ISNUMBER($AC$2:$AC$379)*($AC$2:$AC$379<AC16))+1,"")
A17: Carbon | KIDDER | 170 | B17: Carbon | C17: KIDDER | D17: 170 | E17: Yes | F17: KIDDER TOWNSHIP-SOUTH | H17: KIDDER TOWNSHIP-SOUTH | I17: 185 | J17: 364 | K17: 237 | L17: 558 | M17: 188 | N17: 399 | O17: 230 | P17: 493 | Q17: =IF(COUNT(I17:J17)=2,I17+J17,0) -> 549 | R17: =IF(COUNT(K17:L17)=2,K17+L17,0) -> 795 | S17: =IF(COUNT(M17:N17)=2,M17+N17,0) -> 587 | T17: =IF(COUNT(O17:P17)=2,O17+P17,0) -> 723 | U17: =IF(Q17>0,(I17/Q17-District!$B$4)*100,"") -> -19.714602 | V17: =IF(R17>0,(K17/R17-District!$B$5)*100,"") -> -19.938651 | W17: =IF(S17>0,(M17/S17-District!$B$6)*100,"") -> -18.955763 | X17: =IF(T17>0,(O17/T17-District!$B$7)*100,"") -> -17.684527 | Y17: =IF(AND(E17="Yes",Q17>=300,R17>=300,F17<>""),MAX(ABS(U17),ABS(V17))-R17/1000000000,"") -> 19.93865 | Z17: =IF(ISNUMBER(Y17),SUMPRODUCT(ISNUMBER($Y$2:$Y$379)*($Y$2:$Y$379<Y17))+1,"") -> 222 | AA17: =IF(AND(E17="Yes",R17>=300,S17>=300,G17<>""),MAX(ABS(V17),ABS(W17))-S17/1000000000,"") | AB17: =IF(ISNUMBER(AA17),SUMPRODUCT(ISNUMBER($AA$2:$AA$379)*($AA$2:$AA$379<AA17))+1,"") | AC17: =IF(AND(E17="Yes",S17>=300,T17>=300,H17<>""),MAX(ABS(W17),ABS(X17))-T17/1000000000,"") -> 18.955763 | AD17: =IF(ISNUMBER(AC17),SUMPRODUCT(ISNUMBER($AC$2:$AC$379)*($AC$2:$AC$379<AC17))+1,"") -> 230
A18: Carbon | LANSFORD | 180 | B18: Carbon | C18: LANSFORD | D18: 180 | E18: Yes | F18: LANSFORD BOROUGH - EAST WARD | H18: LANSFORD BOROUGH - EAST WARD | I18: 209 | J18: 211 | K18: 286 | L18: 390 | M18: 190 | N18: 293 | O18: 250 | P18: 394 | Q18: =IF(COUNT(I18:J18)=2,I18+J18,0) -> 420 | R18: =IF(COUNT(K18:L18)=2,K18+L18,0) -> 676 | S18: =IF(COUNT(M18:N18)=2,M18+N18,0) -> 483 | T18: =IF(COUNT(O18:P18)=2,O18+P18,0) -> 644 | U18: =IF(Q18>0,(I18/Q18-District!$B$4)*100,"") -> -3.6503289 | V18: =IF(R18>0,(K18/R18-District!$B$5)*100,"") -> -7.4422793 | W18: =IF(S18>0,(M18/S18-District!$B$6)*100,"") -> -11.645547 | X18: =IF(T18>0,(O18/T18-District!$B$7)*100,"") -> -10.676546 | Y18: =IF(AND(E18="Yes",Q18>=300,R18>=300,F18<>""),MAX(ABS(U18),ABS(V18))-R18/1000000000,"") -> 7.4422786 | Z18: =IF(ISNUMBER(Y18),SUMPRODUCT(ISNUMBER($Y$2:$Y$379)*($Y$2:$Y$379<Y18))+1,"") -> 104 | AA18: =IF(AND(E18="Yes",R18>=300,S18>=300,G18<>""),MAX(ABS(V18),ABS(W18))-S18/1000000000,"") | AB18: =IF(ISNUMBER(AA18),SUMPRODUCT(ISNUMBER($AA$2:$AA$379)*($AA$2:$AA$379<AA18))+1,"") | AC18: =IF(AND(E18="Yes",S18>=300,T18>=300,H18<>""),MAX(ABS(W18),ABS(X18))-T18/1000000000,"") -> 11.645546 | AD18: =IF(ISNUMBER(AC18),SUMPRODUCT(ISNUMBER($AC$2:$AC$379)*($AC$2:$AC$379<AC18))+1,"") -> 155
A19: Carbon | LANSFORD | 190 | B19: Carbon | C19: LANSFORD | D19: 190 | E19: Yes | F19: LANSFORD BOROUGH-MIDDLE WARD | H19: LANSFORD BOROUGH-MIDDLE WARD | I19: 132 | J19: 147 | K19: 170 | L19: 245 | M19: 122 | N19: 165 | O19: 160 | P19: 249 | Q19: =IF(COUNT(I19:J19)=2,I19+J19,0) -> 279 | R19: =IF(COUNT(K19:L19)=2,K19+L19,0) -> 415 | S19: =IF(COUNT(M19:N19)=2,M19+N19,0) -> 287 | T19: =IF(COUNT(O19:P19)=2,O19+P19,0) -> 409 | U19: =IF(Q19>0,(I19/Q19-District!$B$4)*100,"") -> -6.1004057 | V19: =IF(R19>0,(K19/R19-District!$B$5)*100,"") -> -8.7861162 | W19: =IF(S19>0,(M19/S19-District!$B$6)*100,"") -> -8.4743099 | X19: =IF(T19>0,(O19/T19-District!$B$7)*100,"") -> -10.376618 | Y19: =IF(AND(E19="Yes",Q19>=300,R19>=300,F19<>""),MAX(ABS(U19),ABS(V19))-R19/1000000000,"") | Z19: =IF(ISNUMBER(Y19),SUMPRODUCT(ISNUMBER($Y$2:$Y$379)*($Y$2:$Y$379<Y19))+1,"") | AA19: =IF(AND(E19="Yes",R19>=300,S19>=300,G19<>""),MAX(ABS(V19),ABS(W19))-S19/1000000000,"") | AB19: =IF(ISNUMBER(AA19),SUMPRODUCT(ISNUMBER($AA$2:$AA$379)*($AA$2:$AA$379<AA19))+1,"") | AC19: =IF(AND(E19="Yes",S19>=300,T19>=300,H19<>""),MAX(ABS(W19),ABS(X19))-T19/1000000000,"") | AD19: =IF(ISNUMBER(AC19),SUMPRODUCT(ISNUMBER($AC$2:$AC$379)*($AC$2:$AC$379<AC19))+1,"")
A20: Carbon | LANSFORD | 200 | B20: Carbon | C20: LANSFORD | D20: 200 | E20: Yes | F20: LANSFORD BOROUGH-WEST WARD | G20: LANSFORD BOROUGH-WEST WARD | H20: LANSFORD BOROUGH-WEST WARD | I20: 114 | J20: 109 | K20: 158 | L20: 211 | M20: 108 | N20: 122 | O20: 165 | P20: 237 | Q20: =IF(COUNT(I20:J20)=2,I20+J20,0) -> 223 | R20: =IF(COUNT(K20:L20)=2,K20+L20,0) -> 369 | S20: =IF(COUNT(M20:N20)=2,M20+N20,0) -> 230 | T20: =IF(COUNT(O20:P20)=2,O20+P20,0) -> 402 | U20: =IF(Q20>0,(I20/Q20-District!$B$4)*100,"") -> -2.2911574 | V20: =IF(R20>0,(K20/R20-District!$B$5)*100,"") -> -6.9315434 | W20: =IF(S20>0,(M20/S20-District!$B$6)*100,"") -> -4.026499 | X20: =IF(T20>0,(O20/T20-District!$B$7)*100,"") -> -8.451646 | Y20: =IF(AND(E20="Yes",Q20>=300,R20>=300,F20<>""),MAX(ABS(U20),ABS(V20))-R20/1000000000,"") | Z20: =IF(ISNUMBER(Y20),SUMPRODUCT(ISNUMBER($Y$2:$Y$379)*($Y$2:$Y$379<Y20))+1,"") | AA20: =IF(AND(E20="Yes",R20>=300,S20>=300,G20<>""),MAX(ABS(V20),ABS(W20))-S20/1000000000,"") | AB20: =IF(ISNUMBER(AA20),SUMPRODUCT(ISNUMBER($AA$2:$AA$379)*($AA$2:$AA$379<AA20))+1,"") | AC20: =IF(AND(E20="Yes",S20>=300,T20>=300,H20<>""),MAX(ABS(W20),ABS(X20))-T20/1000000000,"") | AD20: =IF(ISNUMBER(AC20),SUMPRODUCT(ISNUMBER($AC$2:$AC$379)*($AC$2:$AC$379<AC20))+1,"")
A21: Carbon | LAUSANNE | 210 | B21: Carbon | C21: LAUSANNE | D21: 210 | E21: Yes | F21: LAUSANNE TOWNSHIP | H21: LAUSANNE TOWNSHIP | I21: 29 | J21: 59 | K21: 42 | L21: 99 | M21: 36 | N21: 79 | O21: 38 | P21: 107 | Q21: =IF(COUNT(I21:J21)=2,I21+J21,0) -> 88 | R21: =IF(COUNT(K21:L21)=2,K21+L21,0) -> 141 | S21: =IF(COUNT(M21:N21)=2,M21+N21,0) -> 115 | T21: =IF(COUNT(O21:P21)=2,O21+P21,0) -> 145 | U21: =IF(Q21>0,(I21/Q21-District!$B$4)*100,"") -> -20.457688 | V21: =IF(R21>0,(K21/R21-District!$B$5)*100,"") -> -19.962738 | W21: =IF(S21>0,(M21/S21-District!$B$6)*100,"") -> -19.678673 | X21: =IF(T21>0,(O21/T21-District!$B$7)*100,"") -> -23.289526 | Y21: =IF(AND(E21="Yes",Q21>=300,R21>=300,F21<>""),MAX(ABS(U21),ABS(V21))-R21/1000000000,"") | Z21: =IF(ISNUMBER(Y21),SUMPRODUCT(ISNUMBER($Y$2:$Y$379)*($Y$2:$Y$379<Y21))+1,"") | AA21: =IF(AND(E21="Yes",R21>=300,S21>=300,G21<>""),MAX(ABS(V21),ABS(W21))-S21/1000000000,"") | AB21: =IF(ISNUMBER(AA21),SUMPRODUCT(ISNUMBER($AA$2:$AA$379)*($AA$2:$AA$379<AA21))+1,"") | AC21: =IF(AND(E21="Yes",S21>=300,T21>=300,H21<>""),MAX(ABS(W21),ABS(X21))-T21/1000000000,"") | AD21: =IF(ISNUMBER(AC21),SUMPRODUCT(ISNUMBER($AC$2:$AC$379)*($AC$2:$AC$379<AC21))+1,"")
A22: Carbon | LEHIGH | 220 | B22: Carbon | C22: LEHIGH | D22: 220 | E22: Yes | F22: LEHIGH TOWNSHIP | H22: LEHIGH TOWNSHIP | I22: 41 | J22: 163 | K22: 51 | L22: 223 | M22: 52 | N22: 189 | O22: 58 | P22: 216 | Q22: =IF(COUNT(I22:J22)=2,I22+J22,0) -> 204 | R22: =IF(COUNT(K22:L22)=2,K22+L22,0) -> 274 | S22: =IF(COUNT(M22:N22)=2,M22+N22,0) -> 241 | T22: =IF(COUNT(O22:P22)=2,O22+P22,0) -> 274 | U22: =IF(Q22>0,(I22/Q22-District!$B$4)*100,"") -> -33.314194 | V22: =IF(R22>0,(K22/R22-District!$B$5)*100,"") -> -31.136833 | W22: =IF(S22>0,(M22/S22-District!$B$6)*100,"") -> -29.406257 | X22: =IF(T22>0,(O22/T22-District!$B$7)*100,"") -> -28.328539 | Y22: =IF(AND(E22="Yes",Q22>=300,R22>=300,F22<>""),MAX(ABS(U22),ABS(V22))-R22/1000000000,"") | Z22: =IF(ISNUMBER(Y22),SUMPRODUCT(ISNUMBER($Y$2:$Y$379)*($Y$2:$Y$379<Y22))+1,"") | AA22: =IF(AND(E22="Yes",R22>=300,S22>=300,G22<>""),MAX(ABS(V22),ABS(W22))-S22/1000000000,"") | AB22: =IF(ISNUMBER(AA22),SUMPRODUCT(ISNUMBER($AA$2:$AA$379)*($AA$2:$AA$379<AA22))+1,"") | AC22: =IF(AND(E22="Yes",S22>=300,T22>=300,H22<>""),MAX(ABS(W22),ABS(X22))-T22/1000000000,"") | AD22: =IF(ISNUMBER(AC22),SUMPRODUCT(ISNUMBER($AC$2:$AC$379)*($AC$2:$AC$379<AC22))+1,"")
A23: Carbon | LEHIGHTON | 230 | B23: Carbon | C23: LEHIGHTON | D23: 230 | E23: Yes | F23: LEHIGHTON BOROUGH-1ST | H23: LEHIGHTON BOROUGH-1ST | I23: 226 | J23: 272 | K23: 294 | L23: 502 | M23: 233 | N23: 333 | O23: 328 | P23: 501 | Q23: =IF(COUNT(I23:J23)=2,I23+J23,0) -> 498 | R23: =IF(COUNT(K23:L23)=2,K23+L23,0) -> 796 | S23: =IF(COUNT(M23:N23)=2,M23+N23,0) -> 566 | T23: =IF(COUNT(O23:P23)=2,O23+P23,0) -> 829 | U23: =IF(Q23>0,(I23/Q23-District!$B$4)*100,"") -> -8.0307075 | V23: =IF(R23>0,(K23/R23-District!$B$5)*100,"") -> -12.815298 | W23: =IF(S23>0,(M23/S23-District!$B$6)*100,"") -> -9.816943 | X23: =IF(T23>0,(O23/T23-District!$B$7)*100,"") -> -9.9306803 | Y23: =IF(AND(E23="Yes",Q23>=300,R23>=300,F23<>""),MAX(ABS(U23),ABS(V23))-R23/1000000000,"") -> 12.815297 | Z23: =IF(ISNUMBER(Y23),SUMPRODUCT(ISNUMBER($Y$2:$Y$379)*($Y$2:$Y$379<Y23))+1,"") -> 152 | AA23: =IF(AND(E23="Yes",R23>=300,S23>=300,G23<>""),MAX(ABS(V23),ABS(W23))-S23/1000000000,"") | AB23: =IF(ISNUMBER(AA23),SUMPRODUCT(ISNUMBER($AA$2:$AA$379)*($AA$2:$AA$379<AA23))+1,"") | AC23: =IF(AND(E23="Yes",S23>=300,T23>=300,H23<>""),MAX(ABS(W23),ABS(X23))-T23/1000000000,"") -> 9.9306795 | AD23: =IF(ISNUMBER(AC23),SUMPRODUCT(ISNUMBER($AC$2:$AC$379)*($AC$2:$AC$379<AC23))+1,"") -> 130
A24: Carbon | LEHIGHTON | 240 | B24: Carbon | C24: LEHIGHTON | D24: 240 | E24: Yes | F24: LEHIGHTON BOROUGH-2ND | H24: LEHIGHTON BOROUGH-2ND | I24: 205 | J24: 252 | K24: 275 | L24: 430 | M24: 242 | N24: 285 | O24: 293 | P24: 452 | Q24: =IF(COUNT(I24:J24)=2,I24+J24,0) -> 457 | R24: =IF(COUNT(K24:L24)=2,K24+L24,0) -> 705 | S24: =IF(COUNT(M24:N24)=2,M24+N24,0) -> 527 | T24: =IF(COUNT(O24:P24)=2,O24+P24,0) -> 745 | U24: =IF(Q24>0,(I24/Q24-District!$B$4)*100,"") -> -8.5544656 | V24: =IF(R24>0,(K24/R24-District!$B$5)*100,"") -> -10.742879 | W24: =IF(S24>0,(M24/S24-District!$B$6)*100,"") -> -5.0627171 | X24: =IF(T24>0,(O24/T24-District!$B$7)*100,"") -> -10.167563 | Y24: =IF(AND(E24="Yes",Q24>=300,R24>=300,F24<>""),MAX(ABS(U24),ABS(V24))-R24/1000000000,"") -> 10.742879 | Z24: =IF(ISNUMBER(Y24),SUMPRODUCT(ISNUMBER($Y$2:$Y$379)*($Y$2:$Y$379<Y24))+1,"") -> 133 | AA24: =IF(AND(E24="Yes",R24>=300,S24>=300,G24<>""),MAX(ABS(V24),ABS(W24))-S24/1000000000,"") | AB24: =IF(ISNUMBER(AA24),SUMPRODUCT(ISNUMBER($AA$2:$AA$379)*($AA$2:$AA$379<AA24))+1,"") | AC24: =IF(AND(E24="Yes",S24>=300,T24>=300,H24<>""),MAX(ABS(W24),ABS(X24))-T24/1000000000,"") -> 10.167562 | AD24: =IF(ISNUMBER(AC24),SUMPRODUCT(ISNUMBER($AC$2:$AC$379)*($AC$2:$AC$379<AC24))+1,"") -> 133
A25: Carbon | LEHIGHTON | 250 | B25: Carbon | C25: LEHIGHTON | D25: 250 | E25: Yes | F25: LEHIGHTON BOROUGH-3RD | H25: LEHIGHTON BOROUGH-3RD | I25: 237 | J25: 242 | K25: 272 | L25: 478 | M25: 244 | N25: 330 | O25: 323 | P25: 533 | Q25: =IF(COUNT(I25:J25)=2,I25+J25,0) -> 479 | R25: =IF(COUNT(K25:L25)=2,K25+L25,0) -> 750 | S25: =IF(COUNT(M25:N25)=2,M25+N25,0) -> 574 | T25: =IF(COUNT(O25:P25)=2,O25+P25,0) -> 856 | U25: =IF(Q25>0,(I25/Q25-District!$B$4)*100,"") -> -3.9341543 | V25: =IF(R25>0,(K25/R25-District!$B$5)*100,"") -> -13.483305 | W25: =IF(S25>0,(M25/S25-District!$B$6)*100,"") -> -8.4743099 | X25: =IF(T25>0,(O25/T25-District!$B$7)*100,"") -> -11.762777 | Y25: =IF(AND(E25="Yes",Q25>=300,R25>=300,F25<>""),MAX(ABS(U25),ABS(V25))-R25/1000000000,"") -> 13.483304 | Z25: =IF(ISNUMBER(Y25),SUMPRODUCT(ISNUMBER($Y$2:$Y$379)*($Y$2:$Y$379<Y25))+1,"") -> 165 | AA25: =IF(AND(E25="Yes",R25>=300,S25>=300,G25<>""),MAX(ABS(V25),ABS(W25))-S25/1000000000,"") | AB25: =IF(ISNUMBER(AA25),SUMPRODUCT(ISNUMBER($AA$2:$AA$379)*($AA$2:$AA$379<AA25))+1,"") | AC25: =IF(AND(E25="Yes",S25>=300,T25>=300,H25<>""),MAX(ABS(W25),ABS(X25))-T25/1000000000,"") -> 11.762776 | AD25: =IF(ISNUMBER(AC25),SUMPRODUCT(ISNUMBER($AC$2:$AC$379)*($AC$2:$AC$379<AC25))+1,"") -> 157
A26: Carbon | LOWER TOWAMENSING | 260 | B26: Carbon | C26: LOWER TOWAMENSING | D26: 260 | E26: Yes | F26: LOWER TOWAMENSING TWP.-NORTH | H26: LOWER TOWAMENSING TWP.-NORTH | I26: 228 | J26: 413 | K26: 283 | L26: 714 | M26: 246 | N26: 553 | O26: 286 | P26: 765 | Q26: =IF(COUNT(I26:J26)=2,I26+J26,0) -> 641 | R26: =IF(COUNT(K26:L26)=2,K26+L26,0) -> 997 | S26: =IF(COUNT(M26:N26)=2,M26+N26,0) -> 799 | T26: =IF(COUNT(O26:P26)=2,O26+P26,0) -> 1051 | U26: =IF(Q26>0,(I26/Q26-District!$B$4)*100,"") -> -17.842811 | V26: =IF(R26>0,(K26/R26-District!$B$5)*100,"") -> -21.364816 | W26: =IF(S26>0,(M26/S26-District!$B$6)*100,"") -> -20.194535 | X26: =IF(T26>0,(O26/T26-District!$B$7)*100,"") -> -22.284243 | Y26: =IF(AND(E26="Yes",Q26>=300,R26>=300,F26<>""),MAX(ABS(U26),ABS(V26))-R26/1000000000,"") -> 21.364815 | Z26: =IF(ISNUMBER(Y26),SUMPRODUCT(ISNUMBER($Y$2:$Y$379)*($Y$2:$Y$379<Y26))+1,"") -> 238 | AA26: =IF(AND(E26="Yes",R26>=300,S26>=300,G26<>""),MAX(ABS(V26),ABS(W26))-S26/1000000000,"") | AB26: =IF(ISNUMBER(AA26),SUMPRODUCT(ISNUMBER($AA$2:$AA$379)*($AA$2:$AA$379<AA26))+1,"") | AC26: =IF(AND(E26="Yes",S26>=300,T26>=300,H26<>""),MAX(ABS(W26),ABS(X26))-T26/1000000000,"") -> 22.284242 | AD26: =IF(ISNUMBER(AC26),SUMPRODUCT(ISNUMBER($AC$2:$AC$379)*($AC$2:$AC$379<AC26))+1,"") -> 259
A27: Carbon | LOWER TOWAMENSING | 265 | B27: Carbon | C27: LOWER TOWAMENSING | D27: 265 | E27: Yes | F27: LOWER TOWAMENSING TWP.-SOUTH | H27: LOWER TOWAMENSING TWP.-SOUTH | I27: 174 | J27: 273 | K27: 206 | L27: 450 | M27: 184 | N27: 363 | O27: 229 | P27: 528 | Q27: =IF(COUNT(I27:J27)=2,I27+J27,0) -> 447 | R27: =IF(COUNT(K27:L27)=2,K27+L27,0) -> 656 | S27: =IF(COUNT(M27:N27)=2,M27+N27,0) -> 547 | T27: =IF(COUNT(O27:P27)=2,O27+P27,0) -> 757 | U27: =IF(Q27>0,(I27/Q27-District!$B$4)*100,"") -> -14.486059 | V27: =IF(R27>0,(K27/R27-District!$B$5)*100,"") -> -18.347533 | W27: =IF(S27>0,(M27/S27-District!$B$6)*100,"") -> -17.344995 | X27: =IF(T27>0,(O27/T27-District!$B$7)*100,"") -> -19.245431 | Y27: =IF(AND(E27="Yes",Q27>=300,R27>=300,F27<>""),MAX(ABS(U27),ABS(V27))-R27/1000000000,"") -> 18.347532 | Z27: =IF(ISNUMBER(Y27),SUMPRODUCT(ISNUMBER($Y$2:$Y$379)*($Y$2:$Y$379<Y27))+1,"") -> 211 | AA27: =IF(AND(E27="Yes",R27>=300,S27>=300,G27<>""),MAX(ABS(V27),ABS(W27))-S27/1000000000,"") | AB27: =IF(ISNUMBER(AA27),SUMPRODUCT(ISNUMBER($AA$2:$AA$379)*($AA$2:$AA$379<AA27))+1,"") | AC27: =IF(AND(E27="Yes",S27>=300,T27>=300,H27<>""),MAX(ABS(W27),ABS(X27))-T27/1000000000,"") -> 19.245431 | AD27: =IF(ISNUMBER(AC27),SUMPRODUCT(ISNUMBER($AC$2:$AC$379)*($AC$2:$AC$379<AC27))+1,"") -> 235
A28: Carbon | MAHONING | 270 | B28: Carbon | C28: MAHONING | D28: 270 | E28: Yes | F28: MAHONING TOWNSHIP-MAHONING | H28: MAHONING TOWNSHIP-MAHONING | I28: 327 | J28: 587 | K28: 347 | L28: 913 | M28: 350 | N28: 728 | O28: 430 | P28: 993 | Q28: =IF(COUNT(I28:J28)=2,I28+J28,0) -> 914 | R28: =IF(COUNT(K28:L28)=2,K28+L28,0) -> 1260 | S28: =IF(COUNT(M28:N28)=2,M28+N28,0) -> 1078 | T28: =IF(COUNT(O28:P28)=2,O28+P28,0) -> 1423 | U28: =IF(Q28>0,(I28/Q28-District!$B$4)*100,"") -> -17.635428 | V28: =IF(R28>0,(K28/R28-District!$B$5)*100,"") -> -22.210289 | W28: =IF(S28>0,(M28/S28-District!$B$6)*100,"") -> -18.515488 | X28: =IF(T28>0,(O28/T28-District!$B$7)*100,"") -> -19.278573 | Y28: =IF(AND(E28="Yes",Q28>=300,R28>=300,F28<>""),MAX(ABS(U28),ABS(V28))-R28/1000000000,"") -> 22.210288 | Z28: =IF(ISNUMBER(Y28),SUMPRODUCT(ISNUMBER($Y$2:$Y$379)*($Y$2:$Y$379<Y28))+1,"") -> 246 | AA28: =IF(AND(E28="Yes",R28>=300,S28>=300,G28<>""),MAX(ABS(V28),ABS(W28))-S28/1000000000,"") | AB28: =IF(ISNUMBER(AA28),SUMPRODUCT(ISNUMBER($AA$2:$AA$379)*($AA$2:$AA$379<AA28))+1,"") | AC28: =IF(AND(E28="Yes",S28>=300,T28>=300,H28<>""),MAX(ABS(W28),ABS(X28))-T28/1000000000,"") -> 19.278571 | AD28: =IF(ISNUMBER(AC28),SUMPRODUCT(ISNUMBER($AC$2:$AC$379)*($AC$2:$AC$379<AC28))+1,"") -> 236
A29: Carbon | MAHONING | 280 | B29: Carbon | C29: MAHONING | D29: 280 | E29: Yes | F29: MAHONING TOWNSHIP - NEW MAHONING | H29: MAHONING TOWNSHIP - NEW MAHONING | I29: 95 | J29: 225 | K29: 108 | L29: 379 | M29: 101 | N29: 288 | O29: 139 | P29: 400 | Q29: =IF(COUNT(I29:J29)=2,I29+J29,0) -> 320 | R29: =IF(COUNT(K29:L29)=2,K29+L29,0) -> 487 | S29: =IF(COUNT(M29:N29)=2,M29+N29,0) -> 389 | T29: =IF(COUNT(O29:P29)=2,O29+P29,0) -> 539 | U29: =IF(Q29>0,(I29/Q29-District!$B$4)*100,"") -> -23.724734 | V29: =IF(R29>0,(K29/R29-District!$B$5)*100,"") -> -27.57338 | W29: =IF(S29>0,(M29/S29-District!$B$6)*100,"") -> -25.01901 | X29: =IF(T29>0,(O29/T29-District!$B$7)*100,"") -> -23.707925 | Y29: =IF(AND(E29="Yes",Q29>=300,R29>=300,F29<>""),MAX(ABS(U29),ABS(V29))-R29/1000000000,"") -> 27.57338 | Z29: =IF(ISNUMBER(Y29),SUMPRODUCT(ISNUMBER($Y$2:$Y$379)*($Y$2:$Y$379<Y29))+1,"") -> 270 | AA29: =IF(AND(E29="Yes",R29>=300,S29>=300,G29<>""),MAX(ABS(V29),ABS(W29))-S29/1000000000,"") | AB29: =IF(ISNUMBER(AA29),SUMPRODUCT(ISNUMBER($AA$2:$AA$379)*($AA$2:$AA$379<AA29))+1,"") | AC29: =IF(AND(E29="Yes",S29>=300,T29>=300,H29<>""),MAX(ABS(W29),ABS(X29))-T29/1000000000,"") -> 25.01901 | AD29: =IF(ISNUMBER(AC29),SUMPRODUCT(ISNUMBER($AC$2:$AC$379)*($AC$2:$AC$379<AC29))+1,"") -> 273
A30: Carbon | MAHONING | 290 | B30: Carbon | C30: MAHONING | D30: 290 | E30: Yes | F30: MAHONING TOWNSHIP - PACKERTON/JAMESTOWN | H30: MAHONING TOWNSHIP - PACKERTON/JAMESTOWN | I30: 88 | J30: 148 | K30: 108 | L30: 267 | M30: 95 | N30: 211 | O30: 125 | P30: 302 | Q30: =IF(COUNT(I30:J30)=2,I30+J30,0) -> 236 | R30: =IF(COUNT(K30:L30)=2,K30+L30,0) -> 375 | S30: =IF(COUNT(M30:N30)=2,M30+N30,0) -> 306 | T30: =IF(COUNT(O30:P30)=2,O30+P30,0) -> 427 | U30: =IF(Q30>0,(I30/Q30-District!$B$4)*100,"") -> -16.124098 | V30: =IF(R30>0,(K30/R30-District!$B$5)*100,"") -> -20.949972 | W30: =IF(S30>0,(M30/S30-District!$B$6)*100,"") -> -19.937269 | X30: =IF(T30>0,(O30/T30-District!$B$7)*100,"") -> -20.222417 | Y30: =IF(AND(E30="Yes",Q30>=300,R30>=300,F30<>""),MAX(ABS(U30),ABS(V30))-R30/1000000000,"") | Z30: =IF(ISNUMBER(Y30),SUMPRODUCT(ISNUMBER($Y$2:$Y$379)*($Y$2:$Y$379<Y30))+1,"") | AA30: =IF(AND(E30="Yes",R30>=300,S30>=300,G30<>""),MAX(ABS(V30),ABS(W30))-S30/1000000000,"") | AB30: =IF(ISNUMBER(AA30),SUMPRODUCT(ISNUMBER($AA$2:$AA$379)*($AA$2:$AA$379<AA30))+1,"") | AC30: =IF(AND(E30="Yes",S30>=300,T30>=300,H30<>""),MAX(ABS(W30),ABS(X30))-T30/1000000000,"") -> 20.222417 | AD30: =IF(ISNUMBER(AC30),SUMPRODUCT(ISNUMBER($AC$2:$AC$379)*($AC$2:$AC$379<AC30))+1,"") -> 243
A31: Carbon | NESQUEHONING | 300 | B31: Carbon | C31: NESQUEHONING | D31: 300 | E31: Yes | F31: NESQUEHONING BOROUGH-EAST | H31: NESQUEHONING BOROUGH-EAST | I31: 238 | J31: 261 | K31: 275 | L31: 448 | M31: 245 | N31: 317 | O31: 281 | P31: 448 | Q31: =IF(COUNT(I31:J31)=2,I31+J31,0) -> 499 | R31: =IF(COUNT(K31:L31)=2,K31+L31,0) -> 723 | S31: =IF(COUNT(M31:N31)=2,M31+N31,0) -> 562 | T31: =IF(COUNT(O31:P31)=2,O31+P31,0) -> 729 | U31: =IF(Q31>0,(I31/Q31-District!$B$4)*100,"") -> -5.7168428 | V31: =IF(R31>0,(K31/R31-District!$B$5)*100,"") -> -11.71401 | W31: =IF(S31>0,(M31/S31-District!$B$6)*100,"") -> -7.3887147 | X31: =IF(T31>0,(O31/T31-District!$B$7)*100,"") -> -10.950469 | Y31: =IF(AND(E31="Yes",Q31>=300,R31>=300,F31<>""),MAX(ABS(U31),ABS(V31))-R31/1000000000,"") -> 11.71401 | Z31: =IF(ISNUMBER(Y31),SUMPRODUCT(ISNUMBER($Y$2:$Y$379)*($Y$2:$Y$379<Y31))+1,"") -> 142 | AA31: =IF(AND(E31="Yes",R31>=300,S31>=300,G31<>""),MAX(ABS(V31),ABS(W31))-S31/1000000000,"") | AB31: =IF(ISNUMBER(AA31),SUMPRODUCT(ISNUMBER($AA$2:$AA$379)*($AA$2:$AA$379<AA31))+1,"") | AC31: =IF(AND(E31="Yes",S31>=300,T31>=300,H31<>""),MAX(ABS(W31),ABS(X31))-T31/1000000000,"") -> 10.950468 | AD31: =IF(ISNUMBER(AC31),SUMPRODUCT(ISNUMBER($AC$2:$AC$379)*($AC$2:$AC$379<AC31))+1,"") -> 148
A32: Carbon | NESQUEHONING | 310 | B32: Carbon | C32: NESQUEHONING | D32: 310 | E32: Yes | F32: NESQUEHONING BOROUGH-WEST | H32: NESQUEHONING BOROUGH-WEST | I32: 262 | J32: 285 | K32: 299 | L32: 515 | M32: 243 | N32: 389 | O32: 320 | P32: 507 | Q32: =IF(COUNT(I32:J32)=2,I32+J32,0) -> 547 | R32: =IF(COUNT(K32:L32)=2,K32+L32,0) -> 814 | S32: =IF(COUNT(M32:N32)=2,M32+N32,0) -> 632 | T32: =IF(COUNT(O32:P32)=2,O32+P32,0) -> 827 | U32: =IF(Q32>0,(I32/Q32-District!$B$4)*100,"") -> -5.5146102 | V32: =IF(R32>0,(K32/R32-District!$B$5)*100,"") -> -13.017785 | W32: =IF(S32>0,(M32/S32-District!$B$6)*100,"") -> -12.533654 | X32: =IF(T32>0,(O32/T32-District!$B$7)*100,"") -> -10.802347 | Y32: =IF(AND(E32="Yes",Q32>=300,R32>=300,F32<>""),MAX(ABS(U32),ABS(V32))-R32/1000000000,"") -> 13.017784 | Z32: =IF(ISNUMBER(Y32),SUMPRODUCT(ISNUMBER($Y$2:$Y$379)*($Y$2:$Y$379<Y32))+1,"") -> 156 | AA32: =IF(AND(E32="Yes",R32>=300,S32>=300,G32<>""),MAX(ABS(V32),ABS(W32))-S32/1000000000,"") | AB32: =IF(ISNUMBER(AA32),SUMPRODUCT(ISNUMBER($AA$2:$AA$379)*($AA$2:$AA$379<AA32))+1,"") | AC32: =IF(AND(E32="Yes",S32>=300,T32>=300,H32<>""),MAX(ABS(W32),ABS(X32))-T32/1000000000,"") -> 12.533653 | AD32: =IF(ISNUMBER(AC32),SUMPRODUCT(ISNUMBER($AC$2:$AC$379)*($AC$2:$AC$379<AC32))+1,"") -> 166
... A42: Carbon | PENN FOREST | 379 | B42: Carbon | C42: PENN FOREST | D42: 379 | E42: Yes | F42: PENN FOREST TOWNSHIP-NORTH EAST | H42: PENN FOREST TOWNSHIP-NORTH EAST | I42: 352 | J42: 460 | K42: 478 | L42: 767 | M42: 378 | N42: 574 | O42: 469 | P42: 810 | Q42: =IF(COUNT(I42:J42)=2,I42+J42,0) -> 812 | R42: =IF(COUNT(K42:L42)=2,K42+L42,0) -> 1245 | S42: =IF(COUNT(M42:N42)=2,M42+N42,0) -> 952 | T42: =IF(COUNT(O42:P42)=2,O42+P42,0) -> 1279 | U42: =IF(Q42>0,(I42/Q42-District!$B$4)*100,"") -> -10.06248 | V42: =IF(R42>0,(K42/R42-District!$B$5)*100,"") -> -11.356397 | W42: =IF(S42>0,(M42/S42-District!$B$6)*100,"") -> -11.277138 | X42: =IF(T42>0,(O42/T42-District!$B$7)*100,"") -> -12.827149 | Y42: =IF(AND(E42="Yes",Q42>=300,R42>=300,F42<>""),MAX(ABS(U42),ABS(V42))-R42/1000000000,"") -> 11.356396 | Z42: =IF(ISNUMBER(Y42),SUMPRODUCT(ISNUMBER($Y$2:$Y$379)*($Y$2:$Y$379<Y42))+1,"") -> 140 | AA42: =IF(AND(E42="Yes",R42>=300,S42>=300,G42<>""),MAX(ABS(V42),ABS(W42))-S42/1000000000,"") | AB42: =IF(ISNUMBER(AA42),SUMPRODUCT(ISNUMBER($AA$2:$AA$379)*($AA$2:$AA$379<AA42))+1,"") | AC42: =IF(AND(E42="Yes",S42>=300,T42>=300,H42<>""),MAX(ABS(W42),ABS(X42))-T42/1000000000,"") -> 12.827148 | AD42: =IF(ISNUMBER(AC42),SUMPRODUCT(ISNUMBER($AC$2:$AC$379)*($AC$2:$AC$379<AC42))+1,"") -> 169
A43: Carbon | SUMMIT HILL | 380 | B43: Carbon | C43: SUMMIT HILL | D43: 380 | E43: Yes | F43: SUMMIT HILL BOROUGH-1ST | G43: SUMMIT HILL BOROUGH-1ST | H43: SUMMIT HILL BOROUGH-1ST | I43: 161 | J43: 120 | K43: 175 | L43: 208 | M43: 138 | N43: 150 | O43: 175 | P43: 212 | Q43: =IF(COUNT(I43:J43)=2,I43+J43,0) -> 281 | R43: =IF(COUNT(K43:L43)=2,K43+L43,0) -> 383 | S43: =IF(COUNT(M43:N43)=2,M43+N43,0) -> 288 | T43: =IF(COUNT(O43:P43)=2,O43+P43,0) -> 387 | U43: =IF(Q43>0,(I43/Q43-District!$B$4)*100,"") -> 3.88314 | V43: =IF(R43>0,(K43/R43-District!$B$5)*100,"") -> -4.0580656 | W43: =IF(S43>0,(M43/S43-District!$B$6)*100,"") -> -3.066354 | X43: =IF(T43>0,(O43/T43-District!$B$7)*100,"") -> -4.2767839 | Y43: =IF(AND(E43="Yes",Q43>=300,R43>=300,F43<>""),MAX(ABS(U43),ABS(V43))-R43/1000000000,"") | Z43: =IF(ISNUMBER(Y43),SUMPRODUCT(ISNUMBER($Y$2:$Y$379)*($Y$2:$Y$379<Y43))+1,"") | AA43: =IF(AND(E43="Yes",R43>=300,S43>=300,G43<>""),MAX(ABS(V43),ABS(W43))-S43/1000000000,"") | AB43: =IF(ISNUMBER(AA43),SUMPRODUCT(ISNUMBER($AA$2:$AA$379)*($AA$2:$AA$379<AA43))+1,"") | AC43: =IF(AND(E43="Yes",S43>=300,T43>=300,H43<>""),MAX(ABS(W43),ABS(X43))-T43/1000000000,"") | AD43: =IF(ISNUMBER(AC43),SUMPRODUCT(ISNUMBER($AC$2:$AC$379)*($AC$2:$AC$379<AC43))+1,"")
A44: Carbon | SUMMIT HILL | 390 | B44: Carbon | C44: SUMMIT HILL | D44: 390 | E44: Yes | F44: SUMMIT HILL BOROUGH-2ND | H44: SUMMIT HILL BOROUGH-2ND | I44: 169 | J44: 132 | K44: 181 | L44: 205 | M44: 162 | N44: 150 | O44: 187 | P44: 210 | Q44: =IF(COUNT(I44:J44)=2,I44+J44,0) -> 301 | R44: =IF(COUNT(K44:L44)=2,K44+L44,0) -> 386 | S44: =IF(COUNT(M44:N44)=2,M44+N44,0) -> 312 | T44: =IF(COUNT(O44:P44)=2,O44+P44,0) -> 397 | U44: =IF(Q44>0,(I44/Q44-District!$B$4)*100,"") -> 2.7339458 | V44: =IF(R44>0,(K44/R44-District!$B$5)*100,"") -> -2.8587799 | W44: =IF(S44>0,(M44/S44-District!$B$6)*100,"") -> 0.94005622 | X44: =IF(T44>0,(O44/T44-District!$B$7)*100,"") -> -2.3931476 | Y44: =IF(AND(E44="Yes",Q44>=300,R44>=300,F44<>""),MAX(ABS(U44),ABS(V44))-R44/1000000000,"") -> 2.8587795 | Z44: =IF(ISNUMBER(Y44),SUMPRODUCT(ISNUMBER($Y$2:$Y$379)*($Y$2:$Y$379<Y44))+1,"") -> 36 | AA44: =IF(AND(E44="Yes",R44>=300,S44>=300,G44<>""),MAX(ABS(V44),ABS(W44))-S44/1000000000,"") | AB44: =IF(ISNUMBER(AA44),SUMPRODUCT(ISNUMBER($AA$2:$AA$379)*($AA$2:$AA$379<AA44))+1,"") | AC44: =IF(AND(E44="Yes",S44>=300,T44>=300,H44<>""),MAX(ABS(W44),ABS(X44))-T44/1000000000,"") -> 2.3931472 | AD44: =IF(ISNUMBER(AC44),SUMPRODUCT(ISNUMBER($AC$2:$AC$379)*($AC$2:$AC$379<AC44))+1,"") -> 40
A45: Carbon | SUMMIT HILL | 400 | B45: Carbon | C45: SUMMIT HILL | D45: 400 | E45: Yes | F45: SUMMIT HILL-3RD/1ST DIST | H45: SUMMIT HILL-3RD/1ST DIST | I45: 159 | J45: 163 | K45: 170 | L45: 298 | M45: 159 | N45: 225 | O45: 195 | P45: 298 | Q45: =IF(COUNT(I45:J45)=2,I45+J45,0) -> 322 | R45: =IF(COUNT(K45:L45)=2,K45+L45,0) -> 468 | S45: =IF(COUNT(M45:N45)=2,M45+N45,0) -> 384 | T45: =IF(COUNT(O45:P45)=2,O45+P45,0) -> 493 | U45: =IF(Q45>0,(I45/Q45-District!$B$4)*100,"") -> -4.0333516 | V45: =IF(R45>0,(K45/R45-District!$B$5)*100,"") -> -13.425185 | W45: =IF(S45>0,(M45/S45-District!$B$6)*100,"") -> -9.5767707 | X45: =IF(T45>0,(O45/T45-District!$B$7)*100,"") -> -9.9426696 | Y45: =IF(AND(E45="Yes",Q45>=300,R45>=300,F45<>""),MAX(ABS(U45),ABS(V45))-R45/1000000000,"") -> 13.425185 | Z45: =IF(ISNUMBER(Y45),SUMPRODUCT(ISNUMBER($Y$2:$Y$379)*($Y$2:$Y$379<Y45))+1,"") -> 164 | AA45: =IF(AND(E45="Yes",R45>=300,S45>=300,G45<>""),MAX(ABS(V45),ABS(W45))-S45/1000000000,"") | AB45: =IF(ISNUMBER(AA45),SUMPRODUCT(ISNUMBER($AA$2:$AA$379)*($AA$2:$AA$379<AA45))+1,"") | AC45: =IF(AND(E45="Yes",S45>=300,T45>=300,H45<>""),MAX(ABS(W45),ABS(X45))-T45/1000000000,"") -> 9.9426691 | AD45: =IF(ISNUMBER(AC45),SUMPRODUCT(ISNUMBER($AC$2:$AC$379)*($AC$2:$AC$379<AC45))+1,"") -> 131
A46: Carbon | SUMMIT HILL | 410 | B46: Carbon | C46: SUMMIT HILL | D46: 410 | E46: Yes | F46: SUMMIT HILL BOROUGH-3RD/2ND | H46: SUMMIT HILL BOROUGH-3RD/2ND | I46: 85 | J46: 147 | K46: 94 | L46: 206 | M46: 98 | N46: 153 | O46: 103 | P46: 193 | Q46: =IF(COUNT(I46:J46)=2,I46+J46,0) -> 232 | R46: =IF(COUNT(K46:L46)=2,K46+L46,0) -> 300 | S46: =IF(COUNT(M46:N46)=2,M46+N46,0) -> 251 | T46: =IF(COUNT(O46:P46)=2,O46+P46,0) -> 296 | U46: =IF(Q46>0,(I46/Q46-District!$B$4)*100,"") -> -16.774303 | V46: =IF(R46>0,(K46/R46-District!$B$5)*100,"") -> -18.416638 | W46: =IF(S46>0,(M46/S46-District!$B$6)*100,"") -> -11.939196 | X46: =IF(T46>0,(O46/T46-District!$B$7)*100,"") -> -14.699125 | Y46: =IF(AND(E46="Yes",Q46>=300,R46>=300,F46<>""),MAX(ABS(U46),ABS(V46))-R46/1000000000,"") | Z46: =IF(ISNUMBER(Y46),SUMPRODUCT(ISNUMBER($Y$2:$Y$379)*($Y$2:$Y$379<Y46))+1,"") | AA46: =IF(AND(E46="Yes",R46>=300,S46>=300,G46<>""),MAX(ABS(V46),ABS(W46))-S46/1000000000,"") | AB46: =IF(ISNUMBER(AA46),SUMPRODUCT(ISNUMBER($AA$2:$AA$379)*($AA$2:$AA$379<AA46))+1,"") | AC46: =IF(AND(E46="Yes",S46>=300,T46>=300,H46<>""),MAX(ABS(W46),ABS(X46))-T46/1000000000,"") | AD46: =IF(ISNUMBER(AC46),SUMPRODUCT(ISNUMBER($AC$2:$AC$379)*($AC$2:$AC$379<AC46))+1,"")
A47: Carbon | TOWAMENSING | 420 | B47: Carbon | C47: TOWAMENSING | D47: 420 | E47: Yes | F47: TOWAMENSING TOWNSHIP-NORTH | H47: TOWAMENSING TOWNSHIP-NORTH | I47: 198 | J47: 374 | K47: 255 | L47: 611 | M47: 209 | N47: 498 | O47: 306 | P47: 652 | Q47: =IF(COUNT(I47:J47)=2,I47+J47,0) -> 572 | R47: =IF(COUNT(K47:L47)=2,K47+L47,0) -> 866 | S47: =IF(COUNT(M47:N47)=2,M47+N47,0) -> 707 | T47: =IF(COUNT(O47:P47)=2,O47+P47,0) -> 958 | U47: =IF(Q47>0,(I47/Q47-District!$B$4)*100,"") -> -18.796849 | V47: =IF(R47>0,(K47/R47-District!$B$5)*100,"") -> -20.304244 | W47: =IF(S47>0,(M47/S47-District!$B$6)*100,"") -> -21.421493 | X47: =IF(T47>0,(O47/T47-District!$B$7)*100,"") -> -17.554877 | Y47: =IF(AND(E47="Yes",Q47>=300,R47>=300,F47<>""),MAX(ABS(U47),ABS(V47))-R47/1000000000,"") -> 20.304243 | Z47: =IF(ISNUMBER(Y47),SUMPRODUCT(ISNUMBER($Y$2:$Y$379)*($Y$2:$Y$379<Y47))+1,"") -> 230 | AA47: =IF(AND(E47="Yes",R47>=300,S47>=300,G47<>""),MAX(ABS(V47),ABS(W47))-S47/1000000000,"") | AB47: =IF(ISNUMBER(AA47),SUMPRODUCT(ISNUMBER($AA$2:$AA$379)*($AA$2:$AA$379<AA47))+1,"") | AC47: =IF(AND(E47="Yes",S47>=300,T47>=300,H47<>""),MAX(ABS(W47),ABS(X47))-T47/1000000000,"") -> 21.421492 | AD47: =IF(ISNUMBER(AC47),SUMPRODUCT(ISNUMBER($AC$2:$AC$379)*($AC$2:$AC$379<AC47))+1,"") -> 253
A48: Carbon | TOWAMENSING | 430 | B48: Carbon | C48: TOWAMENSING | D48: 430 | E48: Yes | F48: TOWAMENSING TOWNSHIP-SOUTH-1 | H48: TOWAMENSING TOWNSHIP-SOUTH-1 | I48: 217 | J48: 393 | K48: 229 | L48: 679 | M48: 210 | N48: 536 | O48: 255 | P48: 717 | Q48: =IF(COUNT(I48:J48)=2,I48+J48,0) -> 610 | R48: =IF(COUNT(K48:L48)=2,K48+L48,0) -> 908 | S48: =IF(COUNT(M48:N48)=2,M48+N48,0) -> 746 | T48: =IF(COUNT(O48:P48)=2,O48+P48,0) -> 972 | U48: =IF(Q48>0,(I48/Q48-District!$B$4)*100,"") -> -17.838463 | V48: =IF(R48>0,(K48/R48-District!$B$5)*100,"") -> -24.529707 | W48: =IF(S48>0,(M48/S48-District!$B$6)*100,"") -> -22.832887 | X48: =IF(T48>0,(O48/T48-District!$B$7)*100,"") -> -23.261854 | Y48: =IF(AND(E48="Yes",Q48>=300,R48>=300,F48<>""),MAX(ABS(U48),ABS(V48))-R48/1000000000,"") -> 24.529706 | Z48: =IF(ISNUMBER(Y48),SUMPRODUCT(ISNUMBER($Y$2:$Y$379)*($Y$2:$Y$379<Y48))+1,"") -> 261 | AA48: =IF(AND(E48="Yes",R48>=300,S48>=300,G48<>""),MAX(ABS(V48),ABS(W48))-S48/1000000000,"") | AB48: =IF(ISNUMBER(AA48),SUMPRODUCT(ISNUMBER($AA$2:$AA$379)*($AA$2:$AA$379<AA48))+1,"") | AC48: =IF(AND(E48="Yes",S48>=300,T48>=300,H48<>""),MAX(ABS(W48),ABS(X48))-T48/1000000000,"") -> 23.261853 | AD48: =IF(ISNUMBER(AC48),SUMPRODUCT(ISNUMBER($AC$2:$AC$379)*($AC$2:$AC$379<AC48))+1,"") -> 264
A49: Carbon | TOWAMENSING | 435 | B49: Carbon | C49: TOWAMENSING | D49: 435 | E49: Yes | F49: TOWAMENSING TOWNSHIP-SOUTH-2 | H49: TOWAMENSING TOWNSHIP-SOUTH-2 | I49: 198 | J49: 369 | K49: 239 | L49: 602 | M49: 206 | N49: 472 | O49: 241 | P49: 586 | Q49: =IF(COUNT(I49:J49)=2,I49+J49,0) -> 567 | R49: =IF(COUNT(K49:L49)=2,K49+L49,0) -> 841 | S49: =IF(COUNT(M49:N49)=2,M49+N49,0) -> 678 | T49: =IF(COUNT(O49:P49)=2,O49+P49,0) -> 827 | U49: =IF(Q49>0,(I49/Q49-District!$B$4)*100,"") -> -18.491599 | V49: =IF(R49>0,(K49/R49-District!$B$5)*100,"") -> -21.331422 | W49: =IF(S49>0,(M49/S49-District!$B$6)*100,"") -> -20.59954 | X49: =IF(T49>0,(O49/T49-District!$B$7)*100,"") -> -20.354947 | Y49: =IF(AND(E49="Yes",Q49>=300,R49>=300,F49<>""),MAX(ABS(U49),ABS(V49))-R49/1000000000,"") -> 21.331421 | Z49: =IF(ISNUMBER(Y49),SUMPRODUCT(ISNUMBER($Y$2:$Y$379)*($Y$2:$Y$379<Y49))+1,"") -> 237 | AA49: =IF(AND(E49="Yes",R49>=300,S49>=300,G49<>""),MAX(ABS(V49),ABS(W49))-S49/1000000000,"") | AB49: =IF(ISNUMBER(AA49),SUMPRODUCT(ISNUMBER($AA$2:$AA$379)*($AA$2:$AA$379<AA49))+1,"") | AC49: =IF(AND(E49="Yes",S49>=300,T49>=300,H49<>""),MAX(ABS(W49),ABS(X49))-T49/1000000000,"") -> 20.599539 | AD49: =IF(ISNUMBER(AC49),SUMPRODUCT(ISNUMBER($AC$2:$AC$379)*($AC$2:$AC$379<AC49))+1,"") -> 248
A50: Carbon | WEATHERLY | 440 | B50: Carbon | C50: WEATHERLY | D50: 440 | E50: Yes | F50: WEATHERLY BOROUGH-EAST | H50: WEATHERLY BOROUGH-EAST | I50: 183 | J50: 377 | K50: 223 | L50: 610 | M50: 167 | N50: 435 | O50: 242 | P50: 547 | Q50: =IF(COUNT(I50:J50)=2,I50+J50,0) -> 560 | R50: =IF(COUNT(K50:L50)=2,K50+L50,0) -> 833 | S50: =IF(COUNT(M50:N50)=2,M50+N50,0) -> 602 | T50: =IF(COUNT(O50:P50)=2,O50+P50,0) -> 789 | U50: =IF(Q50>0,(I50/Q50-District!$B$4)*100,"") -> -20.733662 | V50: =IF(R50>0,(K50/R50-District!$B$5)*100,"") -> -22.979263 | W50: =IF(S50>0,(M50/S50-District!$B$6)*100,"") -> -23.242157 | X50: =IF(T50>0,(O50/T50-District!$B$7)*100,"") -> -18.824686 | Y50: =IF(AND(E50="Yes",Q50>=300,R50>=300,F50<>""),MAX(ABS(U50),ABS(V50))-R50/1000000000,"") -> 22.979262 | Z50: =IF(ISNUMBER(Y50),SUMPRODUCT(ISNUMBER($Y$2:$Y$379)*($Y$2:$Y$379<Y50))+1,"") -> 252 | AA50: =IF(AND(E50="Yes",R50>=300,S50>=300,G50<>""),MAX(ABS(V50),ABS(W50))-S50/1000000000,"") | AB50: =IF(ISNUMBER(AA50),SUMPRODUCT(ISNUMBER($AA$2:$AA$379)*($AA$2:$AA$379<AA50))+1,"") | AC50: =IF(AND(E50="Yes",S50>=300,T50>=300,H50<>""),MAX(ABS(W50),ABS(X50))-T50/1000000000,"") -> 23.242156 | AD50: =IF(ISNUMBER(AC50),SUMPRODUCT(ISNUMBER($AC$2:$AC$379)*($AC$2:$AC$379<AC50))+1,"") -> 263
A51: Carbon | WEATHERLY | 450 | B51: Carbon | C51: WEATHERLY | D51: 450 | E51: Yes | F51: WEATHERLY BOROUGH-WEST | H51: WEATHERLY BOROUGH-WEST | I51: 90 | J51: 197 | K51: 100 | L51: 288 | M51: 78 | N51: 221 | O51: 109 | P51: 302 | Q51: =IF(COUNT(I51:J51)=2,I51+J51,0) -> 287 | R51: =IF(COUNT(K51:L51)=2,K51+L51,0) -> 388 | S51: =IF(COUNT(M51:N51)=2,M51+N51,0) -> 299 | T51: =IF(COUNT(O51:P51)=2,O51+P51,0) -> 411 | U51: =IF(Q51>0,(I51/Q51-District!$B$4)*100,"") -> -22.053349 | V51: =IF(R51>0,(K51/R51-District!$B$5)*100,"") -> -23.976776 | W51: =IF(S51>0,(M51/S51-District!$B$6)*100,"") -> -24.896064 | X51: =IF(T51>0,(O51/T51-District!$B$7)*100,"") -> -22.975741 | Y51: =IF(AND(E51="Yes",Q51>=300,R51>=300,F51<>""),MAX(ABS(U51),ABS(V51))-R51/1000000000,"") | Z51: =IF(ISNUMBER(Y51),SUMPRODUCT(ISNUMBER($Y$2:$Y$379)*($Y$2:$Y$379<Y51))+1,"") | AA51: =IF(AND(E51="Yes",R51>=300,S51>=300,G51<>""),MAX(ABS(V51),ABS(W51))-S51/1000000000,"") | AB51: =IF(ISNUMBER(AA51),SUMPRODUCT(ISNUMBER($AA$2:$AA$379)*($AA$2:$AA$379<AA51))+1,"") | AC51: =IF(AND(E51="Yes",S51>=300,T51>=300,H51<>""),MAX(ABS(W51),ABS(X51))-T51/1000000000,"") | AD51: =IF(ISNUMBER(AC51),SUMPRODUCT(ISNUMBER($AC$2:$AC$379)*($AC$2:$AC$379<AC51))+1,"")
A52: Carbon | WEISSPORT | 460 | B52: Carbon | C52: WEISSPORT | D52: 460 | E52: Yes | F52: WEISSPORT BOROUGH | H52: WEISSPORT BOROUGH | I52: 50 | J52: 48 | K52: 62 | L52: 91 | M52: 46 | N52: 54 | O52: 58 | P52: 105 | Q52: =IF(COUNT(I52:J52)=2,I52+J52,0) -> 98 | R52: =IF(COUNT(K52:L52)=2,K52+L52,0) -> 153 | S52: =IF(COUNT(M52:N52)=2,M52+N52,0) -> 100 | T52: =IF(COUNT(O52:P52)=2,O52+P52,0) -> 163 | U52: =IF(Q52>0,(I52/Q52-District!$B$4)*100,"") -> -2.3918255 | V52: =IF(R52>0,(K52/R52-District!$B$5)*100,"") -> -9.2270958 | W52: =IF(S52>0,(M52/S52-District!$B$6)*100,"") -> -4.9830207 | X52: =IF(T52>0,(O52/T52-District!$B$7)*100,"") -> -13.9136 | Y52: =IF(AND(E52="Yes",Q52>=300,R52>=300,F52<>""),MAX(ABS(U52),ABS(V52))-R52/1000000000,"") | Z52: =IF(ISNUMBER(Y52),SUMPRODUCT(ISNUMBER($Y$2:$Y$379)*($Y$2:$Y$379<Y52))+1,"") | AA52: =IF(AND(E52="Yes",R52>=300,S52>=300,G52<>""),MAX(ABS(V52),ABS(W52))-S52/1000000000,"") | AB52: =IF(ISNUMBER(AA52),SUMPRODUCT(ISNUMBER($AA$2:$AA$379)*($AA$2:$AA$379<AA52))+1,"") | AC52: =IF(AND(E52="Yes",S52>=300,T52>=300,H52<>""),MAX(ABS(W52),ABS(X52))-T52/1000000000,"") | AD52: =IF(ISNUMBER(AC52),SUMPRODUCT(ISNUMBER($AC$2:$AC$379)*($AC$2:$AC$379<AC52))+1,"")
A53: Lehigh | ALBURTIS | 10 | B53: Lehigh | C53: ALBURTIS | D53: 10 | E53: Yes | F53: ALBURTIS | G53: ALBURTIS | H53: ALBURTIS | I53: 454 | J53: 406 | K53: 644 | L53: 735 | M53: 494 | N53: 519 | O53: 601 | P53: 766 | Q53: =IF(COUNT(I53:J53)=2,I53+J53,0) -> 860 | R53: =IF(COUNT(K53:L53)=2,K53+L53,0) -> 1379 | S53: =IF(COUNT(M53:N53)=2,M53+N53,0) -> 1013 | T53: =IF(COUNT(O53:P53)=2,O53+P53,0) -> 1367 | U53: =IF(Q53>0,(I53/Q53-District!$B$4)*100,"") -> -0.62153595 | V53: =IF(R53>0,(K53/R53-District!$B$5)*100,"") -> -3.049464 | W53: =IF(S53>0,(M53/S53-District!$B$6)*100,"") -> -2.2169792 | X53: =IF(T53>0,(O53/T53-District!$B$7)*100,"") -> -5.5315355 | Y53: =IF(AND(E53="Yes",Q53>=300,R53>=300,F53<>""),MAX(ABS(U53),ABS(V53))-R53/1000000000,"") -> 3.0494626 | Z53: =IF(ISNUMBER(Y53),SUMPRODUCT(ISNUMBER($Y$2:$Y$379)*($Y$2:$Y$379<Y53))+1,"") -> 43 | AA53: =IF(AND(E53="Yes",R53>=300,S53>=300,G53<>""),MAX(ABS(V53),ABS(W53))-S53/1000000000,"") -> 3.049463 | AB53: =IF(ISNUMBER(AA53),SUMPRODUCT(ISNUMBER($AA$2:$AA$379)*($AA$2:$AA$379<AA53))+1,"") -> 47 | AC53: =IF(AND(E53="Yes",S53>=300,T53>=300,H53<>""),MAX(ABS(W53),ABS(X53))-T53/1000000000,"") -> 5.5315342 | AD53: =IF(ISNUMBER(AC53),SUMPRODUCT(ISNUMBER($AC$2:$AC$379)*($AC$2:$AC$379<AC53))+1,"") -> 87
A54: Lehigh | ALLENTOWN | 20 | B54: Lehigh | C54: ALLENTOWN | D54: 20 | E54: Yes | F54: ALLENTOWN 1ST WARD | G54: ALLENTOWN 1ST WARD | H54: ALLENTOWN 1ST WARD | I54: 357 | J54: 33 | K54: 529 | L54: 130 | M54: 240 | N54: 63 | O54: 487 | P54: 191 | Q54: =IF(COUNT(I54:J54)=2,I54+J54,0) -> 390 | R54: =IF(COUNT(K54:L54)=2,K54+L54,0) -> 659 | S54: =IF(COUNT(M54:N54)=2,M54+N54,0) -> 303 | T54: =IF(COUNT(O54:P54)=2,O54+P54,0) -> 678 | U54: =IF(Q54>0,(I54/Q54-District!$B$4)*100,"") -> 38.126228 | V54: =IF(R54>0,(K54/R54-District!$B$5)*100,"") -> 30.52317 | W54: =IF(S54>0,(M54/S54-District!$B$6)*100,"") -> 28.2249 | X54: =IF(T54>0,(O54/T54-District!$B$7)*100,"") -> 22.332486 | Y54: =IF(AND(E54="Yes",Q54>=300,R54>=300,F54<>""),MAX(ABS(U54),ABS(V54))-R54/1000000000,"") -> 38.126227 | Z54: =IF(ISNUMBER(Y54),SUMPRODUCT(ISNUMBER($Y$2:$Y$379)*($Y$2:$Y$379<Y54))+1,"") -> 292 | AA54: =IF(AND(E54="Yes",R54>=300,S54>=300,G54<>""),MAX(ABS(V54),ABS(W54))-S54/1000000000,"") -> 30.523169 | AB54: =IF(ISNUMBER(AA54),SUMPRODUCT(ISNUMBER($AA$2:$AA$379)*($AA$2:$AA$379<AA54))+1,"") -> 251 | AC54: =IF(AND(E54="Yes",S54>=300,T54>=300,H54<>""),MAX(ABS(W54),ABS(X54))-T54/1000000000,"") -> 28.224899 | AD54: =IF(ISNUMBER(AC54),SUMPRODUCT(ISNUMBER($AC$2:$AC$379)*($AC$2:$AC$379<AC54))+1,"") -> 284
A55: Lehigh | ALLENTOWN | 30 | B55: Lehigh | C55: ALLENTOWN | D55: 30 | E55: Yes | F55: ALLENTOWN 2ND WARD | G55: ALLENTOWN 2ND WARD | H55: ALLENTOWN 2ND WARD | I55: 251 | J55: 40 | K55: 456 | L55: 140 | M55: 236 | N55: 68 | O55: 418 | P55: 181 | Q55: =IF(COUNT(I55:J55)=2,I55+J55,0) -> 291 | R55: =IF(COUNT(K55:L55)=2,K55+L55,0) -> 596 | S55: =IF(COUNT(M55:N55)=2,M55+N55,0) -> 304 | T55: =IF(COUNT(O55:P55)=2,O55+P55,0) -> 599 | U55: =IF(Q55>0,(I55/Q55-District!$B$4)*100,"") -> 32.842062 | V55: =IF(R55>0,(K55/R55-District!$B$5)*100,"") -> 26.760096 | W55: =IF(S55>0,(M55/S55-District!$B$6)*100,"") -> 26.648558 | X55: =IF(T55>0,(O55/T55-District!$B$7)*100,"") -> 20.286549 | Y55: =IF(AND(E55="Yes",Q55>=300,R55>=300,F55<>""),MAX(ABS(U55),ABS(V55))-R55/1000000000,"") | Z55: =IF(ISNUMBER(Y55),SUMPRODUCT(ISNUMBER($Y$2:$Y$379)*($Y$2:$Y$379<Y55))+1,"") | AA55: =IF(AND(E55="Yes",R55>=300,S55>=300,G55<>""),MAX(ABS(V55),ABS(W55))-S55/1000000000,"") -> 26.760095 | AB55: =IF(ISNUMBER(AA55),SUMPRODUCT(ISNUMBER($AA$2:$AA$379)*($AA$2:$AA$379<AA55))+1,"") -> 241 | AC55: =IF(AND(E55="Yes",S55>=300,T55>=300,H55<>""),MAX(ABS(W55),ABS(X55))-T55/1000000000,"") -> 26.648558 | AD55: =IF(ISNUMBER(AC55),SUMPRODUCT(ISNUMBER($AC$2:$AC$379)*($AC$2:$AC$379<AC55))+1,"") -> 281
A56: Lehigh | ALLENTOWN | 40 | B56: Lehigh | C56: ALLENTOWN | D56: 40 | E56: Yes | F56: ALLENTOWN 3RD WARD | G56: ALLENTOWN 3RD WARD | H56: ALLENTOWN 3RD WARD | I56: 333 | J56: 49 | K56: 531 | L56: 162 | M56: 365 | N56: 72 | O56: 677 | P56: 264 | Q56: =IF(COUNT(I56:J56)=2,I56+J56,0) -> 382 | R56: =IF(COUNT(K56:L56)=2,K56+L56,0) -> 693 | S56: =IF(COUNT(M56:N56)=2,M56+N56,0) -> 437 | T56: =IF(COUNT(O56:P56)=2,O56+P56,0) -> 941 | U56: =IF(Q56>0,(I56/Q56-District!$B$4)*100,"") -> 33.760541 | V56: =IF(R56>0,(K56/R56-District!$B$5)*100,"") -> 26.873405 | W56: =IF(S56>0,(M56/S56-District!$B$6)*100,"") -> 32.541007 | X56: =IF(T56>0,(O56/T56-District!$B$7)*100,"") -> 22.448318 | Y56: =IF(AND(E56="Yes",Q56>=300,R56>=300,F56<>""),MAX(ABS(U56),ABS(V56))-R56/1000000000,"") -> 33.760541 | Z56: =IF(ISNUMBER(Y56),SUMPRODUCT(ISNUMBER($Y$2:$Y$379)*($Y$2:$Y$379<Y56))+1,"") -> 288 | AA56: =IF(AND(E56="Yes",R56>=300,S56>=300,G56<>""),MAX(ABS(V56),ABS(W56))-S56/1000000000,"") -> 32.541006 | AB56: =IF(ISNUMBER(AA56),SUMPRODUCT(ISNUMBER($AA$2:$AA$379)*($AA$2:$AA$379<AA56))+1,"") -> 252 | AC56: =IF(AND(E56="Yes",S56>=300,T56>=300,H56<>""),MAX(ABS(W56),ABS(X56))-T56/1000000000,"") -> 32.541006 | AD56: =IF(ISNUMBER(AC56),SUMPRODUCT(ISNUMBER($AC$2:$AC$379)*($AC$2:$AC$379<AC56))+1,"") -> 290
A57: Lehigh | ALLENTOWN | 50 | B57: Lehigh | C57: ALLENTOWN | D57: 50 | E57: Yes | F57: ALLENTOWN 4TH WARD | G57: ALLENTOWN 4TH WARD | H57: ALLENTOWN 4TH WARD | I57: 221 | J57: 48 | K57: 319 | L57: 98 | M57: 173 | N57: 59 | O57: 283 | P57: 138 | Q57: =IF(COUNT(I57:J57)=2,I57+J57,0) -> 269 | R57: =IF(COUNT(K57:L57)=2,K57+L57,0) -> 417 | S57: =IF(COUNT(M57:N57)=2,M57+N57,0) -> 232 | T57: =IF(COUNT(O57:P57)=2,O57+P57,0) -> 421 | U57: =IF(Q57>0,(I57/Q57-District!$B$4)*100,"") -> 28.7439 | V57: =IF(R57>0,(K57/R57-District!$B$5)*100,"") -> 26.748829 | W57: =IF(S57>0,(M57/S57-District!$B$6)*100,"") -> 23.585945 | X57: =IF(T57>0,(O57/T57-District!$B$7)*100,"") -> 17.72448 | Y57: =IF(AND(E57="Yes",Q57>=300,R57>=300,F57<>""),MAX(ABS(U57),ABS(V57))-R57/1000000000,"") | Z57: =IF(ISNUMBER(Y57),SUMPRODUCT(ISNUMBER($Y$2:$Y$379)*($Y$2:$Y$379<Y57))+1,"") | AA57: =IF(AND(E57="Yes",R57>=300,S57>=300,G57<>""),MAX(ABS(V57),ABS(W57))-S57/1000000000,"") | AB57: =IF(ISNUMBER(AA57),SUMPRODUCT(ISNUMBER($AA$2:$AA$379)*($AA$2:$AA$379<AA57))+1,"") | AC57: =IF(AND(E57="Yes",S57>=300,T57>=300,H57<>""),MAX(ABS(W57),ABS(X57))-T57/1000000000,"") | AD57: =IF(ISNUMBER(AC57),SUMPRODUCT(ISNUMBER($AC$2:$AC$379)*($AC$2:$AC$379<AC57))+1,"")
A58: Lehigh | ALLENTOWN | 60 | B58: Lehigh | C58: ALLENTOWN | D58: 60 | E58: Yes | F58: ALLENTOWN 5TH WARD | G58: ALLENTOWN 5TH WARD | H58: ALLENTOWN 5TH WARD | I58: 283 | J58: 48 | K58: 435 | L58: 105 | M58: 224 | N58: 57 | O58: 447 | P58: 152 | Q58: =IF(COUNT(I58:J58)=2,I58+J58,0) -> 331 | R58: =IF(COUNT(K58:L58)=2,K58+L58,0) -> 540 | S58: =IF(COUNT(M58:N58)=2,M58+N58,0) -> 281 | T58: =IF(COUNT(O58:P58)=2,O58+P58,0) -> 599 | U58: =IF(Q58>0,(I58/Q58-District!$B$4)*100,"") -> 32.086256 | V58: =IF(R58>0,(K58/R58-District!$B$5)*100,"") -> 30.805584 | W58: =IF(S58>0,(M58/S58-District!$B$6)*100,"") -> 28.732282 | X58: =IF(T58>0,(O58/T58-District!$B$7)*100,"") -> 25.127952 | Y58: =IF(AND(E58="Yes",Q58>=300,R58>=300,F58<>""),MAX(ABS(U58),ABS(V58))-R58/1000000000,"") -> 32.086255 | Z58: =IF(ISNUMBER(Y58),SUMPRODUCT(ISNUMBER($Y$2:$Y$379)*($Y$2:$Y$379<Y58))+1,"") -> 282 | AA58: =IF(AND(E58="Yes",R58>=300,S58>=300,G58<>""),MAX(ABS(V58),ABS(W58))-S58/1000000000,"") | AB58: =IF(ISNUMBER(AA58),SUMPRODUCT(ISNUMBER($AA$2:$AA$379)*($AA$2:$AA$379<AA58))+1,"") | AC58: =IF(AND(E58="Yes",S58>=300,T58>=300,H58<>""),MAX(ABS(W58),ABS(X58))-T58/1000000000,"") | AD58: =IF(ISNUMBER(AC58),SUMPRODUCT(ISNUMBER($AC$2:$AC$379)*($AC$2:$AC$379<AC58))+1,"")
A59: Lehigh | ALLENTOWN | 70 | B59: Lehigh | C59: ALLENTOWN | D59: 70 | E59: Yes | F59: ALLENTOWN 6TH WARD 1ST DIST | G59: ALLENTOWN 6TH WARD 1ST DIST | H59: ALLENTOWN 6TH WARD 1ST DIST | I59: 167 | J59: 35 | K59: 253 | L59: 77 | M59: 93 | N59: 30 | O59: 179 | P59: 112 | Q59: =IF(COUNT(I59:J59)=2,I59+J59,0) -> 202 | R59: =IF(COUNT(K59:L59)=2,K59+L59,0) -> 330 | S59: =IF(COUNT(M59:N59)=2,M59+N59,0) -> 123 | T59: =IF(COUNT(O59:P59)=2,O59+P59,0) -> 291 | U59: =IF(Q59>0,(I59/Q59-District!$B$4)*100,"") -> 29.261034 | V59: =IF(R59>0,(K59/R59-District!$B$5)*100,"") -> 26.916695 | W59: =IF(S59>0,(M59/S59-District!$B$6)*100,"") -> 24.626735 | X59: =IF(T59>0,(O59/T59-District!$B$7)*100,"") -> 12.015605 | Y59: =IF(AND(E59="Yes",Q59>=300,R59>=300,F59<>""),MAX(ABS(U59),ABS(V59))-R59/1000000000,"") | Z59: =IF(ISNUMBER(Y59),SUMPRODUCT(ISNUMBER($Y$2:$Y$379)*($Y$2:$Y$379<Y59))+1,"") | AA59: =IF(AND(E59="Yes",R59>=300,S59>=300,G59<>""),MAX(ABS(V59),ABS(W59))-S59/1000000000,"") | AB59: =IF(ISNUMBER(AA59),SUMPRODUCT(ISNUMBER($AA$2:$AA$379)*($AA$2:$AA$379<AA59))+1,"") | AC59: =IF(AND(E59="Yes",S59>=300,T59>=300,H59<>""),MAX(ABS(W59),ABS(X59))-T59/1000000000,"") | AD59: =IF(ISNUMBER(AC59),SUMPRODUCT(ISNUMBER($AC$2:$AC$379)*($AC$2:$AC$379<AC59))+1,"")
A60: Lehigh | ALLENTOWN | 80 | B60: Lehigh | C60: ALLENTOWN | D60: 80 | E60: Yes | F60: ALLENTOWN 6TH WARD 2ND DIST | G60: ALLENTOWN 6TH WARD 2ND DIST | H60: ALLENTOWN 6TH WARD 2ND DIST | I60: 240 | J60: 71 | K60: 400 | L60: 151 | M60: 206 | N60: 84 | O60: 357 | P60: 225 | Q60: =IF(COUNT(I60:J60)=2,I60+J60,0) -> 311 | R60: =IF(COUNT(K60:L60)=2,K60+L60,0) -> 551 | S60: =IF(COUNT(M60:N60)=2,M60+N60,0) -> 290 | T60: =IF(COUNT(O60:P60)=2,O60+P60,0) -> 582 | U60: =IF(Q60>0,(I60/Q60-District!$B$4)*100,"") -> 23.758184 | V60: =IF(R60>0,(K60/R60-District!$B$5)*100,"") -> 22.84531 | W60: =IF(S60>0,(M60/S60-District!$B$6)*100,"") -> 20.051462 | X60: =IF(T60>0,(O60/T60-District!$B$7)*100,"") -> 11.843784 | Y60: =IF(AND(E60="Yes",Q60>=300,R60>=300,F60<>""),MAX(ABS(U60),ABS(V60))-R60/1000000000,"") -> 23.758184 | Z60: =IF(ISNUMBER(Y60),SUMPRODUCT(ISNUMBER($Y$2:$Y$379)*($Y$2:$Y$379<Y60))+1,"") -> 259 | AA60: =IF(AND(E60="Yes",R60>=300,S60>=300,G60<>""),MAX(ABS(V60),ABS(W60))-S60/1000000000,"") | AB60: =IF(ISNUMBER(AA60),SUMPRODUCT(ISNUMBER($AA$2:$AA$379)*($AA$2:$AA$379<AA60))+1,"") | AC60: =IF(AND(E60="Yes",S60>=300,T60>=300,H60<>""),MAX(ABS(W60),ABS(X60))-T60/1000000000,"") | AD60: =IF(ISNUMBER(AC60),SUMPRODUCT(ISNUMBER($AC$2:$AC$379)*($AC$2:$AC$379<AC60))+1,"")
A61: Lehigh | ALLENTOWN | 90 | B61: Lehigh | C61: ALLENTOWN | D61: 90 | E61: Yes | F61: ALLENTOWN 7TH WARD | G61: ALLENTOWN 7TH WARD | H61: ALLENTOWN 7TH WARD | I61: 398 | J61: 69 | K61: 631 | L61: 181 | M61: 305 | N61: 94 | O61: 520 | P61: 193 | Q61: =IF(COUNT(I61:J61)=2,I61+J61,0) -> 467 | R61: =IF(COUNT(K61:L61)=2,K61+L61,0) -> 812 | S61: =IF(COUNT(M61:N61)=2,M61+N61,0) -> 399 | T61: =IF(COUNT(O61:P61)=2,O61+P61,0) -> 713 | U61: =IF(Q61>0,(I61/Q61-District!$B$4)*100,"") -> 31.812606 | V61: =IF(R61>0,(K61/R61-District!$B$5)*100,"") -> 27.959388 | W61: =IF(S61>0,(M61/S61-District!$B$6)*100,"") -> 25.458082 | X61: =IF(T61>0,(O61/T61-District!$B$7)*100,"") -> 23.434854 | Y61: =IF(AND(E61="Yes",Q61>=300,R61>=300,F61<>""),MAX(ABS(U61),ABS(V61))-R61/1000000000,"") -> 31.812605 | Z61: =IF(ISNUMBER(Y61),SUMPRODUCT(ISNUMBER($Y$2:$Y$379)*($Y$2:$Y$379<Y61))+1,"") -> 281 | AA61: =IF(AND(E61="Yes",R61>=300,S61>=300,G61<>""),MAX(ABS(V61),ABS(W61))-S61/1000000000,"") -> 27.959388 | AB61: =IF(ISNUMBER(AA61),SUMPRODUCT(ISNUMBER($AA$2:$AA$379)*($AA$2:$AA$379<AA61))+1,"") -> 244 | AC61: =IF(AND(E61="Yes",S61>=300,T61>=300,H61<>""),MAX(ABS(W61),ABS(X61))-T61/1000000000,"") -> 25.458081 | AD61: =IF(ISNUMBER(AC61),SUMPRODUCT(ISNUMBER($AC$2:$AC$379)*($AC$2:$AC$379<AC61))+1,"") -> 277
A62: Lehigh | ALLENTOWN | 110 | B62: Lehigh | C62: ALLENTOWN | D62: 110 | E62: Yes | F62: ALLENTOWN 8TH WARD 1ST DIST | G62: ALLENTOWN 8TH WARD 1ST DIST | H62: ALLENTOWN 8TH WARD 1ST DIST | I62: 160 | J62: 29 | K62: 225 | L62: 80 | M62: 116 | N62: 25 | O62: 218 | P62: 86 | Q62: =IF(COUNT(I62:J62)=2,I62+J62,0) -> 189 | R62: =IF(COUNT(K62:L62)=2,K62+L62,0) -> 305 | S62: =IF(COUNT(M62:N62)=2,M62+N62,0) -> 141 | T62: =IF(COUNT(O62:P62)=2,O62+P62,0) -> 304 | U62: =IF(Q62>0,(I62/Q62-District!$B$4)*100,"") -> 31.243851 | V62: =IF(R62>0,(K62/R62-District!$B$5)*100,"") -> 24.02052 | W62: =IF(S62>0,(M62/S62-District!$B$6)*100,"") -> 31.286483 | X62: =IF(T62>0,(O62/T62-District!$B$7)*100,"") -> 22.214104 | Y62: =IF(AND(E62="Yes",Q62>=300,R62>=300,F62<>""),MAX(ABS(U62),ABS(V62))-R62/1000000000,"") | Z62: =IF(ISNUMBER(Y62),SUMPRODUCT(ISNUMBER($Y$2:$Y$379)*($Y$2:$Y$379<Y62))+1,"") | AA62: =IF(AND(E62="Yes",R62>=300,S62>=300,G62<>""),MAX(ABS(V62),ABS(W62))-S62/1000000000,"") | AB62: =IF(ISNUMBER(AA62),SUMPRODUCT(ISNUMBER($AA$2:$AA$379)*($AA$2:$AA$379<AA62))+1,"") | AC62: =IF(AND(E62="Yes",S62>=300,T62>=300,H62<>""),MAX(ABS(W62),ABS(X62))-T62/1000000000,"") | AD62: =IF(ISNUMBER(AC62),SUMPRODUCT(ISNUMBER($AC$2:$AC$379)*($AC$2:$AC$379<AC62))+1,"")
A63: Lehigh | ALLENTOWN | 120 | B63: Lehigh | C63: ALLENTOWN | D63: 120 | E63: Yes | F63: ALLENTOWN 8TH WARD 2ND DIST | G63: ALLENTOWN 8TH WARD 2ND DIST | H63: ALLENTOWN 8TH WARD 2ND DIST | I63: 222 | J63: 34 | K63: 294 | L63: 80 | M63: 147 | N63: 26 | O63: 262 | P63: 109 | Q63: =IF(COUNT(I63:J63)=2,I63+J63,0) -> 256 | R63: =IF(COUNT(K63:L63)=2,K63+L63,0) -> 374 | S63: =IF(COUNT(M63:N63)=2,M63+N63,0) -> 173 | T63: =IF(COUNT(O63:P63)=2,O63+P63,0) -> 371 | U63: =IF(Q63>0,(I63/Q63-District!$B$4)*100,"") -> 33.306516 | V63: =IF(R63>0,(K63/R63-District!$B$5)*100,"") -> 28.859654 | W63: =IF(S63>0,(M63/S63-District!$B$6)*100,"") -> 33.988078 | X63: =IF(T63>0,(O63/T63-District!$B$7)*100,"") -> 21.123524 | Y63: =IF(AND(E63="Yes",Q63>=300,R63>=300,F63<>""),MAX(ABS(U63),ABS(V63))-R63/1000000000,"") | Z63: =IF(ISNUMBER(Y63),SUMPRODUCT(ISNUMBER($Y$2:$Y$379)*($Y$2:$Y$379<Y63))+1,"") | AA63: =IF(AND(E63="Yes",R63>=300,S63>=300,G63<>""),MAX(ABS(V63),ABS(W63))-S63/1000000000,"") | AB63: =IF(ISNUMBER(AA63),SUMPRODUCT(ISNUMBER($AA$2:$AA$379)*($AA$2:$AA$379<AA63))+1,"") | AC63: =IF(AND(E63="Yes",S63>=300,T63>=300,H63<>""),MAX(ABS(W63),ABS(X63))-T63/1000000000,"") | AD63: =IF(ISNUMBER(AC63),SUMPRODUCT(ISNUMBER($AC$2:$AC$379)*($AC$2:$AC$379<AC63))+1,"")
A64: Lehigh | ALLENTOWN | 130 | B64: Lehigh | C64: ALLENTOWN | D64: 130 | E64: Yes | F64: ALLENTOWN 8TH WARD 3RD DIST | G64: ALLENTOWN 8TH WARD 3RD DIST | H64: ALLENTOWN 8TH WARD 3RD DIST | I64: 290 | J64: 42 | K64: 482 | L64: 138 | M64: 220 | N64: 55 | O64: 424 | P64: 151 | Q64: =IF(COUNT(I64:J64)=2,I64+J64,0) -> 332 | R64: =IF(COUNT(K64:L64)=2,K64+L64,0) -> 620 | S64: =IF(COUNT(M64:N64)=2,M64+N64,0) -> 275 | T64: =IF(COUNT(O64:P64)=2,O64+P64,0) -> 575 | U64: =IF(Q64>0,(I64/Q64-District!$B$4)*100,"") -> 33.937164 | V64: =IF(R64>0,(K64/R64-District!$B$5)*100,"") -> 27.991964 | W64: =IF(S64>0,(M64/S64-District!$B$6)*100,"") -> 29.016979 | X64: =IF(T64>0,(O64/T64-District!$B$7)*100,"") -> 24.242708 | Y64: =IF(AND(E64="Yes",Q64>=300,R64>=300,F64<>""),MAX(ABS(U64),ABS(V64))-R64/1000000000,"") -> 33.937163 | Z64: =IF(ISNUMBER(Y64),SUMPRODUCT(ISNUMBER($Y$2:$Y$379)*($Y$2:$Y$379<Y64))+1,"") -> 289 | AA64: =IF(AND(E64="Yes",R64>=300,S64>=300,G64<>""),MAX(ABS(V64),ABS(W64))-S64/1000000000,"") | AB64: =IF(ISNUMBER(AA64),SUMPRODUCT(ISNUMBER($AA$2:$AA$379)*($AA$2:$AA$379<AA64))+1,"") | AC64: =IF(AND(E64="Yes",S64>=300,T64>=300,H64<>""),MAX(ABS(W64),ABS(X64))-T64/1000000000,"") | AD64: =IF(ISNUMBER(AC64),SUMPRODUCT(ISNUMBER($AC$2:$AC$379)*($AC$2:$AC$379<AC64))+1,"")
... A99: Lehigh | ALLENTOWN | 480 | B99: Lehigh | C99: ALLENTOWN | D99: 480 | E99: Yes | F99: ALLENTOWN 17TH WARD 3RD DIST | G99: ALLENTOWN 17TH WARD 3RD DIST | H99: ALLENTOWN 17TH WARD 3RD DIST | I99: 415 | J99: 235 | K99: 491 | L99: 298 | M99: 446 | N99: 239 | O99: 502 | P99: 283 | Q99: =IF(COUNT(I99:J99)=2,I99+J99,0) -> 650 | R99: =IF(COUNT(K99:L99)=2,K99+L99,0) -> 789 | S99: =IF(COUNT(M99:N99)=2,M99+N99,0) -> 685 | T99: =IF(COUNT(O99:P99)=2,O99+P99,0) -> 785 | U99: =IF(Q99>0,(I99/Q99-District!$B$4)*100,"") -> 10.43392 | V99: =IF(R99>0,(K99/R99-District!$B$5)*100,"") -> 12.4807 | W99: =IF(S99>0,(M99/S99-District!$B$6)*100,"") -> 14.126468 | X99: =IF(T99>0,(O99/T99-District!$B$7)*100,"") -> 14.452622 | Y99: =IF(AND(E99="Yes",Q99>=300,R99>=300,F99<>""),MAX(ABS(U99),ABS(V99))-R99/1000000000,"") -> 12.480699 | Z99: =IF(ISNUMBER(Y99),SUMPRODUCT(ISNUMBER($Y$2:$Y$379)*($Y$2:$Y$379<Y99))+1,"") -> 145 | AA99: =IF(AND(E99="Yes",R99>=300,S99>=300,G99<>""),MAX(ABS(V99),ABS(W99))-S99/1000000000,"") -> 14.126468 | AB99: =IF(ISNUMBER(AA99),SUMPRODUCT(ISNUMBER($AA$2:$AA$379)*($AA$2:$AA$379<AA99))+1,"") -> 161 | AC99: =IF(AND(E99="Yes",S99>=300,T99>=300,H99<>""),MAX(ABS(W99),ABS(X99))-T99/1000000000,"") -> 14.452622 | AD99: =IF(ISNUMBER(AC99),SUMPRODUCT(ISNUMBER($AC$2:$AC$379)*($AC$2:$AC$379<AC99))+1,"") -> 190
A100: Lehigh | ALLENTOWN | 490 | B100: Lehigh | C100: ALLENTOWN | D100: 490 | E100: Yes | K100: 359 | L100: 230 | M100: 1124 | N100: 650 | O100: 1315 | P100: 921 | Q100: =IF(COUNT(I100:J100)=2,I100+J100,0) -> 0 | R100: =IF(COUNT(K100:L100)=2,K100+L100,0) -> 589 | S100: =IF(COUNT(M100:N100)=2,M100+N100,0) -> 1774 | T100: =IF(COUNT(O100:P100)=2,O100+P100,0) -> 2236 | U100: =IF(Q100>0,(I100/Q100-District!$B$4)*100,"") | V100: =IF(R100>0,(K100/R100-District!$B$5)*100,"") -> 11.200792 | W100: =IF(S100>0,(M100/S100-District!$B$6)*100,"") -> 12.376619 | X100: =IF(T100>0,(O100/T100-District!$B$7)*100,"") -> 9.3139535 | Y100: =IF(AND(E100="Yes",Q100>=300,R100>=300,F100<>""),MAX(ABS(U100),ABS(V100))-R100/1000000000,"") | Z100: =IF(ISNUMBER(Y100),SUMPRODUCT(ISNUMBER($Y$2:$Y$379)*($Y$2:$Y$379<Y100))+1,"") | AA100: =IF(AND(E100="Yes",R100>=300,S100>=300,G100<>""),MAX(ABS(V100),ABS(W100))-S100/1000000000,"") | AB100: =IF(ISNUMBER(AA100),SUMPRODUCT(ISNUMBER($AA$2:$AA$379)*($AA$2:$AA$379<AA100))+1,"") | AC100: =IF(AND(E100="Yes",S100>=300,T100>=300,H100<>""),MAX(ABS(W100),ABS(X100))-T100/1000000000,"") | AD100: =IF(ISNUMBER(AC100),SUMPRODUCT(ISNUMBER($AC$2:$AC$379)*($AC$2:$AC$379<AC100))+1,"")
A101: Lehigh | ALLENTOWN | 495 | B101: Lehigh | C101: ALLENTOWN | D101: 495 | E101: Yes | I101: 978 | J101: 585 | K101: 965 | L101: 637 | Q101: =IF(COUNT(I101:J101)=2,I101+J101,0) -> 1563 | R101: =IF(COUNT(K101:L101)=2,K101+L101,0) -> 1602 | S101: =IF(COUNT(M101:N101)=2,M101+N101,0) -> 0 | T101: =IF(COUNT(O101:P101)=2,O101+P101,0) -> 0 | U101: =IF(Q101>0,(I101/Q101-District!$B$4)*100,"") -> 9.1597433 | V101: =IF(R101>0,(K101/R101-District!$B$5)*100,"") -> 10.487232 | W101: =IF(S101>0,(M101/S101-District!$B$6)*100,"") | X101: =IF(T101>0,(O101/T101-District!$B$7)*100,"") | Y101: =IF(AND(E101="Yes",Q101>=300,R101>=300,F101<>""),MAX(ABS(U101),ABS(V101))-R101/1000000000,"") | Z101: =IF(ISNUMBER(Y101),SUMPRODUCT(ISNUMBER($Y$2:$Y$379)*($Y$2:$Y$379<Y101))+1,"") | AA101: =IF(AND(E101="Yes",R101>=300,S101>=300,G101<>""),MAX(ABS(V101),ABS(W101))-S101/1000000000,"") | AB101: =IF(ISNUMBER(AA101),SUMPRODUCT(ISNUMBER($AA$2:$AA$379)*($AA$2:$AA$379<AA101))+1,"") | AC101: =IF(AND(E101="Yes",S101>=300,T101>=300,H101<>""),MAX(ABS(W101),ABS(X101))-T101/1000000000,"") | AD101: =IF(ISNUMBER(AC101),SUMPRODUCT(ISNUMBER($AC$2:$AC$379)*($AC$2:$AC$379<AC101))+1,"")
A102: Lehigh | ALLENTOWN | 500 | B102: Lehigh | C102: ALLENTOWN | D102: 500 | E102: Yes | F102: ALLENTOWN 18TH WARD 1ST DIST | G102: ALLENTOWN 18TH WARD 1ST DIST | H102: ALLENTOWN 18TH WARD 1ST DIST | I102: 398 | J102: 167 | K102: 509 | L102: 243 | M102: 410 | N102: 165 | O102: 488 | P102: 252 | Q102: =IF(COUNT(I102:J102)=2,I102+J102,0) -> 565 | R102: =IF(COUNT(K102:L102)=2,K102+L102,0) -> 752 | S102: =IF(COUNT(M102:N102)=2,M102+N102,0) -> 575 | T102: =IF(COUNT(O102:P102)=2,O102+P102,0) -> 740 | U102: =IF(Q102>0,(I102/Q102-District!$B$4)*100,"") -> 17.030244 | V102: =IF(R102>0,(K102/R102-District!$B$5)*100,"") -> 17.936199 | W102: =IF(S102>0,(M102/S102-District!$B$6)*100,"") -> 20.321327 | X102: =IF(T102>0,(O102/T102-District!$B$7)*100,"") -> 16.449524 | Y102: =IF(AND(E102="Yes",Q102>=300,R102>=300,F102<>""),MAX(ABS(U102),ABS(V102))-R102/1000000000,"") -> 17.936198 | Z102: =IF(ISNUMBER(Y102),SUMPRODUCT(ISNUMBER($Y$2:$Y$379)*($Y$2:$Y$379<Y102))+1,"") -> 206 | AA102: =IF(AND(E102="Yes",R102>=300,S102>=300,G102<>""),MAX(ABS(V102),ABS(W102))-S102/1000000000,"") -> 20.321327 | AB102: =IF(ISNUMBER(AA102),SUMPRODUCT(ISNUMBER($AA$2:$AA$379)*($AA$2:$AA$379<AA102))+1,"") -> 215 | AC102: =IF(AND(E102="Yes",S102>=300,T102>=300,H102<>""),MAX(ABS(W102),ABS(X102))-T102/1000000000,"") -> 20.321326 | AD102: =IF(ISNUMBER(AC102),SUMPRODUCT(ISNUMBER($AC$2:$AC$379)*($AC$2:$AC$379<AC102))+1,"") -> 244
A103: Lehigh | ALLENTOWN | 510 | B103: Lehigh | C103: ALLENTOWN | D103: 510 | E103: Yes | F103: ALLENTOWN 18TH WARD 2ND DIST | G103: ALLENTOWN 18TH WARD 2ND DIST | H103: ALLENTOWN 18TH WARD 2ND DIST | K103: 598 | L103: 387 | M103: 483 | N103: 278 | O103: 601 | P103: 394 | Q103: =IF(COUNT(I103:J103)=2,I103+J103,0) -> 0 | R103: =IF(COUNT(K103:L103)=2,K103+L103,0) -> 985 | S103: =IF(COUNT(M103:N103)=2,M103+N103,0) -> 761 | T103: =IF(COUNT(O103:P103)=2,O103+P103,0) -> 995 | U103: =IF(Q103>0,(I103/Q103-District!$B$4)*100,"") | V103: =IF(R103>0,(K103/R103-District!$B$5)*100,"") -> 10.960688 | W103: =IF(S103>0,(M103/S103-District!$B$6)*100,"") -> 12.486099 | X103: =IF(T103>0,(O103/T103-District!$B$7)*100,"") -> 10.905588 | Y103: =IF(AND(E103="Yes",Q103>=300,R103>=300,F103<>""),MAX(ABS(U103),ABS(V103))-R103/1000000000,"") | Z103: =IF(ISNUMBER(Y103),SUMPRODUCT(ISNUMBER($Y$2:$Y$379)*($Y$2:$Y$379<Y103))+1,"") | AA103: =IF(AND(E103="Yes",R103>=300,S103>=300,G103<>""),MAX(ABS(V103),ABS(W103))-S103/1000000000,"") -> 12.486098 | AB103: =IF(ISNUMBER(AA103),SUMPRODUCT(ISNUMBER($AA$2:$AA$379)*($AA$2:$AA$379<AA103))+1,"") -> 142 | AC103: =IF(AND(E103="Yes",S103>=300,T103>=300,H103<>""),MAX(ABS(W103),ABS(X103))-T103/1000000000,"") -> 12.486098 | AD103: =IF(ISNUMBER(AC103),SUMPRODUCT(ISNUMBER($AC$2:$AC$379)*($AC$2:$AC$379<AC103))+1,"") -> 164
A104: Lehigh | ALLENTOWN | 515 | B104: Lehigh | C104: ALLENTOWN | D104: 515 | E104: Yes | I104: 482 | J104: 276 | Q104: =IF(COUNT(I104:J104)=2,I104+J104,0) -> 758 | R104: =IF(COUNT(K104:L104)=2,K104+L104,0) -> 0 | S104: =IF(COUNT(M104:N104)=2,M104+N104,0) -> 0 | T104: =IF(COUNT(O104:P104)=2,O104+P104,0) -> 0 | U104: =IF(Q104>0,(I104/Q104-District!$B$4)*100,"") -> 10.176157 | V104: =IF(R104>0,(K104/R104-District!$B$5)*100,"") | W104: =IF(S104>0,(M104/S104-District!$B$6)*100,"") | X104: =IF(T104>0,(O104/T104-District!$B$7)*100,"") | Y104: =IF(AND(E104="Yes",Q104>=300,R104>=300,F104<>""),MAX(ABS(U104),ABS(V104))-R104/1000000000,"") | Z104: =IF(ISNUMBER(Y104),SUMPRODUCT(ISNUMBER($Y$2:$Y$379)*($Y$2:$Y$379<Y104))+1,"") | AA104: =IF(AND(E104="Yes",R104>=300,S104>=300,G104<>""),MAX(ABS(V104),ABS(W104))-S104/1000000000,"") | AB104: =IF(ISNUMBER(AA104),SUMPRODUCT(ISNUMBER($AA$2:$AA$379)*($AA$2:$AA$379<AA104))+1,"") | AC104: =IF(AND(E104="Yes",S104>=300,T104>=300,H104<>""),MAX(ABS(W104),ABS(X104))-T104/1000000000,"") | AD104: =IF(ISNUMBER(AC104),SUMPRODUCT(ISNUMBER($AC$2:$AC$379)*($AC$2:$AC$379<AC104))+1,"")
A105: Lehigh | ALLENTOWN | 520 | B105: Lehigh | C105: ALLENTOWN | D105: 520 | E105: Yes | F105: ALLENTOWN 19TH WARD 1ST DIST | G105: ALLENTOWN 19TH WARD 1ST DIST | H105: ALLENTOWN 19TH WARD 1ST DIST | I105: 261 | J105: 120 | K105: 362 | L105: 219 | M105: 212 | N105: 155 | O105: 330 | P105: 270 | Q105: =IF(COUNT(I105:J105)=2,I105+J105,0) -> 381 | R105: =IF(COUNT(K105:L105)=2,K105+L105,0) -> 581 | S105: =IF(COUNT(M105:N105)=2,M105+N105,0) -> 367 | T105: =IF(COUNT(O105:P105)=2,O105+P105,0) -> 600 | U105: =IF(Q105>0,(I105/Q105-District!$B$4)*100,"") -> 15.091703 | V105: =IF(R105>0,(K105/R105-District!$B$5)*100,"") -> 12.556397 | W105: =IF(S105>0,(M105/S105-District!$B$6)*100,"") -> 6.7826469 | X105: =IF(T105>0,(O105/T105-District!$B$7)*100,"") -> 5.5035779 | Y105: =IF(AND(E105="Yes",Q105>=300,R105>=300,F105<>""),MAX(ABS(U105),ABS(V105))-R105/1000000000,"") -> 15.091703 | Z105: =IF(ISNUMBER(Y105),SUMPRODUCT(ISNUMBER($Y$2:$Y$379)*($Y$2:$Y$379<Y105))+1,"") -> 176 | AA105: =IF(AND(E105="Yes",R105>=300,S105>=300,G105<>""),MAX(ABS(V105),ABS(W105))-S105/1000000000,"") -> 12.556396 | AB105: =IF(ISNUMBER(AA105),SUMPRODUCT(ISNUMBER($AA$2:$AA$379)*($AA$2:$AA$379<AA105))+1,"") -> 144 | AC105: =IF(AND(E105="Yes",S105>=300,T105>=300,H105<>""),MAX(ABS(W105),ABS(X105))-T105/1000000000,"") -> 6.7826463 | AD105: =IF(ISNUMBER(AC105),SUMPRODUCT(ISNUMBER($AC$2:$AC$379)*($AC$2:$AC$379<AC105))+1,"") -> 99
A106: Lehigh | ALLENTOWN | 530 | B106: Lehigh | C106: ALLENTOWN | D106: 530 | E106: Yes | F106: ALLENTOWN 19TH WARD 2ND DIST | G106: ALLENTOWN 19TH WARD 2ND DIST | H106: ALLENTOWN 19TH WARD 2ND DIST | I106: 491 | J106: 166 | K106: 687 | L106: 278 | M106: 384 | N106: 166 | O106: 591 | P106: 333 | Q106: =IF(COUNT(I106:J106)=2,I106+J106,0) -> 657 | R106: =IF(COUNT(K106:L106)=2,K106+L106,0) -> 965 | S106: =IF(COUNT(M106:N106)=2,M106+N106,0) -> 550 | T106: =IF(COUNT(O106:P106)=2,O106+P106,0) -> 924 | U106: =IF(Q106>0,(I106/Q106-District!$B$4)*100,"") -> 21.321404 | V106: =IF(R106>0,(K106/R106-District!$B$5)*100,"") -> 21.441738 | W106: =IF(S106>0,(M106/S106-District!$B$6)*100,"") -> 18.835161 | X106: =IF(T106>0,(O106/T106-District!$B$7)*100,"") -> 14.464617 | Y106: =IF(AND(E106="Yes",Q106>=300,R106>=300,F106<>""),MAX(ABS(U106),ABS(V106))-R106/1000000000,"") -> 21.441737 | Z106: =IF(ISNUMBER(Y106),SUMPRODUCT(ISNUMBER($Y$2:$Y$379)*($Y$2:$Y$379<Y106))+1,"") -> 239 | AA106: =IF(AND(E106="Yes",R106>=300,S106>=300,G106<>""),MAX(ABS(V106),ABS(W106))-S106/1000000000,"") -> 21.441738 | AB106: =IF(ISNUMBER(AA106),SUMPRODUCT(ISNUMBER($AA$2:$AA$379)*($AA$2:$AA$379<AA106))+1,"") -> 220 | AC106: =IF(AND(E106="Yes",S106>=300,T106>=300,H106<>""),MAX(ABS(W106),ABS(X106))-T106/1000000000,"") -> 18.83516 | AD106: =IF(ISNUMBER(AC106),SUMPRODUCT(ISNUMBER($AC$2:$AC$379)*($AC$2:$AC$379<AC106))+1,"") -> 229
A107: Lehigh | ALLENTOWN | 540 | B107: Lehigh | C107: ALLENTOWN | D107: 540 | E107: Yes | F107: ALLENTOWN 19TH WARD 3RD DIST | G107: ALLENTOWN 19TH WARD 3RD DIST | H107: ALLENTOWN 19TH WARD 3RD DIST | I107: 266 | J107: 158 | K107: 345 | L107: 245 | M107: 254 | N107: 167 | O107: 347 | P107: 243 | Q107: =IF(COUNT(I107:J107)=2,I107+J107,0) -> 424 | R107: =IF(COUNT(K107:L107)=2,K107+L107,0) -> 590 | S107: =IF(COUNT(M107:N107)=2,M107+N107,0) -> 421 | T107: =IF(COUNT(O107:P107)=2,O107+P107,0) -> 590 | U107: =IF(Q107>0,(I107/Q107-District!$B$4)*100,"") -> 9.3236154 | V107: =IF(R107>0,(K107/R107-District!$B$5)*100,"") -> 8.7246047 | W107: =IF(S107>0,(M107/S107-District!$B$6)*100,"") -> 9.3495209 | X107: =IF(T107>0,(O107/T107-District!$B$7)*100,"") -> 9.3171372 | Y107: =IF(AND(E107="Yes",Q107>=300,R107>=300,F107<>""),MAX(ABS(U107),ABS(V107))-R107/1000000000,"") -> 9.3236148 | Z107: =IF(ISNUMBER(Y107),SUMPRODUCT(ISNUMBER($Y$2:$Y$379)*($Y$2:$Y$379<Y107))+1,"") -> 120 | AA107: =IF(AND(E107="Yes",R107>=300,S107>=300,G107<>""),MAX(ABS(V107),ABS(W107))-S107/1000000000,"") -> 9.3495204 | AB107: =IF(ISNUMBER(AA107),SUMPRODUCT(ISNUMBER($AA$2:$AA$379)*($AA$2:$AA$379<AA107))+1,"") -> 115 | AC107: =IF(AND(E107="Yes",S107>=300,T107>=300,H107<>""),MAX(ABS(W107),ABS(X107))-T107/1000000000,"") -> 9.3495203 | AD107: =IF(ISNUMBER(AC107),SUMPRODUCT(ISNUMBER($AC$2:$AC$379)*($AC$2:$AC$379<AC107))+1,"") -> 124
A108: Lehigh | ALLENTOWN | 550 | B108: Lehigh | C108: ALLENTOWN | D108: 550 | E108: Yes | F108: ALLENTOWN 19TH WARD 4TH DIST | G108: ALLENTOWN 19TH WARD 4TH DIST | H108: ALLENTOWN 19TH WARD 4TH DIST | I108: 296 | J108: 115 | K108: 522 | L108: 235 | M108: 265 | N108: 121 | O108: 440 | P108: 259 | Q108: =IF(COUNT(I108:J108)=2,I108+J108,0) -> 411 | R108: =IF(COUNT(K108:L108)=2,K108+L108,0) -> 757 | S108: =IF(COUNT(M108:N108)=2,M108+N108,0) -> 386 | T108: =IF(COUNT(O108:P108)=2,O108+P108,0) -> 699 | U108: =IF(Q108>0,(I108/Q108-District!$B$4)*100,"") -> 18.607231 | V108: =IF(R108>0,(K108/R108-District!$B$5)*100,"") -> 19.206435 | W108: =IF(S108>0,(M108/S108-District!$B$6)*100,"") -> 17.669829 | X108: =IF(T108>0,(O108/T108-District!$B$7)*100,"") -> 13.450645 | Y108: =IF(AND(E108="Yes",Q108>=300,R108>=300,F108<>""),MAX(ABS(U108),ABS(V108))-R108/1000000000,"") -> 19.206435 | Z108: =IF(ISNUMBER(Y108),SUMPRODUCT(ISNUMBER($Y$2:$Y$379)*($Y$2:$Y$379<Y108))+1,"") -> 218 | AA108: =IF(AND(E108="Yes",R108>=300,S108>=300,G108<>""),MAX(ABS(V108),ABS(W108))-S108/1000000000,"") -> 19.206435 | AB108: =IF(ISNUMBER(AA108),SUMPRODUCT(ISNUMBER($AA$2:$AA$379)*($AA$2:$AA$379<AA108))+1,"") -> 207 | AC108: =IF(AND(E108="Yes",S108>=300,T108>=300,H108<>""),MAX(ABS(W108),ABS(X108))-T108/1000000000,"") -> 17.669828 | AD108: =IF(ISNUMBER(AC108),SUMPRODUCT(ISNUMBER($AC$2:$AC$379)*($AC$2:$AC$379<AC108))+1,"") -> 218
A109: Lehigh | ALLENTOWN | 560 | B109: Lehigh | C109: ALLENTOWN | D109: 560 | E109: Yes | F109: ALLENTOWN 19TH WARD 5TH DIST | G109: ALLENTOWN 19TH WARD 5TH DIST | H109: ALLENTOWN 19TH WARD 5TH DIST | I109: 367 | J109: 246 | K109: 531 | L109: 393 | M109: 351 | N109: 253 | O109: 553 | P109: 367 | Q109: =IF(COUNT(I109:J109)=2,I109+J109,0) -> 613 | R109: =IF(COUNT(K109:L109)=2,K109+L109,0) -> 924 | S109: =IF(COUNT(M109:N109)=2,M109+N109,0) -> 604 | T109: =IF(COUNT(O109:P109)=2,O109+P109,0) -> 920 | U109: =IF(Q109>0,(I109/Q109-District!$B$4)*100,"") -> 6.4572607 | V109: =IF(R109>0,(K109/R109-District!$B$5)*100,"") -> 7.7175609 | W109: =IF(S109>0,(M109/S109-District!$B$6)*100,"") -> 7.1295621 | X109: =IF(T109>0,(O109/T109-District!$B$7)*100,"") -> 10.612274 | Y109: =IF(AND(E109="Yes",Q109>=300,R109>=300,F109<>""),MAX(ABS(U109),ABS(V109))-R109/1000000000,"") -> 7.71756 | Z109: =IF(ISNUMBER(Y109),SUMPRODUCT(ISNUMBER($Y$2:$Y$379)*($Y$2:$Y$379<Y109))+1,"") -> 106 | AA109: =IF(AND(E109="Yes",R109>=300,S109>=300,G109<>""),MAX(ABS(V109),ABS(W109))-S109/1000000000,"") -> 7.7175603 | AB109: =IF(ISNUMBER(AA109),SUMPRODUCT(ISNUMBER($AA$2:$AA$379)*($AA$2:$AA$379<AA109))+1,"") -> 101 | AC109: =IF(AND(E109="Yes",S109>=300,T109>=300,H109<>""),MAX(ABS(W109),ABS(X109))-T109/1000000000,"") -> 10.612273 | AD109: =IF(ISNUMBER(AC109),SUMPRODUCT(ISNUMBER($AC$2:$AC$379)*($AC$2:$AC$379<AC109))+1,"") -> 140
A110: Lehigh | ALLENTOWN | 570 | B110: Lehigh | C110: ALLENTOWN | D110: 570 | E110: Yes | F110: ALLENTOWN 19TH WARD 6TH DIST | G110: ALLENTOWN 19TH WARD 6TH DIST | H110: ALLENTOWN 19TH WARD 6TH DIST | I110: 603 | J110: 239 | K110: 932 | L110: 440 | M110: 493 | N110: 277 | O110: 821 | P110: 504 | Q110: =IF(COUNT(I110:J110)=2,I110+J110,0) -> 842 | R110: =IF(COUNT(K110:L110)=2,K110+L110,0) -> 1372 | S110: =IF(COUNT(M110:N110)=2,M110+N110,0) -> 770 | T110: =IF(COUNT(O110:P110)=2,O110+P110,0) -> 1325 | U110: =IF(Q110>0,(I110/Q110-District!$B$4)*100,"") -> 18.202968 | V110: =IF(R110>0,(K110/R110-District!$B$5)*100,"") -> 18.180058 | W110: =IF(S110>0,(M110/S110-District!$B$6)*100,"") -> 13.042953 | X110: =IF(T110>0,(O110/T110-District!$B$7)*100,"") -> 12.465842 | Y110: =IF(AND(E110="Yes",Q110>=300,R110>=300,F110<>""),MAX(ABS(U110),ABS(V110))-R110/1000000000,"") -> 18.202967 | Z110: =IF(ISNUMBER(Y110),SUMPRODUCT(ISNUMBER($Y$2:$Y$379)*($Y$2:$Y$379<Y110))+1,"") -> 209 | AA110: =IF(AND(E110="Yes",R110>=300,S110>=300,G110<>""),MAX(ABS(V110),ABS(W110))-S110/1000000000,"") -> 18.180057 | AB110: =IF(ISNUMBER(AA110),SUMPRODUCT(ISNUMBER($AA$2:$AA$379)*($AA$2:$AA$379<AA110))+1,"") -> 197 | AC110: =IF(AND(E110="Yes",S110>=300,T110>=300,H110<>""),MAX(ABS(W110),ABS(X110))-T110/1000000000,"") -> 13.042952 | AD110: =IF(ISNUMBER(AC110),SUMPRODUCT(ISNUMBER($AC$2:$AC$379)*($AC$2:$AC$379<AC110))+1,"") -> 173
A111: Lehigh | BETHLEHEM | 580 | B111: Lehigh | C111: BETHLEHEM | D111: 580 | E111: Yes | F111: BETHLEHEM 10TH WARD | G111: BETHLEHEM 10TH WARD | H111: BETHLEHEM 10TH WARD | I111: 425 | J111: 139 | K111: 593 | L111: 230 | M111: 472 | N111: 160 | O111: 598 | P111: 253 | Q111: =IF(COUNT(I111:J111)=2,I111+J111,0) -> 564 | R111: =IF(COUNT(K111:L111)=2,K111+L111,0) -> 823 | S111: =IF(COUNT(M111:N111)=2,M111+N111,0) -> 632 | T111: =IF(COUNT(O111:P111)=2,O111+P111,0) -> 851 | U111: =IF(Q111>0,(I111/Q111-District!$B$4)*100,"") -> 21.942376 | V111: =IF(R111>0,(K111/R111-District!$B$5)*100,"") -> 22.303491 | W111: =IF(S111>0,(M111/S111-District!$B$6)*100,"") -> 23.700524 | X111: =IF(T111>0,(O111/T111-District!$B$7)*100,"") -> 20.773848 | Y111: =IF(AND(E111="Yes",Q111>=300,R111>=300,F111<>""),MAX(ABS(U111),ABS(V111))-R111/1000000000,"") -> 22.303491 | Z111: =IF(ISNUMBER(Y111),SUMPRODUCT(ISNUMBER($Y$2:$Y$379)*($Y$2:$Y$379<Y111))+1,"") -> 248 | AA111: =IF(AND(E111="Yes",R111>=300,S111>=300,G111<>""),MAX(ABS(V111),ABS(W111))-S111/1000000000,"") -> 23.700523 | AB111: =IF(ISNUMBER(AA111),SUMPRODUCT(ISNUMBER($AA$2:$AA$379)*($AA$2:$AA$379<AA111))+1,"") -> 233 | AC111: =IF(AND(E111="Yes",S111>=300,T111>=300,H111<>""),MAX(ABS(W111),ABS(X111))-T111/1000000000,"") -> 23.700523 | AD111: =IF(ISNUMBER(AC111),SUMPRODUCT(ISNUMBER($AC$2:$AC$379)*($AC$2:$AC$379<AC111))+1,"") -> 266
A112: Lehigh | BETHLEHEM | 590 | B112: Lehigh | C112: BETHLEHEM | D112: 590 | E112: Yes | F112: BETHLEHEM 11TH WARD | G112: BETHLEHEM 11TH WARD | H112: BETHLEHEM 11TH WARD | I112: 325 | J112: 106 | K112: 414 | L112: 216 | M112: 324 | N112: 138 | O112: 420 | P112: 214 | Q112: =IF(COUNT(I112:J112)=2,I112+J112,0) -> 431 | R112: =IF(COUNT(K112:L112)=2,K112+L112,0) -> 630 | S112: =IF(COUNT(M112:N112)=2,M112+N112,0) -> 462 | T112: =IF(COUNT(O112:P112)=2,O112+P112,0) -> 634 | U112: =IF(Q112>0,(I112/Q112-District!$B$4)*100,"") -> 21.993799 | V112: =IF(R112>0,(K112/R112-District!$B$5)*100,"") -> 15.964314 | W112: =IF(S112>0,(M112/S112-District!$B$6)*100,"") -> 19.146849 | X112: =IF(T112>0,(O112/T112-District!$B$7)*100,"") -> 16.749635 | Y112: =IF(AND(E112="Yes",Q112>=300,R112>=300,F112<>""),MAX(ABS(U112),ABS(V112))-R112/1000000000,"") -> 21.993798 | Z112: =IF(ISNUMBER(Y112),SUMPRODUCT(ISNUMBER($Y$2:$Y$379)*($Y$2:$Y$379<Y112))+1,"") -> 244 | AA112: =IF(AND(E112="Yes",R112>=300,S112>=300,G112<>""),MAX(ABS(V112),ABS(W112))-S112/1000000000,"") -> 19.146849 | AB112: =IF(ISNUMBER(AA112),SUMPRODUCT(ISNUMBER($AA$2:$AA$379)*($AA$2:$AA$379<AA112))+1,"") -> 204 | AC112: =IF(AND(E112="Yes",S112>=300,T112>=300,H112<>""),MAX(ABS(W112),ABS(X112))-T112/1000000000,"") -> 19.146849 | AD112: =IF(ISNUMBER(AC112),SUMPRODUCT(ISNUMBER($AC$2:$AC$379)*($AC$2:$AC$379<AC112))+1,"") -> 232
A113: Lehigh | BETHLEHEM | 600 | B113: Lehigh | C113: BETHLEHEM | D113: 600 | E113: Yes | F113: BETHLEHEM 12TH WARD 1ST DIST | G113: BETHLEHEM 12TH WARD 1ST DIST | H113: BETHLEHEM 12TH WARD 1ST DIST | I113: 328 | J113: 109 | K113: 431 | L113: 182 | M113: 366 | N113: 124 | O113: 438 | P113: 176 | Q113: =IF(COUNT(I113:J113)=2,I113+J113,0) -> 437 | R113: =IF(COUNT(K113:L113)=2,K113+L113,0) -> 613 | S113: =IF(COUNT(M113:N113)=2,M113+N113,0) -> 490 | T113: =IF(COUNT(O113:P113)=2,O113+P113,0) -> 614 | U113: =IF(Q113>0,(I113/Q113-District!$B$4)*100,"") -> 21.644975 | V113: =IF(R113>0,(K113/R113-District!$B$5)*100,"") -> 20.559979 | W113: =IF(S113>0,(M113/S113-District!$B$6)*100,"") -> 23.710857 | X113: =IF(T113>0,(O113/T113-District!$B$7)*100,"") -> 21.839083 | Y113: =IF(AND(E113="Yes",Q113>=300,R113>=300,F113<>""),MAX(ABS(U113),ABS(V113))-R113/1000000000,"") -> 21.644974 | Z113: =IF(ISNUMBER(Y113),SUMPRODUCT(ISNUMBER($Y$2:$Y$379)*($Y$2:$Y$379<Y113))+1,"") -> 241 | AA113: =IF(AND(E113="Yes",R113>=300,S113>=300,G113<>""),MAX(ABS(V113),ABS(W113))-S113/1000000000,"") -> 23.710856 | AB113: =IF(ISNUMBER(AA113),SUMPRODUCT(ISNUMBER($AA$2:$AA$379)*($AA$2:$AA$379<AA113))+1,"") -> 234 | AC113: =IF(AND(E113="Yes",S113>=300,T113>=300,H113<>""),MAX(ABS(W113),ABS(X113))-T113/1000000000,"") -> 23.710856 | AD113: =IF(ISNUMBER(AC113),SUMPRODUCT(ISNUMBER($AC$2:$AC$379)*($AC$2:$AC$379<AC113))+1,"") -> 267
A114: Lehigh | BETHLEHEM | 610 | B114: Lehigh | C114: BETHLEHEM | D114: 610 | E114: Yes | F114: BETHLEHEM 12TH WARD 2ND DIST | G114: BETHLEHEM 12TH WARD 2ND DIST | H114: BETHLEHEM 12TH WARD 2ND DIST | I114: 358 | J114: 130 | K114: 467 | L114: 214 | M114: 415 | N114: 166 | O114: 463 | P114: 219 | Q114: =IF(COUNT(I114:J114)=2,I114+J114,0) -> 488 | R114: =IF(COUNT(K114:L114)=2,K114+L114,0) -> 681 | S114: =IF(COUNT(M114:N114)=2,M114+N114,0) -> 581 | T114: =IF(COUNT(O114:P114)=2,O114+P114,0) -> 682 | U114: =IF(Q114>0,(I114/Q114-District!$B$4)*100,"") -> 19.948422 | V114: =IF(R114>0,(K114/R114-District!$B$5)*100,"") -> 18.825652 | W114: =IF(S114>0,(M114/S114-District!$B$6)*100,"") -> 20.445551 | X114: =IF(T114>0,(O114/T114-District!$B$7)*100,"") -> 18.392141 | Y114: =IF(AND(E114="Yes",Q114>=300,R114>=300,F114<>""),MAX(ABS(U114),ABS(V114))-R114/1000000000,"") -> 19.948421 | Z114: =IF(ISNUMBER(Y114),SUMPRODUCT(ISNUMBER($Y$2:$Y$379)*($Y$2:$Y$379<Y114))+1,"") -> 224 | AA114: =IF(AND(E114="Yes",R114>=300,S114>=300,G114<>""),MAX(ABS(V114),ABS(W114))-S114/1000000000,"") -> 20.44555 | AB114: =IF(ISNUMBER(AA114),SUMPRODUCT(ISNUMBER($AA$2:$AA$379)*($AA$2:$AA$379<AA114))+1,"") -> 216 | AC114: =IF(AND(E114="Yes",S114>=300,T114>=300,H114<>""),MAX(ABS(W114),ABS(X114))-T114/1000000000,"") -> 20.44555 | AD114: =IF(ISNUMBER(AC114),SUMPRODUCT(ISNUMBER($AC$2:$AC$379)*($AC$2:$AC$379<AC114))+1,"") -> 245
A115: Lehigh | BETHLEHEM | 620 | B115: Lehigh | C115: BETHLEHEM | D115: 620 | E115: Yes | F115: BETHLEHEM 13TH WARD 1ST DIST | G115: BETHLEHEM 13TH WARD 1ST DIST | H115: BETHLEHEM 13TH WARD 1ST DIST | I115: 548 | J115: 248 | K115: 811 | L115: 418 | M115: 571 | N115: 293 | O115: 782 | P115: 404 | Q115: =IF(COUNT(I115:J115)=2,I115+J115,0) -> 796 | R115: =IF(COUNT(K115:L115)=2,K115+L115,0) -> 1229 | S115: =IF(COUNT(M115:N115)=2,M115+N115,0) -> 864 | T115: =IF(COUNT(O115:P115)=2,O115+P115,0) -> 1186 | U115: =IF(Q115>0,(I115/Q115-District!$B$4)*100,"") -> 15.431987 | V115: =IF(R115>0,(K115/R115-District!$B$5)*100,"") -> 16.238637 | W115: =IF(S115>0,(M115/S115-District!$B$6)*100,"") -> 15.104942 | X115: =IF(T115>0,(O115/T115-District!$B$7)*100,"") -> 16.439497 | Y115: =IF(AND(E115="Yes",Q115>=300,R115>=300,F115<>""),MAX(ABS(U115),ABS(V115))-R115/1000000000,"") -> 16.238636 | Z115: =IF(ISNUMBER(Y115),SUMPRODUCT(ISNUMBER($Y$2:$Y$379)*($Y$2:$Y$379<Y115))+1,"") -> 195 | AA115: =IF(AND(E115="Yes",R115>=300,S115>=300,G115<>""),MAX(ABS(V115),ABS(W115))-S115/1000000000,"") -> 16.238636 | AB115: =IF(ISNUMBER(AA115),SUMPRODUCT(ISNUMBER($AA$2:$AA$379)*($AA$2:$AA$379<AA115))+1,"") -> 179 | AC115: =IF(AND(E115="Yes",S115>=300,T115>=300,H115<>""),MAX(ABS(W115),ABS(X115))-T115/1000000000,"") -> 16.439496 | AD115: =IF(ISNUMBER(AC115),SUMPRODUCT(ISNUMBER($AC$2:$AC$379)*($AC$2:$AC$379<AC115))+1,"") -> 207
A116: Lehigh | BETHLEHEM | 630 | B116: Lehigh | C116: BETHLEHEM | D116: 630 | E116: Yes | F116: BETHLEHEM 13TH WARD 2ND DIST | G116: BETHLEHEM 13TH WARD 2ND DIST | H116: BETHLEHEM 13TH WARD 2ND DIST | I116: 370 | J116: 189 | K116: 498 | L116: 308 | M116: 400 | N116: 220 | O116: 503 | P116: 318 | Q116: =IF(COUNT(I116:J116)=2,I116+J116,0) -> 559 | R116: =IF(COUNT(K116:L116)=2,K116+L116,0) -> 806 | S116: =IF(COUNT(M116:N116)=2,M116+N116,0) -> 620 | T116: =IF(COUNT(O116:P116)=2,O116+P116,0) -> 821 | U116: =IF(Q116>0,(I116/Q116-District!$B$4)*100,"") -> 12.777391 | V116: =IF(R116>0,(K116/R116-District!$B$5)*100,"") -> 12.036629 | W116: =IF(S116>0,(M116/S116-District!$B$6)*100,"") -> 13.533108 | X116: =IF(T116>0,(O116/T116-District!$B$7)*100,"") -> 11.770326 | Y116: =IF(AND(E116="Yes",Q116>=300,R116>=300,F116<>""),MAX(ABS(U116),ABS(V116))-R116/1000000000,"") -> 12.77739 | Z116: =IF(ISNUMBER(Y116),SUMPRODUCT(ISNUMBER($Y$2:$Y$379)*($Y$2:$Y$379<Y116))+1,"") -> 150 | AA116: =IF(AND(E116="Yes",R116>=300,S116>=300,G116<>""),MAX(ABS(V116),ABS(W116))-S116/1000000000,"") -> 13.533108 | AB116: =IF(ISNUMBER(AA116),SUMPRODUCT(ISNUMBER($AA$2:$AA$379)*($AA$2:$AA$379<AA116))+1,"") -> 158 | AC116: =IF(AND(E116="Yes",S116>=300,T116>=300,H116<>""),MAX(ABS(W116),ABS(X116))-T116/1000000000,"") -> 13.533108 | AD116: =IF(ISNUMBER(AC116),SUMPRODUCT(ISNUMBER($AC$2:$AC$379)*($AC$2:$AC$379<AC116))+1,"") -> 178
... A214: Monroe | POLK | 220 | B214: Monroe | C214: POLK | D214: 220 | E214: Yes | F214: POLK | G214: POLK | H214: POLK | I214: 1009 | J214: 1471 | K214: 1425 | L214: 2491 | M214: 1021 | N214: 1984 | O214: 1414 | P214: 2894 | Q214: =IF(COUNT(I214:J214)=2,I214+J214,0) -> 2480 | R214: =IF(COUNT(K214:L214)=2,K214+L214,0) -> 3916 | S214: =IF(COUNT(M214:N214)=2,M214+N214,0) -> 3005 | T214: =IF(COUNT(O214:P214)=2,O214+P214,0) -> 4308 | U214: =IF(Q214>0,(I214/Q214-District!$B$4)*100,"") -> -12.72675 | V214: =IF(R214>0,(K214/R214-District!$B$5)*100,"") -> -13.360799 | W214: =IF(S214>0,(M214/S214-District!$B$6)*100,"") -> -17.006315 | X214: =IF(T214>0,(O214/T214-District!$B$7)*100,"") -> -16.673767 | Y214: =IF(AND(E214="Yes",Q214>=300,R214>=300,F214<>""),MAX(ABS(U214),ABS(V214))-R214/1000000000,"") -> 13.360795 | Z214: =IF(ISNUMBER(Y214),SUMPRODUCT(ISNUMBER($Y$2:$Y$379)*($Y$2:$Y$379<Y214))+1,"") -> 163 | AA214: =IF(AND(E214="Yes",R214>=300,S214>=300,G214<>""),MAX(ABS(V214),ABS(W214))-S214/1000000000,"") -> 17.006312 | AB214: =IF(ISNUMBER(AA214),SUMPRODUCT(ISNUMBER($AA$2:$AA$379)*($AA$2:$AA$379<AA214))+1,"") -> 188 | AC214: =IF(AND(E214="Yes",S214>=300,T214>=300,H214<>""),MAX(ABS(W214),ABS(X214))-T214/1000000000,"") -> 17.006311 | AD214: =IF(ISNUMBER(AC214),SUMPRODUCT(ISNUMBER($AC$2:$AC$379)*($AC$2:$AC$379<AC214))+1,"") -> 216
A215: Monroe | ROSS (USC 7) | 235 | B215: Monroe | C215: ROSS (USC 7) | D215: 235 | E215: Yes | F215: ROSS 1 | G215: ROSS 1 | H215: ROSS 1 | M215: 380 | N215: 732 | O215: 521 | P215: 997 | Q215: =IF(COUNT(I215:J215)=2,I215+J215,0) -> 0 | R215: =IF(COUNT(K215:L215)=2,K215+L215,0) -> 0 | S215: =IF(COUNT(M215:N215)=2,M215+N215,0) -> 1112 | T215: =IF(COUNT(O215:P215)=2,O215+P215,0) -> 1518 | U215: =IF(Q215>0,(I215/Q215-District!$B$4)*100,"") | V215: =IF(R215>0,(K215/R215-District!$B$5)*100,"") | W215: =IF(S215>0,(M215/S215-District!$B$6)*100,"") -> -16.810359 | X215: =IF(T215>0,(O215/T215-District!$B$7)*100,"") -> -15.174947 | Y215: =IF(AND(E215="Yes",Q215>=300,R215>=300,F215<>""),MAX(ABS(U215),ABS(V215))-R215/1000000000,"") | Z215: =IF(ISNUMBER(Y215),SUMPRODUCT(ISNUMBER($Y$2:$Y$379)*($Y$2:$Y$379<Y215))+1,"") | AA215: =IF(AND(E215="Yes",R215>=300,S215>=300,G215<>""),MAX(ABS(V215),ABS(W215))-S215/1000000000,"") | AB215: =IF(ISNUMBER(AA215),SUMPRODUCT(ISNUMBER($AA$2:$AA$379)*($AA$2:$AA$379<AA215))+1,"") | AC215: =IF(AND(E215="Yes",S215>=300,T215>=300,H215<>""),MAX(ABS(W215),ABS(X215))-T215/1000000000,"") -> 16.810357 | AD215: =IF(ISNUMBER(AC215),SUMPRODUCT(ISNUMBER($AC$2:$AC$379)*($AC$2:$AC$379<AC215))+1,"") -> 212
A216: Northampton | ALLEN | 10 | B216: Northampton | C216: ALLEN | D216: 10 | E216: Yes | F216: ALLEN TWSP - NORTH | G216: ALLEN TWSP - NORTH | H216: ALLEN TWSP - NORTH | I216: 908 | J216: 1196 | K216: 632 | L216: 1007 | M216: 526 | N216: 747 | O216: 687 | P216: 1009 | Q216: =IF(COUNT(I216:J216)=2,I216+J216,0) -> 2104 | R216: =IF(COUNT(K216:L216)=2,K216+L216,0) -> 1639 | S216: =IF(COUNT(M216:N216)=2,M216+N216,0) -> 1273 | T216: =IF(COUNT(O216:P216)=2,O216+P216,0) -> 1696 | U216: =IF(Q216>0,(I216/Q216-District!$B$4)*100,"") -> -10.25634 | V216: =IF(R216>0,(K216/R216-District!$B$5)*100,"") -> -11.189874 | W216: =IF(S216>0,(M216/S216-District!$B$6)*100,"") -> -9.6633035 | X216: =IF(T216>0,(O216/T216-District!$B$7)*100,"") -> -8.9893467 | Y216: =IF(AND(E216="Yes",Q216>=300,R216>=300,F216<>""),MAX(ABS(U216),ABS(V216))-R216/1000000000,"") -> 11.189872 | Z216: =IF(ISNUMBER(Y216),SUMPRODUCT(ISNUMBER($Y$2:$Y$379)*($Y$2:$Y$379<Y216))+1,"") -> 138 | AA216: =IF(AND(E216="Yes",R216>=300,S216>=300,G216<>""),MAX(ABS(V216),ABS(W216))-S216/1000000000,"") -> 11.189873 | AB216: =IF(ISNUMBER(AA216),SUMPRODUCT(ISNUMBER($AA$2:$AA$379)*($AA$2:$AA$379<AA216))+1,"") -> 134 | AC216: =IF(AND(E216="Yes",S216>=300,T216>=300,H216<>""),MAX(ABS(W216),ABS(X216))-T216/1000000000,"") -> 9.6633018 | AD216: =IF(ISNUMBER(AC216),SUMPRODUCT(ISNUMBER($AC$2:$AC$379)*($AC$2:$AC$379<AC216))+1,"") -> 128
A217: Northampton | ALLEN | 15 | B217: Northampton | C217: ALLEN | D217: 15 | E217: Yes | F217: ALLEN TWSP - SOUTH | G217: ALLEN TWSP - SOUTH | H217: ALLEN TWSP - SOUTH | K217: 800 | L217: 875 | M217: 648 | N217: 679 | O217: 824 | P217: 1009 | Q217: =IF(COUNT(I217:J217)=2,I217+J217,0) -> 0 | R217: =IF(COUNT(K217:L217)=2,K217+L217,0) -> 1675 | S217: =IF(COUNT(M217:N217)=2,M217+N217,0) -> 1327 | T217: =IF(COUNT(O217:P217)=2,O217+P217,0) -> 1833 | U217: =IF(Q217>0,(I217/Q217-District!$B$4)*100,"") | V217: =IF(R217>0,(K217/R217-District!$B$5)*100,"") -> -1.9887776 | W217: =IF(S217>0,(M217/S217-District!$B$6)*100,"") -> -2.1510689 | X217: =IF(T217>0,(O217/T217-District!$B$7)*100,"") -> -4.5427942 | Y217: =IF(AND(E217="Yes",Q217>=300,R217>=300,F217<>""),MAX(ABS(U217),ABS(V217))-R217/1000000000,"") | Z217: =IF(ISNUMBER(Y217),SUMPRODUCT(ISNUMBER($Y$2:$Y$379)*($Y$2:$Y$379<Y217))+1,"") | AA217: =IF(AND(E217="Yes",R217>=300,S217>=300,G217<>""),MAX(ABS(V217),ABS(W217))-S217/1000000000,"") -> 2.1510676 | AB217: =IF(ISNUMBER(AA217),SUMPRODUCT(ISNUMBER($AA$2:$AA$379)*($AA$2:$AA$379<AA217))+1,"") -> 28 | AC217: =IF(AND(E217="Yes",S217>=300,T217>=300,H217<>""),MAX(ABS(W217),ABS(X217))-T217/1000000000,"") -> 4.5427924 | AD217: =IF(ISNUMBER(AC217),SUMPRODUCT(ISNUMBER($AC$2:$AC$379)*($AC$2:$AC$379<AC217))+1,"") -> 73
A218: Northampton | BANGOR | 20 | B218: Northampton | C218: BANGOR | D218: 20 | E218: No | F218: BANGOR — historical precinct 20 | G218: BANGOR — historical precinct 20 | H218: BANGOR — historical precinct 20 | I218: 182 | J218: 192 | K218: 265 | L218: 334 | M218: 182 | N218: 220 | O218: 237 | P218: 342 | Q218: =IF(COUNT(I218:J218)=2,I218+J218,0) -> 374 | R218: =IF(COUNT(K218:L218)=2,K218+L218,0) -> 599 | S218: =IF(COUNT(M218:N218)=2,M218+N218,0) -> 402 | T218: =IF(COUNT(O218:P218)=2,O218+P218,0) -> 579 | U218: =IF(Q218>0,(I218/Q218-District!$B$4)*100,"") -> -4.749132 | V218: =IF(R218>0,(K218/R218-District!$B$5)*100,"") -> -5.5095709 | W218: =IF(S218>0,(M218/S218-District!$B$6)*100,"") -> -5.7093889 | X218: =IF(T218>0,(O218/T218-District!$B$7)*100,"") -> -8.5637797 | Y218: =IF(AND(E218="Yes",Q218>=300,R218>=300,F218<>""),MAX(ABS(U218),ABS(V218))-R218/1000000000,"") | Z218: =IF(ISNUMBER(Y218),SUMPRODUCT(ISNUMBER($Y$2:$Y$379)*($Y$2:$Y$379<Y218))+1,"") | AA218: =IF(AND(E218="Yes",R218>=300,S218>=300,G218<>""),MAX(ABS(V218),ABS(W218))-S218/1000000000,"") | AB218: =IF(ISNUMBER(AA218),SUMPRODUCT(ISNUMBER($AA$2:$AA$379)*($AA$2:$AA$379<AA218))+1,"") | AC218: =IF(AND(E218="Yes",S218>=300,T218>=300,H218<>""),MAX(ABS(W218),ABS(X218))-T218/1000000000,"") | AD218: =IF(ISNUMBER(AC218),SUMPRODUCT(ISNUMBER($AC$2:$AC$379)*($AC$2:$AC$379<AC218))+1,"")
A219: Northampton | BANGOR | 30 | B219: Northampton | C219: BANGOR | D219: 30 | E219: No | F219: BANGOR — historical precinct 30 | G219: BANGOR — historical precinct 30 | H219: BANGOR — historical precinct 30 | I219: 177 | J219: 154 | K219: 220 | L219: 305 | M219: 181 | N219: 208 | O219: 238 | P219: 312 | Q219: =IF(COUNT(I219:J219)=2,I219+J219,0) -> 331 | R219: =IF(COUNT(K219:L219)=2,K219+L219,0) -> 525 | S219: =IF(COUNT(M219:N219)=2,M219+N219,0) -> 389 | T219: =IF(COUNT(O219:P219)=2,O219+P219,0) -> 550 | U219: =IF(Q219>0,(I219/Q219-District!$B$4)*100,"") -> 0.062086616 | V219: =IF(R219>0,(K219/R219-District!$B$5)*100,"") -> -7.8452097 | W219: =IF(S219>0,(M219/S219-District!$B$6)*100,"") -> -4.4534577 | X219: =IF(T219>0,(O219/T219-District!$B$7)*100,"") -> -6.2236949 | Y219: =IF(AND(E219="Yes",Q219>=300,R219>=300,F219<>""),MAX(ABS(U219),ABS(V219))-R219/1000000000,"") | Z219: =IF(ISNUMBER(Y219),SUMPRODUCT(ISNUMBER($Y$2:$Y$379)*($Y$2:$Y$379<Y219))+1,"") | AA219: =IF(AND(E219="Yes",R219>=300,S219>=300,G219<>""),MAX(ABS(V219),ABS(W219))-S219/1000000000,"") | AB219: =IF(ISNUMBER(AA219),SUMPRODUCT(ISNUMBER($AA$2:$AA$379)*($AA$2:$AA$379<AA219))+1,"") | AC219: =IF(AND(E219="Yes",S219>=300,T219>=300,H219<>""),MAX(ABS(W219),ABS(X219))-T219/1000000000,"") | AD219: =IF(ISNUMBER(AC219),SUMPRODUCT(ISNUMBER($AC$2:$AC$379)*($AC$2:$AC$379<AC219))+1,"")
A220: Northampton | BANGOR | 40 | B220: Northampton | C220: BANGOR | D220: 40 | E220: No | F220: BANGOR — historical precinct 40 | G220: BANGOR — historical precinct 40 | H220: BANGOR — historical precinct 40 | I220: 178 | J220: 217 | K220: 252 | L220: 361 | M220: 208 | N220: 253 | O220: 257 | P220: 361 | Q220: =IF(COUNT(I220:J220)=2,I220+J220,0) -> 395 | R220: =IF(COUNT(K220:L220)=2,K220+L220,0) -> 613 | S220: =IF(COUNT(M220:N220)=2,M220+N220,0) -> 461 | T220: =IF(COUNT(O220:P220)=2,O220+P220,0) -> 618 | U220: =IF(Q220>0,(I220/Q220-District!$B$4)*100,"") -> -8.3489425 | V220: =IF(R220>0,(K220/R220-District!$B$5)*100,"") -> -8.6406731 | W220: =IF(S220>0,(M220/S220-District!$B$6)*100,"") -> -5.8637148 | X220: =IF(T220>0,(O220/T220-District!$B$7)*100,"") -> -7.9106616 | Y220: =IF(AND(E220="Yes",Q220>=300,R220>=300,F220<>""),MAX(ABS(U220),ABS(V220))-R220/1000000000,"") | Z220: =IF(ISNUMBER(Y220),SUMPRODUCT(ISNUMBER($Y$2:$Y$379)*($Y$2:$Y$379<Y220))+1,"") | AA220: =IF(AND(E220="Yes",R220>=300,S220>=300,G220<>""),MAX(ABS(V220),ABS(W220))-S220/1000000000,"") | AB220: =IF(ISNUMBER(AA220),SUMPRODUCT(ISNUMBER($AA$2:$AA$379)*($AA$2:$AA$379<AA220))+1,"") | AC220: =IF(AND(E220="Yes",S220>=300,T220>=300,H220<>""),MAX(ABS(W220),ABS(X220))-T220/1000000000,"") | AD220: =IF(ISNUMBER(AC220),SUMPRODUCT(ISNUMBER($AC$2:$AC$379)*($AC$2:$AC$379<AC220))+1,"")
A221: Northampton | BANGOR | 50 | B221: Northampton | C221: BANGOR | D221: 50 | E221: No | F221: BANGOR — historical precinct 50 | G221: BANGOR — historical precinct 50 | H221: BANGOR — historical precinct 50 | I221: 164 | J221: 217 | K221: 228 | L221: 342 | M221: 158 | N221: 247 | O221: 227 | P221: 349 | Q221: =IF(COUNT(I221:J221)=2,I221+J221,0) -> 381 | R221: =IF(COUNT(K221:L221)=2,K221+L221,0) -> 570 | S221: =IF(COUNT(M221:N221)=2,M221+N221,0) -> 405 | T221: =IF(COUNT(O221:P221)=2,O221+P221,0) -> 576 | U221: =IF(Q221>0,(I221/Q221-District!$B$4)*100,"") -> -10.367614 | V221: =IF(R221>0,(K221/R221-District!$B$5)*100,"") -> -9.7499716 | W221: =IF(S221>0,(M221/S221-District!$B$6)*100,"") -> -11.970675 | X221: =IF(T221>0,(O221/T221-District!$B$7)*100,"") -> -10.0867 | Y221: =IF(AND(E221="Yes",Q221>=300,R221>=300,F221<>""),MAX(ABS(U221),ABS(V221))-R221/1000000000,"") | Z221: =IF(ISNUMBER(Y221),SUMPRODUCT(ISNUMBER($Y$2:$Y$379)*($Y$2:$Y$379<Y221))+1,"") | AA221: =IF(AND(E221="Yes",R221>=300,S221>=300,G221<>""),MAX(ABS(V221),ABS(W221))-S221/1000000000,"") | AB221: =IF(ISNUMBER(AA221),SUMPRODUCT(ISNUMBER($AA$2:$AA$379)*($AA$2:$AA$379<AA221))+1,"") | AC221: =IF(AND(E221="Yes",S221>=300,T221>=300,H221<>""),MAX(ABS(W221),ABS(X221))-T221/1000000000,"") | AD221: =IF(ISNUMBER(AC221),SUMPRODUCT(ISNUMBER($AC$2:$AC$379)*($AC$2:$AC$379<AC221))+1,"")
A222: Northampton | BATH | 60 | B222: Northampton | C222: BATH | D222: 60 | E222: Yes | F222: BATH BORO | G222: BATH BORO | H222: BATH BORO | I222: 368 | J222: 408 | K222: 579 | L222: 695 | M222: 441 | N222: 513 | O222: 623 | P222: 726 | Q222: =IF(COUNT(I222:J222)=2,I222+J222,0) -> 776 | R222: =IF(COUNT(K222:L222)=2,K222+L222,0) -> 1274 | S222: =IF(COUNT(M222:N222)=2,M222+N222,0) -> 954 | T222: =IF(COUNT(O222:P222)=2,O222+P222,0) -> 1349 | U222: =IF(Q222>0,(I222/Q222-District!$B$4)*100,"") -> -5.9895532 | V222: =IF(R222>0,(K222/R222-District!$B$5)*100,"") -> -4.3025619 | W222: =IF(S222>0,(M222/S222-District!$B$6)*100,"") -> -4.7566056 | X222: =IF(T222>0,(O222/T222-District!$B$7)*100,"") -> -3.3140648 | Y222: =IF(AND(E222="Yes",Q222>=300,R222>=300,F222<>""),MAX(ABS(U222),ABS(V222))-R222/1000000000,"") -> 5.9895519 | Z222: =IF(ISNUMBER(Y222),SUMPRODUCT(ISNUMBER($Y$2:$Y$379)*($Y$2:$Y$379<Y222))+1,"") -> 82 | AA222: =IF(AND(E222="Yes",R222>=300,S222>=300,G222<>""),MAX(ABS(V222),ABS(W222))-S222/1000000000,"") -> 4.7566047 | AB222: =IF(ISNUMBER(AA222),SUMPRODUCT(ISNUMBER($AA$2:$AA$379)*($AA$2:$AA$379<AA222))+1,"") -> 74 | AC222: =IF(AND(E222="Yes",S222>=300,T222>=300,H222<>""),MAX(ABS(W222),ABS(X222))-T222/1000000000,"") -> 4.7566043 | AD222: =IF(ISNUMBER(AC222),SUMPRODUCT(ISNUMBER($AC$2:$AC$379)*($AC$2:$AC$379<AC222))+1,"") -> 78
A223: Northampton | BETHLEHEM | 65 | B223: Northampton | C223: BETHLEHEM | D223: 65 | E223: Yes | F223: BETHLEHEM 1ST WARD - NORTHERN | G223: BETHLEHEM 1ST WARD - NORTHERN | H223: BETHLEHEM 1ST WARD - NORTHERN | I223: 366 | J223: 80 | K223: 503 | L223: 158 | M223: 353 | N223: 92 | O223: 450 | P223: 179 | Q223: =IF(COUNT(I223:J223)=2,I223+J223,0) -> 446 | R223: =IF(COUNT(K223:L223)=2,K223+L223,0) -> 661 | S223: =IF(COUNT(M223:N223)=2,M223+N223,0) -> 445 | T223: =IF(COUNT(O223:P223)=2,O223+P223,0) -> 629 | U223: =IF(Q223>0,(I223/Q223-District!$B$4)*100,"") -> 28.650547 | V223: =IF(R223>0,(K223/R223-District!$B$5)*100,"") -> 26.346851 | W223: =IF(S223>0,(M223/S223-District!$B$6)*100,"") -> 28.342822 | X223: =IF(T223>0,(O223/T223-District!$B$7)*100,"") -> 22.045708 | Y223: =IF(AND(E223="Yes",Q223>=300,R223>=300,F223<>""),MAX(ABS(U223),ABS(V223))-R223/1000000000,"") -> 28.650546 | Z223: =IF(ISNUMBER(Y223),SUMPRODUCT(ISNUMBER($Y$2:$Y$379)*($Y$2:$Y$379<Y223))+1,"") -> 273 | AA223: =IF(AND(E223="Yes",R223>=300,S223>=300,G223<>""),MAX(ABS(V223),ABS(W223))-S223/1000000000,"") -> 28.342822 | AB223: =IF(ISNUMBER(AA223),SUMPRODUCT(ISNUMBER($AA$2:$AA$379)*($AA$2:$AA$379<AA223))+1,"") -> 245 | AC223: =IF(AND(E223="Yes",S223>=300,T223>=300,H223<>""),MAX(ABS(W223),ABS(X223))-T223/1000000000,"") -> 28.342821 | AD223: =IF(ISNUMBER(AC223),SUMPRODUCT(ISNUMBER($AC$2:$AC$379)*($AC$2:$AC$379<AC223))+1,"") -> 285
A224: Northampton | BETHLEHEM | 70 | B224: Northampton | C224: BETHLEHEM | D224: 70 | E224: Yes | F224: BETHLEHEM 1ST WARD - SOUTHERN | G224: BETHLEHEM 1ST WARD - SOUTHERN | H224: BETHLEHEM 1ST WARD - SOUTHERN | I224: 323 | J224: 74 | K224: 511 | L224: 155 | M224: 266 | N224: 88 | O224: 442 | P224: 161 | Q224: =IF(COUNT(I224:J224)=2,I224+J224,0) -> 397 | R224: =IF(COUNT(K224:L224)=2,K224+L224,0) -> 666 | S224: =IF(COUNT(M224:N224)=2,M224+N224,0) -> 354 | T224: =IF(COUNT(O224:P224)=2,O224+P224,0) -> 603 | U224: =IF(Q224>0,(I224/Q224-District!$B$4)*100,"") -> 27.947968 | V224: =IF(R224>0,(K224/R224-District!$B$5)*100,"") -> 26.976755 | W224: =IF(S224>0,(M224/S224-District!$B$6)*100,"") -> 24.158222 | X224: =IF(T224>0,(O224/T224-District!$B$7)*100,"") -> 23.803744 | Y224: =IF(AND(E224="Yes",Q224>=300,R224>=300,F224<>""),MAX(ABS(U224),ABS(V224))-R224/1000000000,"") -> 27.947967 | Z224: =IF(ISNUMBER(Y224),SUMPRODUCT(ISNUMBER($Y$2:$Y$379)*($Y$2:$Y$379<Y224))+1,"") -> 271 | AA224: =IF(AND(E224="Yes",R224>=300,S224>=300,G224<>""),MAX(ABS(V224),ABS(W224))-S224/1000000000,"") -> 26.976755 | AB224: =IF(ISNUMBER(AA224),SUMPRODUCT(ISNUMBER($AA$2:$AA$379)*($AA$2:$AA$379<AA224))+1,"") -> 242 | AC224: =IF(AND(E224="Yes",S224>=300,T224>=300,H224<>""),MAX(ABS(W224),ABS(X224))-T224/1000000000,"") -> 24.158222 | AD224: =IF(ISNUMBER(AC224),SUMPRODUCT(ISNUMBER($AC$2:$AC$379)*($AC$2:$AC$379<AC224))+1,"") -> 269
A225: Northampton | BETHLEHEM | 83 | B225: Northampton | C225: BETHLEHEM | D225: 83 | E225: Yes | F225: BETHLEHEM 2ND WARD | G225: BETHLEHEM 2ND WARD | H225: BETHLEHEM 2ND WARD | I225: 307 | J225: 59 | K225: 606 | L225: 162 | M225: 353 | N225: 88 | O225: 599 | P225: 203 | Q225: =IF(COUNT(I225:J225)=2,I225+J225,0) -> 366 | R225: =IF(COUNT(K225:L225)=2,K225+L225,0) -> 768 | S225: =IF(COUNT(M225:N225)=2,M225+N225,0) -> 441 | T225: =IF(COUNT(O225:P225)=2,O225+P225,0) -> 802 | U225: =IF(Q225>0,(I225/Q225-District!$B$4)*100,"") -> 30.467548 | V225: =IF(R225>0,(K225/R225-District!$B$5)*100,"") -> 29.156278 | W225: =IF(S225>0,(M225/S225-District!$B$6)*100,"") -> 29.062331 | X225: =IF(T225>0,(O225/T225-District!$B$7)*100,"") -> 25.191857 | Y225: =IF(AND(E225="Yes",Q225>=300,R225>=300,F225<>""),MAX(ABS(U225),ABS(V225))-R225/1000000000,"") -> 30.467547 | Z225: =IF(ISNUMBER(Y225),SUMPRODUCT(ISNUMBER($Y$2:$Y$379)*($Y$2:$Y$379<Y225))+1,"") -> 279 | AA225: =IF(AND(E225="Yes",R225>=300,S225>=300,G225<>""),MAX(ABS(V225),ABS(W225))-S225/1000000000,"") -> 29.156278 | AB225: =IF(ISNUMBER(AA225),SUMPRODUCT(ISNUMBER($AA$2:$AA$379)*($AA$2:$AA$379<AA225))+1,"") -> 250 | AC225: =IF(AND(E225="Yes",S225>=300,T225>=300,H225<>""),MAX(ABS(W225),ABS(X225))-T225/1000000000,"") -> 29.06233 | AD225: =IF(ISNUMBER(AC225),SUMPRODUCT(ISNUMBER($AC$2:$AC$379)*($AC$2:$AC$379<AC225))+1,"") -> 289
A226: Northampton | BETHLEHEM | 90 | B226: Northampton | C226: BETHLEHEM | D226: 90 | E226: Yes | F226: BETHLEHEM 3RD WARD | G226: BETHLEHEM 3RD WARD | H226: BETHLEHEM 3RD WARD | I226: 724 | J226: 115 | K226: 759 | L226: 158 | M226: 691 | N226: 98 | O226: 1506 | P226: 338 | Q226: =IF(COUNT(I226:J226)=2,I226+J226,0) -> 839 | R226: =IF(COUNT(K226:L226)=2,K226+L226,0) -> 917 | S226: =IF(COUNT(M226:N226)=2,M226+N226,0) -> 789 | T226: =IF(COUNT(O226:P226)=2,O226+P226,0) -> 1844 | U226: =IF(Q226>0,(I226/Q226-District!$B$4)*100,"") -> 32.880973 | V226: =IF(R226>0,(K226/R226-District!$B$5)*100,"") -> 33.01993 | W226: =IF(S226>0,(M226/S226-District!$B$6)*100,"") -> 36.596193 | X226: =IF(T226>0,(O226/T226-District!$B$7)*100,"") -> 32.17386 | Y226: =IF(AND(E226="Yes",Q226>=300,R226>=300,F226<>""),MAX(ABS(U226),ABS(V226))-R226/1000000000,"") -> 33.019929 | Z226: =IF(ISNUMBER(Y226),SUMPRODUCT(ISNUMBER($Y$2:$Y$379)*($Y$2:$Y$379<Y226))+1,"") -> 286 | AA226: =IF(AND(E226="Yes",R226>=300,S226>=300,G226<>""),MAX(ABS(V226),ABS(W226))-S226/1000000000,"") -> 36.596193 | AB226: =IF(ISNUMBER(AA226),SUMPRODUCT(ISNUMBER($AA$2:$AA$379)*($AA$2:$AA$379<AA226))+1,"") -> 254 | AC226: =IF(AND(E226="Yes",S226>=300,T226>=300,H226<>""),MAX(ABS(W226),ABS(X226))-T226/1000000000,"") -> 36.596192 | AD226: =IF(ISNUMBER(AC226),SUMPRODUCT(ISNUMBER($AC$2:$AC$379)*($AC$2:$AC$379<AC226))+1,"") -> 293
A227: Northampton | BETHLEHEM | 115 | B227: Northampton | C227: BETHLEHEM | D227: 115 | E227: Yes | F227: BETHLEHEM 4TH WARD | G227: BETHLEHEM 4TH WARD | H227: BETHLEHEM 4TH WARD | I227: 350 | J227: 68 | K227: 656 | L227: 191 | M227: 370 | N227: 96 | O227: 645 | P227: 243 | Q227: =IF(COUNT(I227:J227)=2,I227+J227,0) -> 418 | R227: =IF(COUNT(K227:L227)=2,K227+L227,0) -> 847 | S227: =IF(COUNT(M227:N227)=2,M227+N227,0) -> 466 | T227: =IF(COUNT(O227:P227)=2,O227+P227,0) -> 888 | U227: =IF(Q227>0,(I227/Q227-District!$B$4)*100,"") -> 30.319824 | V227: =IF(R227>0,(K227/R227-District!$B$5)*100,"") -> 27.699851 | W227: =IF(S227>0,(M227/S227-District!$B$6)*100,"") -> 28.416121 | X227: =IF(T227>0,(O227/T227-District!$B$7)*100,"") -> 23.138713 | Y227: =IF(AND(E227="Yes",Q227>=300,R227>=300,F227<>""),MAX(ABS(U227),ABS(V227))-R227/1000000000,"") -> 30.319823 | Z227: =IF(ISNUMBER(Y227),SUMPRODUCT(ISNUMBER($Y$2:$Y$379)*($Y$2:$Y$379<Y227))+1,"") -> 277 | AA227: =IF(AND(E227="Yes",R227>=300,S227>=300,G227<>""),MAX(ABS(V227),ABS(W227))-S227/1000000000,"") -> 28.41612 | AB227: =IF(ISNUMBER(AA227),SUMPRODUCT(ISNUMBER($AA$2:$AA$379)*($AA$2:$AA$379<AA227))+1,"") -> 246 | AC227: =IF(AND(E227="Yes",S227>=300,T227>=300,H227<>""),MAX(ABS(W227),ABS(X227))-T227/1000000000,"") -> 28.41612 | AD227: =IF(ISNUMBER(AC227),SUMPRODUCT(ISNUMBER($AC$2:$AC$379)*($AC$2:$AC$379<AC227))+1,"") -> 286
A228: Northampton | BETHLEHEM | 130 | B228: Northampton | C228: BETHLEHEM | D228: 130 | E228: Yes | F228: BETHLEHEM 5TH WARD | G228: BETHLEHEM 5TH WARD | H228: BETHLEHEM 5TH WARD | I228: 496 | J228: 78 | K228: 717 | L228: 241 | M228: 378 | N228: 119 | O228: 628 | P228: 267 | Q228: =IF(COUNT(I228:J228)=2,I228+J228,0) -> 574 | R228: =IF(COUNT(K228:L228)=2,K228+L228,0) -> 958 | S228: =IF(COUNT(M228:N228)=2,M228+N228,0) -> 497 | T228: =IF(COUNT(O228:P228)=2,O228+P228,0) -> 895 | U228: =IF(Q228>0,(I228/Q228-District!$B$4)*100,"") -> 32.998916 | V228: =IF(R228>0,(K228/R228-District!$B$5)*100,"") -> 25.093452 | W228: =IF(S228>0,(M228/S228-District!$B$6)*100,"") -> 25.073317 | X228: =IF(T228>0,(O228/T228-District!$B$7)*100,"") -> 20.671176 | Y228: =IF(AND(E228="Yes",Q228>=300,R228>=300,F228<>""),MAX(ABS(U228),ABS(V228))-R228/1000000000,"") -> 32.998915 | Z228: =IF(ISNUMBER(Y228),SUMPRODUCT(ISNUMBER($Y$2:$Y$379)*($Y$2:$Y$379<Y228))+1,"") -> 285 | AA228: =IF(AND(E228="Yes",R228>=300,S228>=300,G228<>""),MAX(ABS(V228),ABS(W228))-S228/1000000000,"") -> 25.093452 | AB228: =IF(ISNUMBER(AA228),SUMPRODUCT(ISNUMBER($AA$2:$AA$379)*($AA$2:$AA$379<AA228))+1,"") -> 238 | AC228: =IF(AND(E228="Yes",S228>=300,T228>=300,H228<>""),MAX(ABS(W228),ABS(X228))-T228/1000000000,"") -> 25.073316 | AD228: =IF(ISNUMBER(AC228),SUMPRODUCT(ISNUMBER($AC$2:$AC$379)*($AC$2:$AC$379<AC228))+1,"") -> 274
A229: Northampton | BETHLEHEM | 140 | B229: Northampton | C229: BETHLEHEM | D229: 140 | E229: Yes | F229: BETHLEHEM 6TH WARD | G229: BETHLEHEM 6TH WARD | H229: BETHLEHEM 6TH WARD | I229: 381 | J229: 133 | K229: 455 | L229: 177 | M229: 412 | N229: 152 | O229: 473 | P229: 153 | Q229: =IF(COUNT(I229:J229)=2,I229+J229,0) -> 514 | R229: =IF(COUNT(K229:L229)=2,K229+L229,0) -> 632 | S229: =IF(COUNT(M229:N229)=2,M229+N229,0) -> 564 | T229: =IF(COUNT(O229:P229)=2,O229+P229,0) -> 626 | U229: =IF(Q229>0,(I229/Q229-District!$B$4)*100,"") -> 20.71228 | V229: =IF(R229>0,(K229/R229-District!$B$5)*100,"") -> 22.243699 | W229: =IF(S229>0,(M229/S229-District!$B$6)*100,"") -> 22.066625 | X229: =IF(T229>0,(O229/T229-District!$B$7)*100,"") -> 26.062683 | Y229: =IF(AND(E229="Yes",Q229>=300,R229>=300,F229<>""),MAX(ABS(U229),ABS(V229))-R229/1000000000,"") -> 22.243699 | Z229: =IF(ISNUMBER(Y229),SUMPRODUCT(ISNUMBER($Y$2:$Y$379)*($Y$2:$Y$379<Y229))+1,"") -> 247 | AA229: =IF(AND(E229="Yes",R229>=300,S229>=300,G229<>""),MAX(ABS(V229),ABS(W229))-S229/1000000000,"") -> 22.243699 | AB229: =IF(ISNUMBER(AA229),SUMPRODUCT(ISNUMBER($AA$2:$AA$379)*($AA$2:$AA$379<AA229))+1,"") -> 227 | AC229: =IF(AND(E229="Yes",S229>=300,T229>=300,H229<>""),MAX(ABS(W229),ABS(X229))-T229/1000000000,"") -> 26.062683 | AD229: =IF(ISNUMBER(AC229),SUMPRODUCT(ISNUMBER($AC$2:$AC$379)*($AC$2:$AC$379<AC229))+1,"") -> 279
... A231: Northampton | BETHLEHEM | 160 | B231: Northampton | C231: BETHLEHEM | D231: 160 | E231: Yes | F231: BETHLEHEM 8TH WARD | G231: BETHLEHEM 8TH WARD | H231: BETHLEHEM 8TH WARD | I231: 515 | J231: 155 | K231: 764 | L231: 289 | M231: 483 | N231: 192 | O231: 682 | P231: 313 | Q231: =IF(COUNT(I231:J231)=2,I231+J231,0) -> 670 | R231: =IF(COUNT(K231:L231)=2,K231+L231,0) -> 1053 | S231: =IF(COUNT(M231:N231)=2,M231+N231,0) -> 675 | T231: =IF(COUNT(O231:P231)=2,O231+P231,0) -> 995 | U231: =IF(Q231>0,(I231/Q231-District!$B$4)*100,"") -> 23.453438 | V231: =IF(R231>0,(K231/R231-District!$B$5)*100,"") -> 22.804634 | W231: =IF(S231>0,(M231/S231-District!$B$6)*100,"") -> 20.572535 | X231: =IF(T231>0,(O231/T231-District!$B$7)*100,"") -> 19.046291 | Y231: =IF(AND(E231="Yes",Q231>=300,R231>=300,F231<>""),MAX(ABS(U231),ABS(V231))-R231/1000000000,"") -> 23.453437 | Z231: =IF(ISNUMBER(Y231),SUMPRODUCT(ISNUMBER($Y$2:$Y$379)*($Y$2:$Y$379<Y231))+1,"") -> 256 | AA231: =IF(AND(E231="Yes",R231>=300,S231>=300,G231<>""),MAX(ABS(V231),ABS(W231))-S231/1000000000,"") -> 22.804634 | AB231: =IF(ISNUMBER(AA231),SUMPRODUCT(ISNUMBER($AA$2:$AA$379)*($AA$2:$AA$379<AA231))+1,"") -> 229 | AC231: =IF(AND(E231="Yes",S231>=300,T231>=300,H231<>""),MAX(ABS(W231),ABS(X231))-T231/1000000000,"") -> 20.572534 | AD231: =IF(ISNUMBER(AC231),SUMPRODUCT(ISNUMBER($AC$2:$AC$379)*($AC$2:$AC$379<AC231))+1,"") -> 247
A232: Northampton | BETHLEHEM | 170 | B232: Northampton | C232: BETHLEHEM | D232: 170 | E232: Yes | I232: 252 | J232: 82 | K232: 344 | L232: 157 | M232: 240 | N232: 102 | O232: 325 | P232: 176 | Q232: =IF(COUNT(I232:J232)=2,I232+J232,0) -> 334 | R232: =IF(COUNT(K232:L232)=2,K232+L232,0) -> 501 | S232: =IF(COUNT(M232:N232)=2,M232+N232,0) -> 342 | T232: =IF(COUNT(O232:P232)=2,O232+P232,0) -> 501 | U232: =IF(Q232>0,(I232/Q232-District!$B$4)*100,"") -> 22.036868 | V232: =IF(R232>0,(K232/R232-District!$B$5)*100,"") -> 18.912703 | W232: =IF(S232>0,(M232/S232-District!$B$6)*100,"") -> 19.192418 | X232: =IF(T232>0,(O232/T232-District!$B$7)*100,"") -> 15.373837 | Y232: =IF(AND(E232="Yes",Q232>=300,R232>=300,F232<>""),MAX(ABS(U232),ABS(V232))-R232/1000000000,"") | Z232: =IF(ISNUMBER(Y232),SUMPRODUCT(ISNUMBER($Y$2:$Y$379)*($Y$2:$Y$379<Y232))+1,"") | AA232: =IF(AND(E232="Yes",R232>=300,S232>=300,G232<>""),MAX(ABS(V232),ABS(W232))-S232/1000000000,"") | AB232: =IF(ISNUMBER(AA232),SUMPRODUCT(ISNUMBER($AA$2:$AA$379)*($AA$2:$AA$379<AA232))+1,"") | AC232: =IF(AND(E232="Yes",S232>=300,T232>=300,H232<>""),MAX(ABS(W232),ABS(X232))-T232/1000000000,"") | AD232: =IF(ISNUMBER(AC232),SUMPRODUCT(ISNUMBER($AC$2:$AC$379)*($AC$2:$AC$379<AC232))+1,"")
A233: Northampton | BETHLEHEM | 180 | B233: Northampton | C233: BETHLEHEM | D233: 180 | E233: Yes | I233: 293 | J233: 98 | K233: 394 | L233: 169 | M233: 307 | N233: 114 | O233: 393 | P233: 171 | Q233: =IF(COUNT(I233:J233)=2,I233+J233,0) -> 391 | R233: =IF(COUNT(K233:L233)=2,K233+L233,0) -> 563 | S233: =IF(COUNT(M233:N233)=2,M233+N233,0) -> 421 | T233: =IF(COUNT(O233:P233)=2,O233+P233,0) -> 564 | U233: =IF(Q233>0,(I233/Q233-District!$B$4)*100,"") -> 21.523828 | V233: =IF(R233>0,(K233/R233-District!$B$5)*100,"") -> 20.232266 | W233: =IF(S233>0,(M233/S233-District!$B$6)*100,"") -> 21.938595 | X233: =IF(T233>0,(O233/T233-District!$B$7)*100,"") -> 20.184429 | Y233: =IF(AND(E233="Yes",Q233>=300,R233>=300,F233<>""),MAX(ABS(U233),ABS(V233))-R233/1000000000,"") | Z233: =IF(ISNUMBER(Y233),SUMPRODUCT(ISNUMBER($Y$2:$Y$379)*($Y$2:$Y$379<Y233))+1,"") | AA233: =IF(AND(E233="Yes",R233>=300,S233>=300,G233<>""),MAX(ABS(V233),ABS(W233))-S233/1000000000,"") | AB233: =IF(ISNUMBER(AA233),SUMPRODUCT(ISNUMBER($AA$2:$AA$379)*($AA$2:$AA$379<AA233))+1,"") | AC233: =IF(AND(E233="Yes",S233>=300,T233>=300,H233<>""),MAX(ABS(W233),ABS(X233))-T233/1000000000,"") | AD233: =IF(ISNUMBER(AC233),SUMPRODUCT(ISNUMBER($AC$2:$AC$379)*($AC$2:$AC$379<AC233))+1,"")
A234: Northampton | BETHLEHEM | 190 | B234: Northampton | C234: BETHLEHEM | D234: 190 | E234: Yes | F234: BETHLEHEM 9TH WARD EAST | G234: BETHLEHEM 9TH WARD EAST | H234: BETHLEHEM 9TH WARD EAST | I234: 464 | J234: 207 | K234: 687 | L234: 362 | M234: 563 | N234: 231 | O234: 711 | P234: 341 | Q234: =IF(COUNT(I234:J234)=2,I234+J234,0) -> 671 | R234: =IF(COUNT(K234:L234)=2,K234+L234,0) -> 1049 | S234: =IF(COUNT(M234:N234)=2,M234+N234,0) -> 794 | T234: =IF(COUNT(O234:P234)=2,O234+P234,0) -> 1052 | U234: =IF(Q234>0,(I234/Q234-District!$B$4)*100,"") -> 15.738288 | V234: =IF(R234>0,(K234/R234-District!$B$5)*100,"") -> 15.740972 | W234: =IF(S234>0,(M234/S234-District!$B$6)*100,"") -> 19.92378 | X234: =IF(T234>0,(O234/T234-District!$B$7)*100,"") -> 18.089129 | Y234: =IF(AND(E234="Yes",Q234>=300,R234>=300,F234<>""),MAX(ABS(U234),ABS(V234))-R234/1000000000,"") -> 15.740971 | Z234: =IF(ISNUMBER(Y234),SUMPRODUCT(ISNUMBER($Y$2:$Y$379)*($Y$2:$Y$379<Y234))+1,"") -> 189 | AA234: =IF(AND(E234="Yes",R234>=300,S234>=300,G234<>""),MAX(ABS(V234),ABS(W234))-S234/1000000000,"") -> 19.92378 | AB234: =IF(ISNUMBER(AA234),SUMPRODUCT(ISNUMBER($AA$2:$AA$379)*($AA$2:$AA$379<AA234))+1,"") -> 213 | AC234: =IF(AND(E234="Yes",S234>=300,T234>=300,H234<>""),MAX(ABS(W234),ABS(X234))-T234/1000000000,"") -> 19.923779 | AD234: =IF(ISNUMBER(AC234),SUMPRODUCT(ISNUMBER($AC$2:$AC$379)*($AC$2:$AC$379<AC234))+1,"") -> 239
A235: Northampton | BETHLEHEM | 200 | B235: Northampton | C235: BETHLEHEM | D235: 200 | E235: Yes | F235: BETHLEHEM 14TH WARD 1ST DISTRICT | G235: BETHLEHEM 14TH WARD 1ST DISTRICT | H235: BETHLEHEM 14TH WARD 1ST DISTRICT | I235: 541 | J235: 330 | K235: 684 | L235: 450 | M235: 605 | N235: 353 | O235: 775 | P235: 447 | Q235: =IF(COUNT(I235:J235)=2,I235+J235,0) -> 871 | R235: =IF(COUNT(K235:L235)=2,K235+L235,0) -> 1134 | S235: =IF(COUNT(M235:N235)=2,M235+N235,0) -> 958 | T235: =IF(COUNT(O235:P235)=2,O235+P235,0) -> 1222 | U235: =IF(Q235>0,(I235/Q235-District!$B$4)*100,"") -> 8.7002807 | V235: =IF(R235>0,(K235/R235-District!$B$5)*100,"") -> 10.567489 | W235: =IF(S235>0,(M235/S235-District!$B$6)*100,"") -> 12.16938 | X235: =IF(T235>0,(O235/T235-District!$B$7)*100,"") -> 13.9242 | Y235: =IF(AND(E235="Yes",Q235>=300,R235>=300,F235<>""),MAX(ABS(U235),ABS(V235))-R235/1000000000,"") -> 10.567488 | Z235: =IF(ISNUMBER(Y235),SUMPRODUCT(ISNUMBER($Y$2:$Y$379)*($Y$2:$Y$379<Y235))+1,"") -> 131 | AA235: =IF(AND(E235="Yes",R235>=300,S235>=300,G235<>""),MAX(ABS(V235),ABS(W235))-S235/1000000000,"") -> 12.169379 | AB235: =IF(ISNUMBER(AA235),SUMPRODUCT(ISNUMBER($AA$2:$AA$379)*($AA$2:$AA$379<AA235))+1,"") -> 140 | AC235: =IF(AND(E235="Yes",S235>=300,T235>=300,H235<>""),MAX(ABS(W235),ABS(X235))-T235/1000000000,"") -> 13.924199 | AD235: =IF(ISNUMBER(AC235),SUMPRODUCT(ISNUMBER($AC$2:$AC$379)*($AC$2:$AC$379<AC235))+1,"") -> 182
A236: Northampton | BETHLEHEM | 210 | B236: Northampton | C236: BETHLEHEM | D236: 210 | E236: Yes | F236: BETHLEHEM 14TH WARD 2ND DISTRICT | G236: BETHLEHEM 14TH WARD 2ND DISTRICT | H236: BETHLEHEM 14TH WARD 2ND DISTRICT | I236: 705 | J236: 516 | K236: 954 | L236: 665 | M236: 841 | N236: 547 | O236: 982 | P236: 684 | Q236: =IF(COUNT(I236:J236)=2,I236+J236,0) -> 1221 | R236: =IF(COUNT(K236:L236)=2,K236+L236,0) -> 1619 | S236: =IF(COUNT(M236:N236)=2,M236+N236,0) -> 1388 | T236: =IF(COUNT(O236:P236)=2,O236+P236,0) -> 1666 | U236: =IF(Q236>0,(I236/Q236-District!$B$4)*100,"") -> 4.3273241 | V236: =IF(R236>0,(K236/R236-District!$B$5)*100,"") -> 9.1752909 | W236: =IF(S236>0,(M236/S236-District!$B$6)*100,"") -> 9.6077574 | X236: =IF(T236>0,(O236/T236-District!$B$7)*100,"") -> 9.4471553 | Y236: =IF(AND(E236="Yes",Q236>=300,R236>=300,F236<>""),MAX(ABS(U236),ABS(V236))-R236/1000000000,"") -> 9.1752893 | Z236: =IF(ISNUMBER(Y236),SUMPRODUCT(ISNUMBER($Y$2:$Y$379)*($Y$2:$Y$379<Y236))+1,"") -> 117 | AA236: =IF(AND(E236="Yes",R236>=300,S236>=300,G236<>""),MAX(ABS(V236),ABS(W236))-S236/1000000000,"") -> 9.607756 | AB236: =IF(ISNUMBER(AA236),SUMPRODUCT(ISNUMBER($AA$2:$AA$379)*($AA$2:$AA$379<AA236))+1,"") -> 117 | AC236: =IF(AND(E236="Yes",S236>=300,T236>=300,H236<>""),MAX(ABS(W236),ABS(X236))-T236/1000000000,"") -> 9.6077557 | AD236: =IF(ISNUMBER(AC236),SUMPRODUCT(ISNUMBER($AC$2:$AC$379)*($AC$2:$AC$379<AC236))+1,"") -> 126
A237: Northampton | BETHLEHEM | 220 | B237: Northampton | C237: BETHLEHEM | D237: 220 | E237: Yes | F237: BETHLEHEM 14TH WARD 3RD DISTRICT | G237: BETHLEHEM 14TH WARD 3RD DISTRICT | H237: BETHLEHEM 14TH WARD 3RD DISTRICT | I237: 586 | J237: 305 | K237: 739 | L237: 437 | M237: 630 | N237: 301 | O237: 750 | P237: 421 | Q237: =IF(COUNT(I237:J237)=2,I237+J237,0) -> 891 | R237: =IF(COUNT(K237:L237)=2,K237+L237,0) -> 1176 | S237: =IF(COUNT(M237:N237)=2,M237+N237,0) -> 931 | T237: =IF(COUNT(O237:P237)=2,O237+P237,0) -> 1171 | U237: =IF(Q237>0,(I237/Q237-District!$B$4)*100,"") -> 12.356565 | V237: =IF(R237>0,(K237/R237-District!$B$5)*100,"") -> 13.090164 | W237: =IF(S237>0,(M237/S237-District!$B$6)*100,"") -> 16.686152 | X237: =IF(T237>0,(O237/T237-District!$B$7)*100,"") -> 14.5514 | Y237: =IF(AND(E237="Yes",Q237>=300,R237>=300,F237<>""),MAX(ABS(U237),ABS(V237))-R237/1000000000,"") -> 13.090163 | Z237: =IF(ISNUMBER(Y237),SUMPRODUCT(ISNUMBER($Y$2:$Y$379)*($Y$2:$Y$379<Y237))+1,"") -> 159 | AA237: =IF(AND(E237="Yes",R237>=300,S237>=300,G237<>""),MAX(ABS(V237),ABS(W237))-S237/1000000000,"") -> 16.686151 | AB237: =IF(ISNUMBER(AA237),SUMPRODUCT(ISNUMBER($AA$2:$AA$379)*($AA$2:$AA$379<AA237))+1,"") -> 185 | AC237: =IF(AND(E237="Yes",S237>=300,T237>=300,H237<>""),MAX(ABS(W237),ABS(X237))-T237/1000000000,"") -> 16.686151 | AD237: =IF(ISNUMBER(AC237),SUMPRODUCT(ISNUMBER($AC$2:$AC$379)*($AC$2:$AC$379<AC237))+1,"") -> 211
A238: Northampton | BETHLEHEM | 230 | B238: Northampton | C238: BETHLEHEM | D238: 230 | E238: Yes | F238: BETHLEHEM 14TH WARD 4TH DISTRICT | G238: BETHLEHEM 14TH WARD 4TH DISTRICT | H238: BETHLEHEM 14TH WARD 4TH DISTRICT | I238: 437 | J238: 203 | K238: 612 | L238: 338 | M238: 463 | N238: 238 | O238: 592 | P238: 337 | Q238: =IF(COUNT(I238:J238)=2,I238+J238,0) -> 640 | R238: =IF(COUNT(K238:L238)=2,K238+L238,0) -> 950 | S238: =IF(COUNT(M238:N238)=2,M238+N238,0) -> 701 | T238: =IF(COUNT(O238:P238)=2,O238+P238,0) -> 929 | U238: =IF(Q238>0,(I238/Q238-District!$B$4)*100,"") -> 14.869016 | V238: =IF(R238>0,(K238/R238-District!$B$5)*100,"") -> 14.671081 | W238: =IF(S238>0,(M238/S238-District!$B$6)*100,"") -> 15.065481 | X238: =IF(T238>0,(O238/T238-District!$B$7)*100,"") -> 14.228013 | Y238: =IF(AND(E238="Yes",Q238>=300,R238>=300,F238<>""),MAX(ABS(U238),ABS(V238))-R238/1000000000,"") -> 14.869015 | Z238: =IF(ISNUMBER(Y238),SUMPRODUCT(ISNUMBER($Y$2:$Y$379)*($Y$2:$Y$379<Y238))+1,"") -> 174 | AA238: =IF(AND(E238="Yes",R238>=300,S238>=300,G238<>""),MAX(ABS(V238),ABS(W238))-S238/1000000000,"") -> 15.065481 | AB238: =IF(ISNUMBER(AA238),SUMPRODUCT(ISNUMBER($AA$2:$AA$379)*($AA$2:$AA$379<AA238))+1,"") -> 169 | AC238: =IF(AND(E238="Yes",S238>=300,T238>=300,H238<>""),MAX(ABS(W238),ABS(X238))-T238/1000000000,"") -> 15.065481 | AD238: =IF(ISNUMBER(AC238),SUMPRODUCT(ISNUMBER($AC$2:$AC$379)*($AC$2:$AC$379<AC238))+1,"") -> 193
A239: Northampton | BETHLEHEM | 240 | B239: Northampton | C239: BETHLEHEM | D239: 240 | E239: Yes | F239: BETHLEHEM 14TH WARD 5TH DISTRICT | G239: BETHLEHEM 14TH WARD 5TH DISTRICT | H239: BETHLEHEM 14TH WARD 5TH DISTRICT | I239: 564 | J239: 322 | K239: 768 | L239: 541 | M239: 594 | N239: 383 | O239: 740 | P239: 506 | Q239: =IF(COUNT(I239:J239)=2,I239+J239,0) -> 886 | R239: =IF(COUNT(K239:L239)=2,K239+L239,0) -> 1309 | S239: =IF(COUNT(M239:N239)=2,M239+N239,0) -> 977 | T239: =IF(COUNT(O239:P239)=2,O239+P239,0) -> 1246 | U239: =IF(Q239>0,(I239/Q239-District!$B$4)*100,"") -> 10.244651 | V239: =IF(R239>0,(K239/R239-District!$B$5)*100,"") -> 8.9207694 | W239: =IF(S239>0,(M239/S239-District!$B$6)*100,"") -> 9.8153416 | X239: =IF(T239>0,(O239/T239-District!$B$7)*100,"") -> 9.893626 | Y239: =IF(AND(E239="Yes",Q239>=300,R239>=300,F239<>""),MAX(ABS(U239),ABS(V239))-R239/1000000000,"") -> 10.24465 | Z239: =IF(ISNUMBER(Y239),SUMPRODUCT(ISNUMBER($Y$2:$Y$379)*($Y$2:$Y$379<Y239))+1,"") -> 127 | AA239: =IF(AND(E239="Yes",R239>=300,S239>=300,G239<>""),MAX(ABS(V239),ABS(W239))-S239/1000000000,"") -> 9.8153407 | AB239: =IF(ISNUMBER(AA239),SUMPRODUCT(ISNUMBER($AA$2:$AA$379)*($AA$2:$AA$379<AA239))+1,"") -> 119 | AC239: =IF(AND(E239="Yes",S239>=300,T239>=300,H239<>""),MAX(ABS(W239),ABS(X239))-T239/1000000000,"") -> 9.8936248 | AD239: =IF(ISNUMBER(AC239),SUMPRODUCT(ISNUMBER($AC$2:$AC$379)*($AC$2:$AC$379<AC239))+1,"") -> 129
A240: Northampton | BETHLEHEM | 250 | B240: Northampton | C240: BETHLEHEM | D240: 250 | E240: Yes | F240: BETHLEHEM 14TH WARD 6TH DISTRICT | G240: BETHLEHEM 14TH WARD 6TH DISTRICT | H240: BETHLEHEM 14TH WARD 6TH DISTRICT | I240: 675 | J240: 378 | K240: 1118 | L240: 584 | M240: 777 | N240: 422 | O240: 1037 | P240: 623 | Q240: =IF(COUNT(I240:J240)=2,I240+J240,0) -> 1053 | R240: =IF(COUNT(K240:L240)=2,K240+L240,0) -> 1702 | S240: =IF(COUNT(M240:N240)=2,M240+N240,0) -> 1199 | T240: =IF(COUNT(O240:P240)=2,O240+P240,0) -> 1660 | U240: =IF(Q240>0,(I240/Q240-District!$B$4)*100,"") -> 10.69033 | V240: =IF(R240>0,(K240/R240-District!$B$5)*100,"") -> 15.937455 | W240: =IF(S240>0,(M240/S240-District!$B$6)*100,"") -> 13.820983 | X240: =IF(T240>0,(O240/T240-District!$B$7)*100,"") -> 12.973457 | Y240: =IF(AND(E240="Yes",Q240>=300,R240>=300,F240<>""),MAX(ABS(U240),ABS(V240))-R240/1000000000,"") -> 15.937453 | Z240: =IF(ISNUMBER(Y240),SUMPRODUCT(ISNUMBER($Y$2:$Y$379)*($Y$2:$Y$379<Y240))+1,"") -> 193 | AA240: =IF(AND(E240="Yes",R240>=300,S240>=300,G240<>""),MAX(ABS(V240),ABS(W240))-S240/1000000000,"") -> 15.937454 | AB240: =IF(ISNUMBER(AA240),SUMPRODUCT(ISNUMBER($AA$2:$AA$379)*($AA$2:$AA$379<AA240))+1,"") -> 175 | AC240: =IF(AND(E240="Yes",S240>=300,T240>=300,H240<>""),MAX(ABS(W240),ABS(X240))-T240/1000000000,"") -> 13.820981 | AD240: =IF(ISNUMBER(AC240),SUMPRODUCT(ISNUMBER($AC$2:$AC$379)*($AC$2:$AC$379<AC240))+1,"") -> 179
A241: Northampton | BETHLEHEM | 255 | B241: Northampton | C241: BETHLEHEM | D241: 255 | E241: Yes | F241: BETHLEHEM 14TH WARD 7TH DISTRICT | G241: BETHLEHEM 14TH WARD 7TH DISTRICT | H241: BETHLEHEM 14TH WARD 7TH DISTRICT | I241: 530 | J241: 384 | K241: 673 | L241: 519 | M241: 611 | N241: 412 | O241: 681 | P241: 513 | Q241: =IF(COUNT(I241:J241)=2,I241+J241,0) -> 914 | R241: =IF(COUNT(K241:L241)=2,K241+L241,0) -> 1192 | S241: =IF(COUNT(M241:N241)=2,M241+N241,0) -> 1023 | T241: =IF(COUNT(O241:P241)=2,O241+P241,0) -> 1194 | U241: =IF(Q241>0,(I241/Q241-District!$B$4)*100,"") -> 4.5746373 | V241: =IF(R241>0,(K241/R241-District!$B$5)*100,"") -> 6.70976 | W241: =IF(S241>0,(M241/S241-District!$B$6)*100,"") -> 8.7432745 | X241: =IF(T241>0,(O241/T241-District!$B$7)*100,"") -> 7.5387537 | Y241: =IF(AND(E241="Yes",Q241>=300,R241>=300,F241<>""),MAX(ABS(U241),ABS(V241))-R241/1000000000,"") -> 6.7097588 | Z241: =IF(ISNUMBER(Y241),SUMPRODUCT(ISNUMBER($Y$2:$Y$379)*($Y$2:$Y$379<Y241))+1,"") -> 96 | AA241: =IF(AND(E241="Yes",R241>=300,S241>=300,G241<>""),MAX(ABS(V241),ABS(W241))-S241/1000000000,"") -> 8.7432735 | AB241: =IF(ISNUMBER(AA241),SUMPRODUCT(ISNUMBER($AA$2:$AA$379)*($AA$2:$AA$379<AA241))+1,"") -> 110 | AC241: =IF(AND(E241="Yes",S241>=300,T241>=300,H241<>""),MAX(ABS(W241),ABS(X241))-T241/1000000000,"") -> 8.7432733 | AD241: =IF(ISNUMBER(AC241),SUMPRODUCT(ISNUMBER($AC$2:$AC$379)*($AC$2:$AC$379<AC241))+1,"") -> 120
...

Sheet Baseline Rows
A1: County | B1: Municipality | C1: Precinct | D1: 2022 pred D | E1: 2022 pred R | F1: 2022 actual D | G1: 2022 actual R | H1: 2022 comparable | I1: 2024 pred D | J1: 2024 pred R | K1: 2024 actual D | L1: 2024 actual R | M1: 2024 comparable | N1: 2026 Brooks | O1: 2026 Mackenzie
A2: Carbon | B2: BANKS TOWNSHIP | C2: BANKS TOWNSHIP | D2: 133 | E2: 212 | F2: 137 | G2: 249 | H2: =AND(ISNUMBER(F2),ISNUMBER(D2)) -> TRUE | I2: 154 | J2: 284 | K2: 181 | L2: 284 | M2: =AND(ISNUMBER(K2),ISNUMBER(I2)) -> TRUE | N2: 141 | O2: 223
A3: Carbon | B3: BEAVER MEADOWS BOROUGH | C3: BEAVER MEADOWS BOROUGH | D3: 83 | E3: 195 | F3: 84 | G3: 230 | H3: =AND(ISNUMBER(F3),ISNUMBER(D3)) -> TRUE | I3: 104 | J3: 300 | K3: 118 | L3: 298 | M3: =AND(ISNUMBER(K3),ISNUMBER(I3)) -> TRUE | N3: 92 | O3: 238
A4: Carbon | B4: BOWMANSTOWN BOROUGH | C4: BOWMANSTOWN BOROUGH | D4: 92 | E4: 196 | F4: 125 | G4: 223 | H4: =AND(ISNUMBER(F4),ISNUMBER(D4)) -> TRUE | I4: 125 | J4: 278 | K4: 143 | L4: 309 | M4: =AND(ISNUMBER(K4),ISNUMBER(I4)) -> TRUE | N4: 118 | O4: 238
A5: Carbon | B5: EAST PENN TOWNSHIP | C5: EAST PENN TOWNSHIP-NORTH | D5: 174 | E5: 447 | F5: 195 | G5: 503 | H5: =AND(ISNUMBER(F5),ISNUMBER(D5)) -> TRUE | I5: 208 | J5: 584 | K5: 202 | L5: 640 | M5: =AND(ISNUMBER(K5),ISNUMBER(I5)) -> TRUE | N5: 198 | O5: 526
A6: Carbon | B6: EAST PENN TOWNSHIP | C6: EAST PENN TOWNSHIP-SOUTH | D6: 141 | E6: 370 | F6: 177 | G6: 422 | H6: =AND(ISNUMBER(F6),ISNUMBER(D6)) -> TRUE | I6: 209 | J6: 574 | K6: 232 | L6: 603 | M6: =AND(ISNUMBER(K6),ISNUMBER(I6)) -> TRUE | N6: 172 | O6: 439
A7: Carbon | B7: EAST SIDE BOROUGH | C7: EAST SIDE BOROUGH | D7: 31 | E7: 45 | F7: 33 | G7: 61 | H7: =AND(ISNUMBER(F7),ISNUMBER(D7)) -> TRUE | I7: 40 | J7: 72 | K7: 38 | L7: 78 | M7: =AND(ISNUMBER(K7),ISNUMBER(I7)) -> TRUE | N7: 33 | O7: 60
A8: Carbon | B8: FRANKLIN TOWNSHIP | C8: FRANKLIN TOWNSHIP-HARRITY | D8: 226 | E8: 522 | F8: 250 | G8: 589 | H8: =AND(ISNUMBER(F8),ISNUMBER(D8)) -> TRUE | I8: 271 | J8: 738 | K8: 301 | L8: 760 | M8: =AND(ISNUMBER(K8),ISNUMBER(I8)) -> TRUE | N8: 242 | O8: 611
A9: Carbon | B9: FRANKLIN TOWNSHIP | C9: FRANKLIN TOWNSHIP-IND DIST | D9: 112 | E9: 286 | F9: 133 | G9: 321 | H9: =AND(ISNUMBER(F9),ISNUMBER(D9)) -> TRUE | I9: 157 | J9: 431 | K9: 164 | L9: 450 | M9: =AND(ISNUMBER(K9),ISNUMBER(I9)) -> TRUE | N9: 125 | O9: 323
A10: Carbon | B10: FRANKLIN TOWNSHIP | C10: FRANKLIN TOWNSHIP-LONG RUN | D10: 154 | E10: 429 | F10: 177 | G10: 488 | H10: =AND(ISNUMBER(F10),ISNUMBER(D10)) -> TRUE | I10: 210 | J10: 628 | K10: 235 | L10: 626 | M10: =AND(ISNUMBER(K10),ISNUMBER(I10)) -> TRUE | N10: 186 | O10: 497
A11: Carbon | B11: JIM THORPE BOROUGH | C11: JIM THORPE BOROUGH-1ST | D11: 187 | E11: 206 | F11: 200 | G11: 240 | H11: =AND(ISNUMBER(F11),ISNUMBER(D11)) -> TRUE | I11: 216 | J11: 279 | K11: 229 | L11: 297 | M11: =AND(ISNUMBER(K11),ISNUMBER(I11)) -> TRUE | N11: 198 | O11: 238
A12: Carbon | B12: JIM THORPE BOROUGH | C12: JIM THORPE BOROUGH-2ND | D12: 109 | E12: 149 | F12: 136 | G12: 161 | H12: =AND(ISNUMBER(F12),ISNUMBER(D12)) -> TRUE | I12: 151 | J12: 219 | K12: 163 | L12: 226 | M12: =AND(ISNUMBER(K12),ISNUMBER(I12)) -> TRUE | N12: 118 | O12: 162
A13: Carbon | B13: JIM THORPE BOROUGH | C13: JIM THORPE BOROUGH-3RD | D13: 241 | E13: 336 | F13: 244 | G13: 381 | H13: =AND(ISNUMBER(F13),ISNUMBER(D13)) -> TRUE | I13: 281 | J13: 444 | K13: 286 | L13: 464 | M13: =AND(ISNUMBER(K13),ISNUMBER(I13)) -> TRUE | N13: 253 | O13: 393
... A83: Lehigh | B83: ALLENTOWN | C83: ALLENTOWN 17TH WARD 3RD DIST | D83: 415 | E83: 262 | F83: 446 | G83: 239 | H83: =AND(ISNUMBER(F83),ISNUMBER(D83)) -> TRUE | I83: 493 | J83: 310 | K83: 502 | L83: 283 | M83: =AND(ISNUMBER(K83),ISNUMBER(I83)) -> TRUE | N83: 429 | O83: 247
A84: Lehigh | B84: ALLENTOWN | C84: ALLENTOWN 17TH WARD 4TH DIST | D84: 347 | E84: 187 | H84: =AND(ISNUMBER(F84),ISNUMBER(D84)) -> FALSE | I84: 380 | J84: 223 | M84: =AND(ISNUMBER(K84),ISNUMBER(I84)) -> FALSE | N84: 354 | O84: 201
A85: Lehigh | B85: ALLENTOWN | C85: ALLENTOWN 17TH WD 4TH DT PARK | D85: 726 | E85: 429 | H85: =AND(ISNUMBER(F85),ISNUMBER(D85)) -> FALSE | I85: 951 | J85: 586 | M85: =AND(ISNUMBER(K85),ISNUMBER(I85)) -> FALSE | N85: 763 | O85: 443
A86: Lehigh | B86: ALLENTOWN | C86: ALLENTOWN 18TH WARD 1ST DIST | D86: 387 | E86: 179 | F86: 410 | G86: 165 | H86: =AND(ISNUMBER(F86),ISNUMBER(D86)) -> TRUE | I86: 505 | J86: 245 | K86: 488 | L86: 252 | M86: =AND(ISNUMBER(K86),ISNUMBER(I86)) -> TRUE | N86: 391 | O86: 194
A87: Lehigh | B87: ALLENTOWN | C87: ALLENTOWN 18TH WARD 2ND DIST | D87: 457 | E87: 278 | F87: 483 | G87: 278 | H87: =AND(ISNUMBER(F87),ISNUMBER(D87)) -> TRUE | I87: 636 | J87: 394 | K87: 601 | L87: 394 | M87: =AND(ISNUMBER(K87),ISNUMBER(I87)) -> TRUE | N87: 486 | O87: 299
A88: Lehigh | B88: ALLENTOWN | C88: ALLENTOWN 18TH WD 2ND DT PARK | D88: 13 | E88: 7 | H88: =AND(ISNUMBER(F88),ISNUMBER(D88)) -> FALSE | I88: 18 | J88: 11 | M88: =AND(ISNUMBER(K88),ISNUMBER(I88)) -> FALSE | N88: 13 | O88: 7
A89: Lehigh | B89: ALLENTOWN | C89: ALLENTOWN 19TH WARD 1ST DIST | D89: 259 | E89: 136 | F89: 212 | G89: 155 | H89: =AND(ISNUMBER(F89),ISNUMBER(D89)) -> TRUE | I89: 354 | J89: 249 | K89: 330 | L89: 270 | M89: =AND(ISNUMBER(K89),ISNUMBER(I89)) -> TRUE | N89: 219 | O89: 162
A90: Lehigh | B90: ALLENTOWN | C90: ALLENTOWN 19TH WARD 2ND DIST | D90: 469 | E90: 169 | F90: 384 | G90: 166 | H90: =AND(ISNUMBER(F90),ISNUMBER(D90)) -> TRUE | I90: 627 | J90: 304 | K90: 591 | L90: 333 | M90: =AND(ISNUMBER(K90),ISNUMBER(I90)) -> TRUE | N90: 366 | O90: 194
A91: Lehigh | B91: ALLENTOWN | C91: ALLENTOWN 19TH WARD 3RD DIST | D91: 257 | E91: 169 | F91: 254 | G91: 167 | H91: =AND(ISNUMBER(F91),ISNUMBER(D91)) -> TRUE | I91: 342 | J91: 250 | K91: 347 | L91: 243 | M91: =AND(ISNUMBER(K91),ISNUMBER(I91)) -> TRUE | N91: 259 | O91: 180
A92: Lehigh | B92: ALLENTOWN | C92: ALLENTOWN 19TH WARD 4TH DIST | D92: 285 | E92: 122 | F92: 265 | G92: 121 | H92: =AND(ISNUMBER(F92),ISNUMBER(D92)) -> TRUE | I92: 463 | J92: 253 | K92: 440 | L92: 259 | M92: =AND(ISNUMBER(K92),ISNUMBER(I92)) -> TRUE | N92: 242 | O92: 133
A93: Lehigh | B93: ALLENTOWN | C93: ALLENTOWN 19TH WARD 5TH DIST | D93: 201 | E93: 134 | F93: 351 | G93: 253 | H93: =AND(ISNUMBER(F93),ISNUMBER(D93)) -> TRUE | I93: 561 | J93: 412 | K93: 553 | L93: 367 | M93: =AND(ISNUMBER(K93),ISNUMBER(I93)) -> TRUE | N93: 361 | O93: 240
A94: Lehigh | B94: ALLENTOWN | C94: ALLENTOWN 19TH WARD 5TH DT SAL | D94: 2 | E94: 1 | H94: =AND(ISNUMBER(F94),ISNUMBER(D94)) -> FALSE | I94: 1 | J94: 1 | M94: =AND(ISNUMBER(K94),ISNUMBER(I94)) -> FALSE | N94: 1 | O94: 1
A95: Lehigh | B95: ALLENTOWN | C95: ALLENTOWN 19TH WARD 6TH DIST | D95: 600 | E95: 269 | F95: 493 | G95: 277 | H95: =AND(ISNUMBER(F95),ISNUMBER(D95)) -> TRUE | I95: 871 | J95: 507 | K95: 821 | L95: 504 | M95: =AND(ISNUMBER(K95),ISNUMBER(I95)) -> TRUE | N95: 497 | O95: 287
A96: Lehigh | B96: ALLENTOWN | C96: ALLENTOWN 1ST WARD | D96: 305 | E96: 69 | F96: 240 | G96: 63 | H96: =AND(ISNUMBER(F96),ISNUMBER(D96)) -> TRUE | I96: 513 | J96: 157 | K96: 487 | L96: 191 | M96: =AND(ISNUMBER(K96),ISNUMBER(I96)) -> TRUE | N96: 233 | O96: 75
A97: Lehigh | B97: ALLENTOWN | C97: ALLENTOWN 2ND WARD | D97: 253 | E97: 58 | F97: 236 | G97: 68 | H97: =AND(ISNUMBER(F97),ISNUMBER(D97)) -> TRUE | I97: 478 | J97: 154 | K97: 418 | L97: 181 | M97: =AND(ISNUMBER(K97),ISNUMBER(I97)) -> TRUE | N97: 199 | O97: 73
A98: Lehigh | B98: ALLENTOWN | C98: ALLENTOWN 3RD WARD | D98: 346 | E98: 78 | F98: 365 | G98: 72 | H98: =AND(ISNUMBER(F98),ISNUMBER(D98)) -> TRUE | I98: 661 | J98: 205 | K98: 677 | L98: 264 | M98: =AND(ISNUMBER(K98),ISNUMBER(I98)) -> TRUE | N98: 410 | O98: 140
A99: Lehigh | B99: ALLENTOWN | C99: ALLENTOWN 4TH WARD | D99: 197 | E99: 48 | F99: 173 | G99: 59 | H99: =AND(ISNUMBER(F99),ISNUMBER(D99)) -> TRUE | I99: 301 | J99: 111 | K99: 283 | L99: 138 | M99: =AND(ISNUMBER(K99),ISNUMBER(I99)) -> TRUE | N99: 162 | O99: 71
A100: Lehigh | B100: ALLENTOWN | C100: ALLENTOWN 5TH WARD | D100: 279 | E100: 63 | F100: 224 | G100: 57 | H100: =AND(ISNUMBER(F100),ISNUMBER(D100)) -> TRUE | I100: 466 | J100: 144 | K100: 447 | L100: 152 | M100: =AND(ISNUMBER(K100),ISNUMBER(I100)) -> TRUE | N100: 236 | O100: 71
A101: Lehigh | B101: ALLENTOWN | C101: ALLENTOWN 6TH WARD 1ST DIST | D101: 149 | E101: 36 | F101: 93 | G101: 30 | H101: =AND(ISNUMBER(F101),ISNUMBER(D101)) -> TRUE | I101: 241 | J101: 84 | K101: 179 | L101: 112 | M101: =AND(ISNUMBER(K101),ISNUMBER(I101)) -> TRUE | N101: 80 | O101: 39
A102: Lehigh | B102: ALLENTOWN | C102: ALLENTOWN 6TH WARD 2ND DIST | D102: 254 | E102: 83 | F102: 206 | G102: 84 | H102: =AND(ISNUMBER(F102),ISNUMBER(D102)) -> TRUE | I102: 398 | J102: 170 | K102: 357 | L102: 225 | M102: =AND(ISNUMBER(K102),ISNUMBER(I102)) -> TRUE | N102: 190 | O102: 101
A103: Lehigh | B103: ALLENTOWN | C103: ALLENTOWN 7TH WARD | D103: 357 | E103: 81 | F103: 305 | G103: 94 | H103: =AND(ISNUMBER(F103),ISNUMBER(D103)) -> TRUE | I103: 589 | J103: 194 | K103: 520 | L103: 193 | M103: =AND(ISNUMBER(K103),ISNUMBER(I103)) -> TRUE | N103: 281 | O103: 94
A104: Lehigh | B104: ALLENTOWN | C104: ALLENTOWN 8TH WARD 1ST DIST | D104: 142 | E104: 35 | F104: 116 | G104: 25 | H104: =AND(ISNUMBER(F104),ISNUMBER(D104)) -> TRUE | I104: 231 | J104: 75 | K104: 218 | L104: 86 | M104: =AND(ISNUMBER(K104),ISNUMBER(I104)) -> TRUE | N104: 107 | O104: 37
A105: Lehigh | B105: ALLENTOWN | C105: ALLENTOWN 8TH WARD 2ND DIST | D105: 175 | E105: 39 | F105: 147 | G105: 26 | H105: =AND(ISNUMBER(F105),ISNUMBER(D105)) -> TRUE | I105: 258 | J105: 82 | K105: 262 | L105: 109 | M105: =AND(ISNUMBER(K105),ISNUMBER(I105)) -> TRUE | N105: 131 | O105: 44
A106: Lehigh | B106: ALLENTOWN | C106: ALLENTOWN 8TH WARD 3RD DIST | D106: 250 | E106: 56 | F106: 220 | G106: 55 | H106: =AND(ISNUMBER(F106),ISNUMBER(D106)) -> TRUE | I106: 443 | J106: 142 | K106: 424 | L106: 151 | M106: =AND(ISNUMBER(K106),ISNUMBER(I106)) -> TRUE | N106: 201 | O106: 62
... A246: Northampton | B246: BETHLEHEM | C246: BETHLEHEM 9TH WARD EAST | D246: 477 | E246: 241 | F246: 563 | G246: 231 | H246: =AND(ISNUMBER(F246),ISNUMBER(D246)) -> TRUE | I246: 683 | J246: 340 | K246: 711 | L246: 341 | M246: =AND(ISNUMBER(K246),ISNUMBER(I246)) -> TRUE | N246: 533 | O246: 252
A247: Northampton | B247: BETHLEHEM | C247: BETHLEHEM 9TH WARD WEST | D247: 445 | E247: 194 | H247: =AND(ISNUMBER(F247),ISNUMBER(D247)) -> FALSE | I247: 301 | J247: 166 | M247: =AND(ISNUMBER(K247),ISNUMBER(I247)) -> FALSE | N247: 945 | O247: 483
A248: Northampton | B248: BETHLEHEM TOWNSHIP | C248: BETHLEHEM TWSP 1ST WARD 1ST DISTRICT | D248: 336 | E248: 322 | F248: 374 | G248: 338 | H248: =AND(ISNUMBER(F248),ISNUMBER(D248)) -> TRUE | I248: 427 | J248: 423 | K248: 466 | L248: 405 | M248: =AND(ISNUMBER(K248),ISNUMBER(I248)) -> TRUE | N248: 376 | O248: 343
A249: Northampton | B249: BETHLEHEM TOWNSHIP | C249: BETHLEHEM TWSP 1ST WARD 2ND DISTRICT | D249: 437 | E249: 410 | F249: 485 | G249: 421 | H249: =AND(ISNUMBER(F249),ISNUMBER(D249)) -> TRUE | I249: 553 | J249: 540 | K249: 552 | L249: 506 | M249: =AND(ISNUMBER(K249),ISNUMBER(I249)) -> TRUE | N249: 483 | O249: 446
A250: Northampton | B250: BETHLEHEM TOWNSHIP | C250: BETHLEHEM TWSP 1ST WARD 3RD DISTRICT | D250: 459 | E250: 350 | F250: 523 | G250: 389 | H250: =AND(ISNUMBER(F250),ISNUMBER(D250)) -> TRUE | I250: 675 | J250: 571 | K250: 722 | L250: 596 | M250: =AND(ISNUMBER(K250),ISNUMBER(I250)) -> TRUE | N250: 544 | O250: 446
A251: Northampton | B251: BETHLEHEM TOWNSHIP | C251: BETHLEHEM TWSP 1ST WARD 4TH DISTRICT | D251: 188 | E251: 207 | F251: 232 | G251: 250 | H251: =AND(ISNUMBER(F251),ISNUMBER(D251)) -> TRUE | I251: 291 | J251: 331 | K251: 339 | L251: 338 | M251: =AND(ISNUMBER(K251),ISNUMBER(I251)) -> TRUE | N251: 257 | O251: 257
A252: Northampton | B252: BETHLEHEM TOWNSHIP | C252: BETHLEHEM TWSP 2ND WARD 1ST DISTRICT | D252: 393 | E252: 307 | F252: 435 | G252: 317 | H252: =AND(ISNUMBER(F252),ISNUMBER(D252)) -> TRUE | I252: 590 | J252: 484 | K252: 579 | L252: 482 | M252: =AND(ISNUMBER(K252),ISNUMBER(I252)) -> TRUE | N252: 440 | O252: 352
A253: Northampton | B253: BETHLEHEM TOWNSHIP | C253: BETHLEHEM TWSP 2ND WARD 2ND DISTRICT | D253: 397 | E253: 322 | F253: 437 | G253: 364 | H253: =AND(ISNUMBER(F253),ISNUMBER(D253)) -> TRUE | I253: 552 | J253: 507 | K253: 562 | L253: 525 | M253: =AND(ISNUMBER(K253),ISNUMBER(I253)) -> TRUE | N253: 440 | O253: 400
A254: Northampton | B254: BETHLEHEM TOWNSHIP | C254: BETHLEHEM TWSP 2ND WARD 3RD DISTRICT | D254: 227 | E254: 210 | F254: 279 | G254: 214 | H254: =AND(ISNUMBER(F254),ISNUMBER(D254)) -> TRUE | I254: 333 | J254: 302 | K254: 337 | L254: 296 | M254: =AND(ISNUMBER(K254),ISNUMBER(I254)) -> TRUE | N254: 276 | O254: 238
A255: Northampton | B255: BETHLEHEM TOWNSHIP | C255: BETHLEHEM TWSP 2ND WARD 4TH DISTRICT | D255: 358 | E255: 259 | F255: 374 | G255: 251 | H255: =AND(ISNUMBER(F255),ISNUMBER(D255)) -> TRUE | I255: 505 | J255: 391 | K255: 517 | L255: 388 | M255: =AND(ISNUMBER(K255),ISNUMBER(I255)) -> TRUE | N255: 402 | O255: 304
A256: Northampton | B256: BETHLEHEM TOWNSHIP | C256: BETHLEHEM TWSP 3RD WARD 1ST DISTRICT | D256: 233 | E256: 162 | F256: 245 | G256: 160 | H256: =AND(ISNUMBER(F256),ISNUMBER(D256)) -> TRUE | I256: 313 | J256: 235 | K256: 329 | L256: 217 | M256: =AND(ISNUMBER(K256),ISNUMBER(I256)) -> TRUE | N256: 259 | O256: 170
A257: Northampton | B257: BETHLEHEM TOWNSHIP | C257: BETHLEHEM TWSP 3RD WARD 2ND DISTRICT | D257: 247 | E257: 253 | F257: 276 | G257: 276 | H257: =AND(ISNUMBER(F257),ISNUMBER(D257)) -> TRUE | I257: 325 | J257: 363 | K257: 352 | L257: 326 | M257: =AND(ISNUMBER(K257),ISNUMBER(I257)) -> TRUE | N257: 275 | O257: 269
A258: Northampton | B258: BETHLEHEM TOWNSHIP | C258: BETHLEHEM TWSP 3RD WARD 3RD DISTRICT | D258: 300 | E258: 253 | F258: 353 | G258: 293 | H258: =AND(ISNUMBER(F258),ISNUMBER(D258)) -> TRUE | I258: 415 | J258: 381 | K258: 420 | L258: 378 | M258: =AND(ISNUMBER(K258),ISNUMBER(I258)) -> TRUE | N258: 348 | O258: 305
A259: Northampton | B259: BETHLEHEM TOWNSHIP | C259: BETHLEHEM TWSP 3RD WARD 4TH DISTRICT | D259: 369 | E259: 277 | F259: 400 | G259: 303 | H259: =AND(ISNUMBER(F259),ISNUMBER(D259)) -> TRUE | I259: 495 | J259: 397 | K259: 522 | L259: 400 | M259: =AND(ISNUMBER(K259),ISNUMBER(I259)) -> TRUE | N259: 437 | O259: 333
... A271: Northampton | B271: EAST BANGOR | C271: EAST BANGOR | D271: 126 | E271: 222 | F271: 137 | G271: 214 | H271: =AND(ISNUMBER(F271),ISNUMBER(D271)) -> TRUE | I271: 184 | J271: 327 | K271: 217 | L271: 309 | M271: =AND(ISNUMBER(K271),ISNUMBER(I271)) -> TRUE | N271: 146 | O271: 214
A272: Northampton | B272: EASTON | C272: EASTON 10TH WARD | D272: 220 | E272: 84 | H272: =AND(ISNUMBER(F272),ISNUMBER(D272)) -> FALSE | I272: 312 | J272: 129 | M272: =AND(ISNUMBER(K272),ISNUMBER(I272)) -> FALSE | N272: 574 | O272: 249
A273: Northampton | B273: EASTON | C273: EASTON 11TH WARD | D273: 343 | E273: 129 | F273: 329 | G273: 127 | H273: =AND(ISNUMBER(F273),ISNUMBER(D273)) -> TRUE | I273: 493 | J273: 207 | M273: =AND(ISNUMBER(K273),ISNUMBER(I273)) -> FALSE | N273: 538 | O273: 242
A274: Northampton | B274: EASTON | C274: EASTON 2ND WARD | D274: 361 | E274: 106 | F274: 372 | G274: 118 | H274: =AND(ISNUMBER(F274),ISNUMBER(D274)) -> TRUE | I274: 469 | J274: 167 | K274: 492 | L274: 197 | M274: =AND(ISNUMBER(K274),ISNUMBER(I274)) -> TRUE | N274: 437 | O274: 166
A275: Northampton | B275: EASTON | C275: EASTON 3RD WARD 2ND DISTRICT | D275: 603 | E275: 216 | F275: 665 | G275: 201 | H275: =AND(ISNUMBER(F275),ISNUMBER(D275)) -> TRUE | I275: 716 | J275: 259 | K275: 743 | L275: 265 | M275: =AND(ISNUMBER(K275),ISNUMBER(I275)) -> TRUE | N275: 610 | O275: 211
A276: Northampton | B276: EASTON | C276: EASTON 3RD WARD 3RD DISTRICT | D276: 186 | E276: 51 | F276: 460 | G276: 76 | H276: =AND(ISNUMBER(F276),ISNUMBER(D276)) -> TRUE | I276: 658 | J276: 165 | K276: 1109 | L276: 290 | M276: =AND(ISNUMBER(K276),ISNUMBER(I276)) -> TRUE | N276: 479 | O276: 112
A277: Northampton | B277: EASTON | C277: EASTON 3RD WARD 4TH DISTRICT | D277: 483 | E277: 177 | F277: 507 | G277: 172 | H277: =AND(ISNUMBER(F277),ISNUMBER(D277)) -> TRUE | I277: 607 | J277: 240 | K277: 566 | L277: 257 | M277: =AND(ISNUMBER(K277),ISNUMBER(I277)) -> TRUE | N277: 479 | O277: 212
A278: Northampton | B278: EASTON | C278: EASTON 4TH WARD | D278: 340 | E278: 149 | F278: 364 | G278: 155 | H278: =AND(ISNUMBER(F278),ISNUMBER(D278)) -> TRUE | I278: 518 | J278: 260 | K278: 517 | L278: 265 | M278: =AND(ISNUMBER(K278),ISNUMBER(I278)) -> TRUE | N278: 334 | O278: 176
A279: Northampton | B279: EASTON | C279: EASTON 5TH WARD | D279: 179 | E279: 51 | F279: 154 | G279: 58 | H279: =AND(ISNUMBER(F279),ISNUMBER(D279)) -> TRUE | I279: 217 | J279: 85 | K279: 233 | L279: 84 | M279: =AND(ISNUMBER(K279),ISNUMBER(I279)) -> TRUE | N279: 148 | O279: 55
A280: Northampton | B280: EASTON | C280: EASTON 6TH WARD | D280: 245 | E280: 67 | F280: 245 | G280: 79 | H280: =AND(ISNUMBER(F280),ISNUMBER(D280)) -> TRUE | I280: 365 | J280: 131 | K280: 391 | L280: 126 | M280: =AND(ISNUMBER(K280),ISNUMBER(I280)) -> TRUE | N280: 231 | O280: 87
A281: Northampton | B281: EASTON | C281: EASTON 7TH WARD | D281: 270 | E281: 77 | F281: 262 | G281: 82 | H281: =AND(ISNUMBER(F281),ISNUMBER(D281)) -> TRUE | I281: 424 | J281: 148 | K281: 381 | L281: 184 | M281: =AND(ISNUMBER(K281),ISNUMBER(I281)) -> TRUE | N281: 240 | O281: 111
A282: Northampton | B282: EASTON | C282: EASTON 8TH WARD | D282: 524 | E282: 194 | H282: =AND(ISNUMBER(F282),ISNUMBER(D282)) -> FALSE | I282: 443 | J282: 180 | M282: =AND(ISNUMBER(K282),ISNUMBER(I282)) -> FALSE | N282: 1143 | O282: 498
A283: Northampton | B283: EASTON | C283: EASTON 9TH WARD | D283: 694 | E283: 239 | F283: 643 | G283: 261 | H283: =AND(ISNUMBER(F283),ISNUMBER(D283)) -> TRUE | I283: 965 | J283: 421 | K283: 912 | L283: 445 | M283: =AND(ISNUMBER(K283),ISNUMBER(I283)) -> TRUE | N283: 627 | O283: 299
A284: Northampton | B284: FORKS | C284: FORKS — historical precinct 594 | D284: 1002 | E284: 1019 | F284: 1089 | G284: 1068 | H284: =AND(ISNUMBER(F284),ISNUMBER(D284)) -> TRUE | I284: 1343 | J284: 1462 | K284: 1361 | L284: 1448 | M284: =AND(ISNUMBER(K284),ISNUMBER(I284)) -> TRUE | N284: 1099 | O284: 1141
A285: Northampton | B285: FORKS | C285: FORKS — historical precinct 601 | D285: 1172 | E285: 1019 | F285: 1273 | G285: 1133 | H285: =AND(ISNUMBER(F285),ISNUMBER(D285)) -> TRUE | I285: 1566 | J285: 1497 | K285: 1673 | L285: 1448 | M285: =AND(ISNUMBER(K285),ISNUMBER(I285)) -> TRUE | N285: 1306 | O285: 1168
A286: Northampton | B286: FORKS | C286: FORKS — historical precinct 608 | D286: 730 | E286: 586 | F286: 796 | G286: 678 | H286: =AND(ISNUMBER(F286),ISNUMBER(D286)) -> TRUE | I286: 977 | J286: 880 | K286: 975 | L286: 935 | M286: =AND(ISNUMBER(K286),ISNUMBER(I286)) -> TRUE | N286: 789 | O286: 717
A287: Northampton | B287: FORKS | C287: FORKS — historical precinct 615 | D287: 921 | E287: 816 | F287: 1000 | G287: 903 | H287: =AND(ISNUMBER(F287),ISNUMBER(D287)) -> TRUE | I287: 1316 | J287: 1241 | K287: 1349 | L287: 1196 | M287: =AND(ISNUMBER(K287),ISNUMBER(I287)) -> TRUE | N287: 1037 | O287: 919
A288: Northampton | B288: FREEMANSBURG | C288: FREEMANSBURG | D288: 545 | E288: 286 | F288: 480 | G288: 330 | H288: =AND(ISNUMBER(F288),ISNUMBER(D288)) -> TRUE | I288: 750 | J288: 515 | K288: 714 | L288: 484 | M288: =AND(ISNUMBER(K288),ISNUMBER(I288)) -> TRUE | N288: 486 | O288: 325
A289: Northampton | B289: GLENDON | C289: GLENDON | D289: 72 | E289: 56 | F289: 72 | G289: 69 | H289: =AND(ISNUMBER(F289),ISNUMBER(D289)) -> TRUE | I289: 104 | J289: 101 | K289: 109 | L289: 97 | M289: =AND(ISNUMBER(K289),ISNUMBER(I289)) -> TRUE | N289: 76 | O289: 68
A290: Northampton | B290: HANOVER | C290: HANOVER #1 | D290: 722 | E290: 566 | F290: 770 | G290: 546 | H290: =AND(ISNUMBER(F290),ISNUMBER(D290)) -> TRUE | I290: 907 | J290: 733 | K290: 955 | L290: 692 | M290: =AND(ISNUMBER(K290),ISNUMBER(I290)) -> TRUE | N290: 745 | O290: 551
A291: Northampton | B291: HANOVER | C291: HANOVER #2 | D291: 683 | E291: 589 | F291: 731 | G291: 608 | H291: =AND(ISNUMBER(F291),ISNUMBER(D291)) -> TRUE | I291: 843 | J291: 781 | K291: 910 | L291: 742 | M291: =AND(ISNUMBER(K291),ISNUMBER(I291)) -> TRUE | N291: 710 | O291: 604
A292: Northampton | B292: HANOVER | C292: HANOVER #3 | D292: 341 | E292: 318 | F292: 388 | G292: 338 | H292: =AND(ISNUMBER(F292),ISNUMBER(D292)) -> TRUE | I292: 434 | J292: 421 | K292: 446 | L292: 410 | M292: =AND(ISNUMBER(K292),ISNUMBER(I292)) -> TRUE | N292: 379 | O292: 351
A293: Northampton | B293: HANOVER | C293: HANOVER #4 | D293: 521 | E293: 497 | F293: 603 | G293: 543 | H293: =AND(ISNUMBER(F293),ISNUMBER(D293)) -> TRUE | I293: 718 | J293: 719 | K293: 744 | L293: 678 | M293: =AND(ISNUMBER(K293),ISNUMBER(I293)) -> TRUE | N293: 595 | O293: 560
A294: Northampton | B294: HANOVER | C294: HANOVER #5 | D294: 574 | E294: 461 | F294: 656 | G294: 499 | H294: =AND(ISNUMBER(F294),ISNUMBER(D294)) -> TRUE | I294: 770 | J294: 647 | K294: 775 | L294: 645 | M294: =AND(ISNUMBER(K294),ISNUMBER(I294)) -> TRUE | N294: 662 | O294: 539
... A356: Northampton | B356: WASHINGTON | C356: WASHINGTON TWSP - LOWER | D356: 542 | E356: 1000 | F356: 628 | G356: 1170 | H356: =AND(ISNUMBER(F356),ISNUMBER(D356)) -> TRUE | I356: 539 | J356: 1087 | K356: 541 | L356: 1106 | M356: =AND(ISNUMBER(K356),ISNUMBER(I356)) -> TRUE | N356: 429 | O356: 821
A357: Northampton | B357: WASHINGTON | C357: WASHINGTON TWSP - UPPER | D357: 203 | E357: 385 | H357: =AND(ISNUMBER(F357),ISNUMBER(D357)) -> FALSE | I357: 596 | J357: 1201 | K357: 500 | L357: 982 | M357: =AND(ISNUMBER(K357),ISNUMBER(I357)) -> TRUE | N357: 476 | O357: 907
A358: Northampton | B358: WEST EASTON | C358: WEST EASTON | D358: 168 | E358: 200 | F358: 199 | G358: 215 | H358: =AND(ISNUMBER(F358),ISNUMBER(D358)) -> TRUE | I358: 282 | J358: 325 | K358: 281 | L358: 310 | M358: =AND(ISNUMBER(K358),ISNUMBER(I358)) -> TRUE | N358: 208 | O358: 230
A359: Northampton | B359: WILLIAMS TOWNSHIP | C359: WILLAMS TWSP - EASTERN | D359: 378 | E359: 500 | F359: 427 | G359: 553 | H359: =AND(ISNUMBER(F359),ISNUMBER(D359)) -> TRUE | I359: 499 | J359: 699 | K359: 514 | L359: 713 | M359: =AND(ISNUMBER(K359),ISNUMBER(I359)) -> TRUE | N359: 415 | O359: 564
A360: Northampton | B360: WILLIAMS TOWNSHIP | C360: WILLIAMS TWSP - MIDDLE | D360: 289 | E360: 442 | F360: 338 | G360: 507 | H360: =AND(ISNUMBER(F360),ISNUMBER(D360)) -> TRUE | I360: 409 | J360: 676 | K360: 425 | L360: 656 | M360: =AND(ISNUMBER(K360),ISNUMBER(I360)) -> TRUE | N360: 367 | O360: 561
A361: Northampton | B361: WILLIAMS TOWNSHIP | C361: WILLIAMS TWSP - UPPER | D361: 425 | E361: 465 | F361: 444 | G361: 467 | H361: =AND(ISNUMBER(F361),ISNUMBER(D361)) -> TRUE | I361: 572 | J361: 648 | K361: 624 | L361: 618 | M361: =AND(ISNUMBER(K361),ISNUMBER(I361)) -> TRUE | N361: 436 | O361: 453
A362: Northampton | B362: WILLIAMS TOWNSHIP | C362: WILLIAMS TWSP - WESTERN | D362: 250 | E362: 297 | F362: 247 | G362: 333 | H362: =AND(ISNUMBER(F362),ISNUMBER(D362)) -> TRUE | I362: 290 | J362: 405 | K362: 284 | L362: 414 | M362: =AND(ISNUMBER(K362),ISNUMBER(I362)) -> TRUE | N362: 245 | O362: 336
A363: Northampton | B363: WILSON | C363: WILSON BORO 1ST WARD | D363: 410 | E363: 263 | F363: 457 | G363: 286 | H363: =AND(ISNUMBER(F363),ISNUMBER(D363)) -> TRUE | I363: 634 | J363: 448 | K363: 648 | L363: 462 | M363: =AND(ISNUMBER(K363),ISNUMBER(I363)) -> TRUE | N363: 452 | O363: 313
A364: Northampton | B364: WILSON | C364: WILSON BORO 2ND WARD | D364: 332 | E364: 226 | F364: 353 | G364: 251 | H364: =AND(ISNUMBER(F364),ISNUMBER(D364)) -> TRUE | I364: 500 | J364: 383 | K364: 491 | L364: 402 | M364: =AND(ISNUMBER(K364),ISNUMBER(I364)) -> TRUE | N364: 348 | O364: 271
A365: Northampton | B365: WILSON | C365: WILSON BORO 3RD WARD | D365: 483 | E365: 413 | F365: 530 | G365: 416 | H365: =AND(ISNUMBER(F365),ISNUMBER(D365)) -> TRUE | I365: 770 | J365: 670 | K365: 758 | L365: 674 | M365: =AND(ISNUMBER(K365),ISNUMBER(I365)) -> TRUE | N365: 520 | O365: 446
A366: Northampton | B366: WIND GAP | C366: WIND GAP | D366: 407 | E366: 560 | F366: 494 | G366: 601 | H366: =AND(ISNUMBER(F366),ISNUMBER(D366)) -> TRUE | I366: 639 | J366: 887 | K366: 634 | L366: 856 | M366: =AND(ISNUMBER(K366),ISNUMBER(I366)) -> TRUE | N366: 498 | O366: 647

Sheet District
A1: District benchmark: Democratic share of the two-party House vote, current district lines
A3: Election | B3: Precinct Data share (all in-district precincts) | C3: Note
A4: 2018 General | B4: =SUM('Precinct Data'!$I$2:$I$379)/(SUM('Precinct Data'!$I$2:$I$379)+SUM('Precinct Data'!$J$2:$J$379)) -> 0.53412234 | C4: 2018 and 2020 include Carbon’s results from the old PA-09 race, as in v11’s current-map approach.
A5: 2020 General | B5: =SUM('Precinct Data'!$K$2:$K$379)/(SUM('Precinct Data'!$K$2:$K$379)+SUM('Precinct Data'!$L$2:$L$379)) -> 0.49749972 | C5: 2018 and 2020 include Carbon’s results from the old PA-09 race, as in v11’s current-map approach.
A6: 2022 General | B6: =SUM('Precinct Data'!$M$2:$M$379)/(SUM('Precinct Data'!$M$2:$M$379)+SUM('Precinct Data'!$N$2:$N$379)) -> 0.50983021 | C6: Matches certified district totals.
A7: 2024 General | B7: =SUM('Precinct Data'!$O$2:$O$379)/(SUM('Precinct Data'!$O$2:$O$379)+SUM('Precinct Data'!$P$2:$P$379)) -> 0.49496422 | C7: Matches certified district totals.

Sheet Reference v0.1
A1: Earlier baseline (v0.1, Oct. 4) for reference
A3: Measure | B3: v0.1 baseline | C3: Bellwether reading on v0.1 | D3: Note
A4: 2024 backtest miss (pts) | B4: -0.1 | C4: -0.14 | D4: v0.1 counted 2024 votes with actual 2024 turnout; bellwethers chosen from 2022 only, offset-adjusted.
A5: 2022 backtest miss (pts) | D5: v0.1 has no 2022 backtest.
A6: 2026 forecast, Brooks share | B6: 0.4873 | C6: 0.4997 | D6: v0.1 converts shares to votes with 2022 turnout; the gap to the bellwether reading is mostly that turnout assumption.
A8: Values are hardcoded from PA07_2026_Forecast_Precinct.xlsx (v0.1) and the earlier bellwether analysis.
